run_name,embedding,split_source,family,arch,preset,true_code,pred_code,count
newarch-cls-densenet-base-coop,AlphaEarthCoop,global_so2sat,densenet,densenet169,base,1,1,136
newarch-cls-densenet-base-coop,AlphaEarthCoop,global_so2sat,densenet,densenet169,base,1,2,11
newarch-cls-densenet-base-coop,AlphaEarthCoop,global_so2sat,densenet,densenet169,base,1,3,0
newarch-cls-densenet-base-coop,AlphaEarthCoop,global_so2sat,densenet,densenet169,base,1,4,41
newarch-cls-densenet-base-coop,AlphaEarthCoop,global_so2sat,densenet,densenet169,base,1,5,2
newarch-cls-densenet-base-coop,AlphaEarthCoop,global_so2sat,densenet,densenet169,base,1,6,12
newarch-cls-densenet-base-coop,AlphaEarthCoop,global_so2sat,densenet,densenet169,base,1,7,60
newarch-cls-densenet-base-coop,AlphaEarthCoop,global_so2sat,densenet,densenet169,base,1,8,1
newarch-cls-densenet-base-coop,AlphaEarthCoop,global_so2sat,densenet,densenet169,base,1,9,0
newarch-cls-densenet-base-coop,AlphaEarthCoop,global_so2sat,densenet,densenet169,base,1,10,0
newarch-cls-densenet-base-coop,AlphaEarthCoop,global_so2sat,densenet,densenet169,base,1,11,3
newarch-cls-densenet-base-coop,AlphaEarthCoop,global_so2sat,densenet,densenet169,base,1,12,0
newarch-cls-densenet-base-coop,AlphaEarthCoop,global_so2sat,densenet,densenet169,base,1,13,0
newarch-cls-densenet-base-coop,AlphaEarthCoop,global_so2sat,densenet,densenet169,base,1,14,0
newarch-cls-densenet-base-coop,AlphaEarthCoop,global_so2sat,densenet,densenet169,base,1,15,0
newarch-cls-densenet-base-coop,AlphaEarthCoop,global_so2sat,densenet,densenet169,base,1,16,0
newarch-cls-densenet-base-coop,AlphaEarthCoop,global_so2sat,densenet,densenet169,base,1,17,0
newarch-cls-densenet-base-coop,AlphaEarthCoop,global_so2sat,densenet,densenet169,base,2,1,63
newarch-cls-densenet-base-coop,AlphaEarthCoop,global_so2sat,densenet,densenet169,base,2,2,777
newarch-cls-densenet-base-coop,AlphaEarthCoop,global_so2sat,densenet,densenet169,base,2,3,7
newarch-cls-densenet-base-coop,AlphaEarthCoop,global_so2sat,densenet,densenet169,base,2,4,6
newarch-cls-densenet-base-coop,AlphaEarthCoop,global_so2sat,densenet,densenet169,base,2,5,50
newarch-cls-densenet-base-coop,AlphaEarthCoop,global_so2sat,densenet,densenet169,base,2,6,2
newarch-cls-densenet-base-coop,AlphaEarthCoop,global_so2sat,densenet,densenet169,base,2,7,347
newarch-cls-densenet-base-coop,AlphaEarthCoop,global_so2sat,densenet,densenet169,base,2,8,1
newarch-cls-densenet-base-coop,AlphaEarthCoop,global_so2sat,densenet,densenet169,base,2,9,2
newarch-cls-densenet-base-coop,AlphaEarthCoop,global_so2sat,densenet,densenet169,base,2,10,1
newarch-cls-densenet-base-coop,AlphaEarthCoop,global_so2sat,densenet,densenet169,base,2,11,6
newarch-cls-densenet-base-coop,AlphaEarthCoop,global_so2sat,densenet,densenet169,base,2,12,0
newarch-cls-densenet-base-coop,AlphaEarthCoop,global_so2sat,densenet,densenet169,base,2,13,0
newarch-cls-densenet-base-coop,AlphaEarthCoop,global_so2sat,densenet,densenet169,base,2,14,0
newarch-cls-densenet-base-coop,AlphaEarthCoop,global_so2sat,densenet,densenet169,base,2,15,0
newarch-cls-densenet-base-coop,AlphaEarthCoop,global_so2sat,densenet,densenet169,base,2,16,0
newarch-cls-densenet-base-coop,AlphaEarthCoop,global_so2sat,densenet,densenet169,base,2,17,0
newarch-cls-densenet-base-coop,AlphaEarthCoop,global_so2sat,densenet,densenet169,base,3,1,2
newarch-cls-densenet-base-coop,AlphaEarthCoop,global_so2sat,densenet,densenet169,base,3,2,273
newarch-cls-densenet-base-coop,AlphaEarthCoop,global_so2sat,densenet,densenet169,base,3,3,858
newarch-cls-densenet-base-coop,AlphaEarthCoop,global_so2sat,densenet,densenet169,base,3,4,2
newarch-cls-densenet-base-coop,AlphaEarthCoop,global_so2sat,densenet,densenet169,base,3,5,50
newarch-cls-densenet-base-coop,AlphaEarthCoop,global_so2sat,densenet,densenet169,base,3,6,119
newarch-cls-densenet-base-coop,AlphaEarthCoop,global_so2sat,densenet,densenet169,base,3,7,1115
newarch-cls-densenet-base-coop,AlphaEarthCoop,global_so2sat,densenet,densenet169,base,3,8,28
newarch-cls-densenet-base-coop,AlphaEarthCoop,global_so2sat,densenet,densenet169,base,3,9,1
newarch-cls-densenet-base-coop,AlphaEarthCoop,global_so2sat,densenet,densenet169,base,3,10,13
newarch-cls-densenet-base-coop,AlphaEarthCoop,global_so2sat,densenet,densenet169,base,3,11,0
newarch-cls-densenet-base-coop,AlphaEarthCoop,global_so2sat,densenet,densenet169,base,3,12,0
newarch-cls-densenet-base-coop,AlphaEarthCoop,global_so2sat,densenet,densenet169,base,3,13,0
newarch-cls-densenet-base-coop,AlphaEarthCoop,global_so2sat,densenet,densenet169,base,3,14,2
newarch-cls-densenet-base-coop,AlphaEarthCoop,global_so2sat,densenet,densenet169,base,3,15,0
newarch-cls-densenet-base-coop,AlphaEarthCoop,global_so2sat,densenet,densenet169,base,3,16,2
newarch-cls-densenet-base-coop,AlphaEarthCoop,global_so2sat,densenet,densenet169,base,3,17,0
newarch-cls-densenet-base-coop,AlphaEarthCoop,global_so2sat,densenet,densenet169,base,4,1,28
newarch-cls-densenet-base-coop,AlphaEarthCoop,global_so2sat,densenet,densenet169,base,4,2,38
newarch-cls-densenet-base-coop,AlphaEarthCoop,global_so2sat,densenet,densenet169,base,4,3,1
newarch-cls-densenet-base-coop,AlphaEarthCoop,global_so2sat,densenet,densenet169,base,4,4,455
newarch-cls-densenet-base-coop,AlphaEarthCoop,global_so2sat,densenet,densenet169,base,4,5,18
newarch-cls-densenet-base-coop,AlphaEarthCoop,global_so2sat,densenet,densenet169,base,4,6,109
newarch-cls-densenet-base-coop,AlphaEarthCoop,global_so2sat,densenet,densenet169,base,4,7,159
newarch-cls-densenet-base-coop,AlphaEarthCoop,global_so2sat,densenet,densenet169,base,4,8,17
newarch-cls-densenet-base-coop,AlphaEarthCoop,global_so2sat,densenet,densenet169,base,4,9,2
newarch-cls-densenet-base-coop,AlphaEarthCoop,global_so2sat,densenet,densenet169,base,4,10,12
newarch-cls-densenet-base-coop,AlphaEarthCoop,global_so2sat,densenet,densenet169,base,4,11,0
newarch-cls-densenet-base-coop,AlphaEarthCoop,global_so2sat,densenet,densenet169,base,4,12,0
newarch-cls-densenet-base-coop,AlphaEarthCoop,global_so2sat,densenet,densenet169,base,4,13,0
newarch-cls-densenet-base-coop,AlphaEarthCoop,global_so2sat,densenet,densenet169,base,4,14,0
newarch-cls-densenet-base-coop,AlphaEarthCoop,global_so2sat,densenet,densenet169,base,4,15,0
newarch-cls-densenet-base-coop,AlphaEarthCoop,global_so2sat,densenet,densenet169,base,4,16,18
newarch-cls-densenet-base-coop,AlphaEarthCoop,global_so2sat,densenet,densenet169,base,4,17,0
newarch-cls-densenet-base-coop,AlphaEarthCoop,global_so2sat,densenet,densenet169,base,5,1,6
newarch-cls-densenet-base-coop,AlphaEarthCoop,global_so2sat,densenet,densenet169,base,5,2,38
newarch-cls-densenet-base-coop,AlphaEarthCoop,global_so2sat,densenet,densenet169,base,5,3,81
newarch-cls-densenet-base-coop,AlphaEarthCoop,global_so2sat,densenet,densenet169,base,5,4,76
newarch-cls-densenet-base-coop,AlphaEarthCoop,global_so2sat,densenet,densenet169,base,5,5,176
newarch-cls-densenet-base-coop,AlphaEarthCoop,global_so2sat,densenet,densenet169,base,5,6,230
newarch-cls-densenet-base-coop,AlphaEarthCoop,global_so2sat,densenet,densenet169,base,5,7,131
newarch-cls-densenet-base-coop,AlphaEarthCoop,global_so2sat,densenet,densenet169,base,5,8,11
newarch-cls-densenet-base-coop,AlphaEarthCoop,global_so2sat,densenet,densenet169,base,5,9,0
newarch-cls-densenet-base-coop,AlphaEarthCoop,global_so2sat,densenet,densenet169,base,5,10,11
newarch-cls-densenet-base-coop,AlphaEarthCoop,global_so2sat,densenet,densenet169,base,5,11,0
newarch-cls-densenet-base-coop,AlphaEarthCoop,global_so2sat,densenet,densenet169,base,5,12,2
newarch-cls-densenet-base-coop,AlphaEarthCoop,global_so2sat,densenet,densenet169,base,5,13,0
newarch-cls-densenet-base-coop,AlphaEarthCoop,global_so2sat,densenet,densenet169,base,5,14,0
newarch-cls-densenet-base-coop,AlphaEarthCoop,global_so2sat,densenet,densenet169,base,5,15,0
newarch-cls-densenet-base-coop,AlphaEarthCoop,global_so2sat,densenet,densenet169,base,5,16,1
newarch-cls-densenet-base-coop,AlphaEarthCoop,global_so2sat,densenet,densenet169,base,5,17,0
newarch-cls-densenet-base-coop,AlphaEarthCoop,global_so2sat,densenet,densenet169,base,6,1,0
newarch-cls-densenet-base-coop,AlphaEarthCoop,global_so2sat,densenet,densenet169,base,6,2,5
newarch-cls-densenet-base-coop,AlphaEarthCoop,global_so2sat,densenet,densenet169,base,6,3,228
newarch-cls-densenet-base-coop,AlphaEarthCoop,global_so2sat,densenet,densenet169,base,6,4,2
newarch-cls-densenet-base-coop,AlphaEarthCoop,global_so2sat,densenet,densenet169,base,6,5,99
newarch-cls-densenet-base-coop,AlphaEarthCoop,global_so2sat,densenet,densenet169,base,6,6,1113
newarch-cls-densenet-base-coop,AlphaEarthCoop,global_so2sat,densenet,densenet169,base,6,7,332
newarch-cls-densenet-base-coop,AlphaEarthCoop,global_so2sat,densenet,densenet169,base,6,8,6
newarch-cls-densenet-base-coop,AlphaEarthCoop,global_so2sat,densenet,densenet169,base,6,9,108
newarch-cls-densenet-base-coop,AlphaEarthCoop,global_so2sat,densenet,densenet169,base,6,10,4
newarch-cls-densenet-base-coop,AlphaEarthCoop,global_so2sat,densenet,densenet169,base,6,11,5
newarch-cls-densenet-base-coop,AlphaEarthCoop,global_so2sat,densenet,densenet169,base,6,12,1
newarch-cls-densenet-base-coop,AlphaEarthCoop,global_so2sat,densenet,densenet169,base,6,13,0
newarch-cls-densenet-base-coop,AlphaEarthCoop,global_so2sat,densenet,densenet169,base,6,14,18
newarch-cls-densenet-base-coop,AlphaEarthCoop,global_so2sat,densenet,densenet169,base,6,15,3
newarch-cls-densenet-base-coop,AlphaEarthCoop,global_so2sat,densenet,densenet169,base,6,16,12
newarch-cls-densenet-base-coop,AlphaEarthCoop,global_so2sat,densenet,densenet169,base,6,17,0
newarch-cls-densenet-base-coop,AlphaEarthCoop,global_so2sat,densenet,densenet169,base,7,1,4
newarch-cls-densenet-base-coop,AlphaEarthCoop,global_so2sat,densenet,densenet169,base,7,2,54
newarch-cls-densenet-base-coop,AlphaEarthCoop,global_so2sat,densenet,densenet169,base,7,3,8
newarch-cls-densenet-base-coop,AlphaEarthCoop,global_so2sat,densenet,densenet169,base,7,4,0
newarch-cls-densenet-base-coop,AlphaEarthCoop,global_so2sat,densenet,densenet169,base,7,5,0
newarch-cls-densenet-base-coop,AlphaEarthCoop,global_so2sat,densenet,densenet169,base,7,6,0
newarch-cls-densenet-base-coop,AlphaEarthCoop,global_so2sat,densenet,densenet169,base,7,7,432
newarch-cls-densenet-base-coop,AlphaEarthCoop,global_so2sat,densenet,densenet169,base,7,8,2
newarch-cls-densenet-base-coop,AlphaEarthCoop,global_so2sat,densenet,densenet169,base,7,9,0
newarch-cls-densenet-base-coop,AlphaEarthCoop,global_so2sat,densenet,densenet169,base,7,10,3
newarch-cls-densenet-base-coop,AlphaEarthCoop,global_so2sat,densenet,densenet169,base,7,11,0
newarch-cls-densenet-base-coop,AlphaEarthCoop,global_so2sat,densenet,densenet169,base,7,12,0
newarch-cls-densenet-base-coop,AlphaEarthCoop,global_so2sat,densenet,densenet169,base,7,13,0
newarch-cls-densenet-base-coop,AlphaEarthCoop,global_so2sat,densenet,densenet169,base,7,14,0
newarch-cls-densenet-base-coop,AlphaEarthCoop,global_so2sat,densenet,densenet169,base,7,15,0
newarch-cls-densenet-base-coop,AlphaEarthCoop,global_so2sat,densenet,densenet169,base,7,16,0
newarch-cls-densenet-base-coop,AlphaEarthCoop,global_so2sat,densenet,densenet169,base,7,17,0
newarch-cls-densenet-base-coop,AlphaEarthCoop,global_so2sat,densenet,densenet169,base,8,1,48
newarch-cls-densenet-base-coop,AlphaEarthCoop,global_so2sat,densenet,densenet169,base,8,2,40
newarch-cls-densenet-base-coop,AlphaEarthCoop,global_so2sat,densenet,densenet169,base,8,3,55
newarch-cls-densenet-base-coop,AlphaEarthCoop,global_so2sat,densenet,densenet169,base,8,4,10
newarch-cls-densenet-base-coop,AlphaEarthCoop,global_so2sat,densenet,densenet169,base,8,5,51
newarch-cls-densenet-base-coop,AlphaEarthCoop,global_so2sat,densenet,densenet169,base,8,6,67
newarch-cls-densenet-base-coop,AlphaEarthCoop,global_so2sat,densenet,densenet169,base,8,7,1309
newarch-cls-densenet-base-coop,AlphaEarthCoop,global_so2sat,densenet,densenet169,base,8,8,1809
newarch-cls-densenet-base-coop,AlphaEarthCoop,global_so2sat,densenet,densenet169,base,8,9,2
newarch-cls-densenet-base-coop,AlphaEarthCoop,global_so2sat,densenet,densenet169,base,8,10,56
newarch-cls-densenet-base-coop,AlphaEarthCoop,global_so2sat,densenet,densenet169,base,8,11,0
newarch-cls-densenet-base-coop,AlphaEarthCoop,global_so2sat,densenet,densenet169,base,8,12,0
newarch-cls-densenet-base-coop,AlphaEarthCoop,global_so2sat,densenet,densenet169,base,8,13,0
newarch-cls-densenet-base-coop,AlphaEarthCoop,global_so2sat,densenet,densenet169,base,8,14,3
newarch-cls-densenet-base-coop,AlphaEarthCoop,global_so2sat,densenet,densenet169,base,8,15,13
newarch-cls-densenet-base-coop,AlphaEarthCoop,global_so2sat,densenet,densenet169,base,8,16,33
newarch-cls-densenet-base-coop,AlphaEarthCoop,global_so2sat,densenet,densenet169,base,8,17,0
newarch-cls-densenet-base-coop,AlphaEarthCoop,global_so2sat,densenet,densenet169,base,9,1,0
newarch-cls-densenet-base-coop,AlphaEarthCoop,global_so2sat,densenet,densenet169,base,9,2,0
newarch-cls-densenet-base-coop,AlphaEarthCoop,global_so2sat,densenet,densenet169,base,9,3,85
newarch-cls-densenet-base-coop,AlphaEarthCoop,global_so2sat,densenet,densenet169,base,9,4,0
newarch-cls-densenet-base-coop,AlphaEarthCoop,global_so2sat,densenet,densenet169,base,9,5,15
newarch-cls-densenet-base-coop,AlphaEarthCoop,global_so2sat,densenet,densenet169,base,9,6,1053
newarch-cls-densenet-base-coop,AlphaEarthCoop,global_so2sat,densenet,densenet169,base,9,7,332
newarch-cls-densenet-base-coop,AlphaEarthCoop,global_so2sat,densenet,densenet169,base,9,8,0
newarch-cls-densenet-base-coop,AlphaEarthCoop,global_so2sat,densenet,densenet169,base,9,9,367
newarch-cls-densenet-base-coop,AlphaEarthCoop,global_so2sat,densenet,densenet169,base,9,10,2
newarch-cls-densenet-base-coop,AlphaEarthCoop,global_so2sat,densenet,densenet169,base,9,11,3
newarch-cls-densenet-base-coop,AlphaEarthCoop,global_so2sat,densenet,densenet169,base,9,12,39
newarch-cls-densenet-base-coop,AlphaEarthCoop,global_so2sat,densenet,densenet169,base,9,13,8
newarch-cls-densenet-base-coop,AlphaEarthCoop,global_so2sat,densenet,densenet169,base,9,14,40
newarch-cls-densenet-base-coop,AlphaEarthCoop,global_so2sat,densenet,densenet169,base,9,15,55
newarch-cls-densenet-base-coop,AlphaEarthCoop,global_so2sat,densenet,densenet169,base,9,16,6
newarch-cls-densenet-base-coop,AlphaEarthCoop,global_so2sat,densenet,densenet169,base,9,17,8
newarch-cls-densenet-base-coop,AlphaEarthCoop,global_so2sat,densenet,densenet169,base,10,1,1
newarch-cls-densenet-base-coop,AlphaEarthCoop,global_so2sat,densenet,densenet169,base,10,2,6
newarch-cls-densenet-base-coop,AlphaEarthCoop,global_so2sat,densenet,densenet169,base,10,3,5
newarch-cls-densenet-base-coop,AlphaEarthCoop,global_so2sat,densenet,densenet169,base,10,4,2
newarch-cls-densenet-base-coop,AlphaEarthCoop,global_so2sat,densenet,densenet169,base,10,5,23
newarch-cls-densenet-base-coop,AlphaEarthCoop,global_so2sat,densenet,densenet169,base,10,6,19
newarch-cls-densenet-base-coop,AlphaEarthCoop,global_so2sat,densenet,densenet169,base,10,7,231
newarch-cls-densenet-base-coop,AlphaEarthCoop,global_so2sat,densenet,densenet169,base,10,8,218
newarch-cls-densenet-base-coop,AlphaEarthCoop,global_so2sat,densenet,densenet169,base,10,9,0
newarch-cls-densenet-base-coop,AlphaEarthCoop,global_so2sat,densenet,densenet169,base,10,10,319
newarch-cls-densenet-base-coop,AlphaEarthCoop,global_so2sat,densenet,densenet169,base,10,11,0
newarch-cls-densenet-base-coop,AlphaEarthCoop,global_so2sat,densenet,densenet169,base,10,12,0
newarch-cls-densenet-base-coop,AlphaEarthCoop,global_so2sat,densenet,densenet169,base,10,13,4
newarch-cls-densenet-base-coop,AlphaEarthCoop,global_so2sat,densenet,densenet169,base,10,14,16
newarch-cls-densenet-base-coop,AlphaEarthCoop,global_so2sat,densenet,densenet169,base,10,15,16
newarch-cls-densenet-base-coop,AlphaEarthCoop,global_so2sat,densenet,densenet169,base,10,16,48
newarch-cls-densenet-base-coop,AlphaEarthCoop,global_so2sat,densenet,densenet169,base,10,17,0
newarch-cls-densenet-base-coop,AlphaEarthCoop,global_so2sat,densenet,densenet169,base,11,1,0
newarch-cls-densenet-base-coop,AlphaEarthCoop,global_so2sat,densenet,densenet169,base,11,2,0
newarch-cls-densenet-base-coop,AlphaEarthCoop,global_so2sat,densenet,densenet169,base,11,3,0
newarch-cls-densenet-base-coop,AlphaEarthCoop,global_so2sat,densenet,densenet169,base,11,4,0
newarch-cls-densenet-base-coop,AlphaEarthCoop,global_so2sat,densenet,densenet169,base,11,5,0
newarch-cls-densenet-base-coop,AlphaEarthCoop,global_so2sat,densenet,densenet169,base,11,6,62
newarch-cls-densenet-base-coop,AlphaEarthCoop,global_so2sat,densenet,densenet169,base,11,7,47
newarch-cls-densenet-base-coop,AlphaEarthCoop,global_so2sat,densenet,densenet169,base,11,8,0
newarch-cls-densenet-base-coop,AlphaEarthCoop,global_so2sat,densenet,densenet169,base,11,9,10
newarch-cls-densenet-base-coop,AlphaEarthCoop,global_so2sat,densenet,densenet169,base,11,10,0
newarch-cls-densenet-base-coop,AlphaEarthCoop,global_so2sat,densenet,densenet169,base,11,11,1978
newarch-cls-densenet-base-coop,AlphaEarthCoop,global_so2sat,densenet,densenet169,base,11,12,125
newarch-cls-densenet-base-coop,AlphaEarthCoop,global_so2sat,densenet,densenet169,base,11,13,140
newarch-cls-densenet-base-coop,AlphaEarthCoop,global_so2sat,densenet,densenet169,base,11,14,6
newarch-cls-densenet-base-coop,AlphaEarthCoop,global_so2sat,densenet,densenet169,base,11,15,0
newarch-cls-densenet-base-coop,AlphaEarthCoop,global_so2sat,densenet,densenet169,base,11,16,0
newarch-cls-densenet-base-coop,AlphaEarthCoop,global_so2sat,densenet,densenet169,base,11,17,0
newarch-cls-densenet-base-coop,AlphaEarthCoop,global_so2sat,densenet,densenet169,base,12,1,0
newarch-cls-densenet-base-coop,AlphaEarthCoop,global_so2sat,densenet,densenet169,base,12,2,0
newarch-cls-densenet-base-coop,AlphaEarthCoop,global_so2sat,densenet,densenet169,base,12,3,2
newarch-cls-densenet-base-coop,AlphaEarthCoop,global_so2sat,densenet,densenet169,base,12,4,0
newarch-cls-densenet-base-coop,AlphaEarthCoop,global_so2sat,densenet,densenet169,base,12,5,0
newarch-cls-densenet-base-coop,AlphaEarthCoop,global_so2sat,densenet,densenet169,base,12,6,67
newarch-cls-densenet-base-coop,AlphaEarthCoop,global_so2sat,densenet,densenet169,base,12,7,21
newarch-cls-densenet-base-coop,AlphaEarthCoop,global_so2sat,densenet,densenet169,base,12,8,0
newarch-cls-densenet-base-coop,AlphaEarthCoop,global_so2sat,densenet,densenet169,base,12,9,45
newarch-cls-densenet-base-coop,AlphaEarthCoop,global_so2sat,densenet,densenet169,base,12,10,0
newarch-cls-densenet-base-coop,AlphaEarthCoop,global_so2sat,densenet,densenet169,base,12,11,55
newarch-cls-densenet-base-coop,AlphaEarthCoop,global_so2sat,densenet,densenet169,base,12,12,124
newarch-cls-densenet-base-coop,AlphaEarthCoop,global_so2sat,densenet,densenet169,base,12,13,58
newarch-cls-densenet-base-coop,AlphaEarthCoop,global_so2sat,densenet,densenet169,base,12,14,58
newarch-cls-densenet-base-coop,AlphaEarthCoop,global_so2sat,densenet,densenet169,base,12,15,1
newarch-cls-densenet-base-coop,AlphaEarthCoop,global_so2sat,densenet,densenet169,base,12,16,2
newarch-cls-densenet-base-coop,AlphaEarthCoop,global_so2sat,densenet,densenet169,base,12,17,0
newarch-cls-densenet-base-coop,AlphaEarthCoop,global_so2sat,densenet,densenet169,base,13,1,0
newarch-cls-densenet-base-coop,AlphaEarthCoop,global_so2sat,densenet,densenet169,base,13,2,0
newarch-cls-densenet-base-coop,AlphaEarthCoop,global_so2sat,densenet,densenet169,base,13,3,35
newarch-cls-densenet-base-coop,AlphaEarthCoop,global_so2sat,densenet,densenet169,base,13,4,0
newarch-cls-densenet-base-coop,AlphaEarthCoop,global_so2sat,densenet,densenet169,base,13,5,0
newarch-cls-densenet-base-coop,AlphaEarthCoop,global_so2sat,densenet,densenet169,base,13,6,0
newarch-cls-densenet-base-coop,AlphaEarthCoop,global_so2sat,densenet,densenet169,base,13,7,18
newarch-cls-densenet-base-coop,AlphaEarthCoop,global_so2sat,densenet,densenet169,base,13,8,0
newarch-cls-densenet-base-coop,AlphaEarthCoop,global_so2sat,densenet,densenet169,base,13,9,0
newarch-cls-densenet-base-coop,AlphaEarthCoop,global_so2sat,densenet,densenet169,base,13,10,0
newarch-cls-densenet-base-coop,AlphaEarthCoop,global_so2sat,densenet,densenet169,base,13,11,31
newarch-cls-densenet-base-coop,AlphaEarthCoop,global_so2sat,densenet,densenet169,base,13,12,55
newarch-cls-densenet-base-coop,AlphaEarthCoop,global_so2sat,densenet,densenet169,base,13,13,207
newarch-cls-densenet-base-coop,AlphaEarthCoop,global_so2sat,densenet,densenet169,base,13,14,625
newarch-cls-densenet-base-coop,AlphaEarthCoop,global_so2sat,densenet,densenet169,base,13,15,6
newarch-cls-densenet-base-coop,AlphaEarthCoop,global_so2sat,densenet,densenet169,base,13,16,189
newarch-cls-densenet-base-coop,AlphaEarthCoop,global_so2sat,densenet,densenet169,base,13,17,0
newarch-cls-densenet-base-coop,AlphaEarthCoop,global_so2sat,densenet,densenet169,base,14,1,0
newarch-cls-densenet-base-coop,AlphaEarthCoop,global_so2sat,densenet,densenet169,base,14,2,0
newarch-cls-densenet-base-coop,AlphaEarthCoop,global_so2sat,densenet,densenet169,base,14,3,244
newarch-cls-densenet-base-coop,AlphaEarthCoop,global_so2sat,densenet,densenet169,base,14,4,0
newarch-cls-densenet-base-coop,AlphaEarthCoop,global_so2sat,densenet,densenet169,base,14,5,0
newarch-cls-densenet-base-coop,AlphaEarthCoop,global_so2sat,densenet,densenet169,base,14,6,0
newarch-cls-densenet-base-coop,AlphaEarthCoop,global_so2sat,densenet,densenet169,base,14,7,12
newarch-cls-densenet-base-coop,AlphaEarthCoop,global_so2sat,densenet,densenet169,base,14,8,0
newarch-cls-densenet-base-coop,AlphaEarthCoop,global_so2sat,densenet,densenet169,base,14,9,31
newarch-cls-densenet-base-coop,AlphaEarthCoop,global_so2sat,densenet,densenet169,base,14,10,62
newarch-cls-densenet-base-coop,AlphaEarthCoop,global_so2sat,densenet,densenet169,base,14,11,6
newarch-cls-densenet-base-coop,AlphaEarthCoop,global_so2sat,densenet,densenet169,base,14,12,53
newarch-cls-densenet-base-coop,AlphaEarthCoop,global_so2sat,densenet,densenet169,base,14,13,11
newarch-cls-densenet-base-coop,AlphaEarthCoop,global_so2sat,densenet,densenet169,base,14,14,1956
newarch-cls-densenet-base-coop,AlphaEarthCoop,global_so2sat,densenet,densenet169,base,14,15,0
newarch-cls-densenet-base-coop,AlphaEarthCoop,global_so2sat,densenet,densenet169,base,14,16,56
newarch-cls-densenet-base-coop,AlphaEarthCoop,global_so2sat,densenet,densenet169,base,14,17,4
newarch-cls-densenet-base-coop,AlphaEarthCoop,global_so2sat,densenet,densenet169,base,15,1,0
newarch-cls-densenet-base-coop,AlphaEarthCoop,global_so2sat,densenet,densenet169,base,15,2,1
newarch-cls-densenet-base-coop,AlphaEarthCoop,global_so2sat,densenet,densenet169,base,15,3,0
newarch-cls-densenet-base-coop,AlphaEarthCoop,global_so2sat,densenet,densenet169,base,15,4,0
newarch-cls-densenet-base-coop,AlphaEarthCoop,global_so2sat,densenet,densenet169,base,15,5,0
newarch-cls-densenet-base-coop,AlphaEarthCoop,global_so2sat,densenet,densenet169,base,15,6,0
newarch-cls-densenet-base-coop,AlphaEarthCoop,global_so2sat,densenet,densenet169,base,15,7,31
newarch-cls-densenet-base-coop,AlphaEarthCoop,global_so2sat,densenet,densenet169,base,15,8,57
newarch-cls-densenet-base-coop,AlphaEarthCoop,global_so2sat,densenet,densenet169,base,15,9,0
newarch-cls-densenet-base-coop,AlphaEarthCoop,global_so2sat,densenet,densenet169,base,15,10,0
newarch-cls-densenet-base-coop,AlphaEarthCoop,global_so2sat,densenet,densenet169,base,15,11,13
newarch-cls-densenet-base-coop,AlphaEarthCoop,global_so2sat,densenet,densenet169,base,15,12,0
newarch-cls-densenet-base-coop,AlphaEarthCoop,global_so2sat,densenet,densenet169,base,15,13,0
newarch-cls-densenet-base-coop,AlphaEarthCoop,global_so2sat,densenet,densenet169,base,15,14,0
newarch-cls-densenet-base-coop,AlphaEarthCoop,global_so2sat,densenet,densenet169,base,15,15,98
newarch-cls-densenet-base-coop,AlphaEarthCoop,global_so2sat,densenet,densenet169,base,15,16,5
newarch-cls-densenet-base-coop,AlphaEarthCoop,global_so2sat,densenet,densenet169,base,15,17,0
newarch-cls-densenet-base-coop,AlphaEarthCoop,global_so2sat,densenet,densenet169,base,16,1,0
newarch-cls-densenet-base-coop,AlphaEarthCoop,global_so2sat,densenet,densenet169,base,16,2,0
newarch-cls-densenet-base-coop,AlphaEarthCoop,global_so2sat,densenet,densenet169,base,16,3,43
newarch-cls-densenet-base-coop,AlphaEarthCoop,global_so2sat,densenet,densenet169,base,16,4,0
newarch-cls-densenet-base-coop,AlphaEarthCoop,global_so2sat,densenet,densenet169,base,16,5,0
newarch-cls-densenet-base-coop,AlphaEarthCoop,global_so2sat,densenet,densenet169,base,16,6,0
newarch-cls-densenet-base-coop,AlphaEarthCoop,global_so2sat,densenet,densenet169,base,16,7,23
newarch-cls-densenet-base-coop,AlphaEarthCoop,global_so2sat,densenet,densenet169,base,16,8,3
newarch-cls-densenet-base-coop,AlphaEarthCoop,global_so2sat,densenet,densenet169,base,16,9,1
newarch-cls-densenet-base-coop,AlphaEarthCoop,global_so2sat,densenet,densenet169,base,16,10,0
newarch-cls-densenet-base-coop,AlphaEarthCoop,global_so2sat,densenet,densenet169,base,16,11,29
newarch-cls-densenet-base-coop,AlphaEarthCoop,global_so2sat,densenet,densenet169,base,16,12,0
newarch-cls-densenet-base-coop,AlphaEarthCoop,global_so2sat,densenet,densenet169,base,16,13,292
newarch-cls-densenet-base-coop,AlphaEarthCoop,global_so2sat,densenet,densenet169,base,16,14,44
newarch-cls-densenet-base-coop,AlphaEarthCoop,global_so2sat,densenet,densenet169,base,16,15,15
newarch-cls-densenet-base-coop,AlphaEarthCoop,global_so2sat,densenet,densenet169,base,16,16,122
newarch-cls-densenet-base-coop,AlphaEarthCoop,global_so2sat,densenet,densenet169,base,16,17,0
newarch-cls-densenet-base-coop,AlphaEarthCoop,global_so2sat,densenet,densenet169,base,17,1,0
newarch-cls-densenet-base-coop,AlphaEarthCoop,global_so2sat,densenet,densenet169,base,17,2,0
newarch-cls-densenet-base-coop,AlphaEarthCoop,global_so2sat,densenet,densenet169,base,17,3,0
newarch-cls-densenet-base-coop,AlphaEarthCoop,global_so2sat,densenet,densenet169,base,17,4,3
newarch-cls-densenet-base-coop,AlphaEarthCoop,global_so2sat,densenet,densenet169,base,17,5,0
newarch-cls-densenet-base-coop,AlphaEarthCoop,global_so2sat,densenet,densenet169,base,17,6,0
newarch-cls-densenet-base-coop,AlphaEarthCoop,global_so2sat,densenet,densenet169,base,17,7,38
newarch-cls-densenet-base-coop,AlphaEarthCoop,global_so2sat,densenet,densenet169,base,17,8,3
newarch-cls-densenet-base-coop,AlphaEarthCoop,global_so2sat,densenet,densenet169,base,17,9,0
newarch-cls-densenet-base-coop,AlphaEarthCoop,global_so2sat,densenet,densenet169,base,17,10,1
newarch-cls-densenet-base-coop,AlphaEarthCoop,global_so2sat,densenet,densenet169,base,17,11,0
newarch-cls-densenet-base-coop,AlphaEarthCoop,global_so2sat,densenet,densenet169,base,17,12,0
newarch-cls-densenet-base-coop,AlphaEarthCoop,global_so2sat,densenet,densenet169,base,17,13,21
newarch-cls-densenet-base-coop,AlphaEarthCoop,global_so2sat,densenet,densenet169,base,17,14,2
newarch-cls-densenet-base-coop,AlphaEarthCoop,global_so2sat,densenet,densenet169,base,17,15,1
newarch-cls-densenet-base-coop,AlphaEarthCoop,global_so2sat,densenet,densenet169,base,17,16,2
newarch-cls-densenet-base-coop,AlphaEarthCoop,global_so2sat,densenet,densenet169,base,17,17,2133
stemfix-cls-densenet-nano-coop,AlphaEarthCoop,global_so2sat,densenet,densenet121,nano,1,1,63
stemfix-cls-densenet-nano-coop,AlphaEarthCoop,global_so2sat,densenet,densenet121,nano,1,2,19
stemfix-cls-densenet-nano-coop,AlphaEarthCoop,global_so2sat,densenet,densenet121,nano,1,3,1
stemfix-cls-densenet-nano-coop,AlphaEarthCoop,global_so2sat,densenet,densenet121,nano,1,4,98
stemfix-cls-densenet-nano-coop,AlphaEarthCoop,global_so2sat,densenet,densenet121,nano,1,5,15
stemfix-cls-densenet-nano-coop,AlphaEarthCoop,global_so2sat,densenet,densenet121,nano,1,6,4
stemfix-cls-densenet-nano-coop,AlphaEarthCoop,global_so2sat,densenet,densenet121,nano,1,7,66
stemfix-cls-densenet-nano-coop,AlphaEarthCoop,global_so2sat,densenet,densenet121,nano,1,8,0
stemfix-cls-densenet-nano-coop,AlphaEarthCoop,global_so2sat,densenet,densenet121,nano,1,9,0
stemfix-cls-densenet-nano-coop,AlphaEarthCoop,global_so2sat,densenet,densenet121,nano,1,10,0
stemfix-cls-densenet-nano-coop,AlphaEarthCoop,global_so2sat,densenet,densenet121,nano,1,11,0
stemfix-cls-densenet-nano-coop,AlphaEarthCoop,global_so2sat,densenet,densenet121,nano,1,12,0
stemfix-cls-densenet-nano-coop,AlphaEarthCoop,global_so2sat,densenet,densenet121,nano,1,13,0
stemfix-cls-densenet-nano-coop,AlphaEarthCoop,global_so2sat,densenet,densenet121,nano,1,14,0
stemfix-cls-densenet-nano-coop,AlphaEarthCoop,global_so2sat,densenet,densenet121,nano,1,15,0
stemfix-cls-densenet-nano-coop,AlphaEarthCoop,global_so2sat,densenet,densenet121,nano,1,16,0
stemfix-cls-densenet-nano-coop,AlphaEarthCoop,global_so2sat,densenet,densenet121,nano,1,17,0
stemfix-cls-densenet-nano-coop,AlphaEarthCoop,global_so2sat,densenet,densenet121,nano,2,1,63
stemfix-cls-densenet-nano-coop,AlphaEarthCoop,global_so2sat,densenet,densenet121,nano,2,2,805
stemfix-cls-densenet-nano-coop,AlphaEarthCoop,global_so2sat,densenet,densenet121,nano,2,3,118
stemfix-cls-densenet-nano-coop,AlphaEarthCoop,global_so2sat,densenet,densenet121,nano,2,4,9
stemfix-cls-densenet-nano-coop,AlphaEarthCoop,global_so2sat,densenet,densenet121,nano,2,5,64
stemfix-cls-densenet-nano-coop,AlphaEarthCoop,global_so2sat,densenet,densenet121,nano,2,6,0
stemfix-cls-densenet-nano-coop,AlphaEarthCoop,global_so2sat,densenet,densenet121,nano,2,7,199
stemfix-cls-densenet-nano-coop,AlphaEarthCoop,global_so2sat,densenet,densenet121,nano,2,8,1
stemfix-cls-densenet-nano-coop,AlphaEarthCoop,global_so2sat,densenet,densenet121,nano,2,9,0
stemfix-cls-densenet-nano-coop,AlphaEarthCoop,global_so2sat,densenet,densenet121,nano,2,10,3
stemfix-cls-densenet-nano-coop,AlphaEarthCoop,global_so2sat,densenet,densenet121,nano,2,11,0
stemfix-cls-densenet-nano-coop,AlphaEarthCoop,global_so2sat,densenet,densenet121,nano,2,12,0
stemfix-cls-densenet-nano-coop,AlphaEarthCoop,global_so2sat,densenet,densenet121,nano,2,13,0
stemfix-cls-densenet-nano-coop,AlphaEarthCoop,global_so2sat,densenet,densenet121,nano,2,14,0
stemfix-cls-densenet-nano-coop,AlphaEarthCoop,global_so2sat,densenet,densenet121,nano,2,15,0
stemfix-cls-densenet-nano-coop,AlphaEarthCoop,global_so2sat,densenet,densenet121,nano,2,16,0
stemfix-cls-densenet-nano-coop,AlphaEarthCoop,global_so2sat,densenet,densenet121,nano,2,17,0
stemfix-cls-densenet-nano-coop,AlphaEarthCoop,global_so2sat,densenet,densenet121,nano,3,1,9
stemfix-cls-densenet-nano-coop,AlphaEarthCoop,global_so2sat,densenet,densenet121,nano,3,2,230
stemfix-cls-densenet-nano-coop,AlphaEarthCoop,global_so2sat,densenet,densenet121,nano,3,3,942
stemfix-cls-densenet-nano-coop,AlphaEarthCoop,global_so2sat,densenet,densenet121,nano,3,4,7
stemfix-cls-densenet-nano-coop,AlphaEarthCoop,global_so2sat,densenet,densenet121,nano,3,5,48
stemfix-cls-densenet-nano-coop,AlphaEarthCoop,global_so2sat,densenet,densenet121,nano,3,6,188
stemfix-cls-densenet-nano-coop,AlphaEarthCoop,global_so2sat,densenet,densenet121,nano,3,7,995
stemfix-cls-densenet-nano-coop,AlphaEarthCoop,global_so2sat,densenet,densenet121,nano,3,8,34
stemfix-cls-densenet-nano-coop,AlphaEarthCoop,global_so2sat,densenet,densenet121,nano,3,9,1
stemfix-cls-densenet-nano-coop,AlphaEarthCoop,global_so2sat,densenet,densenet121,nano,3,10,6
stemfix-cls-densenet-nano-coop,AlphaEarthCoop,global_so2sat,densenet,densenet121,nano,3,11,0
stemfix-cls-densenet-nano-coop,AlphaEarthCoop,global_so2sat,densenet,densenet121,nano,3,12,0
stemfix-cls-densenet-nano-coop,AlphaEarthCoop,global_so2sat,densenet,densenet121,nano,3,13,0
stemfix-cls-densenet-nano-coop,AlphaEarthCoop,global_so2sat,densenet,densenet121,nano,3,14,2
stemfix-cls-densenet-nano-coop,AlphaEarthCoop,global_so2sat,densenet,densenet121,nano,3,15,3
stemfix-cls-densenet-nano-coop,AlphaEarthCoop,global_so2sat,densenet,densenet121,nano,3,16,0
stemfix-cls-densenet-nano-coop,AlphaEarthCoop,global_so2sat,densenet,densenet121,nano,3,17,0
stemfix-cls-densenet-nano-coop,AlphaEarthCoop,global_so2sat,densenet,densenet121,nano,4,1,5
stemfix-cls-densenet-nano-coop,AlphaEarthCoop,global_so2sat,densenet,densenet121,nano,4,2,41
stemfix-cls-densenet-nano-coop,AlphaEarthCoop,global_so2sat,densenet,densenet121,nano,4,3,30
stemfix-cls-densenet-nano-coop,AlphaEarthCoop,global_so2sat,densenet,densenet121,nano,4,4,352
stemfix-cls-densenet-nano-coop,AlphaEarthCoop,global_so2sat,densenet,densenet121,nano,4,5,36
stemfix-cls-densenet-nano-coop,AlphaEarthCoop,global_so2sat,densenet,densenet121,nano,4,6,95
stemfix-cls-densenet-nano-coop,AlphaEarthCoop,global_so2sat,densenet,densenet121,nano,4,7,139
stemfix-cls-densenet-nano-coop,AlphaEarthCoop,global_so2sat,densenet,densenet121,nano,4,8,151
stemfix-cls-densenet-nano-coop,AlphaEarthCoop,global_so2sat,densenet,densenet121,nano,4,9,1
stemfix-cls-densenet-nano-coop,AlphaEarthCoop,global_so2sat,densenet,densenet121,nano,4,10,7
stemfix-cls-densenet-nano-coop,AlphaEarthCoop,global_so2sat,densenet,densenet121,nano,4,11,0
stemfix-cls-densenet-nano-coop,AlphaEarthCoop,global_so2sat,densenet,densenet121,nano,4,12,0
stemfix-cls-densenet-nano-coop,AlphaEarthCoop,global_so2sat,densenet,densenet121,nano,4,13,0
stemfix-cls-densenet-nano-coop,AlphaEarthCoop,global_so2sat,densenet,densenet121,nano,4,14,0
stemfix-cls-densenet-nano-coop,AlphaEarthCoop,global_so2sat,densenet,densenet121,nano,4,15,0
stemfix-cls-densenet-nano-coop,AlphaEarthCoop,global_so2sat,densenet,densenet121,nano,4,16,0
stemfix-cls-densenet-nano-coop,AlphaEarthCoop,global_so2sat,densenet,densenet121,nano,4,17,0
stemfix-cls-densenet-nano-coop,AlphaEarthCoop,global_so2sat,densenet,densenet121,nano,5,1,2
stemfix-cls-densenet-nano-coop,AlphaEarthCoop,global_so2sat,densenet,densenet121,nano,5,2,23
stemfix-cls-densenet-nano-coop,AlphaEarthCoop,global_so2sat,densenet,densenet121,nano,5,3,233
stemfix-cls-densenet-nano-coop,AlphaEarthCoop,global_so2sat,densenet,densenet121,nano,5,4,17
stemfix-cls-densenet-nano-coop,AlphaEarthCoop,global_so2sat,densenet,densenet121,nano,5,5,223
stemfix-cls-densenet-nano-coop,AlphaEarthCoop,global_so2sat,densenet,densenet121,nano,5,6,185
stemfix-cls-densenet-nano-coop,AlphaEarthCoop,global_so2sat,densenet,densenet121,nano,5,7,18
stemfix-cls-densenet-nano-coop,AlphaEarthCoop,global_so2sat,densenet,densenet121,nano,5,8,62
stemfix-cls-densenet-nano-coop,AlphaEarthCoop,global_so2sat,densenet,densenet121,nano,5,9,0
stemfix-cls-densenet-nano-coop,AlphaEarthCoop,global_so2sat,densenet,densenet121,nano,5,10,0
stemfix-cls-densenet-nano-coop,AlphaEarthCoop,global_so2sat,densenet,densenet121,nano,5,11,0
stemfix-cls-densenet-nano-coop,AlphaEarthCoop,global_so2sat,densenet,densenet121,nano,5,12,0
stemfix-cls-densenet-nano-coop,AlphaEarthCoop,global_so2sat,densenet,densenet121,nano,5,13,0
stemfix-cls-densenet-nano-coop,AlphaEarthCoop,global_so2sat,densenet,densenet121,nano,5,14,0
stemfix-cls-densenet-nano-coop,AlphaEarthCoop,global_so2sat,densenet,densenet121,nano,5,15,0
stemfix-cls-densenet-nano-coop,AlphaEarthCoop,global_so2sat,densenet,densenet121,nano,5,16,0
stemfix-cls-densenet-nano-coop,AlphaEarthCoop,global_so2sat,densenet,densenet121,nano,5,17,0
stemfix-cls-densenet-nano-coop,AlphaEarthCoop,global_so2sat,densenet,densenet121,nano,6,1,0
stemfix-cls-densenet-nano-coop,AlphaEarthCoop,global_so2sat,densenet,densenet121,nano,6,2,1
stemfix-cls-densenet-nano-coop,AlphaEarthCoop,global_so2sat,densenet,densenet121,nano,6,3,450
stemfix-cls-densenet-nano-coop,AlphaEarthCoop,global_so2sat,densenet,densenet121,nano,6,4,2
stemfix-cls-densenet-nano-coop,AlphaEarthCoop,global_so2sat,densenet,densenet121,nano,6,5,454
stemfix-cls-densenet-nano-coop,AlphaEarthCoop,global_so2sat,densenet,densenet121,nano,6,6,840
stemfix-cls-densenet-nano-coop,AlphaEarthCoop,global_so2sat,densenet,densenet121,nano,6,7,153
stemfix-cls-densenet-nano-coop,AlphaEarthCoop,global_so2sat,densenet,densenet121,nano,6,8,17
stemfix-cls-densenet-nano-coop,AlphaEarthCoop,global_so2sat,densenet,densenet121,nano,6,9,4
stemfix-cls-densenet-nano-coop,AlphaEarthCoop,global_so2sat,densenet,densenet121,nano,6,10,7
stemfix-cls-densenet-nano-coop,AlphaEarthCoop,global_so2sat,densenet,densenet121,nano,6,11,3
stemfix-cls-densenet-nano-coop,AlphaEarthCoop,global_so2sat,densenet,densenet121,nano,6,12,0
stemfix-cls-densenet-nano-coop,AlphaEarthCoop,global_so2sat,densenet,densenet121,nano,6,13,0
stemfix-cls-densenet-nano-coop,AlphaEarthCoop,global_so2sat,densenet,densenet121,nano,6,14,1
stemfix-cls-densenet-nano-coop,AlphaEarthCoop,global_so2sat,densenet,densenet121,nano,6,15,0
stemfix-cls-densenet-nano-coop,AlphaEarthCoop,global_so2sat,densenet,densenet121,nano,6,16,4
stemfix-cls-densenet-nano-coop,AlphaEarthCoop,global_so2sat,densenet,densenet121,nano,6,17,0
stemfix-cls-densenet-nano-coop,AlphaEarthCoop,global_so2sat,densenet,densenet121,nano,7,1,0
stemfix-cls-densenet-nano-coop,AlphaEarthCoop,global_so2sat,densenet,densenet121,nano,7,2,49
stemfix-cls-densenet-nano-coop,AlphaEarthCoop,global_so2sat,densenet,densenet121,nano,7,3,15
stemfix-cls-densenet-nano-coop,AlphaEarthCoop,global_so2sat,densenet,densenet121,nano,7,4,0
stemfix-cls-densenet-nano-coop,AlphaEarthCoop,global_so2sat,densenet,densenet121,nano,7,5,0
stemfix-cls-densenet-nano-coop,AlphaEarthCoop,global_so2sat,densenet,densenet121,nano,7,6,0
stemfix-cls-densenet-nano-coop,AlphaEarthCoop,global_so2sat,densenet,densenet121,nano,7,7,430
stemfix-cls-densenet-nano-coop,AlphaEarthCoop,global_so2sat,densenet,densenet121,nano,7,8,7
stemfix-cls-densenet-nano-coop,AlphaEarthCoop,global_so2sat,densenet,densenet121,nano,7,9,0
stemfix-cls-densenet-nano-coop,AlphaEarthCoop,global_so2sat,densenet,densenet121,nano,7,10,2
stemfix-cls-densenet-nano-coop,AlphaEarthCoop,global_so2sat,densenet,densenet121,nano,7,11,0
stemfix-cls-densenet-nano-coop,AlphaEarthCoop,global_so2sat,densenet,densenet121,nano,7,12,0
stemfix-cls-densenet-nano-coop,AlphaEarthCoop,global_so2sat,densenet,densenet121,nano,7,13,0
stemfix-cls-densenet-nano-coop,AlphaEarthCoop,global_so2sat,densenet,densenet121,nano,7,14,0
stemfix-cls-densenet-nano-coop,AlphaEarthCoop,global_so2sat,densenet,densenet121,nano,7,15,0
stemfix-cls-densenet-nano-coop,AlphaEarthCoop,global_so2sat,densenet,densenet121,nano,7,16,0
stemfix-cls-densenet-nano-coop,AlphaEarthCoop,global_so2sat,densenet,densenet121,nano,7,17,0
stemfix-cls-densenet-nano-coop,AlphaEarthCoop,global_so2sat,densenet,densenet121,nano,8,1,20
stemfix-cls-densenet-nano-coop,AlphaEarthCoop,global_so2sat,densenet,densenet121,nano,8,2,27
stemfix-cls-densenet-nano-coop,AlphaEarthCoop,global_so2sat,densenet,densenet121,nano,8,3,194
stemfix-cls-densenet-nano-coop,AlphaEarthCoop,global_so2sat,densenet,densenet121,nano,8,4,63
stemfix-cls-densenet-nano-coop,AlphaEarthCoop,global_so2sat,densenet,densenet121,nano,8,5,142
stemfix-cls-densenet-nano-coop,AlphaEarthCoop,global_so2sat,densenet,densenet121,nano,8,6,43
stemfix-cls-densenet-nano-coop,AlphaEarthCoop,global_so2sat,densenet,densenet121,nano,8,7,1283
stemfix-cls-densenet-nano-coop,AlphaEarthCoop,global_so2sat,densenet,densenet121,nano,8,8,1517
stemfix-cls-densenet-nano-coop,AlphaEarthCoop,global_so2sat,densenet,densenet121,nano,8,9,3
stemfix-cls-densenet-nano-coop,AlphaEarthCoop,global_so2sat,densenet,densenet121,nano,8,10,123
stemfix-cls-densenet-nano-coop,AlphaEarthCoop,global_so2sat,densenet,densenet121,nano,8,11,0
stemfix-cls-densenet-nano-coop,AlphaEarthCoop,global_so2sat,densenet,densenet121,nano,8,12,0
stemfix-cls-densenet-nano-coop,AlphaEarthCoop,global_so2sat,densenet,densenet121,nano,8,13,1
stemfix-cls-densenet-nano-coop,AlphaEarthCoop,global_so2sat,densenet,densenet121,nano,8,14,1
stemfix-cls-densenet-nano-coop,AlphaEarthCoop,global_so2sat,densenet,densenet121,nano,8,15,79
stemfix-cls-densenet-nano-coop,AlphaEarthCoop,global_so2sat,densenet,densenet121,nano,8,16,0
stemfix-cls-densenet-nano-coop,AlphaEarthCoop,global_so2sat,densenet,densenet121,nano,8,17,0
stemfix-cls-densenet-nano-coop,AlphaEarthCoop,global_so2sat,densenet,densenet121,nano,9,1,0
stemfix-cls-densenet-nano-coop,AlphaEarthCoop,global_so2sat,densenet,densenet121,nano,9,2,1
stemfix-cls-densenet-nano-coop,AlphaEarthCoop,global_so2sat,densenet,densenet121,nano,9,3,346
stemfix-cls-densenet-nano-coop,AlphaEarthCoop,global_so2sat,densenet,densenet121,nano,9,4,0
stemfix-cls-densenet-nano-coop,AlphaEarthCoop,global_so2sat,densenet,densenet121,nano,9,5,27
stemfix-cls-densenet-nano-coop,AlphaEarthCoop,global_so2sat,densenet,densenet121,nano,9,6,1266
stemfix-cls-densenet-nano-coop,AlphaEarthCoop,global_so2sat,densenet,densenet121,nano,9,7,26
stemfix-cls-densenet-nano-coop,AlphaEarthCoop,global_so2sat,densenet,densenet121,nano,9,8,4
stemfix-cls-densenet-nano-coop,AlphaEarthCoop,global_so2sat,densenet,densenet121,nano,9,9,133
stemfix-cls-densenet-nano-coop,AlphaEarthCoop,global_so2sat,densenet,densenet121,nano,9,10,0
stemfix-cls-densenet-nano-coop,AlphaEarthCoop,global_so2sat,densenet,densenet121,nano,9,11,59
stemfix-cls-densenet-nano-coop,AlphaEarthCoop,global_so2sat,densenet,densenet121,nano,9,12,88
stemfix-cls-densenet-nano-coop,AlphaEarthCoop,global_so2sat,densenet,densenet121,nano,9,13,22
stemfix-cls-densenet-nano-coop,AlphaEarthCoop,global_so2sat,densenet,densenet121,nano,9,14,36
stemfix-cls-densenet-nano-coop,AlphaEarthCoop,global_so2sat,densenet,densenet121,nano,9,15,0
stemfix-cls-densenet-nano-coop,AlphaEarthCoop,global_so2sat,densenet,densenet121,nano,9,16,1
stemfix-cls-densenet-nano-coop,AlphaEarthCoop,global_so2sat,densenet,densenet121,nano,9,17,4
stemfix-cls-densenet-nano-coop,AlphaEarthCoop,global_so2sat,densenet,densenet121,nano,10,1,0
stemfix-cls-densenet-nano-coop,AlphaEarthCoop,global_so2sat,densenet,densenet121,nano,10,2,7
stemfix-cls-densenet-nano-coop,AlphaEarthCoop,global_so2sat,densenet,densenet121,nano,10,3,18
stemfix-cls-densenet-nano-coop,AlphaEarthCoop,global_so2sat,densenet,densenet121,nano,10,4,2
stemfix-cls-densenet-nano-coop,AlphaEarthCoop,global_so2sat,densenet,densenet121,nano,10,5,25
stemfix-cls-densenet-nano-coop,AlphaEarthCoop,global_so2sat,densenet,densenet121,nano,10,6,37
stemfix-cls-densenet-nano-coop,AlphaEarthCoop,global_so2sat,densenet,densenet121,nano,10,7,241
stemfix-cls-densenet-nano-coop,AlphaEarthCoop,global_so2sat,densenet,densenet121,nano,10,8,266
stemfix-cls-densenet-nano-coop,AlphaEarthCoop,global_so2sat,densenet,densenet121,nano,10,9,6
stemfix-cls-densenet-nano-coop,AlphaEarthCoop,global_so2sat,densenet,densenet121,nano,10,10,259
stemfix-cls-densenet-nano-coop,AlphaEarthCoop,global_so2sat,densenet,densenet121,nano,10,11,0
stemfix-cls-densenet-nano-coop,AlphaEarthCoop,global_so2sat,densenet,densenet121,nano,10,12,0
stemfix-cls-densenet-nano-coop,AlphaEarthCoop,global_so2sat,densenet,densenet121,nano,10,13,12
stemfix-cls-densenet-nano-coop,AlphaEarthCoop,global_so2sat,densenet,densenet121,nano,10,14,5
stemfix-cls-densenet-nano-coop,AlphaEarthCoop,global_so2sat,densenet,densenet121,nano,10,15,26
stemfix-cls-densenet-nano-coop,AlphaEarthCoop,global_so2sat,densenet,densenet121,nano,10,16,0
stemfix-cls-densenet-nano-coop,AlphaEarthCoop,global_so2sat,densenet,densenet121,nano,10,17,4
stemfix-cls-densenet-nano-coop,AlphaEarthCoop,global_so2sat,densenet,densenet121,nano,11,1,0
stemfix-cls-densenet-nano-coop,AlphaEarthCoop,global_so2sat,densenet,densenet121,nano,11,2,0
stemfix-cls-densenet-nano-coop,AlphaEarthCoop,global_so2sat,densenet,densenet121,nano,11,3,0
stemfix-cls-densenet-nano-coop,AlphaEarthCoop,global_so2sat,densenet,densenet121,nano,11,4,0
stemfix-cls-densenet-nano-coop,AlphaEarthCoop,global_so2sat,densenet,densenet121,nano,11,5,0
stemfix-cls-densenet-nano-coop,AlphaEarthCoop,global_so2sat,densenet,densenet121,nano,11,6,6
stemfix-cls-densenet-nano-coop,AlphaEarthCoop,global_so2sat,densenet,densenet121,nano,11,7,2
stemfix-cls-densenet-nano-coop,AlphaEarthCoop,global_so2sat,densenet,densenet121,nano,11,8,0
stemfix-cls-densenet-nano-coop,AlphaEarthCoop,global_so2sat,densenet,densenet121,nano,11,9,91
stemfix-cls-densenet-nano-coop,AlphaEarthCoop,global_so2sat,densenet,densenet121,nano,11,10,0
stemfix-cls-densenet-nano-coop,AlphaEarthCoop,global_so2sat,densenet,densenet121,nano,11,11,2119
stemfix-cls-densenet-nano-coop,AlphaEarthCoop,global_so2sat,densenet,densenet121,nano,11,12,69
stemfix-cls-densenet-nano-coop,AlphaEarthCoop,global_so2sat,densenet,densenet121,nano,11,13,81
stemfix-cls-densenet-nano-coop,AlphaEarthCoop,global_so2sat,densenet,densenet121,nano,11,14,0
stemfix-cls-densenet-nano-coop,AlphaEarthCoop,global_so2sat,densenet,densenet121,nano,11,15,0
stemfix-cls-densenet-nano-coop,AlphaEarthCoop,global_so2sat,densenet,densenet121,nano,11,16,0
stemfix-cls-densenet-nano-coop,AlphaEarthCoop,global_so2sat,densenet,densenet121,nano,11,17,0
stemfix-cls-densenet-nano-coop,AlphaEarthCoop,global_so2sat,densenet,densenet121,nano,12,1,0
stemfix-cls-densenet-nano-coop,AlphaEarthCoop,global_so2sat,densenet,densenet121,nano,12,2,0
stemfix-cls-densenet-nano-coop,AlphaEarthCoop,global_so2sat,densenet,densenet121,nano,12,3,12
stemfix-cls-densenet-nano-coop,AlphaEarthCoop,global_so2sat,densenet,densenet121,nano,12,4,0
stemfix-cls-densenet-nano-coop,AlphaEarthCoop,global_so2sat,densenet,densenet121,nano,12,5,0
stemfix-cls-densenet-nano-coop,AlphaEarthCoop,global_so2sat,densenet,densenet121,nano,12,6,72
stemfix-cls-densenet-nano-coop,AlphaEarthCoop,global_so2sat,densenet,densenet121,nano,12,7,9
stemfix-cls-densenet-nano-coop,AlphaEarthCoop,global_so2sat,densenet,densenet121,nano,12,8,0
stemfix-cls-densenet-nano-coop,AlphaEarthCoop,global_so2sat,densenet,densenet121,nano,12,9,17
stemfix-cls-densenet-nano-coop,AlphaEarthCoop,global_so2sat,densenet,densenet121,nano,12,10,0
stemfix-cls-densenet-nano-coop,AlphaEarthCoop,global_so2sat,densenet,densenet121,nano,12,11,88
stemfix-cls-densenet-nano-coop,AlphaEarthCoop,global_so2sat,densenet,densenet121,nano,12,12,161
stemfix-cls-densenet-nano-coop,AlphaEarthCoop,global_so2sat,densenet,densenet121,nano,12,13,12
stemfix-cls-densenet-nano-coop,AlphaEarthCoop,global_so2sat,densenet,densenet121,nano,12,14,62
stemfix-cls-densenet-nano-coop,AlphaEarthCoop,global_so2sat,densenet,densenet121,nano,12,15,0
stemfix-cls-densenet-nano-coop,AlphaEarthCoop,global_so2sat,densenet,densenet121,nano,12,16,0
stemfix-cls-densenet-nano-coop,AlphaEarthCoop,global_so2sat,densenet,densenet121,nano,12,17,0
stemfix-cls-densenet-nano-coop,AlphaEarthCoop,global_so2sat,densenet,densenet121,nano,13,1,0
stemfix-cls-densenet-nano-coop,AlphaEarthCoop,global_so2sat,densenet,densenet121,nano,13,2,0
stemfix-cls-densenet-nano-coop,AlphaEarthCoop,global_so2sat,densenet,densenet121,nano,13,3,0
stemfix-cls-densenet-nano-coop,AlphaEarthCoop,global_so2sat,densenet,densenet121,nano,13,4,0
stemfix-cls-densenet-nano-coop,AlphaEarthCoop,global_so2sat,densenet,densenet121,nano,13,5,0
stemfix-cls-densenet-nano-coop,AlphaEarthCoop,global_so2sat,densenet,densenet121,nano,13,6,23
stemfix-cls-densenet-nano-coop,AlphaEarthCoop,global_so2sat,densenet,densenet121,nano,13,7,1
stemfix-cls-densenet-nano-coop,AlphaEarthCoop,global_so2sat,densenet,densenet121,nano,13,8,0
stemfix-cls-densenet-nano-coop,AlphaEarthCoop,global_so2sat,densenet,densenet121,nano,13,9,6
stemfix-cls-densenet-nano-coop,AlphaEarthCoop,global_so2sat,densenet,densenet121,nano,13,10,0
stemfix-cls-densenet-nano-coop,AlphaEarthCoop,global_so2sat,densenet,densenet121,nano,13,11,57
stemfix-cls-densenet-nano-coop,AlphaEarthCoop,global_so2sat,densenet,densenet121,nano,13,12,13
stemfix-cls-densenet-nano-coop,AlphaEarthCoop,global_so2sat,densenet,densenet121,nano,13,13,732
stemfix-cls-densenet-nano-coop,AlphaEarthCoop,global_so2sat,densenet,densenet121,nano,13,14,333
stemfix-cls-densenet-nano-coop,AlphaEarthCoop,global_so2sat,densenet,densenet121,nano,13,15,1
stemfix-cls-densenet-nano-coop,AlphaEarthCoop,global_so2sat,densenet,densenet121,nano,13,16,0
stemfix-cls-densenet-nano-coop,AlphaEarthCoop,global_so2sat,densenet,densenet121,nano,13,17,0
stemfix-cls-densenet-nano-coop,AlphaEarthCoop,global_so2sat,densenet,densenet121,nano,14,1,0
stemfix-cls-densenet-nano-coop,AlphaEarthCoop,global_so2sat,densenet,densenet121,nano,14,2,0
stemfix-cls-densenet-nano-coop,AlphaEarthCoop,global_so2sat,densenet,densenet121,nano,14,3,0
stemfix-cls-densenet-nano-coop,AlphaEarthCoop,global_so2sat,densenet,densenet121,nano,14,4,0
stemfix-cls-densenet-nano-coop,AlphaEarthCoop,global_so2sat,densenet,densenet121,nano,14,5,0
stemfix-cls-densenet-nano-coop,AlphaEarthCoop,global_so2sat,densenet,densenet121,nano,14,6,94
stemfix-cls-densenet-nano-coop,AlphaEarthCoop,global_so2sat,densenet,densenet121,nano,14,7,250
stemfix-cls-densenet-nano-coop,AlphaEarthCoop,global_so2sat,densenet,densenet121,nano,14,8,2
stemfix-cls-densenet-nano-coop,AlphaEarthCoop,global_so2sat,densenet,densenet121,nano,14,9,80
stemfix-cls-densenet-nano-coop,AlphaEarthCoop,global_so2sat,densenet,densenet121,nano,14,10,79
stemfix-cls-densenet-nano-coop,AlphaEarthCoop,global_so2sat,densenet,densenet121,nano,14,11,9
stemfix-cls-densenet-nano-coop,AlphaEarthCoop,global_so2sat,densenet,densenet121,nano,14,12,23
stemfix-cls-densenet-nano-coop,AlphaEarthCoop,global_so2sat,densenet,densenet121,nano,14,13,99
stemfix-cls-densenet-nano-coop,AlphaEarthCoop,global_so2sat,densenet,densenet121,nano,14,14,1732
stemfix-cls-densenet-nano-coop,AlphaEarthCoop,global_so2sat,densenet,densenet121,nano,14,15,8
stemfix-cls-densenet-nano-coop,AlphaEarthCoop,global_so2sat,densenet,densenet121,nano,14,16,6
stemfix-cls-densenet-nano-coop,AlphaEarthCoop,global_so2sat,densenet,densenet121,nano,14,17,53
stemfix-cls-densenet-nano-coop,AlphaEarthCoop,global_so2sat,densenet,densenet121,nano,15,1,4
stemfix-cls-densenet-nano-coop,AlphaEarthCoop,global_so2sat,densenet,densenet121,nano,15,2,0
stemfix-cls-densenet-nano-coop,AlphaEarthCoop,global_so2sat,densenet,densenet121,nano,15,3,0
stemfix-cls-densenet-nano-coop,AlphaEarthCoop,global_so2sat,densenet,densenet121,nano,15,4,0
stemfix-cls-densenet-nano-coop,AlphaEarthCoop,global_so2sat,densenet,densenet121,nano,15,5,0
stemfix-cls-densenet-nano-coop,AlphaEarthCoop,global_so2sat,densenet,densenet121,nano,15,6,0
stemfix-cls-densenet-nano-coop,AlphaEarthCoop,global_so2sat,densenet,densenet121,nano,15,7,61
stemfix-cls-densenet-nano-coop,AlphaEarthCoop,global_so2sat,densenet,densenet121,nano,15,8,12
stemfix-cls-densenet-nano-coop,AlphaEarthCoop,global_so2sat,densenet,densenet121,nano,15,9,0
stemfix-cls-densenet-nano-coop,AlphaEarthCoop,global_so2sat,densenet,densenet121,nano,15,10,6
stemfix-cls-densenet-nano-coop,AlphaEarthCoop,global_so2sat,densenet,densenet121,nano,15,11,9
stemfix-cls-densenet-nano-coop,AlphaEarthCoop,global_so2sat,densenet,densenet121,nano,15,12,0
stemfix-cls-densenet-nano-coop,AlphaEarthCoop,global_so2sat,densenet,densenet121,nano,15,13,0
stemfix-cls-densenet-nano-coop,AlphaEarthCoop,global_so2sat,densenet,densenet121,nano,15,14,0
stemfix-cls-densenet-nano-coop,AlphaEarthCoop,global_so2sat,densenet,densenet121,nano,15,15,113
stemfix-cls-densenet-nano-coop,AlphaEarthCoop,global_so2sat,densenet,densenet121,nano,15,16,0
stemfix-cls-densenet-nano-coop,AlphaEarthCoop,global_so2sat,densenet,densenet121,nano,15,17,0
stemfix-cls-densenet-nano-coop,AlphaEarthCoop,global_so2sat,densenet,densenet121,nano,16,1,1
stemfix-cls-densenet-nano-coop,AlphaEarthCoop,global_so2sat,densenet,densenet121,nano,16,2,0
stemfix-cls-densenet-nano-coop,AlphaEarthCoop,global_so2sat,densenet,densenet121,nano,16,3,0
stemfix-cls-densenet-nano-coop,AlphaEarthCoop,global_so2sat,densenet,densenet121,nano,16,4,0
stemfix-cls-densenet-nano-coop,AlphaEarthCoop,global_so2sat,densenet,densenet121,nano,16,5,0
stemfix-cls-densenet-nano-coop,AlphaEarthCoop,global_so2sat,densenet,densenet121,nano,16,6,9
stemfix-cls-densenet-nano-coop,AlphaEarthCoop,global_so2sat,densenet,densenet121,nano,16,7,25
stemfix-cls-densenet-nano-coop,AlphaEarthCoop,global_so2sat,densenet,densenet121,nano,16,8,1
stemfix-cls-densenet-nano-coop,AlphaEarthCoop,global_so2sat,densenet,densenet121,nano,16,9,0
stemfix-cls-densenet-nano-coop,AlphaEarthCoop,global_so2sat,densenet,densenet121,nano,16,10,1
stemfix-cls-densenet-nano-coop,AlphaEarthCoop,global_so2sat,densenet,densenet121,nano,16,11,43
stemfix-cls-densenet-nano-coop,AlphaEarthCoop,global_so2sat,densenet,densenet121,nano,16,12,1
stemfix-cls-densenet-nano-coop,AlphaEarthCoop,global_so2sat,densenet,densenet121,nano,16,13,337
stemfix-cls-densenet-nano-coop,AlphaEarthCoop,global_so2sat,densenet,densenet121,nano,16,14,86
stemfix-cls-densenet-nano-coop,AlphaEarthCoop,global_so2sat,densenet,densenet121,nano,16,15,11
stemfix-cls-densenet-nano-coop,AlphaEarthCoop,global_so2sat,densenet,densenet121,nano,16,16,56
stemfix-cls-densenet-nano-coop,AlphaEarthCoop,global_so2sat,densenet,densenet121,nano,16,17,1
stemfix-cls-densenet-nano-coop,AlphaEarthCoop,global_so2sat,densenet,densenet121,nano,17,1,0
stemfix-cls-densenet-nano-coop,AlphaEarthCoop,global_so2sat,densenet,densenet121,nano,17,2,0
stemfix-cls-densenet-nano-coop,AlphaEarthCoop,global_so2sat,densenet,densenet121,nano,17,3,0
stemfix-cls-densenet-nano-coop,AlphaEarthCoop,global_so2sat,densenet,densenet121,nano,17,4,5
stemfix-cls-densenet-nano-coop,AlphaEarthCoop,global_so2sat,densenet,densenet121,nano,17,5,4
stemfix-cls-densenet-nano-coop,AlphaEarthCoop,global_so2sat,densenet,densenet121,nano,17,6,1
stemfix-cls-densenet-nano-coop,AlphaEarthCoop,global_so2sat,densenet,densenet121,nano,17,7,2
stemfix-cls-densenet-nano-coop,AlphaEarthCoop,global_so2sat,densenet,densenet121,nano,17,8,4
stemfix-cls-densenet-nano-coop,AlphaEarthCoop,global_so2sat,densenet,densenet121,nano,17,9,0
stemfix-cls-densenet-nano-coop,AlphaEarthCoop,global_so2sat,densenet,densenet121,nano,17,10,5
stemfix-cls-densenet-nano-coop,AlphaEarthCoop,global_so2sat,densenet,densenet121,nano,17,11,0
stemfix-cls-densenet-nano-coop,AlphaEarthCoop,global_so2sat,densenet,densenet121,nano,17,12,0
stemfix-cls-densenet-nano-coop,AlphaEarthCoop,global_so2sat,densenet,densenet121,nano,17,13,0
stemfix-cls-densenet-nano-coop,AlphaEarthCoop,global_so2sat,densenet,densenet121,nano,17,14,0
stemfix-cls-densenet-nano-coop,AlphaEarthCoop,global_so2sat,densenet,densenet121,nano,17,15,3
stemfix-cls-densenet-nano-coop,AlphaEarthCoop,global_so2sat,densenet,densenet121,nano,17,16,3
stemfix-cls-densenet-nano-coop,AlphaEarthCoop,global_so2sat,densenet,densenet121,nano,17,17,2177
stemfix-cls-mobilenet-nano-coop,AlphaEarthCoop,global_so2sat,mobilenet,mobilenetv3_small_050,nano,1,1,202
stemfix-cls-mobilenet-nano-coop,AlphaEarthCoop,global_so2sat,mobilenet,mobilenetv3_small_050,nano,1,2,8
stemfix-cls-mobilenet-nano-coop,AlphaEarthCoop,global_so2sat,mobilenet,mobilenetv3_small_050,nano,1,3,2
stemfix-cls-mobilenet-nano-coop,AlphaEarthCoop,global_so2sat,mobilenet,mobilenetv3_small_050,nano,1,4,13
stemfix-cls-mobilenet-nano-coop,AlphaEarthCoop,global_so2sat,mobilenet,mobilenetv3_small_050,nano,1,5,0
stemfix-cls-mobilenet-nano-coop,AlphaEarthCoop,global_so2sat,mobilenet,mobilenetv3_small_050,nano,1,6,0
stemfix-cls-mobilenet-nano-coop,AlphaEarthCoop,global_so2sat,mobilenet,mobilenetv3_small_050,nano,1,7,19
stemfix-cls-mobilenet-nano-coop,AlphaEarthCoop,global_so2sat,mobilenet,mobilenetv3_small_050,nano,1,8,6
stemfix-cls-mobilenet-nano-coop,AlphaEarthCoop,global_so2sat,mobilenet,mobilenetv3_small_050,nano,1,9,0
stemfix-cls-mobilenet-nano-coop,AlphaEarthCoop,global_so2sat,mobilenet,mobilenetv3_small_050,nano,1,10,16
stemfix-cls-mobilenet-nano-coop,AlphaEarthCoop,global_so2sat,mobilenet,mobilenetv3_small_050,nano,1,11,0
stemfix-cls-mobilenet-nano-coop,AlphaEarthCoop,global_so2sat,mobilenet,mobilenetv3_small_050,nano,1,12,0
stemfix-cls-mobilenet-nano-coop,AlphaEarthCoop,global_so2sat,mobilenet,mobilenetv3_small_050,nano,1,13,0
stemfix-cls-mobilenet-nano-coop,AlphaEarthCoop,global_so2sat,mobilenet,mobilenetv3_small_050,nano,1,14,0
stemfix-cls-mobilenet-nano-coop,AlphaEarthCoop,global_so2sat,mobilenet,mobilenetv3_small_050,nano,1,15,0
stemfix-cls-mobilenet-nano-coop,AlphaEarthCoop,global_so2sat,mobilenet,mobilenetv3_small_050,nano,1,16,0
stemfix-cls-mobilenet-nano-coop,AlphaEarthCoop,global_so2sat,mobilenet,mobilenetv3_small_050,nano,1,17,0
stemfix-cls-mobilenet-nano-coop,AlphaEarthCoop,global_so2sat,mobilenet,mobilenetv3_small_050,nano,2,1,187
stemfix-cls-mobilenet-nano-coop,AlphaEarthCoop,global_so2sat,mobilenet,mobilenetv3_small_050,nano,2,2,728
stemfix-cls-mobilenet-nano-coop,AlphaEarthCoop,global_so2sat,mobilenet,mobilenetv3_small_050,nano,2,3,31
stemfix-cls-mobilenet-nano-coop,AlphaEarthCoop,global_so2sat,mobilenet,mobilenetv3_small_050,nano,2,4,6
stemfix-cls-mobilenet-nano-coop,AlphaEarthCoop,global_so2sat,mobilenet,mobilenetv3_small_050,nano,2,5,34
stemfix-cls-mobilenet-nano-coop,AlphaEarthCoop,global_so2sat,mobilenet,mobilenetv3_small_050,nano,2,6,9
stemfix-cls-mobilenet-nano-coop,AlphaEarthCoop,global_so2sat,mobilenet,mobilenetv3_small_050,nano,2,7,231
stemfix-cls-mobilenet-nano-coop,AlphaEarthCoop,global_so2sat,mobilenet,mobilenetv3_small_050,nano,2,8,23
stemfix-cls-mobilenet-nano-coop,AlphaEarthCoop,global_so2sat,mobilenet,mobilenetv3_small_050,nano,2,9,0
stemfix-cls-mobilenet-nano-coop,AlphaEarthCoop,global_so2sat,mobilenet,mobilenetv3_small_050,nano,2,10,13
stemfix-cls-mobilenet-nano-coop,AlphaEarthCoop,global_so2sat,mobilenet,mobilenetv3_small_050,nano,2,11,0
stemfix-cls-mobilenet-nano-coop,AlphaEarthCoop,global_so2sat,mobilenet,mobilenetv3_small_050,nano,2,12,0
stemfix-cls-mobilenet-nano-coop,AlphaEarthCoop,global_so2sat,mobilenet,mobilenetv3_small_050,nano,2,13,0
stemfix-cls-mobilenet-nano-coop,AlphaEarthCoop,global_so2sat,mobilenet,mobilenetv3_small_050,nano,2,14,0
stemfix-cls-mobilenet-nano-coop,AlphaEarthCoop,global_so2sat,mobilenet,mobilenetv3_small_050,nano,2,15,0
stemfix-cls-mobilenet-nano-coop,AlphaEarthCoop,global_so2sat,mobilenet,mobilenetv3_small_050,nano,2,16,0
stemfix-cls-mobilenet-nano-coop,AlphaEarthCoop,global_so2sat,mobilenet,mobilenetv3_small_050,nano,2,17,0
stemfix-cls-mobilenet-nano-coop,AlphaEarthCoop,global_so2sat,mobilenet,mobilenetv3_small_050,nano,3,1,1
stemfix-cls-mobilenet-nano-coop,AlphaEarthCoop,global_so2sat,mobilenet,mobilenetv3_small_050,nano,3,2,229
stemfix-cls-mobilenet-nano-coop,AlphaEarthCoop,global_so2sat,mobilenet,mobilenetv3_small_050,nano,3,3,954
stemfix-cls-mobilenet-nano-coop,AlphaEarthCoop,global_so2sat,mobilenet,mobilenetv3_small_050,nano,3,4,12
stemfix-cls-mobilenet-nano-coop,AlphaEarthCoop,global_so2sat,mobilenet,mobilenetv3_small_050,nano,3,5,56
stemfix-cls-mobilenet-nano-coop,AlphaEarthCoop,global_so2sat,mobilenet,mobilenetv3_small_050,nano,3,6,59
stemfix-cls-mobilenet-nano-coop,AlphaEarthCoop,global_so2sat,mobilenet,mobilenetv3_small_050,nano,3,7,998
stemfix-cls-mobilenet-nano-coop,AlphaEarthCoop,global_so2sat,mobilenet,mobilenetv3_small_050,nano,3,8,90
stemfix-cls-mobilenet-nano-coop,AlphaEarthCoop,global_so2sat,mobilenet,mobilenetv3_small_050,nano,3,9,1
stemfix-cls-mobilenet-nano-coop,AlphaEarthCoop,global_so2sat,mobilenet,mobilenetv3_small_050,nano,3,10,63
stemfix-cls-mobilenet-nano-coop,AlphaEarthCoop,global_so2sat,mobilenet,mobilenetv3_small_050,nano,3,11,0
stemfix-cls-mobilenet-nano-coop,AlphaEarthCoop,global_so2sat,mobilenet,mobilenetv3_small_050,nano,3,12,0
stemfix-cls-mobilenet-nano-coop,AlphaEarthCoop,global_so2sat,mobilenet,mobilenetv3_small_050,nano,3,13,0
stemfix-cls-mobilenet-nano-coop,AlphaEarthCoop,global_so2sat,mobilenet,mobilenetv3_small_050,nano,3,14,2
stemfix-cls-mobilenet-nano-coop,AlphaEarthCoop,global_so2sat,mobilenet,mobilenetv3_small_050,nano,3,15,0
stemfix-cls-mobilenet-nano-coop,AlphaEarthCoop,global_so2sat,mobilenet,mobilenetv3_small_050,nano,3,16,0
stemfix-cls-mobilenet-nano-coop,AlphaEarthCoop,global_so2sat,mobilenet,mobilenetv3_small_050,nano,3,17,0
stemfix-cls-mobilenet-nano-coop,AlphaEarthCoop,global_so2sat,mobilenet,mobilenetv3_small_050,nano,4,1,37
stemfix-cls-mobilenet-nano-coop,AlphaEarthCoop,global_so2sat,mobilenet,mobilenetv3_small_050,nano,4,2,31
stemfix-cls-mobilenet-nano-coop,AlphaEarthCoop,global_so2sat,mobilenet,mobilenetv3_small_050,nano,4,3,44
stemfix-cls-mobilenet-nano-coop,AlphaEarthCoop,global_so2sat,mobilenet,mobilenetv3_small_050,nano,4,4,546
stemfix-cls-mobilenet-nano-coop,AlphaEarthCoop,global_so2sat,mobilenet,mobilenetv3_small_050,nano,4,5,24
stemfix-cls-mobilenet-nano-coop,AlphaEarthCoop,global_so2sat,mobilenet,mobilenetv3_small_050,nano,4,6,24
stemfix-cls-mobilenet-nano-coop,AlphaEarthCoop,global_so2sat,mobilenet,mobilenetv3_small_050,nano,4,7,65
stemfix-cls-mobilenet-nano-coop,AlphaEarthCoop,global_so2sat,mobilenet,mobilenetv3_small_050,nano,4,8,56
stemfix-cls-mobilenet-nano-coop,AlphaEarthCoop,global_so2sat,mobilenet,mobilenetv3_small_050,nano,4,9,4
stemfix-cls-mobilenet-nano-coop,AlphaEarthCoop,global_so2sat,mobilenet,mobilenetv3_small_050,nano,4,10,23
stemfix-cls-mobilenet-nano-coop,AlphaEarthCoop,global_so2sat,mobilenet,mobilenetv3_small_050,nano,4,11,0
stemfix-cls-mobilenet-nano-coop,AlphaEarthCoop,global_so2sat,mobilenet,mobilenetv3_small_050,nano,4,12,0
stemfix-cls-mobilenet-nano-coop,AlphaEarthCoop,global_so2sat,mobilenet,mobilenetv3_small_050,nano,4,13,0
stemfix-cls-mobilenet-nano-coop,AlphaEarthCoop,global_so2sat,mobilenet,mobilenetv3_small_050,nano,4,14,3
stemfix-cls-mobilenet-nano-coop,AlphaEarthCoop,global_so2sat,mobilenet,mobilenetv3_small_050,nano,4,15,0
stemfix-cls-mobilenet-nano-coop,AlphaEarthCoop,global_so2sat,mobilenet,mobilenetv3_small_050,nano,4,16,0
stemfix-cls-mobilenet-nano-coop,AlphaEarthCoop,global_so2sat,mobilenet,mobilenetv3_small_050,nano,4,17,0
stemfix-cls-mobilenet-nano-coop,AlphaEarthCoop,global_so2sat,mobilenet,mobilenetv3_small_050,nano,5,1,6
stemfix-cls-mobilenet-nano-coop,AlphaEarthCoop,global_so2sat,mobilenet,mobilenetv3_small_050,nano,5,2,70
stemfix-cls-mobilenet-nano-coop,AlphaEarthCoop,global_so2sat,mobilenet,mobilenetv3_small_050,nano,5,3,102
stemfix-cls-mobilenet-nano-coop,AlphaEarthCoop,global_so2sat,mobilenet,mobilenetv3_small_050,nano,5,4,138
stemfix-cls-mobilenet-nano-coop,AlphaEarthCoop,global_so2sat,mobilenet,mobilenetv3_small_050,nano,5,5,218
stemfix-cls-mobilenet-nano-coop,AlphaEarthCoop,global_so2sat,mobilenet,mobilenetv3_small_050,nano,5,6,121
stemfix-cls-mobilenet-nano-coop,AlphaEarthCoop,global_so2sat,mobilenet,mobilenetv3_small_050,nano,5,7,9
stemfix-cls-mobilenet-nano-coop,AlphaEarthCoop,global_so2sat,mobilenet,mobilenetv3_small_050,nano,5,8,44
stemfix-cls-mobilenet-nano-coop,AlphaEarthCoop,global_so2sat,mobilenet,mobilenetv3_small_050,nano,5,9,50
stemfix-cls-mobilenet-nano-coop,AlphaEarthCoop,global_so2sat,mobilenet,mobilenetv3_small_050,nano,5,10,3
stemfix-cls-mobilenet-nano-coop,AlphaEarthCoop,global_so2sat,mobilenet,mobilenetv3_small_050,nano,5,11,0
stemfix-cls-mobilenet-nano-coop,AlphaEarthCoop,global_so2sat,mobilenet,mobilenetv3_small_050,nano,5,12,2
stemfix-cls-mobilenet-nano-coop,AlphaEarthCoop,global_so2sat,mobilenet,mobilenetv3_small_050,nano,5,13,0
stemfix-cls-mobilenet-nano-coop,AlphaEarthCoop,global_so2sat,mobilenet,mobilenetv3_small_050,nano,5,14,0
stemfix-cls-mobilenet-nano-coop,AlphaEarthCoop,global_so2sat,mobilenet,mobilenetv3_small_050,nano,5,15,0
stemfix-cls-mobilenet-nano-coop,AlphaEarthCoop,global_so2sat,mobilenet,mobilenetv3_small_050,nano,5,16,0
stemfix-cls-mobilenet-nano-coop,AlphaEarthCoop,global_so2sat,mobilenet,mobilenetv3_small_050,nano,5,17,0
stemfix-cls-mobilenet-nano-coop,AlphaEarthCoop,global_so2sat,mobilenet,mobilenetv3_small_050,nano,6,1,2
stemfix-cls-mobilenet-nano-coop,AlphaEarthCoop,global_so2sat,mobilenet,mobilenetv3_small_050,nano,6,2,31
stemfix-cls-mobilenet-nano-coop,AlphaEarthCoop,global_so2sat,mobilenet,mobilenetv3_small_050,nano,6,3,277
stemfix-cls-mobilenet-nano-coop,AlphaEarthCoop,global_so2sat,mobilenet,mobilenetv3_small_050,nano,6,4,7
stemfix-cls-mobilenet-nano-coop,AlphaEarthCoop,global_so2sat,mobilenet,mobilenetv3_small_050,nano,6,5,80
stemfix-cls-mobilenet-nano-coop,AlphaEarthCoop,global_so2sat,mobilenet,mobilenetv3_small_050,nano,6,6,1226
stemfix-cls-mobilenet-nano-coop,AlphaEarthCoop,global_so2sat,mobilenet,mobilenetv3_small_050,nano,6,7,69
stemfix-cls-mobilenet-nano-coop,AlphaEarthCoop,global_so2sat,mobilenet,mobilenetv3_small_050,nano,6,8,60
stemfix-cls-mobilenet-nano-coop,AlphaEarthCoop,global_so2sat,mobilenet,mobilenetv3_small_050,nano,6,9,81
stemfix-cls-mobilenet-nano-coop,AlphaEarthCoop,global_so2sat,mobilenet,mobilenetv3_small_050,nano,6,10,23
stemfix-cls-mobilenet-nano-coop,AlphaEarthCoop,global_so2sat,mobilenet,mobilenetv3_small_050,nano,6,11,53
stemfix-cls-mobilenet-nano-coop,AlphaEarthCoop,global_so2sat,mobilenet,mobilenetv3_small_050,nano,6,12,0
stemfix-cls-mobilenet-nano-coop,AlphaEarthCoop,global_so2sat,mobilenet,mobilenetv3_small_050,nano,6,13,0
stemfix-cls-mobilenet-nano-coop,AlphaEarthCoop,global_so2sat,mobilenet,mobilenetv3_small_050,nano,6,14,18
stemfix-cls-mobilenet-nano-coop,AlphaEarthCoop,global_so2sat,mobilenet,mobilenetv3_small_050,nano,6,15,0
stemfix-cls-mobilenet-nano-coop,AlphaEarthCoop,global_so2sat,mobilenet,mobilenetv3_small_050,nano,6,16,9
stemfix-cls-mobilenet-nano-coop,AlphaEarthCoop,global_so2sat,mobilenet,mobilenetv3_small_050,nano,6,17,0
stemfix-cls-mobilenet-nano-coop,AlphaEarthCoop,global_so2sat,mobilenet,mobilenetv3_small_050,nano,7,1,0
stemfix-cls-mobilenet-nano-coop,AlphaEarthCoop,global_so2sat,mobilenet,mobilenetv3_small_050,nano,7,2,49
stemfix-cls-mobilenet-nano-coop,AlphaEarthCoop,global_so2sat,mobilenet,mobilenetv3_small_050,nano,7,3,8
stemfix-cls-mobilenet-nano-coop,AlphaEarthCoop,global_so2sat,mobilenet,mobilenetv3_small_050,nano,7,4,0
stemfix-cls-mobilenet-nano-coop,AlphaEarthCoop,global_so2sat,mobilenet,mobilenetv3_small_050,nano,7,5,0
stemfix-cls-mobilenet-nano-coop,AlphaEarthCoop,global_so2sat,mobilenet,mobilenetv3_small_050,nano,7,6,0
stemfix-cls-mobilenet-nano-coop,AlphaEarthCoop,global_so2sat,mobilenet,mobilenetv3_small_050,nano,7,7,432
stemfix-cls-mobilenet-nano-coop,AlphaEarthCoop,global_so2sat,mobilenet,mobilenetv3_small_050,nano,7,8,11
stemfix-cls-mobilenet-nano-coop,AlphaEarthCoop,global_so2sat,mobilenet,mobilenetv3_small_050,nano,7,9,1
stemfix-cls-mobilenet-nano-coop,AlphaEarthCoop,global_so2sat,mobilenet,mobilenetv3_small_050,nano,7,10,2
stemfix-cls-mobilenet-nano-coop,AlphaEarthCoop,global_so2sat,mobilenet,mobilenetv3_small_050,nano,7,11,0
stemfix-cls-mobilenet-nano-coop,AlphaEarthCoop,global_so2sat,mobilenet,mobilenetv3_small_050,nano,7,12,0
stemfix-cls-mobilenet-nano-coop,AlphaEarthCoop,global_so2sat,mobilenet,mobilenetv3_small_050,nano,7,13,0
stemfix-cls-mobilenet-nano-coop,AlphaEarthCoop,global_so2sat,mobilenet,mobilenetv3_small_050,nano,7,14,0
stemfix-cls-mobilenet-nano-coop,AlphaEarthCoop,global_so2sat,mobilenet,mobilenetv3_small_050,nano,7,15,0
stemfix-cls-mobilenet-nano-coop,AlphaEarthCoop,global_so2sat,mobilenet,mobilenetv3_small_050,nano,7,16,0
stemfix-cls-mobilenet-nano-coop,AlphaEarthCoop,global_so2sat,mobilenet,mobilenetv3_small_050,nano,7,17,0
stemfix-cls-mobilenet-nano-coop,AlphaEarthCoop,global_so2sat,mobilenet,mobilenetv3_small_050,nano,8,1,4
stemfix-cls-mobilenet-nano-coop,AlphaEarthCoop,global_so2sat,mobilenet,mobilenetv3_small_050,nano,8,2,4
stemfix-cls-mobilenet-nano-coop,AlphaEarthCoop,global_so2sat,mobilenet,mobilenetv3_small_050,nano,8,3,28
stemfix-cls-mobilenet-nano-coop,AlphaEarthCoop,global_so2sat,mobilenet,mobilenetv3_small_050,nano,8,4,33
stemfix-cls-mobilenet-nano-coop,AlphaEarthCoop,global_so2sat,mobilenet,mobilenetv3_small_050,nano,8,5,14
stemfix-cls-mobilenet-nano-coop,AlphaEarthCoop,global_so2sat,mobilenet,mobilenetv3_small_050,nano,8,6,28
stemfix-cls-mobilenet-nano-coop,AlphaEarthCoop,global_so2sat,mobilenet,mobilenetv3_small_050,nano,8,7,382
stemfix-cls-mobilenet-nano-coop,AlphaEarthCoop,global_so2sat,mobilenet,mobilenetv3_small_050,nano,8,8,2721
stemfix-cls-mobilenet-nano-coop,AlphaEarthCoop,global_so2sat,mobilenet,mobilenetv3_small_050,nano,8,9,14
stemfix-cls-mobilenet-nano-coop,AlphaEarthCoop,global_so2sat,mobilenet,mobilenetv3_small_050,nano,8,10,222
stemfix-cls-mobilenet-nano-coop,AlphaEarthCoop,global_so2sat,mobilenet,mobilenetv3_small_050,nano,8,11,0
stemfix-cls-mobilenet-nano-coop,AlphaEarthCoop,global_so2sat,mobilenet,mobilenetv3_small_050,nano,8,12,0
stemfix-cls-mobilenet-nano-coop,AlphaEarthCoop,global_so2sat,mobilenet,mobilenetv3_small_050,nano,8,13,0
stemfix-cls-mobilenet-nano-coop,AlphaEarthCoop,global_so2sat,mobilenet,mobilenetv3_small_050,nano,8,14,44
stemfix-cls-mobilenet-nano-coop,AlphaEarthCoop,global_so2sat,mobilenet,mobilenetv3_small_050,nano,8,15,2
stemfix-cls-mobilenet-nano-coop,AlphaEarthCoop,global_so2sat,mobilenet,mobilenetv3_small_050,nano,8,16,0
stemfix-cls-mobilenet-nano-coop,AlphaEarthCoop,global_so2sat,mobilenet,mobilenetv3_small_050,nano,8,17,0
stemfix-cls-mobilenet-nano-coop,AlphaEarthCoop,global_so2sat,mobilenet,mobilenetv3_small_050,nano,9,1,0
stemfix-cls-mobilenet-nano-coop,AlphaEarthCoop,global_so2sat,mobilenet,mobilenetv3_small_050,nano,9,2,2
stemfix-cls-mobilenet-nano-coop,AlphaEarthCoop,global_so2sat,mobilenet,mobilenetv3_small_050,nano,9,3,65
stemfix-cls-mobilenet-nano-coop,AlphaEarthCoop,global_so2sat,mobilenet,mobilenetv3_small_050,nano,9,4,0
stemfix-cls-mobilenet-nano-coop,AlphaEarthCoop,global_so2sat,mobilenet,mobilenetv3_small_050,nano,9,5,2
stemfix-cls-mobilenet-nano-coop,AlphaEarthCoop,global_so2sat,mobilenet,mobilenetv3_small_050,nano,9,6,1021
stemfix-cls-mobilenet-nano-coop,AlphaEarthCoop,global_so2sat,mobilenet,mobilenetv3_small_050,nano,9,7,2
stemfix-cls-mobilenet-nano-coop,AlphaEarthCoop,global_so2sat,mobilenet,mobilenetv3_small_050,nano,9,8,14
stemfix-cls-mobilenet-nano-coop,AlphaEarthCoop,global_so2sat,mobilenet,mobilenetv3_small_050,nano,9,9,811
stemfix-cls-mobilenet-nano-coop,AlphaEarthCoop,global_so2sat,mobilenet,mobilenetv3_small_050,nano,9,10,3
stemfix-cls-mobilenet-nano-coop,AlphaEarthCoop,global_so2sat,mobilenet,mobilenetv3_small_050,nano,9,11,11
stemfix-cls-mobilenet-nano-coop,AlphaEarthCoop,global_so2sat,mobilenet,mobilenetv3_small_050,nano,9,12,17
stemfix-cls-mobilenet-nano-coop,AlphaEarthCoop,global_so2sat,mobilenet,mobilenetv3_small_050,nano,9,13,0
stemfix-cls-mobilenet-nano-coop,AlphaEarthCoop,global_so2sat,mobilenet,mobilenetv3_small_050,nano,9,14,58
stemfix-cls-mobilenet-nano-coop,AlphaEarthCoop,global_so2sat,mobilenet,mobilenetv3_small_050,nano,9,15,0
stemfix-cls-mobilenet-nano-coop,AlphaEarthCoop,global_so2sat,mobilenet,mobilenetv3_small_050,nano,9,16,0
stemfix-cls-mobilenet-nano-coop,AlphaEarthCoop,global_so2sat,mobilenet,mobilenetv3_small_050,nano,9,17,7
stemfix-cls-mobilenet-nano-coop,AlphaEarthCoop,global_so2sat,mobilenet,mobilenetv3_small_050,nano,10,1,0
stemfix-cls-mobilenet-nano-coop,AlphaEarthCoop,global_so2sat,mobilenet,mobilenetv3_small_050,nano,10,2,5
stemfix-cls-mobilenet-nano-coop,AlphaEarthCoop,global_so2sat,mobilenet,mobilenetv3_small_050,nano,10,3,19
stemfix-cls-mobilenet-nano-coop,AlphaEarthCoop,global_so2sat,mobilenet,mobilenetv3_small_050,nano,10,4,6
stemfix-cls-mobilenet-nano-coop,AlphaEarthCoop,global_so2sat,mobilenet,mobilenetv3_small_050,nano,10,5,7
stemfix-cls-mobilenet-nano-coop,AlphaEarthCoop,global_so2sat,mobilenet,mobilenetv3_small_050,nano,10,6,7
stemfix-cls-mobilenet-nano-coop,AlphaEarthCoop,global_so2sat,mobilenet,mobilenetv3_small_050,nano,10,7,117
stemfix-cls-mobilenet-nano-coop,AlphaEarthCoop,global_so2sat,mobilenet,mobilenetv3_small_050,nano,10,8,379
stemfix-cls-mobilenet-nano-coop,AlphaEarthCoop,global_so2sat,mobilenet,mobilenetv3_small_050,nano,10,9,10
stemfix-cls-mobilenet-nano-coop,AlphaEarthCoop,global_so2sat,mobilenet,mobilenetv3_small_050,nano,10,10,312
stemfix-cls-mobilenet-nano-coop,AlphaEarthCoop,global_so2sat,mobilenet,mobilenetv3_small_050,nano,10,11,0
stemfix-cls-mobilenet-nano-coop,AlphaEarthCoop,global_so2sat,mobilenet,mobilenetv3_small_050,nano,10,12,0
stemfix-cls-mobilenet-nano-coop,AlphaEarthCoop,global_so2sat,mobilenet,mobilenetv3_small_050,nano,10,13,24
stemfix-cls-mobilenet-nano-coop,AlphaEarthCoop,global_so2sat,mobilenet,mobilenetv3_small_050,nano,10,14,16
stemfix-cls-mobilenet-nano-coop,AlphaEarthCoop,global_so2sat,mobilenet,mobilenetv3_small_050,nano,10,15,6
stemfix-cls-mobilenet-nano-coop,AlphaEarthCoop,global_so2sat,mobilenet,mobilenetv3_small_050,nano,10,16,0
stemfix-cls-mobilenet-nano-coop,AlphaEarthCoop,global_so2sat,mobilenet,mobilenetv3_small_050,nano,10,17,0
stemfix-cls-mobilenet-nano-coop,AlphaEarthCoop,global_so2sat,mobilenet,mobilenetv3_small_050,nano,11,1,0
stemfix-cls-mobilenet-nano-coop,AlphaEarthCoop,global_so2sat,mobilenet,mobilenetv3_small_050,nano,11,2,0
stemfix-cls-mobilenet-nano-coop,AlphaEarthCoop,global_so2sat,mobilenet,mobilenetv3_small_050,nano,11,3,0
stemfix-cls-mobilenet-nano-coop,AlphaEarthCoop,global_so2sat,mobilenet,mobilenetv3_small_050,nano,11,4,0
stemfix-cls-mobilenet-nano-coop,AlphaEarthCoop,global_so2sat,mobilenet,mobilenetv3_small_050,nano,11,5,1
stemfix-cls-mobilenet-nano-coop,AlphaEarthCoop,global_so2sat,mobilenet,mobilenetv3_small_050,nano,11,6,188
stemfix-cls-mobilenet-nano-coop,AlphaEarthCoop,global_so2sat,mobilenet,mobilenetv3_small_050,nano,11,7,38
stemfix-cls-mobilenet-nano-coop,AlphaEarthCoop,global_so2sat,mobilenet,mobilenetv3_small_050,nano,11,8,0
stemfix-cls-mobilenet-nano-coop,AlphaEarthCoop,global_so2sat,mobilenet,mobilenetv3_small_050,nano,11,9,10
stemfix-cls-mobilenet-nano-coop,AlphaEarthCoop,global_so2sat,mobilenet,mobilenetv3_small_050,nano,11,10,0
stemfix-cls-mobilenet-nano-coop,AlphaEarthCoop,global_so2sat,mobilenet,mobilenetv3_small_050,nano,11,11,1558
stemfix-cls-mobilenet-nano-coop,AlphaEarthCoop,global_so2sat,mobilenet,mobilenetv3_small_050,nano,11,12,407
stemfix-cls-mobilenet-nano-coop,AlphaEarthCoop,global_so2sat,mobilenet,mobilenetv3_small_050,nano,11,13,124
stemfix-cls-mobilenet-nano-coop,AlphaEarthCoop,global_so2sat,mobilenet,mobilenetv3_small_050,nano,11,14,1
stemfix-cls-mobilenet-nano-coop,AlphaEarthCoop,global_so2sat,mobilenet,mobilenetv3_small_050,nano,11,15,1
stemfix-cls-mobilenet-nano-coop,AlphaEarthCoop,global_so2sat,mobilenet,mobilenetv3_small_050,nano,11,16,40
stemfix-cls-mobilenet-nano-coop,AlphaEarthCoop,global_so2sat,mobilenet,mobilenetv3_small_050,nano,11,17,0
stemfix-cls-mobilenet-nano-coop,AlphaEarthCoop,global_so2sat,mobilenet,mobilenetv3_small_050,nano,12,1,0
stemfix-cls-mobilenet-nano-coop,AlphaEarthCoop,global_so2sat,mobilenet,mobilenetv3_small_050,nano,12,2,0
stemfix-cls-mobilenet-nano-coop,AlphaEarthCoop,global_so2sat,mobilenet,mobilenetv3_small_050,nano,12,3,1
stemfix-cls-mobilenet-nano-coop,AlphaEarthCoop,global_so2sat,mobilenet,mobilenetv3_small_050,nano,12,4,0
stemfix-cls-mobilenet-nano-coop,AlphaEarthCoop,global_so2sat,mobilenet,mobilenetv3_small_050,nano,12,5,0
stemfix-cls-mobilenet-nano-coop,AlphaEarthCoop,global_so2sat,mobilenet,mobilenetv3_small_050,nano,12,6,41
stemfix-cls-mobilenet-nano-coop,AlphaEarthCoop,global_so2sat,mobilenet,mobilenetv3_small_050,nano,12,7,0
stemfix-cls-mobilenet-nano-coop,AlphaEarthCoop,global_so2sat,mobilenet,mobilenetv3_small_050,nano,12,8,0
stemfix-cls-mobilenet-nano-coop,AlphaEarthCoop,global_so2sat,mobilenet,mobilenetv3_small_050,nano,12,9,40
stemfix-cls-mobilenet-nano-coop,AlphaEarthCoop,global_so2sat,mobilenet,mobilenetv3_small_050,nano,12,10,0
stemfix-cls-mobilenet-nano-coop,AlphaEarthCoop,global_so2sat,mobilenet,mobilenetv3_small_050,nano,12,11,42
stemfix-cls-mobilenet-nano-coop,AlphaEarthCoop,global_so2sat,mobilenet,mobilenetv3_small_050,nano,12,12,199
stemfix-cls-mobilenet-nano-coop,AlphaEarthCoop,global_so2sat,mobilenet,mobilenetv3_small_050,nano,12,13,40
stemfix-cls-mobilenet-nano-coop,AlphaEarthCoop,global_so2sat,mobilenet,mobilenetv3_small_050,nano,12,14,44
stemfix-cls-mobilenet-nano-coop,AlphaEarthCoop,global_so2sat,mobilenet,mobilenetv3_small_050,nano,12,15,26
stemfix-cls-mobilenet-nano-coop,AlphaEarthCoop,global_so2sat,mobilenet,mobilenetv3_small_050,nano,12,16,0
stemfix-cls-mobilenet-nano-coop,AlphaEarthCoop,global_so2sat,mobilenet,mobilenetv3_small_050,nano,12,17,0
stemfix-cls-mobilenet-nano-coop,AlphaEarthCoop,global_so2sat,mobilenet,mobilenetv3_small_050,nano,13,1,0
stemfix-cls-mobilenet-nano-coop,AlphaEarthCoop,global_so2sat,mobilenet,mobilenetv3_small_050,nano,13,2,0
stemfix-cls-mobilenet-nano-coop,AlphaEarthCoop,global_so2sat,mobilenet,mobilenetv3_small_050,nano,13,3,0
stemfix-cls-mobilenet-nano-coop,AlphaEarthCoop,global_so2sat,mobilenet,mobilenetv3_small_050,nano,13,4,0
stemfix-cls-mobilenet-nano-coop,AlphaEarthCoop,global_so2sat,mobilenet,mobilenetv3_small_050,nano,13,5,0
stemfix-cls-mobilenet-nano-coop,AlphaEarthCoop,global_so2sat,mobilenet,mobilenetv3_small_050,nano,13,6,0
stemfix-cls-mobilenet-nano-coop,AlphaEarthCoop,global_so2sat,mobilenet,mobilenetv3_small_050,nano,13,7,0
stemfix-cls-mobilenet-nano-coop,AlphaEarthCoop,global_so2sat,mobilenet,mobilenetv3_small_050,nano,13,8,0
stemfix-cls-mobilenet-nano-coop,AlphaEarthCoop,global_so2sat,mobilenet,mobilenetv3_small_050,nano,13,9,1
stemfix-cls-mobilenet-nano-coop,AlphaEarthCoop,global_so2sat,mobilenet,mobilenetv3_small_050,nano,13,10,0
stemfix-cls-mobilenet-nano-coop,AlphaEarthCoop,global_so2sat,mobilenet,mobilenetv3_small_050,nano,13,11,64
stemfix-cls-mobilenet-nano-coop,AlphaEarthCoop,global_so2sat,mobilenet,mobilenetv3_small_050,nano,13,12,19
stemfix-cls-mobilenet-nano-coop,AlphaEarthCoop,global_so2sat,mobilenet,mobilenetv3_small_050,nano,13,13,232
stemfix-cls-mobilenet-nano-coop,AlphaEarthCoop,global_so2sat,mobilenet,mobilenetv3_small_050,nano,13,14,759
stemfix-cls-mobilenet-nano-coop,AlphaEarthCoop,global_so2sat,mobilenet,mobilenetv3_small_050,nano,13,15,89
stemfix-cls-mobilenet-nano-coop,AlphaEarthCoop,global_so2sat,mobilenet,mobilenetv3_small_050,nano,13,16,2
stemfix-cls-mobilenet-nano-coop,AlphaEarthCoop,global_so2sat,mobilenet,mobilenetv3_small_050,nano,13,17,0
stemfix-cls-mobilenet-nano-coop,AlphaEarthCoop,global_so2sat,mobilenet,mobilenetv3_small_050,nano,14,1,0
stemfix-cls-mobilenet-nano-coop,AlphaEarthCoop,global_so2sat,mobilenet,mobilenetv3_small_050,nano,14,2,0
stemfix-cls-mobilenet-nano-coop,AlphaEarthCoop,global_so2sat,mobilenet,mobilenetv3_small_050,nano,14,3,0
stemfix-cls-mobilenet-nano-coop,AlphaEarthCoop,global_so2sat,mobilenet,mobilenetv3_small_050,nano,14,4,0
stemfix-cls-mobilenet-nano-coop,AlphaEarthCoop,global_so2sat,mobilenet,mobilenetv3_small_050,nano,14,5,0
stemfix-cls-mobilenet-nano-coop,AlphaEarthCoop,global_so2sat,mobilenet,mobilenetv3_small_050,nano,14,6,0
stemfix-cls-mobilenet-nano-coop,AlphaEarthCoop,global_so2sat,mobilenet,mobilenetv3_small_050,nano,14,7,0
stemfix-cls-mobilenet-nano-coop,AlphaEarthCoop,global_so2sat,mobilenet,mobilenetv3_small_050,nano,14,8,3
stemfix-cls-mobilenet-nano-coop,AlphaEarthCoop,global_so2sat,mobilenet,mobilenetv3_small_050,nano,14,9,162
stemfix-cls-mobilenet-nano-coop,AlphaEarthCoop,global_so2sat,mobilenet,mobilenetv3_small_050,nano,14,10,96
stemfix-cls-mobilenet-nano-coop,AlphaEarthCoop,global_so2sat,mobilenet,mobilenetv3_small_050,nano,14,11,3
stemfix-cls-mobilenet-nano-coop,AlphaEarthCoop,global_so2sat,mobilenet,mobilenetv3_small_050,nano,14,12,14
stemfix-cls-mobilenet-nano-coop,AlphaEarthCoop,global_so2sat,mobilenet,mobilenetv3_small_050,nano,14,13,18
stemfix-cls-mobilenet-nano-coop,AlphaEarthCoop,global_so2sat,mobilenet,mobilenetv3_small_050,nano,14,14,2123
stemfix-cls-mobilenet-nano-coop,AlphaEarthCoop,global_so2sat,mobilenet,mobilenetv3_small_050,nano,14,15,0
stemfix-cls-mobilenet-nano-coop,AlphaEarthCoop,global_so2sat,mobilenet,mobilenetv3_small_050,nano,14,16,9
stemfix-cls-mobilenet-nano-coop,AlphaEarthCoop,global_so2sat,mobilenet,mobilenetv3_small_050,nano,14,17,7
stemfix-cls-mobilenet-nano-coop,AlphaEarthCoop,global_so2sat,mobilenet,mobilenetv3_small_050,nano,15,1,0
stemfix-cls-mobilenet-nano-coop,AlphaEarthCoop,global_so2sat,mobilenet,mobilenetv3_small_050,nano,15,2,0
stemfix-cls-mobilenet-nano-coop,AlphaEarthCoop,global_so2sat,mobilenet,mobilenetv3_small_050,nano,15,3,0
stemfix-cls-mobilenet-nano-coop,AlphaEarthCoop,global_so2sat,mobilenet,mobilenetv3_small_050,nano,15,4,0
stemfix-cls-mobilenet-nano-coop,AlphaEarthCoop,global_so2sat,mobilenet,mobilenetv3_small_050,nano,15,5,0
stemfix-cls-mobilenet-nano-coop,AlphaEarthCoop,global_so2sat,mobilenet,mobilenetv3_small_050,nano,15,6,0
stemfix-cls-mobilenet-nano-coop,AlphaEarthCoop,global_so2sat,mobilenet,mobilenetv3_small_050,nano,15,7,67
stemfix-cls-mobilenet-nano-coop,AlphaEarthCoop,global_so2sat,mobilenet,mobilenetv3_small_050,nano,15,8,18
stemfix-cls-mobilenet-nano-coop,AlphaEarthCoop,global_so2sat,mobilenet,mobilenetv3_small_050,nano,15,9,0
stemfix-cls-mobilenet-nano-coop,AlphaEarthCoop,global_so2sat,mobilenet,mobilenetv3_small_050,nano,15,10,50
stemfix-cls-mobilenet-nano-coop,AlphaEarthCoop,global_so2sat,mobilenet,mobilenetv3_small_050,nano,15,11,0
stemfix-cls-mobilenet-nano-coop,AlphaEarthCoop,global_so2sat,mobilenet,mobilenetv3_small_050,nano,15,12,0
stemfix-cls-mobilenet-nano-coop,AlphaEarthCoop,global_so2sat,mobilenet,mobilenetv3_small_050,nano,15,13,0
stemfix-cls-mobilenet-nano-coop,AlphaEarthCoop,global_so2sat,mobilenet,mobilenetv3_small_050,nano,15,14,0
stemfix-cls-mobilenet-nano-coop,AlphaEarthCoop,global_so2sat,mobilenet,mobilenetv3_small_050,nano,15,15,63
stemfix-cls-mobilenet-nano-coop,AlphaEarthCoop,global_so2sat,mobilenet,mobilenetv3_small_050,nano,15,16,0
stemfix-cls-mobilenet-nano-coop,AlphaEarthCoop,global_so2sat,mobilenet,mobilenetv3_small_050,nano,15,17,7
stemfix-cls-mobilenet-nano-coop,AlphaEarthCoop,global_so2sat,mobilenet,mobilenetv3_small_050,nano,16,1,0
stemfix-cls-mobilenet-nano-coop,AlphaEarthCoop,global_so2sat,mobilenet,mobilenetv3_small_050,nano,16,2,0
stemfix-cls-mobilenet-nano-coop,AlphaEarthCoop,global_so2sat,mobilenet,mobilenetv3_small_050,nano,16,3,0
stemfix-cls-mobilenet-nano-coop,AlphaEarthCoop,global_so2sat,mobilenet,mobilenetv3_small_050,nano,16,4,0
stemfix-cls-mobilenet-nano-coop,AlphaEarthCoop,global_so2sat,mobilenet,mobilenetv3_small_050,nano,16,5,0
stemfix-cls-mobilenet-nano-coop,AlphaEarthCoop,global_so2sat,mobilenet,mobilenetv3_small_050,nano,16,6,0
stemfix-cls-mobilenet-nano-coop,AlphaEarthCoop,global_so2sat,mobilenet,mobilenetv3_small_050,nano,16,7,4
stemfix-cls-mobilenet-nano-coop,AlphaEarthCoop,global_so2sat,mobilenet,mobilenetv3_small_050,nano,16,8,4
stemfix-cls-mobilenet-nano-coop,AlphaEarthCoop,global_so2sat,mobilenet,mobilenetv3_small_050,nano,16,9,9
stemfix-cls-mobilenet-nano-coop,AlphaEarthCoop,global_so2sat,mobilenet,mobilenetv3_small_050,nano,16,10,6
stemfix-cls-mobilenet-nano-coop,AlphaEarthCoop,global_so2sat,mobilenet,mobilenetv3_small_050,nano,16,11,0
stemfix-cls-mobilenet-nano-coop,AlphaEarthCoop,global_so2sat,mobilenet,mobilenetv3_small_050,nano,16,12,0
stemfix-cls-mobilenet-nano-coop,AlphaEarthCoop,global_so2sat,mobilenet,mobilenetv3_small_050,nano,16,13,281
stemfix-cls-mobilenet-nano-coop,AlphaEarthCoop,global_so2sat,mobilenet,mobilenetv3_small_050,nano,16,14,94
stemfix-cls-mobilenet-nano-coop,AlphaEarthCoop,global_so2sat,mobilenet,mobilenetv3_small_050,nano,16,15,109
stemfix-cls-mobilenet-nano-coop,AlphaEarthCoop,global_so2sat,mobilenet,mobilenetv3_small_050,nano,16,16,65
stemfix-cls-mobilenet-nano-coop,AlphaEarthCoop,global_so2sat,mobilenet,mobilenetv3_small_050,nano,16,17,0
stemfix-cls-mobilenet-nano-coop,AlphaEarthCoop,global_so2sat,mobilenet,mobilenetv3_small_050,nano,17,1,0
stemfix-cls-mobilenet-nano-coop,AlphaEarthCoop,global_so2sat,mobilenet,mobilenetv3_small_050,nano,17,2,0
stemfix-cls-mobilenet-nano-coop,AlphaEarthCoop,global_so2sat,mobilenet,mobilenetv3_small_050,nano,17,3,0
stemfix-cls-mobilenet-nano-coop,AlphaEarthCoop,global_so2sat,mobilenet,mobilenetv3_small_050,nano,17,4,4
stemfix-cls-mobilenet-nano-coop,AlphaEarthCoop,global_so2sat,mobilenet,mobilenetv3_small_050,nano,17,5,0
stemfix-cls-mobilenet-nano-coop,AlphaEarthCoop,global_so2sat,mobilenet,mobilenetv3_small_050,nano,17,6,0
stemfix-cls-mobilenet-nano-coop,AlphaEarthCoop,global_so2sat,mobilenet,mobilenetv3_small_050,nano,17,7,0
stemfix-cls-mobilenet-nano-coop,AlphaEarthCoop,global_so2sat,mobilenet,mobilenetv3_small_050,nano,17,8,3
stemfix-cls-mobilenet-nano-coop,AlphaEarthCoop,global_so2sat,mobilenet,mobilenetv3_small_050,nano,17,9,1
stemfix-cls-mobilenet-nano-coop,AlphaEarthCoop,global_so2sat,mobilenet,mobilenetv3_small_050,nano,17,10,12
stemfix-cls-mobilenet-nano-coop,AlphaEarthCoop,global_so2sat,mobilenet,mobilenetv3_small_050,nano,17,11,0
stemfix-cls-mobilenet-nano-coop,AlphaEarthCoop,global_so2sat,mobilenet,mobilenetv3_small_050,nano,17,12,0
stemfix-cls-mobilenet-nano-coop,AlphaEarthCoop,global_so2sat,mobilenet,mobilenetv3_small_050,nano,17,13,0
stemfix-cls-mobilenet-nano-coop,AlphaEarthCoop,global_so2sat,mobilenet,mobilenetv3_small_050,nano,17,14,3
stemfix-cls-mobilenet-nano-coop,AlphaEarthCoop,global_so2sat,mobilenet,mobilenetv3_small_050,nano,17,15,0
stemfix-cls-mobilenet-nano-coop,AlphaEarthCoop,global_so2sat,mobilenet,mobilenetv3_small_050,nano,17,16,0
stemfix-cls-mobilenet-nano-coop,AlphaEarthCoop,global_so2sat,mobilenet,mobilenetv3_small_050,nano,17,17,2181
stemfix-cls-mobilenet-small-coop,AlphaEarthCoop,global_so2sat,mobilenet,mobilenetv3_small_100,small,1,1,157
stemfix-cls-mobilenet-small-coop,AlphaEarthCoop,global_so2sat,mobilenet,mobilenetv3_small_100,small,1,2,37
stemfix-cls-mobilenet-small-coop,AlphaEarthCoop,global_so2sat,mobilenet,mobilenetv3_small_100,small,1,3,2
stemfix-cls-mobilenet-small-coop,AlphaEarthCoop,global_so2sat,mobilenet,mobilenetv3_small_100,small,1,4,11
stemfix-cls-mobilenet-small-coop,AlphaEarthCoop,global_so2sat,mobilenet,mobilenetv3_small_100,small,1,5,7
stemfix-cls-mobilenet-small-coop,AlphaEarthCoop,global_so2sat,mobilenet,mobilenetv3_small_100,small,1,6,1
stemfix-cls-mobilenet-small-coop,AlphaEarthCoop,global_so2sat,mobilenet,mobilenetv3_small_100,small,1,7,21
stemfix-cls-mobilenet-small-coop,AlphaEarthCoop,global_so2sat,mobilenet,mobilenetv3_small_100,small,1,8,1
stemfix-cls-mobilenet-small-coop,AlphaEarthCoop,global_so2sat,mobilenet,mobilenetv3_small_100,small,1,9,5
stemfix-cls-mobilenet-small-coop,AlphaEarthCoop,global_so2sat,mobilenet,mobilenetv3_small_100,small,1,10,24
stemfix-cls-mobilenet-small-coop,AlphaEarthCoop,global_so2sat,mobilenet,mobilenetv3_small_100,small,1,11,0
stemfix-cls-mobilenet-small-coop,AlphaEarthCoop,global_so2sat,mobilenet,mobilenetv3_small_100,small,1,12,0
stemfix-cls-mobilenet-small-coop,AlphaEarthCoop,global_so2sat,mobilenet,mobilenetv3_small_100,small,1,13,0
stemfix-cls-mobilenet-small-coop,AlphaEarthCoop,global_so2sat,mobilenet,mobilenetv3_small_100,small,1,14,0
stemfix-cls-mobilenet-small-coop,AlphaEarthCoop,global_so2sat,mobilenet,mobilenetv3_small_100,small,1,15,0
stemfix-cls-mobilenet-small-coop,AlphaEarthCoop,global_so2sat,mobilenet,mobilenetv3_small_100,small,1,16,0
stemfix-cls-mobilenet-small-coop,AlphaEarthCoop,global_so2sat,mobilenet,mobilenetv3_small_100,small,1,17,0
stemfix-cls-mobilenet-small-coop,AlphaEarthCoop,global_so2sat,mobilenet,mobilenetv3_small_100,small,2,1,102
stemfix-cls-mobilenet-small-coop,AlphaEarthCoop,global_so2sat,mobilenet,mobilenetv3_small_100,small,2,2,826
stemfix-cls-mobilenet-small-coop,AlphaEarthCoop,global_so2sat,mobilenet,mobilenetv3_small_100,small,2,3,5
stemfix-cls-mobilenet-small-coop,AlphaEarthCoop,global_so2sat,mobilenet,mobilenetv3_small_100,small,2,4,2
stemfix-cls-mobilenet-small-coop,AlphaEarthCoop,global_so2sat,mobilenet,mobilenetv3_small_100,small,2,5,38
stemfix-cls-mobilenet-small-coop,AlphaEarthCoop,global_so2sat,mobilenet,mobilenetv3_small_100,small,2,6,14
stemfix-cls-mobilenet-small-coop,AlphaEarthCoop,global_so2sat,mobilenet,mobilenetv3_small_100,small,2,7,233
stemfix-cls-mobilenet-small-coop,AlphaEarthCoop,global_so2sat,mobilenet,mobilenetv3_small_100,small,2,8,12
stemfix-cls-mobilenet-small-coop,AlphaEarthCoop,global_so2sat,mobilenet,mobilenetv3_small_100,small,2,9,22
stemfix-cls-mobilenet-small-coop,AlphaEarthCoop,global_so2sat,mobilenet,mobilenetv3_small_100,small,2,10,8
stemfix-cls-mobilenet-small-coop,AlphaEarthCoop,global_so2sat,mobilenet,mobilenetv3_small_100,small,2,11,0
stemfix-cls-mobilenet-small-coop,AlphaEarthCoop,global_so2sat,mobilenet,mobilenetv3_small_100,small,2,12,0
stemfix-cls-mobilenet-small-coop,AlphaEarthCoop,global_so2sat,mobilenet,mobilenetv3_small_100,small,2,13,0
stemfix-cls-mobilenet-small-coop,AlphaEarthCoop,global_so2sat,mobilenet,mobilenetv3_small_100,small,2,14,0
stemfix-cls-mobilenet-small-coop,AlphaEarthCoop,global_so2sat,mobilenet,mobilenetv3_small_100,small,2,15,0
stemfix-cls-mobilenet-small-coop,AlphaEarthCoop,global_so2sat,mobilenet,mobilenetv3_small_100,small,2,16,0
stemfix-cls-mobilenet-small-coop,AlphaEarthCoop,global_so2sat,mobilenet,mobilenetv3_small_100,small,2,17,0
stemfix-cls-mobilenet-small-coop,AlphaEarthCoop,global_so2sat,mobilenet,mobilenetv3_small_100,small,3,1,10
stemfix-cls-mobilenet-small-coop,AlphaEarthCoop,global_so2sat,mobilenet,mobilenetv3_small_100,small,3,2,142
stemfix-cls-mobilenet-small-coop,AlphaEarthCoop,global_so2sat,mobilenet,mobilenetv3_small_100,small,3,3,717
stemfix-cls-mobilenet-small-coop,AlphaEarthCoop,global_so2sat,mobilenet,mobilenetv3_small_100,small,3,4,20
stemfix-cls-mobilenet-small-coop,AlphaEarthCoop,global_so2sat,mobilenet,mobilenetv3_small_100,small,3,5,266
stemfix-cls-mobilenet-small-coop,AlphaEarthCoop,global_so2sat,mobilenet,mobilenetv3_small_100,small,3,6,220
stemfix-cls-mobilenet-small-coop,AlphaEarthCoop,global_so2sat,mobilenet,mobilenetv3_small_100,small,3,7,1013
stemfix-cls-mobilenet-small-coop,AlphaEarthCoop,global_so2sat,mobilenet,mobilenetv3_small_100,small,3,8,45
stemfix-cls-mobilenet-small-coop,AlphaEarthCoop,global_so2sat,mobilenet,mobilenetv3_small_100,small,3,9,13
stemfix-cls-mobilenet-small-coop,AlphaEarthCoop,global_so2sat,mobilenet,mobilenetv3_small_100,small,3,10,17
stemfix-cls-mobilenet-small-coop,AlphaEarthCoop,global_so2sat,mobilenet,mobilenetv3_small_100,small,3,11,0
stemfix-cls-mobilenet-small-coop,AlphaEarthCoop,global_so2sat,mobilenet,mobilenetv3_small_100,small,3,12,0
stemfix-cls-mobilenet-small-coop,AlphaEarthCoop,global_so2sat,mobilenet,mobilenetv3_small_100,small,3,13,0
stemfix-cls-mobilenet-small-coop,AlphaEarthCoop,global_so2sat,mobilenet,mobilenetv3_small_100,small,3,14,2
stemfix-cls-mobilenet-small-coop,AlphaEarthCoop,global_so2sat,mobilenet,mobilenetv3_small_100,small,3,15,0
stemfix-cls-mobilenet-small-coop,AlphaEarthCoop,global_so2sat,mobilenet,mobilenetv3_small_100,small,3,16,0
stemfix-cls-mobilenet-small-coop,AlphaEarthCoop,global_so2sat,mobilenet,mobilenetv3_small_100,small,3,17,0
stemfix-cls-mobilenet-small-coop,AlphaEarthCoop,global_so2sat,mobilenet,mobilenetv3_small_100,small,4,1,27
stemfix-cls-mobilenet-small-coop,AlphaEarthCoop,global_so2sat,mobilenet,mobilenetv3_small_100,small,4,2,77
stemfix-cls-mobilenet-small-coop,AlphaEarthCoop,global_so2sat,mobilenet,mobilenetv3_small_100,small,4,3,1
stemfix-cls-mobilenet-small-coop,AlphaEarthCoop,global_so2sat,mobilenet,mobilenetv3_small_100,small,4,4,533
stemfix-cls-mobilenet-small-coop,AlphaEarthCoop,global_so2sat,mobilenet,mobilenetv3_small_100,small,4,5,13
stemfix-cls-mobilenet-small-coop,AlphaEarthCoop,global_so2sat,mobilenet,mobilenetv3_small_100,small,4,6,10
stemfix-cls-mobilenet-small-coop,AlphaEarthCoop,global_so2sat,mobilenet,mobilenetv3_small_100,small,4,7,133
stemfix-cls-mobilenet-small-coop,AlphaEarthCoop,global_so2sat,mobilenet,mobilenetv3_small_100,small,4,8,14
stemfix-cls-mobilenet-small-coop,AlphaEarthCoop,global_so2sat,mobilenet,mobilenetv3_small_100,small,4,9,31
stemfix-cls-mobilenet-small-coop,AlphaEarthCoop,global_so2sat,mobilenet,mobilenetv3_small_100,small,4,10,18
stemfix-cls-mobilenet-small-coop,AlphaEarthCoop,global_so2sat,mobilenet,mobilenetv3_small_100,small,4,11,0
stemfix-cls-mobilenet-small-coop,AlphaEarthCoop,global_so2sat,mobilenet,mobilenetv3_small_100,small,4,12,0
stemfix-cls-mobilenet-small-coop,AlphaEarthCoop,global_so2sat,mobilenet,mobilenetv3_small_100,small,4,13,0
stemfix-cls-mobilenet-small-coop,AlphaEarthCoop,global_so2sat,mobilenet,mobilenetv3_small_100,small,4,14,0
stemfix-cls-mobilenet-small-coop,AlphaEarthCoop,global_so2sat,mobilenet,mobilenetv3_small_100,small,4,15,0
stemfix-cls-mobilenet-small-coop,AlphaEarthCoop,global_so2sat,mobilenet,mobilenetv3_small_100,small,4,16,0
stemfix-cls-mobilenet-small-coop,AlphaEarthCoop,global_so2sat,mobilenet,mobilenetv3_small_100,small,4,17,0
stemfix-cls-mobilenet-small-coop,AlphaEarthCoop,global_so2sat,mobilenet,mobilenetv3_small_100,small,5,1,10
stemfix-cls-mobilenet-small-coop,AlphaEarthCoop,global_so2sat,mobilenet,mobilenetv3_small_100,small,5,2,167
stemfix-cls-mobilenet-small-coop,AlphaEarthCoop,global_so2sat,mobilenet,mobilenetv3_small_100,small,5,3,82
stemfix-cls-mobilenet-small-coop,AlphaEarthCoop,global_so2sat,mobilenet,mobilenetv3_small_100,small,5,4,92
stemfix-cls-mobilenet-small-coop,AlphaEarthCoop,global_so2sat,mobilenet,mobilenetv3_small_100,small,5,5,223
stemfix-cls-mobilenet-small-coop,AlphaEarthCoop,global_so2sat,mobilenet,mobilenetv3_small_100,small,5,6,14
stemfix-cls-mobilenet-small-coop,AlphaEarthCoop,global_so2sat,mobilenet,mobilenetv3_small_100,small,5,7,21
stemfix-cls-mobilenet-small-coop,AlphaEarthCoop,global_so2sat,mobilenet,mobilenetv3_small_100,small,5,8,23
stemfix-cls-mobilenet-small-coop,AlphaEarthCoop,global_so2sat,mobilenet,mobilenetv3_small_100,small,5,9,124
stemfix-cls-mobilenet-small-coop,AlphaEarthCoop,global_so2sat,mobilenet,mobilenetv3_small_100,small,5,10,7
stemfix-cls-mobilenet-small-coop,AlphaEarthCoop,global_so2sat,mobilenet,mobilenetv3_small_100,small,5,11,0
stemfix-cls-mobilenet-small-coop,AlphaEarthCoop,global_so2sat,mobilenet,mobilenetv3_small_100,small,5,12,0
stemfix-cls-mobilenet-small-coop,AlphaEarthCoop,global_so2sat,mobilenet,mobilenetv3_small_100,small,5,13,0
stemfix-cls-mobilenet-small-coop,AlphaEarthCoop,global_so2sat,mobilenet,mobilenetv3_small_100,small,5,14,0
stemfix-cls-mobilenet-small-coop,AlphaEarthCoop,global_so2sat,mobilenet,mobilenetv3_small_100,small,5,15,0
stemfix-cls-mobilenet-small-coop,AlphaEarthCoop,global_so2sat,mobilenet,mobilenetv3_small_100,small,5,16,0
stemfix-cls-mobilenet-small-coop,AlphaEarthCoop,global_so2sat,mobilenet,mobilenetv3_small_100,small,5,17,0
stemfix-cls-mobilenet-small-coop,AlphaEarthCoop,global_so2sat,mobilenet,mobilenetv3_small_100,small,6,1,1
stemfix-cls-mobilenet-small-coop,AlphaEarthCoop,global_so2sat,mobilenet,mobilenetv3_small_100,small,6,2,199
stemfix-cls-mobilenet-small-coop,AlphaEarthCoop,global_so2sat,mobilenet,mobilenetv3_small_100,small,6,3,77
stemfix-cls-mobilenet-small-coop,AlphaEarthCoop,global_so2sat,mobilenet,mobilenetv3_small_100,small,6,4,9
stemfix-cls-mobilenet-small-coop,AlphaEarthCoop,global_so2sat,mobilenet,mobilenetv3_small_100,small,6,5,194
stemfix-cls-mobilenet-small-coop,AlphaEarthCoop,global_so2sat,mobilenet,mobilenetv3_small_100,small,6,6,1180
stemfix-cls-mobilenet-small-coop,AlphaEarthCoop,global_so2sat,mobilenet,mobilenetv3_small_100,small,6,7,93
stemfix-cls-mobilenet-small-coop,AlphaEarthCoop,global_so2sat,mobilenet,mobilenetv3_small_100,small,6,8,21
stemfix-cls-mobilenet-small-coop,AlphaEarthCoop,global_so2sat,mobilenet,mobilenetv3_small_100,small,6,9,83
stemfix-cls-mobilenet-small-coop,AlphaEarthCoop,global_so2sat,mobilenet,mobilenetv3_small_100,small,6,10,42
stemfix-cls-mobilenet-small-coop,AlphaEarthCoop,global_so2sat,mobilenet,mobilenetv3_small_100,small,6,11,7
stemfix-cls-mobilenet-small-coop,AlphaEarthCoop,global_so2sat,mobilenet,mobilenetv3_small_100,small,6,12,0
stemfix-cls-mobilenet-small-coop,AlphaEarthCoop,global_so2sat,mobilenet,mobilenetv3_small_100,small,6,13,0
stemfix-cls-mobilenet-small-coop,AlphaEarthCoop,global_so2sat,mobilenet,mobilenetv3_small_100,small,6,14,26
stemfix-cls-mobilenet-small-coop,AlphaEarthCoop,global_so2sat,mobilenet,mobilenetv3_small_100,small,6,15,1
stemfix-cls-mobilenet-small-coop,AlphaEarthCoop,global_so2sat,mobilenet,mobilenetv3_small_100,small,6,16,3
stemfix-cls-mobilenet-small-coop,AlphaEarthCoop,global_so2sat,mobilenet,mobilenetv3_small_100,small,6,17,0
stemfix-cls-mobilenet-small-coop,AlphaEarthCoop,global_so2sat,mobilenet,mobilenetv3_small_100,small,7,1,0
stemfix-cls-mobilenet-small-coop,AlphaEarthCoop,global_so2sat,mobilenet,mobilenetv3_small_100,small,7,2,55
stemfix-cls-mobilenet-small-coop,AlphaEarthCoop,global_so2sat,mobilenet,mobilenetv3_small_100,small,7,3,4
stemfix-cls-mobilenet-small-coop,AlphaEarthCoop,global_so2sat,mobilenet,mobilenetv3_small_100,small,7,4,0
stemfix-cls-mobilenet-small-coop,AlphaEarthCoop,global_so2sat,mobilenet,mobilenetv3_small_100,small,7,5,2
stemfix-cls-mobilenet-small-coop,AlphaEarthCoop,global_so2sat,mobilenet,mobilenetv3_small_100,small,7,6,4
stemfix-cls-mobilenet-small-coop,AlphaEarthCoop,global_so2sat,mobilenet,mobilenetv3_small_100,small,7,7,430
stemfix-cls-mobilenet-small-coop,AlphaEarthCoop,global_so2sat,mobilenet,mobilenetv3_small_100,small,7,8,1
stemfix-cls-mobilenet-small-coop,AlphaEarthCoop,global_so2sat,mobilenet,mobilenetv3_small_100,small,7,9,3
stemfix-cls-mobilenet-small-coop,AlphaEarthCoop,global_so2sat,mobilenet,mobilenetv3_small_100,small,7,10,4
stemfix-cls-mobilenet-small-coop,AlphaEarthCoop,global_so2sat,mobilenet,mobilenetv3_small_100,small,7,11,0
stemfix-cls-mobilenet-small-coop,AlphaEarthCoop,global_so2sat,mobilenet,mobilenetv3_small_100,small,7,12,0
stemfix-cls-mobilenet-small-coop,AlphaEarthCoop,global_so2sat,mobilenet,mobilenetv3_small_100,small,7,13,0
stemfix-cls-mobilenet-small-coop,AlphaEarthCoop,global_so2sat,mobilenet,mobilenetv3_small_100,small,7,14,0
stemfix-cls-mobilenet-small-coop,AlphaEarthCoop,global_so2sat,mobilenet,mobilenetv3_small_100,small,7,15,0
stemfix-cls-mobilenet-small-coop,AlphaEarthCoop,global_so2sat,mobilenet,mobilenetv3_small_100,small,7,16,0
stemfix-cls-mobilenet-small-coop,AlphaEarthCoop,global_so2sat,mobilenet,mobilenetv3_small_100,small,7,17,0
stemfix-cls-mobilenet-small-coop,AlphaEarthCoop,global_so2sat,mobilenet,mobilenetv3_small_100,small,8,1,7
stemfix-cls-mobilenet-small-coop,AlphaEarthCoop,global_so2sat,mobilenet,mobilenetv3_small_100,small,8,2,22
stemfix-cls-mobilenet-small-coop,AlphaEarthCoop,global_so2sat,mobilenet,mobilenetv3_small_100,small,8,3,12
stemfix-cls-mobilenet-small-coop,AlphaEarthCoop,global_so2sat,mobilenet,mobilenetv3_small_100,small,8,4,12
stemfix-cls-mobilenet-small-coop,AlphaEarthCoop,global_so2sat,mobilenet,mobilenetv3_small_100,small,8,5,22
stemfix-cls-mobilenet-small-coop,AlphaEarthCoop,global_so2sat,mobilenet,mobilenetv3_small_100,small,8,6,31
stemfix-cls-mobilenet-small-coop,AlphaEarthCoop,global_so2sat,mobilenet,mobilenetv3_small_100,small,8,7,825
stemfix-cls-mobilenet-small-coop,AlphaEarthCoop,global_so2sat,mobilenet,mobilenetv3_small_100,small,8,8,2176
stemfix-cls-mobilenet-small-coop,AlphaEarthCoop,global_so2sat,mobilenet,mobilenetv3_small_100,small,8,9,12
stemfix-cls-mobilenet-small-coop,AlphaEarthCoop,global_so2sat,mobilenet,mobilenetv3_small_100,small,8,10,362
stemfix-cls-mobilenet-small-coop,AlphaEarthCoop,global_so2sat,mobilenet,mobilenetv3_small_100,small,8,11,0
stemfix-cls-mobilenet-small-coop,AlphaEarthCoop,global_so2sat,mobilenet,mobilenetv3_small_100,small,8,12,0
stemfix-cls-mobilenet-small-coop,AlphaEarthCoop,global_so2sat,mobilenet,mobilenetv3_small_100,small,8,13,0
stemfix-cls-mobilenet-small-coop,AlphaEarthCoop,global_so2sat,mobilenet,mobilenetv3_small_100,small,8,14,1
stemfix-cls-mobilenet-small-coop,AlphaEarthCoop,global_so2sat,mobilenet,mobilenetv3_small_100,small,8,15,14
stemfix-cls-mobilenet-small-coop,AlphaEarthCoop,global_so2sat,mobilenet,mobilenetv3_small_100,small,8,16,0
stemfix-cls-mobilenet-small-coop,AlphaEarthCoop,global_so2sat,mobilenet,mobilenetv3_small_100,small,8,17,0
stemfix-cls-mobilenet-small-coop,AlphaEarthCoop,global_so2sat,mobilenet,mobilenetv3_small_100,small,9,1,0
stemfix-cls-mobilenet-small-coop,AlphaEarthCoop,global_so2sat,mobilenet,mobilenetv3_small_100,small,9,2,303
stemfix-cls-mobilenet-small-coop,AlphaEarthCoop,global_so2sat,mobilenet,mobilenetv3_small_100,small,9,3,29
stemfix-cls-mobilenet-small-coop,AlphaEarthCoop,global_so2sat,mobilenet,mobilenetv3_small_100,small,9,4,0
stemfix-cls-mobilenet-small-coop,AlphaEarthCoop,global_so2sat,mobilenet,mobilenetv3_small_100,small,9,5,3
stemfix-cls-mobilenet-small-coop,AlphaEarthCoop,global_so2sat,mobilenet,mobilenetv3_small_100,small,9,6,768
stemfix-cls-mobilenet-small-coop,AlphaEarthCoop,global_so2sat,mobilenet,mobilenetv3_small_100,small,9,7,42
stemfix-cls-mobilenet-small-coop,AlphaEarthCoop,global_so2sat,mobilenet,mobilenetv3_small_100,small,9,8,9
stemfix-cls-mobilenet-small-coop,AlphaEarthCoop,global_so2sat,mobilenet,mobilenetv3_small_100,small,9,9,625
stemfix-cls-mobilenet-small-coop,AlphaEarthCoop,global_so2sat,mobilenet,mobilenetv3_small_100,small,9,10,6
stemfix-cls-mobilenet-small-coop,AlphaEarthCoop,global_so2sat,mobilenet,mobilenetv3_small_100,small,9,11,115
stemfix-cls-mobilenet-small-coop,AlphaEarthCoop,global_so2sat,mobilenet,mobilenetv3_small_100,small,9,12,21
stemfix-cls-mobilenet-small-coop,AlphaEarthCoop,global_so2sat,mobilenet,mobilenetv3_small_100,small,9,13,12
stemfix-cls-mobilenet-small-coop,AlphaEarthCoop,global_so2sat,mobilenet,mobilenetv3_small_100,small,9,14,18
stemfix-cls-mobilenet-small-coop,AlphaEarthCoop,global_so2sat,mobilenet,mobilenetv3_small_100,small,9,15,55
stemfix-cls-mobilenet-small-coop,AlphaEarthCoop,global_so2sat,mobilenet,mobilenetv3_small_100,small,9,16,0
stemfix-cls-mobilenet-small-coop,AlphaEarthCoop,global_so2sat,mobilenet,mobilenetv3_small_100,small,9,17,7
stemfix-cls-mobilenet-small-coop,AlphaEarthCoop,global_so2sat,mobilenet,mobilenetv3_small_100,small,10,1,0
stemfix-cls-mobilenet-small-coop,AlphaEarthCoop,global_so2sat,mobilenet,mobilenetv3_small_100,small,10,2,23
stemfix-cls-mobilenet-small-coop,AlphaEarthCoop,global_so2sat,mobilenet,mobilenetv3_small_100,small,10,3,0
stemfix-cls-mobilenet-small-coop,AlphaEarthCoop,global_so2sat,mobilenet,mobilenetv3_small_100,small,10,4,6
stemfix-cls-mobilenet-small-coop,AlphaEarthCoop,global_so2sat,mobilenet,mobilenetv3_small_100,small,10,5,6
stemfix-cls-mobilenet-small-coop,AlphaEarthCoop,global_so2sat,mobilenet,mobilenetv3_small_100,small,10,6,19
stemfix-cls-mobilenet-small-coop,AlphaEarthCoop,global_so2sat,mobilenet,mobilenetv3_small_100,small,10,7,161
stemfix-cls-mobilenet-small-coop,AlphaEarthCoop,global_so2sat,mobilenet,mobilenetv3_small_100,small,10,8,348
stemfix-cls-mobilenet-small-coop,AlphaEarthCoop,global_so2sat,mobilenet,mobilenetv3_small_100,small,10,9,32
stemfix-cls-mobilenet-small-coop,AlphaEarthCoop,global_so2sat,mobilenet,mobilenetv3_small_100,small,10,10,278
stemfix-cls-mobilenet-small-coop,AlphaEarthCoop,global_so2sat,mobilenet,mobilenetv3_small_100,small,10,11,0
stemfix-cls-mobilenet-small-coop,AlphaEarthCoop,global_so2sat,mobilenet,mobilenetv3_small_100,small,10,12,5
stemfix-cls-mobilenet-small-coop,AlphaEarthCoop,global_so2sat,mobilenet,mobilenetv3_small_100,small,10,13,0
stemfix-cls-mobilenet-small-coop,AlphaEarthCoop,global_so2sat,mobilenet,mobilenetv3_small_100,small,10,14,22
stemfix-cls-mobilenet-small-coop,AlphaEarthCoop,global_so2sat,mobilenet,mobilenetv3_small_100,small,10,15,6
stemfix-cls-mobilenet-small-coop,AlphaEarthCoop,global_so2sat,mobilenet,mobilenetv3_small_100,small,10,16,1
stemfix-cls-mobilenet-small-coop,AlphaEarthCoop,global_so2sat,mobilenet,mobilenetv3_small_100,small,10,17,1
stemfix-cls-mobilenet-small-coop,AlphaEarthCoop,global_so2sat,mobilenet,mobilenetv3_small_100,small,11,1,0
stemfix-cls-mobilenet-small-coop,AlphaEarthCoop,global_so2sat,mobilenet,mobilenetv3_small_100,small,11,2,19
stemfix-cls-mobilenet-small-coop,AlphaEarthCoop,global_so2sat,mobilenet,mobilenetv3_small_100,small,11,3,0
stemfix-cls-mobilenet-small-coop,AlphaEarthCoop,global_so2sat,mobilenet,mobilenetv3_small_100,small,11,4,0
stemfix-cls-mobilenet-small-coop,AlphaEarthCoop,global_so2sat,mobilenet,mobilenetv3_small_100,small,11,5,0
stemfix-cls-mobilenet-small-coop,AlphaEarthCoop,global_so2sat,mobilenet,mobilenetv3_small_100,small,11,6,0
stemfix-cls-mobilenet-small-coop,AlphaEarthCoop,global_so2sat,mobilenet,mobilenetv3_small_100,small,11,7,63
stemfix-cls-mobilenet-small-coop,AlphaEarthCoop,global_so2sat,mobilenet,mobilenetv3_small_100,small,11,8,0
stemfix-cls-mobilenet-small-coop,AlphaEarthCoop,global_so2sat,mobilenet,mobilenetv3_small_100,small,11,9,111
stemfix-cls-mobilenet-small-coop,AlphaEarthCoop,global_so2sat,mobilenet,mobilenetv3_small_100,small,11,10,0
stemfix-cls-mobilenet-small-coop,AlphaEarthCoop,global_so2sat,mobilenet,mobilenetv3_small_100,small,11,11,1696
stemfix-cls-mobilenet-small-coop,AlphaEarthCoop,global_so2sat,mobilenet,mobilenetv3_small_100,small,11,12,299
stemfix-cls-mobilenet-small-coop,AlphaEarthCoop,global_so2sat,mobilenet,mobilenetv3_small_100,small,11,13,179
stemfix-cls-mobilenet-small-coop,AlphaEarthCoop,global_so2sat,mobilenet,mobilenetv3_small_100,small,11,14,0
stemfix-cls-mobilenet-small-coop,AlphaEarthCoop,global_so2sat,mobilenet,mobilenetv3_small_100,small,11,15,0
stemfix-cls-mobilenet-small-coop,AlphaEarthCoop,global_so2sat,mobilenet,mobilenetv3_small_100,small,11,16,1
stemfix-cls-mobilenet-small-coop,AlphaEarthCoop,global_so2sat,mobilenet,mobilenetv3_small_100,small,11,17,0
stemfix-cls-mobilenet-small-coop,AlphaEarthCoop,global_so2sat,mobilenet,mobilenetv3_small_100,small,12,1,0
stemfix-cls-mobilenet-small-coop,AlphaEarthCoop,global_so2sat,mobilenet,mobilenetv3_small_100,small,12,2,0
stemfix-cls-mobilenet-small-coop,AlphaEarthCoop,global_so2sat,mobilenet,mobilenetv3_small_100,small,12,3,3
stemfix-cls-mobilenet-small-coop,AlphaEarthCoop,global_so2sat,mobilenet,mobilenetv3_small_100,small,12,4,0
stemfix-cls-mobilenet-small-coop,AlphaEarthCoop,global_so2sat,mobilenet,mobilenetv3_small_100,small,12,5,0
stemfix-cls-mobilenet-small-coop,AlphaEarthCoop,global_so2sat,mobilenet,mobilenetv3_small_100,small,12,6,19
stemfix-cls-mobilenet-small-coop,AlphaEarthCoop,global_so2sat,mobilenet,mobilenetv3_small_100,small,12,7,10
stemfix-cls-mobilenet-small-coop,AlphaEarthCoop,global_so2sat,mobilenet,mobilenetv3_small_100,small,12,8,0
stemfix-cls-mobilenet-small-coop,AlphaEarthCoop,global_so2sat,mobilenet,mobilenetv3_small_100,small,12,9,70
stemfix-cls-mobilenet-small-coop,AlphaEarthCoop,global_so2sat,mobilenet,mobilenetv3_small_100,small,12,10,0
stemfix-cls-mobilenet-small-coop,AlphaEarthCoop,global_so2sat,mobilenet,mobilenetv3_small_100,small,12,11,47
stemfix-cls-mobilenet-small-coop,AlphaEarthCoop,global_so2sat,mobilenet,mobilenetv3_small_100,small,12,12,162
stemfix-cls-mobilenet-small-coop,AlphaEarthCoop,global_so2sat,mobilenet,mobilenetv3_small_100,small,12,13,52
stemfix-cls-mobilenet-small-coop,AlphaEarthCoop,global_so2sat,mobilenet,mobilenetv3_small_100,small,12,14,56
stemfix-cls-mobilenet-small-coop,AlphaEarthCoop,global_so2sat,mobilenet,mobilenetv3_small_100,small,12,15,13
stemfix-cls-mobilenet-small-coop,AlphaEarthCoop,global_so2sat,mobilenet,mobilenetv3_small_100,small,12,16,1
stemfix-cls-mobilenet-small-coop,AlphaEarthCoop,global_so2sat,mobilenet,mobilenetv3_small_100,small,12,17,0
stemfix-cls-mobilenet-small-coop,AlphaEarthCoop,global_so2sat,mobilenet,mobilenetv3_small_100,small,13,1,0
stemfix-cls-mobilenet-small-coop,AlphaEarthCoop,global_so2sat,mobilenet,mobilenetv3_small_100,small,13,2,0
stemfix-cls-mobilenet-small-coop,AlphaEarthCoop,global_so2sat,mobilenet,mobilenetv3_small_100,small,13,3,0
stemfix-cls-mobilenet-small-coop,AlphaEarthCoop,global_so2sat,mobilenet,mobilenetv3_small_100,small,13,4,0
stemfix-cls-mobilenet-small-coop,AlphaEarthCoop,global_so2sat,mobilenet,mobilenetv3_small_100,small,13,5,0
stemfix-cls-mobilenet-small-coop,AlphaEarthCoop,global_so2sat,mobilenet,mobilenetv3_small_100,small,13,6,0
stemfix-cls-mobilenet-small-coop,AlphaEarthCoop,global_so2sat,mobilenet,mobilenetv3_small_100,small,13,7,6
stemfix-cls-mobilenet-small-coop,AlphaEarthCoop,global_so2sat,mobilenet,mobilenetv3_small_100,small,13,8,0
stemfix-cls-mobilenet-small-coop,AlphaEarthCoop,global_so2sat,mobilenet,mobilenetv3_small_100,small,13,9,11
stemfix-cls-mobilenet-small-coop,AlphaEarthCoop,global_so2sat,mobilenet,mobilenetv3_small_100,small,13,10,0
stemfix-cls-mobilenet-small-coop,AlphaEarthCoop,global_so2sat,mobilenet,mobilenetv3_small_100,small,13,11,182
stemfix-cls-mobilenet-small-coop,AlphaEarthCoop,global_so2sat,mobilenet,mobilenetv3_small_100,small,13,12,17
stemfix-cls-mobilenet-small-coop,AlphaEarthCoop,global_so2sat,mobilenet,mobilenetv3_small_100,small,13,13,296
stemfix-cls-mobilenet-small-coop,AlphaEarthCoop,global_so2sat,mobilenet,mobilenetv3_small_100,small,13,14,324
stemfix-cls-mobilenet-small-coop,AlphaEarthCoop,global_so2sat,mobilenet,mobilenetv3_small_100,small,13,15,327
stemfix-cls-mobilenet-small-coop,AlphaEarthCoop,global_so2sat,mobilenet,mobilenetv3_small_100,small,13,16,3
stemfix-cls-mobilenet-small-coop,AlphaEarthCoop,global_so2sat,mobilenet,mobilenetv3_small_100,small,13,17,0
stemfix-cls-mobilenet-small-coop,AlphaEarthCoop,global_so2sat,mobilenet,mobilenetv3_small_100,small,14,1,0
stemfix-cls-mobilenet-small-coop,AlphaEarthCoop,global_so2sat,mobilenet,mobilenetv3_small_100,small,14,2,0
stemfix-cls-mobilenet-small-coop,AlphaEarthCoop,global_so2sat,mobilenet,mobilenetv3_small_100,small,14,3,0
stemfix-cls-mobilenet-small-coop,AlphaEarthCoop,global_so2sat,mobilenet,mobilenetv3_small_100,small,14,4,5
stemfix-cls-mobilenet-small-coop,AlphaEarthCoop,global_so2sat,mobilenet,mobilenetv3_small_100,small,14,5,0
stemfix-cls-mobilenet-small-coop,AlphaEarthCoop,global_so2sat,mobilenet,mobilenetv3_small_100,small,14,6,3
stemfix-cls-mobilenet-small-coop,AlphaEarthCoop,global_so2sat,mobilenet,mobilenetv3_small_100,small,14,7,80
stemfix-cls-mobilenet-small-coop,AlphaEarthCoop,global_so2sat,mobilenet,mobilenetv3_small_100,small,14,8,2
stemfix-cls-mobilenet-small-coop,AlphaEarthCoop,global_so2sat,mobilenet,mobilenetv3_small_100,small,14,9,98
stemfix-cls-mobilenet-small-coop,AlphaEarthCoop,global_so2sat,mobilenet,mobilenetv3_small_100,small,14,10,65
stemfix-cls-mobilenet-small-coop,AlphaEarthCoop,global_so2sat,mobilenet,mobilenetv3_small_100,small,14,11,3
stemfix-cls-mobilenet-small-coop,AlphaEarthCoop,global_so2sat,mobilenet,mobilenetv3_small_100,small,14,12,28
stemfix-cls-mobilenet-small-coop,AlphaEarthCoop,global_so2sat,mobilenet,mobilenetv3_small_100,small,14,13,46
stemfix-cls-mobilenet-small-coop,AlphaEarthCoop,global_so2sat,mobilenet,mobilenetv3_small_100,small,14,14,1879
stemfix-cls-mobilenet-small-coop,AlphaEarthCoop,global_so2sat,mobilenet,mobilenetv3_small_100,small,14,15,4
stemfix-cls-mobilenet-small-coop,AlphaEarthCoop,global_so2sat,mobilenet,mobilenetv3_small_100,small,14,16,218
stemfix-cls-mobilenet-small-coop,AlphaEarthCoop,global_so2sat,mobilenet,mobilenetv3_small_100,small,14,17,4
stemfix-cls-mobilenet-small-coop,AlphaEarthCoop,global_so2sat,mobilenet,mobilenetv3_small_100,small,15,1,0
stemfix-cls-mobilenet-small-coop,AlphaEarthCoop,global_so2sat,mobilenet,mobilenetv3_small_100,small,15,2,0
stemfix-cls-mobilenet-small-coop,AlphaEarthCoop,global_so2sat,mobilenet,mobilenetv3_small_100,small,15,3,0
stemfix-cls-mobilenet-small-coop,AlphaEarthCoop,global_so2sat,mobilenet,mobilenetv3_small_100,small,15,4,0
stemfix-cls-mobilenet-small-coop,AlphaEarthCoop,global_so2sat,mobilenet,mobilenetv3_small_100,small,15,5,0
stemfix-cls-mobilenet-small-coop,AlphaEarthCoop,global_so2sat,mobilenet,mobilenetv3_small_100,small,15,6,0
stemfix-cls-mobilenet-small-coop,AlphaEarthCoop,global_so2sat,mobilenet,mobilenetv3_small_100,small,15,7,27
stemfix-cls-mobilenet-small-coop,AlphaEarthCoop,global_so2sat,mobilenet,mobilenetv3_small_100,small,15,8,37
stemfix-cls-mobilenet-small-coop,AlphaEarthCoop,global_so2sat,mobilenet,mobilenetv3_small_100,small,15,9,0
stemfix-cls-mobilenet-small-coop,AlphaEarthCoop,global_so2sat,mobilenet,mobilenetv3_small_100,small,15,10,31
stemfix-cls-mobilenet-small-coop,AlphaEarthCoop,global_so2sat,mobilenet,mobilenetv3_small_100,small,15,11,0
stemfix-cls-mobilenet-small-coop,AlphaEarthCoop,global_so2sat,mobilenet,mobilenetv3_small_100,small,15,12,0
stemfix-cls-mobilenet-small-coop,AlphaEarthCoop,global_so2sat,mobilenet,mobilenetv3_small_100,small,15,13,22
stemfix-cls-mobilenet-small-coop,AlphaEarthCoop,global_so2sat,mobilenet,mobilenetv3_small_100,small,15,14,0
stemfix-cls-mobilenet-small-coop,AlphaEarthCoop,global_so2sat,mobilenet,mobilenetv3_small_100,small,15,15,87
stemfix-cls-mobilenet-small-coop,AlphaEarthCoop,global_so2sat,mobilenet,mobilenetv3_small_100,small,15,16,1
stemfix-cls-mobilenet-small-coop,AlphaEarthCoop,global_so2sat,mobilenet,mobilenetv3_small_100,small,15,17,0
stemfix-cls-mobilenet-small-coop,AlphaEarthCoop,global_so2sat,mobilenet,mobilenetv3_small_100,small,16,1,0
stemfix-cls-mobilenet-small-coop,AlphaEarthCoop,global_so2sat,mobilenet,mobilenetv3_small_100,small,16,2,0
stemfix-cls-mobilenet-small-coop,AlphaEarthCoop,global_so2sat,mobilenet,mobilenetv3_small_100,small,16,3,5
stemfix-cls-mobilenet-small-coop,AlphaEarthCoop,global_so2sat,mobilenet,mobilenetv3_small_100,small,16,4,0
stemfix-cls-mobilenet-small-coop,AlphaEarthCoop,global_so2sat,mobilenet,mobilenetv3_small_100,small,16,5,0
stemfix-cls-mobilenet-small-coop,AlphaEarthCoop,global_so2sat,mobilenet,mobilenetv3_small_100,small,16,6,2
stemfix-cls-mobilenet-small-coop,AlphaEarthCoop,global_so2sat,mobilenet,mobilenetv3_small_100,small,16,7,15
stemfix-cls-mobilenet-small-coop,AlphaEarthCoop,global_so2sat,mobilenet,mobilenetv3_small_100,small,16,8,3
stemfix-cls-mobilenet-small-coop,AlphaEarthCoop,global_so2sat,mobilenet,mobilenetv3_small_100,small,16,9,2
stemfix-cls-mobilenet-small-coop,AlphaEarthCoop,global_so2sat,mobilenet,mobilenetv3_small_100,small,16,10,0
stemfix-cls-mobilenet-small-coop,AlphaEarthCoop,global_so2sat,mobilenet,mobilenetv3_small_100,small,16,11,0
stemfix-cls-mobilenet-small-coop,AlphaEarthCoop,global_so2sat,mobilenet,mobilenetv3_small_100,small,16,12,0
stemfix-cls-mobilenet-small-coop,AlphaEarthCoop,global_so2sat,mobilenet,mobilenetv3_small_100,small,16,13,178
stemfix-cls-mobilenet-small-coop,AlphaEarthCoop,global_so2sat,mobilenet,mobilenetv3_small_100,small,16,14,79
stemfix-cls-mobilenet-small-coop,AlphaEarthCoop,global_so2sat,mobilenet,mobilenetv3_small_100,small,16,15,68
stemfix-cls-mobilenet-small-coop,AlphaEarthCoop,global_so2sat,mobilenet,mobilenetv3_small_100,small,16,16,220
stemfix-cls-mobilenet-small-coop,AlphaEarthCoop,global_so2sat,mobilenet,mobilenetv3_small_100,small,16,17,0
stemfix-cls-mobilenet-small-coop,AlphaEarthCoop,global_so2sat,mobilenet,mobilenetv3_small_100,small,17,1,1
stemfix-cls-mobilenet-small-coop,AlphaEarthCoop,global_so2sat,mobilenet,mobilenetv3_small_100,small,17,2,0
stemfix-cls-mobilenet-small-coop,AlphaEarthCoop,global_so2sat,mobilenet,mobilenetv3_small_100,small,17,3,0
stemfix-cls-mobilenet-small-coop,AlphaEarthCoop,global_so2sat,mobilenet,mobilenetv3_small_100,small,17,4,5
stemfix-cls-mobilenet-small-coop,AlphaEarthCoop,global_so2sat,mobilenet,mobilenetv3_small_100,small,17,5,0
stemfix-cls-mobilenet-small-coop,AlphaEarthCoop,global_so2sat,mobilenet,mobilenetv3_small_100,small,17,6,0
stemfix-cls-mobilenet-small-coop,AlphaEarthCoop,global_so2sat,mobilenet,mobilenetv3_small_100,small,17,7,0
stemfix-cls-mobilenet-small-coop,AlphaEarthCoop,global_so2sat,mobilenet,mobilenetv3_small_100,small,17,8,4
stemfix-cls-mobilenet-small-coop,AlphaEarthCoop,global_so2sat,mobilenet,mobilenetv3_small_100,small,17,9,3
stemfix-cls-mobilenet-small-coop,AlphaEarthCoop,global_so2sat,mobilenet,mobilenetv3_small_100,small,17,10,8
stemfix-cls-mobilenet-small-coop,AlphaEarthCoop,global_so2sat,mobilenet,mobilenetv3_small_100,small,17,11,0
stemfix-cls-mobilenet-small-coop,AlphaEarthCoop,global_so2sat,mobilenet,mobilenetv3_small_100,small,17,12,1
stemfix-cls-mobilenet-small-coop,AlphaEarthCoop,global_so2sat,mobilenet,mobilenetv3_small_100,small,17,13,1
stemfix-cls-mobilenet-small-coop,AlphaEarthCoop,global_so2sat,mobilenet,mobilenetv3_small_100,small,17,14,3
stemfix-cls-mobilenet-small-coop,AlphaEarthCoop,global_so2sat,mobilenet,mobilenetv3_small_100,small,17,15,1
stemfix-cls-mobilenet-small-coop,AlphaEarthCoop,global_so2sat,mobilenet,mobilenetv3_small_100,small,17,16,18
stemfix-cls-mobilenet-small-coop,AlphaEarthCoop,global_so2sat,mobilenet,mobilenetv3_small_100,small,17,17,2159
newarch-cls-shallow-cnn-nano-coop,AlphaEarthCoop,global_so2sat,shallow_cnn,scnn_16-32,nano,1,1,176
newarch-cls-shallow-cnn-nano-coop,AlphaEarthCoop,global_so2sat,shallow_cnn,scnn_16-32,nano,1,2,3
newarch-cls-shallow-cnn-nano-coop,AlphaEarthCoop,global_so2sat,shallow_cnn,scnn_16-32,nano,1,3,9
newarch-cls-shallow-cnn-nano-coop,AlphaEarthCoop,global_so2sat,shallow_cnn,scnn_16-32,nano,1,4,9
newarch-cls-shallow-cnn-nano-coop,AlphaEarthCoop,global_so2sat,shallow_cnn,scnn_16-32,nano,1,5,1
newarch-cls-shallow-cnn-nano-coop,AlphaEarthCoop,global_so2sat,shallow_cnn,scnn_16-32,nano,1,6,0
newarch-cls-shallow-cnn-nano-coop,AlphaEarthCoop,global_so2sat,shallow_cnn,scnn_16-32,nano,1,7,64
newarch-cls-shallow-cnn-nano-coop,AlphaEarthCoop,global_so2sat,shallow_cnn,scnn_16-32,nano,1,8,0
newarch-cls-shallow-cnn-nano-coop,AlphaEarthCoop,global_so2sat,shallow_cnn,scnn_16-32,nano,1,9,0
newarch-cls-shallow-cnn-nano-coop,AlphaEarthCoop,global_so2sat,shallow_cnn,scnn_16-32,nano,1,10,4
newarch-cls-shallow-cnn-nano-coop,AlphaEarthCoop,global_so2sat,shallow_cnn,scnn_16-32,nano,1,11,0
newarch-cls-shallow-cnn-nano-coop,AlphaEarthCoop,global_so2sat,shallow_cnn,scnn_16-32,nano,1,12,0
newarch-cls-shallow-cnn-nano-coop,AlphaEarthCoop,global_so2sat,shallow_cnn,scnn_16-32,nano,1,13,0
newarch-cls-shallow-cnn-nano-coop,AlphaEarthCoop,global_so2sat,shallow_cnn,scnn_16-32,nano,1,14,0
newarch-cls-shallow-cnn-nano-coop,AlphaEarthCoop,global_so2sat,shallow_cnn,scnn_16-32,nano,1,15,0
newarch-cls-shallow-cnn-nano-coop,AlphaEarthCoop,global_so2sat,shallow_cnn,scnn_16-32,nano,1,16,0
newarch-cls-shallow-cnn-nano-coop,AlphaEarthCoop,global_so2sat,shallow_cnn,scnn_16-32,nano,1,17,0
newarch-cls-shallow-cnn-nano-coop,AlphaEarthCoop,global_so2sat,shallow_cnn,scnn_16-32,nano,2,1,165
newarch-cls-shallow-cnn-nano-coop,AlphaEarthCoop,global_so2sat,shallow_cnn,scnn_16-32,nano,2,2,732
newarch-cls-shallow-cnn-nano-coop,AlphaEarthCoop,global_so2sat,shallow_cnn,scnn_16-32,nano,2,3,9
newarch-cls-shallow-cnn-nano-coop,AlphaEarthCoop,global_so2sat,shallow_cnn,scnn_16-32,nano,2,4,6
newarch-cls-shallow-cnn-nano-coop,AlphaEarthCoop,global_so2sat,shallow_cnn,scnn_16-32,nano,2,5,20
newarch-cls-shallow-cnn-nano-coop,AlphaEarthCoop,global_so2sat,shallow_cnn,scnn_16-32,nano,2,6,4
newarch-cls-shallow-cnn-nano-coop,AlphaEarthCoop,global_so2sat,shallow_cnn,scnn_16-32,nano,2,7,310
newarch-cls-shallow-cnn-nano-coop,AlphaEarthCoop,global_so2sat,shallow_cnn,scnn_16-32,nano,2,8,11
newarch-cls-shallow-cnn-nano-coop,AlphaEarthCoop,global_so2sat,shallow_cnn,scnn_16-32,nano,2,9,0
newarch-cls-shallow-cnn-nano-coop,AlphaEarthCoop,global_so2sat,shallow_cnn,scnn_16-32,nano,2,10,5
newarch-cls-shallow-cnn-nano-coop,AlphaEarthCoop,global_so2sat,shallow_cnn,scnn_16-32,nano,2,11,0
newarch-cls-shallow-cnn-nano-coop,AlphaEarthCoop,global_so2sat,shallow_cnn,scnn_16-32,nano,2,12,0
newarch-cls-shallow-cnn-nano-coop,AlphaEarthCoop,global_so2sat,shallow_cnn,scnn_16-32,nano,2,13,0
newarch-cls-shallow-cnn-nano-coop,AlphaEarthCoop,global_so2sat,shallow_cnn,scnn_16-32,nano,2,14,0
newarch-cls-shallow-cnn-nano-coop,AlphaEarthCoop,global_so2sat,shallow_cnn,scnn_16-32,nano,2,15,0
newarch-cls-shallow-cnn-nano-coop,AlphaEarthCoop,global_so2sat,shallow_cnn,scnn_16-32,nano,2,16,0
newarch-cls-shallow-cnn-nano-coop,AlphaEarthCoop,global_so2sat,shallow_cnn,scnn_16-32,nano,2,17,0
newarch-cls-shallow-cnn-nano-coop,AlphaEarthCoop,global_so2sat,shallow_cnn,scnn_16-32,nano,3,1,12
newarch-cls-shallow-cnn-nano-coop,AlphaEarthCoop,global_so2sat,shallow_cnn,scnn_16-32,nano,3,2,234
newarch-cls-shallow-cnn-nano-coop,AlphaEarthCoop,global_so2sat,shallow_cnn,scnn_16-32,nano,3,3,806
newarch-cls-shallow-cnn-nano-coop,AlphaEarthCoop,global_so2sat,shallow_cnn,scnn_16-32,nano,3,4,52
newarch-cls-shallow-cnn-nano-coop,AlphaEarthCoop,global_so2sat,shallow_cnn,scnn_16-32,nano,3,5,29
newarch-cls-shallow-cnn-nano-coop,AlphaEarthCoop,global_so2sat,shallow_cnn,scnn_16-32,nano,3,6,339
newarch-cls-shallow-cnn-nano-coop,AlphaEarthCoop,global_so2sat,shallow_cnn,scnn_16-32,nano,3,7,949
newarch-cls-shallow-cnn-nano-coop,AlphaEarthCoop,global_so2sat,shallow_cnn,scnn_16-32,nano,3,8,23
newarch-cls-shallow-cnn-nano-coop,AlphaEarthCoop,global_so2sat,shallow_cnn,scnn_16-32,nano,3,9,9
newarch-cls-shallow-cnn-nano-coop,AlphaEarthCoop,global_so2sat,shallow_cnn,scnn_16-32,nano,3,10,10
newarch-cls-shallow-cnn-nano-coop,AlphaEarthCoop,global_so2sat,shallow_cnn,scnn_16-32,nano,3,11,1
newarch-cls-shallow-cnn-nano-coop,AlphaEarthCoop,global_so2sat,shallow_cnn,scnn_16-32,nano,3,12,0
newarch-cls-shallow-cnn-nano-coop,AlphaEarthCoop,global_so2sat,shallow_cnn,scnn_16-32,nano,3,13,0
newarch-cls-shallow-cnn-nano-coop,AlphaEarthCoop,global_so2sat,shallow_cnn,scnn_16-32,nano,3,14,1
newarch-cls-shallow-cnn-nano-coop,AlphaEarthCoop,global_so2sat,shallow_cnn,scnn_16-32,nano,3,15,0
newarch-cls-shallow-cnn-nano-coop,AlphaEarthCoop,global_so2sat,shallow_cnn,scnn_16-32,nano,3,16,0
newarch-cls-shallow-cnn-nano-coop,AlphaEarthCoop,global_so2sat,shallow_cnn,scnn_16-32,nano,3,17,0
newarch-cls-shallow-cnn-nano-coop,AlphaEarthCoop,global_so2sat,shallow_cnn,scnn_16-32,nano,4,1,38
newarch-cls-shallow-cnn-nano-coop,AlphaEarthCoop,global_so2sat,shallow_cnn,scnn_16-32,nano,4,2,24
newarch-cls-shallow-cnn-nano-coop,AlphaEarthCoop,global_so2sat,shallow_cnn,scnn_16-32,nano,4,3,9
newarch-cls-shallow-cnn-nano-coop,AlphaEarthCoop,global_so2sat,shallow_cnn,scnn_16-32,nano,4,4,483
newarch-cls-shallow-cnn-nano-coop,AlphaEarthCoop,global_so2sat,shallow_cnn,scnn_16-32,nano,4,5,24
newarch-cls-shallow-cnn-nano-coop,AlphaEarthCoop,global_so2sat,shallow_cnn,scnn_16-32,nano,4,6,20
newarch-cls-shallow-cnn-nano-coop,AlphaEarthCoop,global_so2sat,shallow_cnn,scnn_16-32,nano,4,7,165
newarch-cls-shallow-cnn-nano-coop,AlphaEarthCoop,global_so2sat,shallow_cnn,scnn_16-32,nano,4,8,1
newarch-cls-shallow-cnn-nano-coop,AlphaEarthCoop,global_so2sat,shallow_cnn,scnn_16-32,nano,4,9,67
newarch-cls-shallow-cnn-nano-coop,AlphaEarthCoop,global_so2sat,shallow_cnn,scnn_16-32,nano,4,10,26
newarch-cls-shallow-cnn-nano-coop,AlphaEarthCoop,global_so2sat,shallow_cnn,scnn_16-32,nano,4,11,0
newarch-cls-shallow-cnn-nano-coop,AlphaEarthCoop,global_so2sat,shallow_cnn,scnn_16-32,nano,4,12,0
newarch-cls-shallow-cnn-nano-coop,AlphaEarthCoop,global_so2sat,shallow_cnn,scnn_16-32,nano,4,13,0
newarch-cls-shallow-cnn-nano-coop,AlphaEarthCoop,global_so2sat,shallow_cnn,scnn_16-32,nano,4,14,0
newarch-cls-shallow-cnn-nano-coop,AlphaEarthCoop,global_so2sat,shallow_cnn,scnn_16-32,nano,4,15,0
newarch-cls-shallow-cnn-nano-coop,AlphaEarthCoop,global_so2sat,shallow_cnn,scnn_16-32,nano,4,16,0
newarch-cls-shallow-cnn-nano-coop,AlphaEarthCoop,global_so2sat,shallow_cnn,scnn_16-32,nano,4,17,0
newarch-cls-shallow-cnn-nano-coop,AlphaEarthCoop,global_so2sat,shallow_cnn,scnn_16-32,nano,5,1,7
newarch-cls-shallow-cnn-nano-coop,AlphaEarthCoop,global_so2sat,shallow_cnn,scnn_16-32,nano,5,2,11
newarch-cls-shallow-cnn-nano-coop,AlphaEarthCoop,global_so2sat,shallow_cnn,scnn_16-32,nano,5,3,78
newarch-cls-shallow-cnn-nano-coop,AlphaEarthCoop,global_so2sat,shallow_cnn,scnn_16-32,nano,5,4,93
newarch-cls-shallow-cnn-nano-coop,AlphaEarthCoop,global_so2sat,shallow_cnn,scnn_16-32,nano,5,5,152
newarch-cls-shallow-cnn-nano-coop,AlphaEarthCoop,global_so2sat,shallow_cnn,scnn_16-32,nano,5,6,119
newarch-cls-shallow-cnn-nano-coop,AlphaEarthCoop,global_so2sat,shallow_cnn,scnn_16-32,nano,5,7,162
newarch-cls-shallow-cnn-nano-coop,AlphaEarthCoop,global_so2sat,shallow_cnn,scnn_16-32,nano,5,8,2
newarch-cls-shallow-cnn-nano-coop,AlphaEarthCoop,global_so2sat,shallow_cnn,scnn_16-32,nano,5,9,118
newarch-cls-shallow-cnn-nano-coop,AlphaEarthCoop,global_so2sat,shallow_cnn,scnn_16-32,nano,5,10,21
newarch-cls-shallow-cnn-nano-coop,AlphaEarthCoop,global_so2sat,shallow_cnn,scnn_16-32,nano,5,11,0
newarch-cls-shallow-cnn-nano-coop,AlphaEarthCoop,global_so2sat,shallow_cnn,scnn_16-32,nano,5,12,0
newarch-cls-shallow-cnn-nano-coop,AlphaEarthCoop,global_so2sat,shallow_cnn,scnn_16-32,nano,5,13,0
newarch-cls-shallow-cnn-nano-coop,AlphaEarthCoop,global_so2sat,shallow_cnn,scnn_16-32,nano,5,14,0
newarch-cls-shallow-cnn-nano-coop,AlphaEarthCoop,global_so2sat,shallow_cnn,scnn_16-32,nano,5,15,0
newarch-cls-shallow-cnn-nano-coop,AlphaEarthCoop,global_so2sat,shallow_cnn,scnn_16-32,nano,5,16,0
newarch-cls-shallow-cnn-nano-coop,AlphaEarthCoop,global_so2sat,shallow_cnn,scnn_16-32,nano,5,17,0
newarch-cls-shallow-cnn-nano-coop,AlphaEarthCoop,global_so2sat,shallow_cnn,scnn_16-32,nano,6,1,0
newarch-cls-shallow-cnn-nano-coop,AlphaEarthCoop,global_so2sat,shallow_cnn,scnn_16-32,nano,6,2,0
newarch-cls-shallow-cnn-nano-coop,AlphaEarthCoop,global_so2sat,shallow_cnn,scnn_16-32,nano,6,3,130
newarch-cls-shallow-cnn-nano-coop,AlphaEarthCoop,global_so2sat,shallow_cnn,scnn_16-32,nano,6,4,7
newarch-cls-shallow-cnn-nano-coop,AlphaEarthCoop,global_so2sat,shallow_cnn,scnn_16-32,nano,6,5,19
newarch-cls-shallow-cnn-nano-coop,AlphaEarthCoop,global_so2sat,shallow_cnn,scnn_16-32,nano,6,6,1482
newarch-cls-shallow-cnn-nano-coop,AlphaEarthCoop,global_so2sat,shallow_cnn,scnn_16-32,nano,6,7,169
newarch-cls-shallow-cnn-nano-coop,AlphaEarthCoop,global_so2sat,shallow_cnn,scnn_16-32,nano,6,8,2
newarch-cls-shallow-cnn-nano-coop,AlphaEarthCoop,global_so2sat,shallow_cnn,scnn_16-32,nano,6,9,94
newarch-cls-shallow-cnn-nano-coop,AlphaEarthCoop,global_so2sat,shallow_cnn,scnn_16-32,nano,6,10,20
newarch-cls-shallow-cnn-nano-coop,AlphaEarthCoop,global_so2sat,shallow_cnn,scnn_16-32,nano,6,11,0
newarch-cls-shallow-cnn-nano-coop,AlphaEarthCoop,global_so2sat,shallow_cnn,scnn_16-32,nano,6,12,0
newarch-cls-shallow-cnn-nano-coop,AlphaEarthCoop,global_so2sat,shallow_cnn,scnn_16-32,nano,6,13,0
newarch-cls-shallow-cnn-nano-coop,AlphaEarthCoop,global_so2sat,shallow_cnn,scnn_16-32,nano,6,14,12
newarch-cls-shallow-cnn-nano-coop,AlphaEarthCoop,global_so2sat,shallow_cnn,scnn_16-32,nano,6,15,0
newarch-cls-shallow-cnn-nano-coop,AlphaEarthCoop,global_so2sat,shallow_cnn,scnn_16-32,nano,6,16,0
newarch-cls-shallow-cnn-nano-coop,AlphaEarthCoop,global_so2sat,shallow_cnn,scnn_16-32,nano,6,17,1
newarch-cls-shallow-cnn-nano-coop,AlphaEarthCoop,global_so2sat,shallow_cnn,scnn_16-32,nano,7,1,0
newarch-cls-shallow-cnn-nano-coop,AlphaEarthCoop,global_so2sat,shallow_cnn,scnn_16-32,nano,7,2,56
newarch-cls-shallow-cnn-nano-coop,AlphaEarthCoop,global_so2sat,shallow_cnn,scnn_16-32,nano,7,3,4
newarch-cls-shallow-cnn-nano-coop,AlphaEarthCoop,global_so2sat,shallow_cnn,scnn_16-32,nano,7,4,0
newarch-cls-shallow-cnn-nano-coop,AlphaEarthCoop,global_so2sat,shallow_cnn,scnn_16-32,nano,7,5,2
newarch-cls-shallow-cnn-nano-coop,AlphaEarthCoop,global_so2sat,shallow_cnn,scnn_16-32,nano,7,6,1
newarch-cls-shallow-cnn-nano-coop,AlphaEarthCoop,global_so2sat,shallow_cnn,scnn_16-32,nano,7,7,431
newarch-cls-shallow-cnn-nano-coop,AlphaEarthCoop,global_so2sat,shallow_cnn,scnn_16-32,nano,7,8,0
newarch-cls-shallow-cnn-nano-coop,AlphaEarthCoop,global_so2sat,shallow_cnn,scnn_16-32,nano,7,9,5
newarch-cls-shallow-cnn-nano-coop,AlphaEarthCoop,global_so2sat,shallow_cnn,scnn_16-32,nano,7,10,4
newarch-cls-shallow-cnn-nano-coop,AlphaEarthCoop,global_so2sat,shallow_cnn,scnn_16-32,nano,7,11,0
newarch-cls-shallow-cnn-nano-coop,AlphaEarthCoop,global_so2sat,shallow_cnn,scnn_16-32,nano,7,12,0
newarch-cls-shallow-cnn-nano-coop,AlphaEarthCoop,global_so2sat,shallow_cnn,scnn_16-32,nano,7,13,0
newarch-cls-shallow-cnn-nano-coop,AlphaEarthCoop,global_so2sat,shallow_cnn,scnn_16-32,nano,7,14,0
newarch-cls-shallow-cnn-nano-coop,AlphaEarthCoop,global_so2sat,shallow_cnn,scnn_16-32,nano,7,15,0
newarch-cls-shallow-cnn-nano-coop,AlphaEarthCoop,global_so2sat,shallow_cnn,scnn_16-32,nano,7,16,0
newarch-cls-shallow-cnn-nano-coop,AlphaEarthCoop,global_so2sat,shallow_cnn,scnn_16-32,nano,7,17,0
newarch-cls-shallow-cnn-nano-coop,AlphaEarthCoop,global_so2sat,shallow_cnn,scnn_16-32,nano,8,1,34
newarch-cls-shallow-cnn-nano-coop,AlphaEarthCoop,global_so2sat,shallow_cnn,scnn_16-32,nano,8,2,29
newarch-cls-shallow-cnn-nano-coop,AlphaEarthCoop,global_so2sat,shallow_cnn,scnn_16-32,nano,8,3,180
newarch-cls-shallow-cnn-nano-coop,AlphaEarthCoop,global_so2sat,shallow_cnn,scnn_16-32,nano,8,4,47
newarch-cls-shallow-cnn-nano-coop,AlphaEarthCoop,global_so2sat,shallow_cnn,scnn_16-32,nano,8,5,39
newarch-cls-shallow-cnn-nano-coop,AlphaEarthCoop,global_so2sat,shallow_cnn,scnn_16-32,nano,8,6,58
newarch-cls-shallow-cnn-nano-coop,AlphaEarthCoop,global_so2sat,shallow_cnn,scnn_16-32,nano,8,7,874
newarch-cls-shallow-cnn-nano-coop,AlphaEarthCoop,global_so2sat,shallow_cnn,scnn_16-32,nano,8,8,1765
newarch-cls-shallow-cnn-nano-coop,AlphaEarthCoop,global_so2sat,shallow_cnn,scnn_16-32,nano,8,9,31
newarch-cls-shallow-cnn-nano-coop,AlphaEarthCoop,global_so2sat,shallow_cnn,scnn_16-32,nano,8,10,419
newarch-cls-shallow-cnn-nano-coop,AlphaEarthCoop,global_so2sat,shallow_cnn,scnn_16-32,nano,8,11,0
newarch-cls-shallow-cnn-nano-coop,AlphaEarthCoop,global_so2sat,shallow_cnn,scnn_16-32,nano,8,12,0
newarch-cls-shallow-cnn-nano-coop,AlphaEarthCoop,global_so2sat,shallow_cnn,scnn_16-32,nano,8,13,0
newarch-cls-shallow-cnn-nano-coop,AlphaEarthCoop,global_so2sat,shallow_cnn,scnn_16-32,nano,8,14,4
newarch-cls-shallow-cnn-nano-coop,AlphaEarthCoop,global_so2sat,shallow_cnn,scnn_16-32,nano,8,15,5
newarch-cls-shallow-cnn-nano-coop,AlphaEarthCoop,global_so2sat,shallow_cnn,scnn_16-32,nano,8,16,11
newarch-cls-shallow-cnn-nano-coop,AlphaEarthCoop,global_so2sat,shallow_cnn,scnn_16-32,nano,8,17,0
newarch-cls-shallow-cnn-nano-coop,AlphaEarthCoop,global_so2sat,shallow_cnn,scnn_16-32,nano,9,1,0
newarch-cls-shallow-cnn-nano-coop,AlphaEarthCoop,global_so2sat,shallow_cnn,scnn_16-32,nano,9,2,0
newarch-cls-shallow-cnn-nano-coop,AlphaEarthCoop,global_so2sat,shallow_cnn,scnn_16-32,nano,9,3,202
newarch-cls-shallow-cnn-nano-coop,AlphaEarthCoop,global_so2sat,shallow_cnn,scnn_16-32,nano,9,4,1
newarch-cls-shallow-cnn-nano-coop,AlphaEarthCoop,global_so2sat,shallow_cnn,scnn_16-32,nano,9,5,0
newarch-cls-shallow-cnn-nano-coop,AlphaEarthCoop,global_so2sat,shallow_cnn,scnn_16-32,nano,9,6,829
newarch-cls-shallow-cnn-nano-coop,AlphaEarthCoop,global_so2sat,shallow_cnn,scnn_16-32,nano,9,7,208
newarch-cls-shallow-cnn-nano-coop,AlphaEarthCoop,global_so2sat,shallow_cnn,scnn_16-32,nano,9,8,0
newarch-cls-shallow-cnn-nano-coop,AlphaEarthCoop,global_so2sat,shallow_cnn,scnn_16-32,nano,9,9,713
newarch-cls-shallow-cnn-nano-coop,AlphaEarthCoop,global_so2sat,shallow_cnn,scnn_16-32,nano,9,10,3
newarch-cls-shallow-cnn-nano-coop,AlphaEarthCoop,global_so2sat,shallow_cnn,scnn_16-32,nano,9,11,6
newarch-cls-shallow-cnn-nano-coop,AlphaEarthCoop,global_so2sat,shallow_cnn,scnn_16-32,nano,9,12,6
newarch-cls-shallow-cnn-nano-coop,AlphaEarthCoop,global_so2sat,shallow_cnn,scnn_16-32,nano,9,13,0
newarch-cls-shallow-cnn-nano-coop,AlphaEarthCoop,global_so2sat,shallow_cnn,scnn_16-32,nano,9,14,34
newarch-cls-shallow-cnn-nano-coop,AlphaEarthCoop,global_so2sat,shallow_cnn,scnn_16-32,nano,9,15,1
newarch-cls-shallow-cnn-nano-coop,AlphaEarthCoop,global_so2sat,shallow_cnn,scnn_16-32,nano,9,16,5
newarch-cls-shallow-cnn-nano-coop,AlphaEarthCoop,global_so2sat,shallow_cnn,scnn_16-32,nano,9,17,5
newarch-cls-shallow-cnn-nano-coop,AlphaEarthCoop,global_so2sat,shallow_cnn,scnn_16-32,nano,10,1,7
newarch-cls-shallow-cnn-nano-coop,AlphaEarthCoop,global_so2sat,shallow_cnn,scnn_16-32,nano,10,2,4
newarch-cls-shallow-cnn-nano-coop,AlphaEarthCoop,global_so2sat,shallow_cnn,scnn_16-32,nano,10,3,4
newarch-cls-shallow-cnn-nano-coop,AlphaEarthCoop,global_so2sat,shallow_cnn,scnn_16-32,nano,10,4,21
newarch-cls-shallow-cnn-nano-coop,AlphaEarthCoop,global_so2sat,shallow_cnn,scnn_16-32,nano,10,5,24
newarch-cls-shallow-cnn-nano-coop,AlphaEarthCoop,global_so2sat,shallow_cnn,scnn_16-32,nano,10,6,11
newarch-cls-shallow-cnn-nano-coop,AlphaEarthCoop,global_so2sat,shallow_cnn,scnn_16-32,nano,10,7,167
newarch-cls-shallow-cnn-nano-coop,AlphaEarthCoop,global_so2sat,shallow_cnn,scnn_16-32,nano,10,8,360
newarch-cls-shallow-cnn-nano-coop,AlphaEarthCoop,global_so2sat,shallow_cnn,scnn_16-32,nano,10,9,43
newarch-cls-shallow-cnn-nano-coop,AlphaEarthCoop,global_so2sat,shallow_cnn,scnn_16-32,nano,10,10,194
newarch-cls-shallow-cnn-nano-coop,AlphaEarthCoop,global_so2sat,shallow_cnn,scnn_16-32,nano,10,11,0
newarch-cls-shallow-cnn-nano-coop,AlphaEarthCoop,global_so2sat,shallow_cnn,scnn_16-32,nano,10,12,0
newarch-cls-shallow-cnn-nano-coop,AlphaEarthCoop,global_so2sat,shallow_cnn,scnn_16-32,nano,10,13,0
newarch-cls-shallow-cnn-nano-coop,AlphaEarthCoop,global_so2sat,shallow_cnn,scnn_16-32,nano,10,14,34
newarch-cls-shallow-cnn-nano-coop,AlphaEarthCoop,global_so2sat,shallow_cnn,scnn_16-32,nano,10,15,12
newarch-cls-shallow-cnn-nano-coop,AlphaEarthCoop,global_so2sat,shallow_cnn,scnn_16-32,nano,10,16,27
newarch-cls-shallow-cnn-nano-coop,AlphaEarthCoop,global_so2sat,shallow_cnn,scnn_16-32,nano,10,17,0
newarch-cls-shallow-cnn-nano-coop,AlphaEarthCoop,global_so2sat,shallow_cnn,scnn_16-32,nano,11,1,0
newarch-cls-shallow-cnn-nano-coop,AlphaEarthCoop,global_so2sat,shallow_cnn,scnn_16-32,nano,11,2,0
newarch-cls-shallow-cnn-nano-coop,AlphaEarthCoop,global_so2sat,shallow_cnn,scnn_16-32,nano,11,3,7
newarch-cls-shallow-cnn-nano-coop,AlphaEarthCoop,global_so2sat,shallow_cnn,scnn_16-32,nano,11,4,0
newarch-cls-shallow-cnn-nano-coop,AlphaEarthCoop,global_so2sat,shallow_cnn,scnn_16-32,nano,11,5,0
newarch-cls-shallow-cnn-nano-coop,AlphaEarthCoop,global_so2sat,shallow_cnn,scnn_16-32,nano,11,6,26
newarch-cls-shallow-cnn-nano-coop,AlphaEarthCoop,global_so2sat,shallow_cnn,scnn_16-32,nano,11,7,383
newarch-cls-shallow-cnn-nano-coop,AlphaEarthCoop,global_so2sat,shallow_cnn,scnn_16-32,nano,11,8,0
newarch-cls-shallow-cnn-nano-coop,AlphaEarthCoop,global_so2sat,shallow_cnn,scnn_16-32,nano,11,9,90
newarch-cls-shallow-cnn-nano-coop,AlphaEarthCoop,global_so2sat,shallow_cnn,scnn_16-32,nano,11,10,1
newarch-cls-shallow-cnn-nano-coop,AlphaEarthCoop,global_so2sat,shallow_cnn,scnn_16-32,nano,11,11,1674
newarch-cls-shallow-cnn-nano-coop,AlphaEarthCoop,global_so2sat,shallow_cnn,scnn_16-32,nano,11,12,80
newarch-cls-shallow-cnn-nano-coop,AlphaEarthCoop,global_so2sat,shallow_cnn,scnn_16-32,nano,11,13,107
newarch-cls-shallow-cnn-nano-coop,AlphaEarthCoop,global_so2sat,shallow_cnn,scnn_16-32,nano,11,14,0
newarch-cls-shallow-cnn-nano-coop,AlphaEarthCoop,global_so2sat,shallow_cnn,scnn_16-32,nano,11,15,0
newarch-cls-shallow-cnn-nano-coop,AlphaEarthCoop,global_so2sat,shallow_cnn,scnn_16-32,nano,11,16,0
newarch-cls-shallow-cnn-nano-coop,AlphaEarthCoop,global_so2sat,shallow_cnn,scnn_16-32,nano,11,17,0
newarch-cls-shallow-cnn-nano-coop,AlphaEarthCoop,global_so2sat,shallow_cnn,scnn_16-32,nano,12,1,0
newarch-cls-shallow-cnn-nano-coop,AlphaEarthCoop,global_so2sat,shallow_cnn,scnn_16-32,nano,12,2,0
newarch-cls-shallow-cnn-nano-coop,AlphaEarthCoop,global_so2sat,shallow_cnn,scnn_16-32,nano,12,3,0
newarch-cls-shallow-cnn-nano-coop,AlphaEarthCoop,global_so2sat,shallow_cnn,scnn_16-32,nano,12,4,0
newarch-cls-shallow-cnn-nano-coop,AlphaEarthCoop,global_so2sat,shallow_cnn,scnn_16-32,nano,12,5,0
newarch-cls-shallow-cnn-nano-coop,AlphaEarthCoop,global_so2sat,shallow_cnn,scnn_16-32,nano,12,6,94
newarch-cls-shallow-cnn-nano-coop,AlphaEarthCoop,global_so2sat,shallow_cnn,scnn_16-32,nano,12,7,21
newarch-cls-shallow-cnn-nano-coop,AlphaEarthCoop,global_so2sat,shallow_cnn,scnn_16-32,nano,12,8,0
newarch-cls-shallow-cnn-nano-coop,AlphaEarthCoop,global_so2sat,shallow_cnn,scnn_16-32,nano,12,9,94
newarch-cls-shallow-cnn-nano-coop,AlphaEarthCoop,global_so2sat,shallow_cnn,scnn_16-32,nano,12,10,0
newarch-cls-shallow-cnn-nano-coop,AlphaEarthCoop,global_so2sat,shallow_cnn,scnn_16-32,nano,12,11,46
newarch-cls-shallow-cnn-nano-coop,AlphaEarthCoop,global_so2sat,shallow_cnn,scnn_16-32,nano,12,12,120
newarch-cls-shallow-cnn-nano-coop,AlphaEarthCoop,global_so2sat,shallow_cnn,scnn_16-32,nano,12,13,32
newarch-cls-shallow-cnn-nano-coop,AlphaEarthCoop,global_so2sat,shallow_cnn,scnn_16-32,nano,12,14,24
newarch-cls-shallow-cnn-nano-coop,AlphaEarthCoop,global_so2sat,shallow_cnn,scnn_16-32,nano,12,15,2
newarch-cls-shallow-cnn-nano-coop,AlphaEarthCoop,global_so2sat,shallow_cnn,scnn_16-32,nano,12,16,0
newarch-cls-shallow-cnn-nano-coop,AlphaEarthCoop,global_so2sat,shallow_cnn,scnn_16-32,nano,12,17,0
newarch-cls-shallow-cnn-nano-coop,AlphaEarthCoop,global_so2sat,shallow_cnn,scnn_16-32,nano,13,1,0
newarch-cls-shallow-cnn-nano-coop,AlphaEarthCoop,global_so2sat,shallow_cnn,scnn_16-32,nano,13,2,0
newarch-cls-shallow-cnn-nano-coop,AlphaEarthCoop,global_so2sat,shallow_cnn,scnn_16-32,nano,13,3,0
newarch-cls-shallow-cnn-nano-coop,AlphaEarthCoop,global_so2sat,shallow_cnn,scnn_16-32,nano,13,4,0
newarch-cls-shallow-cnn-nano-coop,AlphaEarthCoop,global_so2sat,shallow_cnn,scnn_16-32,nano,13,5,0
newarch-cls-shallow-cnn-nano-coop,AlphaEarthCoop,global_so2sat,shallow_cnn,scnn_16-32,nano,13,6,0
newarch-cls-shallow-cnn-nano-coop,AlphaEarthCoop,global_so2sat,shallow_cnn,scnn_16-32,nano,13,7,25
newarch-cls-shallow-cnn-nano-coop,AlphaEarthCoop,global_so2sat,shallow_cnn,scnn_16-32,nano,13,8,0
newarch-cls-shallow-cnn-nano-coop,AlphaEarthCoop,global_so2sat,shallow_cnn,scnn_16-32,nano,13,9,24
newarch-cls-shallow-cnn-nano-coop,AlphaEarthCoop,global_so2sat,shallow_cnn,scnn_16-32,nano,13,10,0
newarch-cls-shallow-cnn-nano-coop,AlphaEarthCoop,global_so2sat,shallow_cnn,scnn_16-32,nano,13,11,32
newarch-cls-shallow-cnn-nano-coop,AlphaEarthCoop,global_so2sat,shallow_cnn,scnn_16-32,nano,13,12,11
newarch-cls-shallow-cnn-nano-coop,AlphaEarthCoop,global_so2sat,shallow_cnn,scnn_16-32,nano,13,13,214
newarch-cls-shallow-cnn-nano-coop,AlphaEarthCoop,global_so2sat,shallow_cnn,scnn_16-32,nano,13,14,11
newarch-cls-shallow-cnn-nano-coop,AlphaEarthCoop,global_so2sat,shallow_cnn,scnn_16-32,nano,13,15,55
newarch-cls-shallow-cnn-nano-coop,AlphaEarthCoop,global_so2sat,shallow_cnn,scnn_16-32,nano,13,16,794
newarch-cls-shallow-cnn-nano-coop,AlphaEarthCoop,global_so2sat,shallow_cnn,scnn_16-32,nano,13,17,0
newarch-cls-shallow-cnn-nano-coop,AlphaEarthCoop,global_so2sat,shallow_cnn,scnn_16-32,nano,14,1,0
newarch-cls-shallow-cnn-nano-coop,AlphaEarthCoop,global_so2sat,shallow_cnn,scnn_16-32,nano,14,2,0
newarch-cls-shallow-cnn-nano-coop,AlphaEarthCoop,global_so2sat,shallow_cnn,scnn_16-32,nano,14,3,6
newarch-cls-shallow-cnn-nano-coop,AlphaEarthCoop,global_so2sat,shallow_cnn,scnn_16-32,nano,14,4,3
newarch-cls-shallow-cnn-nano-coop,AlphaEarthCoop,global_so2sat,shallow_cnn,scnn_16-32,nano,14,5,10
newarch-cls-shallow-cnn-nano-coop,AlphaEarthCoop,global_so2sat,shallow_cnn,scnn_16-32,nano,14,6,0
newarch-cls-shallow-cnn-nano-coop,AlphaEarthCoop,global_so2sat,shallow_cnn,scnn_16-32,nano,14,7,90
newarch-cls-shallow-cnn-nano-coop,AlphaEarthCoop,global_so2sat,shallow_cnn,scnn_16-32,nano,14,8,0
newarch-cls-shallow-cnn-nano-coop,AlphaEarthCoop,global_so2sat,shallow_cnn,scnn_16-32,nano,14,9,135
newarch-cls-shallow-cnn-nano-coop,AlphaEarthCoop,global_so2sat,shallow_cnn,scnn_16-32,nano,14,10,44
newarch-cls-shallow-cnn-nano-coop,AlphaEarthCoop,global_so2sat,shallow_cnn,scnn_16-32,nano,14,11,3
newarch-cls-shallow-cnn-nano-coop,AlphaEarthCoop,global_so2sat,shallow_cnn,scnn_16-32,nano,14,12,27
newarch-cls-shallow-cnn-nano-coop,AlphaEarthCoop,global_so2sat,shallow_cnn,scnn_16-32,nano,14,13,27
newarch-cls-shallow-cnn-nano-coop,AlphaEarthCoop,global_so2sat,shallow_cnn,scnn_16-32,nano,14,14,2026
newarch-cls-shallow-cnn-nano-coop,AlphaEarthCoop,global_so2sat,shallow_cnn,scnn_16-32,nano,14,15,0
newarch-cls-shallow-cnn-nano-coop,AlphaEarthCoop,global_so2sat,shallow_cnn,scnn_16-32,nano,14,16,22
newarch-cls-shallow-cnn-nano-coop,AlphaEarthCoop,global_so2sat,shallow_cnn,scnn_16-32,nano,14,17,42
newarch-cls-shallow-cnn-nano-coop,AlphaEarthCoop,global_so2sat,shallow_cnn,scnn_16-32,nano,15,1,11
newarch-cls-shallow-cnn-nano-coop,AlphaEarthCoop,global_so2sat,shallow_cnn,scnn_16-32,nano,15,2,0
newarch-cls-shallow-cnn-nano-coop,AlphaEarthCoop,global_so2sat,shallow_cnn,scnn_16-32,nano,15,3,0
newarch-cls-shallow-cnn-nano-coop,AlphaEarthCoop,global_so2sat,shallow_cnn,scnn_16-32,nano,15,4,0
newarch-cls-shallow-cnn-nano-coop,AlphaEarthCoop,global_so2sat,shallow_cnn,scnn_16-32,nano,15,5,0
newarch-cls-shallow-cnn-nano-coop,AlphaEarthCoop,global_so2sat,shallow_cnn,scnn_16-32,nano,15,6,2
newarch-cls-shallow-cnn-nano-coop,AlphaEarthCoop,global_so2sat,shallow_cnn,scnn_16-32,nano,15,7,27
newarch-cls-shallow-cnn-nano-coop,AlphaEarthCoop,global_so2sat,shallow_cnn,scnn_16-32,nano,15,8,58
newarch-cls-shallow-cnn-nano-coop,AlphaEarthCoop,global_so2sat,shallow_cnn,scnn_16-32,nano,15,9,0
newarch-cls-shallow-cnn-nano-coop,AlphaEarthCoop,global_so2sat,shallow_cnn,scnn_16-32,nano,15,10,73
newarch-cls-shallow-cnn-nano-coop,AlphaEarthCoop,global_so2sat,shallow_cnn,scnn_16-32,nano,15,11,0
newarch-cls-shallow-cnn-nano-coop,AlphaEarthCoop,global_so2sat,shallow_cnn,scnn_16-32,nano,15,12,0
newarch-cls-shallow-cnn-nano-coop,AlphaEarthCoop,global_so2sat,shallow_cnn,scnn_16-32,nano,15,13,0
newarch-cls-shallow-cnn-nano-coop,AlphaEarthCoop,global_so2sat,shallow_cnn,scnn_16-32,nano,15,14,0
newarch-cls-shallow-cnn-nano-coop,AlphaEarthCoop,global_so2sat,shallow_cnn,scnn_16-32,nano,15,15,32
newarch-cls-shallow-cnn-nano-coop,AlphaEarthCoop,global_so2sat,shallow_cnn,scnn_16-32,nano,15,16,2
newarch-cls-shallow-cnn-nano-coop,AlphaEarthCoop,global_so2sat,shallow_cnn,scnn_16-32,nano,15,17,0
newarch-cls-shallow-cnn-nano-coop,AlphaEarthCoop,global_so2sat,shallow_cnn,scnn_16-32,nano,16,1,0
newarch-cls-shallow-cnn-nano-coop,AlphaEarthCoop,global_so2sat,shallow_cnn,scnn_16-32,nano,16,2,0
newarch-cls-shallow-cnn-nano-coop,AlphaEarthCoop,global_so2sat,shallow_cnn,scnn_16-32,nano,16,3,18
newarch-cls-shallow-cnn-nano-coop,AlphaEarthCoop,global_so2sat,shallow_cnn,scnn_16-32,nano,16,4,0
newarch-cls-shallow-cnn-nano-coop,AlphaEarthCoop,global_so2sat,shallow_cnn,scnn_16-32,nano,16,5,0
newarch-cls-shallow-cnn-nano-coop,AlphaEarthCoop,global_so2sat,shallow_cnn,scnn_16-32,nano,16,6,0
newarch-cls-shallow-cnn-nano-coop,AlphaEarthCoop,global_so2sat,shallow_cnn,scnn_16-32,nano,16,7,19
newarch-cls-shallow-cnn-nano-coop,AlphaEarthCoop,global_so2sat,shallow_cnn,scnn_16-32,nano,16,8,0
newarch-cls-shallow-cnn-nano-coop,AlphaEarthCoop,global_so2sat,shallow_cnn,scnn_16-32,nano,16,9,17
newarch-cls-shallow-cnn-nano-coop,AlphaEarthCoop,global_so2sat,shallow_cnn,scnn_16-32,nano,16,10,2
newarch-cls-shallow-cnn-nano-coop,AlphaEarthCoop,global_so2sat,shallow_cnn,scnn_16-32,nano,16,11,0
newarch-cls-shallow-cnn-nano-coop,AlphaEarthCoop,global_so2sat,shallow_cnn,scnn_16-32,nano,16,12,0
newarch-cls-shallow-cnn-nano-coop,AlphaEarthCoop,global_so2sat,shallow_cnn,scnn_16-32,nano,16,13,249
newarch-cls-shallow-cnn-nano-coop,AlphaEarthCoop,global_so2sat,shallow_cnn,scnn_16-32,nano,16,14,66
newarch-cls-shallow-cnn-nano-coop,AlphaEarthCoop,global_so2sat,shallow_cnn,scnn_16-32,nano,16,15,48
newarch-cls-shallow-cnn-nano-coop,AlphaEarthCoop,global_so2sat,shallow_cnn,scnn_16-32,nano,16,16,153
newarch-cls-shallow-cnn-nano-coop,AlphaEarthCoop,global_so2sat,shallow_cnn,scnn_16-32,nano,16,17,0
newarch-cls-shallow-cnn-nano-coop,AlphaEarthCoop,global_so2sat,shallow_cnn,scnn_16-32,nano,17,1,0
newarch-cls-shallow-cnn-nano-coop,AlphaEarthCoop,global_so2sat,shallow_cnn,scnn_16-32,nano,17,2,0
newarch-cls-shallow-cnn-nano-coop,AlphaEarthCoop,global_so2sat,shallow_cnn,scnn_16-32,nano,17,3,0
newarch-cls-shallow-cnn-nano-coop,AlphaEarthCoop,global_so2sat,shallow_cnn,scnn_16-32,nano,17,4,14
newarch-cls-shallow-cnn-nano-coop,AlphaEarthCoop,global_so2sat,shallow_cnn,scnn_16-32,nano,17,5,0
newarch-cls-shallow-cnn-nano-coop,AlphaEarthCoop,global_so2sat,shallow_cnn,scnn_16-32,nano,17,6,0
newarch-cls-shallow-cnn-nano-coop,AlphaEarthCoop,global_so2sat,shallow_cnn,scnn_16-32,nano,17,7,0
newarch-cls-shallow-cnn-nano-coop,AlphaEarthCoop,global_so2sat,shallow_cnn,scnn_16-32,nano,17,8,0
newarch-cls-shallow-cnn-nano-coop,AlphaEarthCoop,global_so2sat,shallow_cnn,scnn_16-32,nano,17,9,4
newarch-cls-shallow-cnn-nano-coop,AlphaEarthCoop,global_so2sat,shallow_cnn,scnn_16-32,nano,17,10,8
newarch-cls-shallow-cnn-nano-coop,AlphaEarthCoop,global_so2sat,shallow_cnn,scnn_16-32,nano,17,11,0
newarch-cls-shallow-cnn-nano-coop,AlphaEarthCoop,global_so2sat,shallow_cnn,scnn_16-32,nano,17,12,0
newarch-cls-shallow-cnn-nano-coop,AlphaEarthCoop,global_so2sat,shallow_cnn,scnn_16-32,nano,17,13,3
newarch-cls-shallow-cnn-nano-coop,AlphaEarthCoop,global_so2sat,shallow_cnn,scnn_16-32,nano,17,14,0
newarch-cls-shallow-cnn-nano-coop,AlphaEarthCoop,global_so2sat,shallow_cnn,scnn_16-32,nano,17,15,0
newarch-cls-shallow-cnn-nano-coop,AlphaEarthCoop,global_so2sat,shallow_cnn,scnn_16-32,nano,17,16,25
newarch-cls-shallow-cnn-nano-coop,AlphaEarthCoop,global_so2sat,shallow_cnn,scnn_16-32,nano,17,17,2150
newarch-cls-shallow-cnn-small-coop,AlphaEarthCoop,global_so2sat,shallow_cnn,scnn_32-64,small,1,1,161
newarch-cls-shallow-cnn-small-coop,AlphaEarthCoop,global_so2sat,shallow_cnn,scnn_32-64,small,1,2,8
newarch-cls-shallow-cnn-small-coop,AlphaEarthCoop,global_so2sat,shallow_cnn,scnn_32-64,small,1,3,3
newarch-cls-shallow-cnn-small-coop,AlphaEarthCoop,global_so2sat,shallow_cnn,scnn_32-64,small,1,4,40
newarch-cls-shallow-cnn-small-coop,AlphaEarthCoop,global_so2sat,shallow_cnn,scnn_32-64,small,1,5,0
newarch-cls-shallow-cnn-small-coop,AlphaEarthCoop,global_so2sat,shallow_cnn,scnn_32-64,small,1,6,0
newarch-cls-shallow-cnn-small-coop,AlphaEarthCoop,global_so2sat,shallow_cnn,scnn_32-64,small,1,7,54
newarch-cls-shallow-cnn-small-coop,AlphaEarthCoop,global_so2sat,shallow_cnn,scnn_32-64,small,1,8,0
newarch-cls-shallow-cnn-small-coop,AlphaEarthCoop,global_so2sat,shallow_cnn,scnn_32-64,small,1,9,0
newarch-cls-shallow-cnn-small-coop,AlphaEarthCoop,global_so2sat,shallow_cnn,scnn_32-64,small,1,10,0
newarch-cls-shallow-cnn-small-coop,AlphaEarthCoop,global_so2sat,shallow_cnn,scnn_32-64,small,1,11,0
newarch-cls-shallow-cnn-small-coop,AlphaEarthCoop,global_so2sat,shallow_cnn,scnn_32-64,small,1,12,0
newarch-cls-shallow-cnn-small-coop,AlphaEarthCoop,global_so2sat,shallow_cnn,scnn_32-64,small,1,13,0
newarch-cls-shallow-cnn-small-coop,AlphaEarthCoop,global_so2sat,shallow_cnn,scnn_32-64,small,1,14,0
newarch-cls-shallow-cnn-small-coop,AlphaEarthCoop,global_so2sat,shallow_cnn,scnn_32-64,small,1,15,0
newarch-cls-shallow-cnn-small-coop,AlphaEarthCoop,global_so2sat,shallow_cnn,scnn_32-64,small,1,16,0
newarch-cls-shallow-cnn-small-coop,AlphaEarthCoop,global_so2sat,shallow_cnn,scnn_32-64,small,1,17,0
newarch-cls-shallow-cnn-small-coop,AlphaEarthCoop,global_so2sat,shallow_cnn,scnn_32-64,small,2,1,95
newarch-cls-shallow-cnn-small-coop,AlphaEarthCoop,global_so2sat,shallow_cnn,scnn_32-64,small,2,2,802
newarch-cls-shallow-cnn-small-coop,AlphaEarthCoop,global_so2sat,shallow_cnn,scnn_32-64,small,2,3,10
newarch-cls-shallow-cnn-small-coop,AlphaEarthCoop,global_so2sat,shallow_cnn,scnn_32-64,small,2,4,16
newarch-cls-shallow-cnn-small-coop,AlphaEarthCoop,global_so2sat,shallow_cnn,scnn_32-64,small,2,5,4
newarch-cls-shallow-cnn-small-coop,AlphaEarthCoop,global_so2sat,shallow_cnn,scnn_32-64,small,2,6,3
newarch-cls-shallow-cnn-small-coop,AlphaEarthCoop,global_so2sat,shallow_cnn,scnn_32-64,small,2,7,307
newarch-cls-shallow-cnn-small-coop,AlphaEarthCoop,global_so2sat,shallow_cnn,scnn_32-64,small,2,8,3
newarch-cls-shallow-cnn-small-coop,AlphaEarthCoop,global_so2sat,shallow_cnn,scnn_32-64,small,2,9,3
newarch-cls-shallow-cnn-small-coop,AlphaEarthCoop,global_so2sat,shallow_cnn,scnn_32-64,small,2,10,19
newarch-cls-shallow-cnn-small-coop,AlphaEarthCoop,global_so2sat,shallow_cnn,scnn_32-64,small,2,11,0
newarch-cls-shallow-cnn-small-coop,AlphaEarthCoop,global_so2sat,shallow_cnn,scnn_32-64,small,2,12,0
newarch-cls-shallow-cnn-small-coop,AlphaEarthCoop,global_so2sat,shallow_cnn,scnn_32-64,small,2,13,0
newarch-cls-shallow-cnn-small-coop,AlphaEarthCoop,global_so2sat,shallow_cnn,scnn_32-64,small,2,14,0
newarch-cls-shallow-cnn-small-coop,AlphaEarthCoop,global_so2sat,shallow_cnn,scnn_32-64,small,2,15,0
newarch-cls-shallow-cnn-small-coop,AlphaEarthCoop,global_so2sat,shallow_cnn,scnn_32-64,small,2,16,0
newarch-cls-shallow-cnn-small-coop,AlphaEarthCoop,global_so2sat,shallow_cnn,scnn_32-64,small,2,17,0
newarch-cls-shallow-cnn-small-coop,AlphaEarthCoop,global_so2sat,shallow_cnn,scnn_32-64,small,3,1,107
newarch-cls-shallow-cnn-small-coop,AlphaEarthCoop,global_so2sat,shallow_cnn,scnn_32-64,small,3,2,148
newarch-cls-shallow-cnn-small-coop,AlphaEarthCoop,global_so2sat,shallow_cnn,scnn_32-64,small,3,3,837
newarch-cls-shallow-cnn-small-coop,AlphaEarthCoop,global_so2sat,shallow_cnn,scnn_32-64,small,3,4,30
newarch-cls-shallow-cnn-small-coop,AlphaEarthCoop,global_so2sat,shallow_cnn,scnn_32-64,small,3,5,30
newarch-cls-shallow-cnn-small-coop,AlphaEarthCoop,global_so2sat,shallow_cnn,scnn_32-64,small,3,6,104
newarch-cls-shallow-cnn-small-coop,AlphaEarthCoop,global_so2sat,shallow_cnn,scnn_32-64,small,3,7,1166
newarch-cls-shallow-cnn-small-coop,AlphaEarthCoop,global_so2sat,shallow_cnn,scnn_32-64,small,3,8,13
newarch-cls-shallow-cnn-small-coop,AlphaEarthCoop,global_so2sat,shallow_cnn,scnn_32-64,small,3,9,8
newarch-cls-shallow-cnn-small-coop,AlphaEarthCoop,global_so2sat,shallow_cnn,scnn_32-64,small,3,10,3
newarch-cls-shallow-cnn-small-coop,AlphaEarthCoop,global_so2sat,shallow_cnn,scnn_32-64,small,3,11,0
newarch-cls-shallow-cnn-small-coop,AlphaEarthCoop,global_so2sat,shallow_cnn,scnn_32-64,small,3,12,0
newarch-cls-shallow-cnn-small-coop,AlphaEarthCoop,global_so2sat,shallow_cnn,scnn_32-64,small,3,13,0
newarch-cls-shallow-cnn-small-coop,AlphaEarthCoop,global_so2sat,shallow_cnn,scnn_32-64,small,3,14,3
newarch-cls-shallow-cnn-small-coop,AlphaEarthCoop,global_so2sat,shallow_cnn,scnn_32-64,small,3,15,16
newarch-cls-shallow-cnn-small-coop,AlphaEarthCoop,global_so2sat,shallow_cnn,scnn_32-64,small,3,16,0
newarch-cls-shallow-cnn-small-coop,AlphaEarthCoop,global_so2sat,shallow_cnn,scnn_32-64,small,3,17,0
newarch-cls-shallow-cnn-small-coop,AlphaEarthCoop,global_so2sat,shallow_cnn,scnn_32-64,small,4,1,13
newarch-cls-shallow-cnn-small-coop,AlphaEarthCoop,global_so2sat,shallow_cnn,scnn_32-64,small,4,2,27
newarch-cls-shallow-cnn-small-coop,AlphaEarthCoop,global_so2sat,shallow_cnn,scnn_32-64,small,4,3,3
newarch-cls-shallow-cnn-small-coop,AlphaEarthCoop,global_so2sat,shallow_cnn,scnn_32-64,small,4,4,386
newarch-cls-shallow-cnn-small-coop,AlphaEarthCoop,global_so2sat,shallow_cnn,scnn_32-64,small,4,5,10
newarch-cls-shallow-cnn-small-coop,AlphaEarthCoop,global_so2sat,shallow_cnn,scnn_32-64,small,4,6,23
newarch-cls-shallow-cnn-small-coop,AlphaEarthCoop,global_so2sat,shallow_cnn,scnn_32-64,small,4,7,170
newarch-cls-shallow-cnn-small-coop,AlphaEarthCoop,global_so2sat,shallow_cnn,scnn_32-64,small,4,8,66
newarch-cls-shallow-cnn-small-coop,AlphaEarthCoop,global_so2sat,shallow_cnn,scnn_32-64,small,4,9,144
newarch-cls-shallow-cnn-small-coop,AlphaEarthCoop,global_so2sat,shallow_cnn,scnn_32-64,small,4,10,11
newarch-cls-shallow-cnn-small-coop,AlphaEarthCoop,global_so2sat,shallow_cnn,scnn_32-64,small,4,11,0
newarch-cls-shallow-cnn-small-coop,AlphaEarthCoop,global_so2sat,shallow_cnn,scnn_32-64,small,4,12,0
newarch-cls-shallow-cnn-small-coop,AlphaEarthCoop,global_so2sat,shallow_cnn,scnn_32-64,small,4,13,0
newarch-cls-shallow-cnn-small-coop,AlphaEarthCoop,global_so2sat,shallow_cnn,scnn_32-64,small,4,14,0
newarch-cls-shallow-cnn-small-coop,AlphaEarthCoop,global_so2sat,shallow_cnn,scnn_32-64,small,4,15,0
newarch-cls-shallow-cnn-small-coop,AlphaEarthCoop,global_so2sat,shallow_cnn,scnn_32-64,small,4,16,4
newarch-cls-shallow-cnn-small-coop,AlphaEarthCoop,global_so2sat,shallow_cnn,scnn_32-64,small,4,17,0
newarch-cls-shallow-cnn-small-coop,AlphaEarthCoop,global_so2sat,shallow_cnn,scnn_32-64,small,5,1,2
newarch-cls-shallow-cnn-small-coop,AlphaEarthCoop,global_so2sat,shallow_cnn,scnn_32-64,small,5,2,10
newarch-cls-shallow-cnn-small-coop,AlphaEarthCoop,global_so2sat,shallow_cnn,scnn_32-64,small,5,3,66
newarch-cls-shallow-cnn-small-coop,AlphaEarthCoop,global_so2sat,shallow_cnn,scnn_32-64,small,5,4,40
newarch-cls-shallow-cnn-small-coop,AlphaEarthCoop,global_so2sat,shallow_cnn,scnn_32-64,small,5,5,199
newarch-cls-shallow-cnn-small-coop,AlphaEarthCoop,global_so2sat,shallow_cnn,scnn_32-64,small,5,6,57
newarch-cls-shallow-cnn-small-coop,AlphaEarthCoop,global_so2sat,shallow_cnn,scnn_32-64,small,5,7,175
newarch-cls-shallow-cnn-small-coop,AlphaEarthCoop,global_so2sat,shallow_cnn,scnn_32-64,small,5,8,15
newarch-cls-shallow-cnn-small-coop,AlphaEarthCoop,global_so2sat,shallow_cnn,scnn_32-64,small,5,9,197
newarch-cls-shallow-cnn-small-coop,AlphaEarthCoop,global_so2sat,shallow_cnn,scnn_32-64,small,5,10,2
newarch-cls-shallow-cnn-small-coop,AlphaEarthCoop,global_so2sat,shallow_cnn,scnn_32-64,small,5,11,0
newarch-cls-shallow-cnn-small-coop,AlphaEarthCoop,global_so2sat,shallow_cnn,scnn_32-64,small,5,12,0
newarch-cls-shallow-cnn-small-coop,AlphaEarthCoop,global_so2sat,shallow_cnn,scnn_32-64,small,5,13,0
newarch-cls-shallow-cnn-small-coop,AlphaEarthCoop,global_so2sat,shallow_cnn,scnn_32-64,small,5,14,0
newarch-cls-shallow-cnn-small-coop,AlphaEarthCoop,global_so2sat,shallow_cnn,scnn_32-64,small,5,15,0
newarch-cls-shallow-cnn-small-coop,AlphaEarthCoop,global_so2sat,shallow_cnn,scnn_32-64,small,5,16,0
newarch-cls-shallow-cnn-small-coop,AlphaEarthCoop,global_so2sat,shallow_cnn,scnn_32-64,small,5,17,0
newarch-cls-shallow-cnn-small-coop,AlphaEarthCoop,global_so2sat,shallow_cnn,scnn_32-64,small,6,1,5
newarch-cls-shallow-cnn-small-coop,AlphaEarthCoop,global_so2sat,shallow_cnn,scnn_32-64,small,6,2,6
newarch-cls-shallow-cnn-small-coop,AlphaEarthCoop,global_so2sat,shallow_cnn,scnn_32-64,small,6,3,201
newarch-cls-shallow-cnn-small-coop,AlphaEarthCoop,global_so2sat,shallow_cnn,scnn_32-64,small,6,4,18
newarch-cls-shallow-cnn-small-coop,AlphaEarthCoop,global_so2sat,shallow_cnn,scnn_32-64,small,6,5,31
newarch-cls-shallow-cnn-small-coop,AlphaEarthCoop,global_so2sat,shallow_cnn,scnn_32-64,small,6,6,1198
newarch-cls-shallow-cnn-small-coop,AlphaEarthCoop,global_so2sat,shallow_cnn,scnn_32-64,small,6,7,324
newarch-cls-shallow-cnn-small-coop,AlphaEarthCoop,global_so2sat,shallow_cnn,scnn_32-64,small,6,8,9
newarch-cls-shallow-cnn-small-coop,AlphaEarthCoop,global_so2sat,shallow_cnn,scnn_32-64,small,6,9,71
newarch-cls-shallow-cnn-small-coop,AlphaEarthCoop,global_so2sat,shallow_cnn,scnn_32-64,small,6,10,3
newarch-cls-shallow-cnn-small-coop,AlphaEarthCoop,global_so2sat,shallow_cnn,scnn_32-64,small,6,11,0
newarch-cls-shallow-cnn-small-coop,AlphaEarthCoop,global_so2sat,shallow_cnn,scnn_32-64,small,6,12,0
newarch-cls-shallow-cnn-small-coop,AlphaEarthCoop,global_so2sat,shallow_cnn,scnn_32-64,small,6,13,42
newarch-cls-shallow-cnn-small-coop,AlphaEarthCoop,global_so2sat,shallow_cnn,scnn_32-64,small,6,14,15
newarch-cls-shallow-cnn-small-coop,AlphaEarthCoop,global_so2sat,shallow_cnn,scnn_32-64,small,6,15,6
newarch-cls-shallow-cnn-small-coop,AlphaEarthCoop,global_so2sat,shallow_cnn,scnn_32-64,small,6,16,7
newarch-cls-shallow-cnn-small-coop,AlphaEarthCoop,global_so2sat,shallow_cnn,scnn_32-64,small,6,17,0
newarch-cls-shallow-cnn-small-coop,AlphaEarthCoop,global_so2sat,shallow_cnn,scnn_32-64,small,7,1,1
newarch-cls-shallow-cnn-small-coop,AlphaEarthCoop,global_so2sat,shallow_cnn,scnn_32-64,small,7,2,55
newarch-cls-shallow-cnn-small-coop,AlphaEarthCoop,global_so2sat,shallow_cnn,scnn_32-64,small,7,3,2
newarch-cls-shallow-cnn-small-coop,AlphaEarthCoop,global_so2sat,shallow_cnn,scnn_32-64,small,7,4,0
newarch-cls-shallow-cnn-small-coop,AlphaEarthCoop,global_so2sat,shallow_cnn,scnn_32-64,small,7,5,0
newarch-cls-shallow-cnn-small-coop,AlphaEarthCoop,global_so2sat,shallow_cnn,scnn_32-64,small,7,6,0
newarch-cls-shallow-cnn-small-coop,AlphaEarthCoop,global_so2sat,shallow_cnn,scnn_32-64,small,7,7,433
newarch-cls-shallow-cnn-small-coop,AlphaEarthCoop,global_so2sat,shallow_cnn,scnn_32-64,small,7,8,1
newarch-cls-shallow-cnn-small-coop,AlphaEarthCoop,global_so2sat,shallow_cnn,scnn_32-64,small,7,9,7
newarch-cls-shallow-cnn-small-coop,AlphaEarthCoop,global_so2sat,shallow_cnn,scnn_32-64,small,7,10,4
newarch-cls-shallow-cnn-small-coop,AlphaEarthCoop,global_so2sat,shallow_cnn,scnn_32-64,small,7,11,0
newarch-cls-shallow-cnn-small-coop,AlphaEarthCoop,global_so2sat,shallow_cnn,scnn_32-64,small,7,12,0
newarch-cls-shallow-cnn-small-coop,AlphaEarthCoop,global_so2sat,shallow_cnn,scnn_32-64,small,7,13,0
newarch-cls-shallow-cnn-small-coop,AlphaEarthCoop,global_so2sat,shallow_cnn,scnn_32-64,small,7,14,0
newarch-cls-shallow-cnn-small-coop,AlphaEarthCoop,global_so2sat,shallow_cnn,scnn_32-64,small,7,15,0
newarch-cls-shallow-cnn-small-coop,AlphaEarthCoop,global_so2sat,shallow_cnn,scnn_32-64,small,7,16,0
newarch-cls-shallow-cnn-small-coop,AlphaEarthCoop,global_so2sat,shallow_cnn,scnn_32-64,small,7,17,0
newarch-cls-shallow-cnn-small-coop,AlphaEarthCoop,global_so2sat,shallow_cnn,scnn_32-64,small,8,1,46
newarch-cls-shallow-cnn-small-coop,AlphaEarthCoop,global_so2sat,shallow_cnn,scnn_32-64,small,8,2,2
newarch-cls-shallow-cnn-small-coop,AlphaEarthCoop,global_so2sat,shallow_cnn,scnn_32-64,small,8,3,32
newarch-cls-shallow-cnn-small-coop,AlphaEarthCoop,global_so2sat,shallow_cnn,scnn_32-64,small,8,4,32
newarch-cls-shallow-cnn-small-coop,AlphaEarthCoop,global_so2sat,shallow_cnn,scnn_32-64,small,8,5,5
newarch-cls-shallow-cnn-small-coop,AlphaEarthCoop,global_so2sat,shallow_cnn,scnn_32-64,small,8,6,40
newarch-cls-shallow-cnn-small-coop,AlphaEarthCoop,global_so2sat,shallow_cnn,scnn_32-64,small,8,7,1417
newarch-cls-shallow-cnn-small-coop,AlphaEarthCoop,global_so2sat,shallow_cnn,scnn_32-64,small,8,8,1522
newarch-cls-shallow-cnn-small-coop,AlphaEarthCoop,global_so2sat,shallow_cnn,scnn_32-64,small,8,9,55
newarch-cls-shallow-cnn-small-coop,AlphaEarthCoop,global_so2sat,shallow_cnn,scnn_32-64,small,8,10,118
newarch-cls-shallow-cnn-small-coop,AlphaEarthCoop,global_so2sat,shallow_cnn,scnn_32-64,small,8,11,0
newarch-cls-shallow-cnn-small-coop,AlphaEarthCoop,global_so2sat,shallow_cnn,scnn_32-64,small,8,12,0
newarch-cls-shallow-cnn-small-coop,AlphaEarthCoop,global_so2sat,shallow_cnn,scnn_32-64,small,8,13,1
newarch-cls-shallow-cnn-small-coop,AlphaEarthCoop,global_so2sat,shallow_cnn,scnn_32-64,small,8,14,3
newarch-cls-shallow-cnn-small-coop,AlphaEarthCoop,global_so2sat,shallow_cnn,scnn_32-64,small,8,15,222
newarch-cls-shallow-cnn-small-coop,AlphaEarthCoop,global_so2sat,shallow_cnn,scnn_32-64,small,8,16,1
newarch-cls-shallow-cnn-small-coop,AlphaEarthCoop,global_so2sat,shallow_cnn,scnn_32-64,small,8,17,0
newarch-cls-shallow-cnn-small-coop,AlphaEarthCoop,global_so2sat,shallow_cnn,scnn_32-64,small,9,1,0
newarch-cls-shallow-cnn-small-coop,AlphaEarthCoop,global_so2sat,shallow_cnn,scnn_32-64,small,9,2,36
newarch-cls-shallow-cnn-small-coop,AlphaEarthCoop,global_so2sat,shallow_cnn,scnn_32-64,small,9,3,25
newarch-cls-shallow-cnn-small-coop,AlphaEarthCoop,global_so2sat,shallow_cnn,scnn_32-64,small,9,4,1
newarch-cls-shallow-cnn-small-coop,AlphaEarthCoop,global_so2sat,shallow_cnn,scnn_32-64,small,9,5,0
newarch-cls-shallow-cnn-small-coop,AlphaEarthCoop,global_so2sat,shallow_cnn,scnn_32-64,small,9,6,842
newarch-cls-shallow-cnn-small-coop,AlphaEarthCoop,global_so2sat,shallow_cnn,scnn_32-64,small,9,7,330
newarch-cls-shallow-cnn-small-coop,AlphaEarthCoop,global_so2sat,shallow_cnn,scnn_32-64,small,9,8,0
newarch-cls-shallow-cnn-small-coop,AlphaEarthCoop,global_so2sat,shallow_cnn,scnn_32-64,small,9,9,611
newarch-cls-shallow-cnn-small-coop,AlphaEarthCoop,global_so2sat,shallow_cnn,scnn_32-64,small,9,10,0
newarch-cls-shallow-cnn-small-coop,AlphaEarthCoop,global_so2sat,shallow_cnn,scnn_32-64,small,9,11,18
newarch-cls-shallow-cnn-small-coop,AlphaEarthCoop,global_so2sat,shallow_cnn,scnn_32-64,small,9,12,15
newarch-cls-shallow-cnn-small-coop,AlphaEarthCoop,global_so2sat,shallow_cnn,scnn_32-64,small,9,13,86
newarch-cls-shallow-cnn-small-coop,AlphaEarthCoop,global_so2sat,shallow_cnn,scnn_32-64,small,9,14,25
newarch-cls-shallow-cnn-small-coop,AlphaEarthCoop,global_so2sat,shallow_cnn,scnn_32-64,small,9,15,13
newarch-cls-shallow-cnn-small-coop,AlphaEarthCoop,global_so2sat,shallow_cnn,scnn_32-64,small,9,16,6
newarch-cls-shallow-cnn-small-coop,AlphaEarthCoop,global_so2sat,shallow_cnn,scnn_32-64,small,9,17,5
newarch-cls-shallow-cnn-small-coop,AlphaEarthCoop,global_so2sat,shallow_cnn,scnn_32-64,small,10,1,6
newarch-cls-shallow-cnn-small-coop,AlphaEarthCoop,global_so2sat,shallow_cnn,scnn_32-64,small,10,2,3
newarch-cls-shallow-cnn-small-coop,AlphaEarthCoop,global_so2sat,shallow_cnn,scnn_32-64,small,10,3,31
newarch-cls-shallow-cnn-small-coop,AlphaEarthCoop,global_so2sat,shallow_cnn,scnn_32-64,small,10,4,12
newarch-cls-shallow-cnn-small-coop,AlphaEarthCoop,global_so2sat,shallow_cnn,scnn_32-64,small,10,5,0
newarch-cls-shallow-cnn-small-coop,AlphaEarthCoop,global_so2sat,shallow_cnn,scnn_32-64,small,10,6,14
newarch-cls-shallow-cnn-small-coop,AlphaEarthCoop,global_so2sat,shallow_cnn,scnn_32-64,small,10,7,196
newarch-cls-shallow-cnn-small-coop,AlphaEarthCoop,global_so2sat,shallow_cnn,scnn_32-64,small,10,8,269
newarch-cls-shallow-cnn-small-coop,AlphaEarthCoop,global_so2sat,shallow_cnn,scnn_32-64,small,10,9,68
newarch-cls-shallow-cnn-small-coop,AlphaEarthCoop,global_so2sat,shallow_cnn,scnn_32-64,small,10,10,200
newarch-cls-shallow-cnn-small-coop,AlphaEarthCoop,global_so2sat,shallow_cnn,scnn_32-64,small,10,11,0
newarch-cls-shallow-cnn-small-coop,AlphaEarthCoop,global_so2sat,shallow_cnn,scnn_32-64,small,10,12,0
newarch-cls-shallow-cnn-small-coop,AlphaEarthCoop,global_so2sat,shallow_cnn,scnn_32-64,small,10,13,1
newarch-cls-shallow-cnn-small-coop,AlphaEarthCoop,global_so2sat,shallow_cnn,scnn_32-64,small,10,14,29
newarch-cls-shallow-cnn-small-coop,AlphaEarthCoop,global_so2sat,shallow_cnn,scnn_32-64,small,10,15,68
newarch-cls-shallow-cnn-small-coop,AlphaEarthCoop,global_so2sat,shallow_cnn,scnn_32-64,small,10,16,11
newarch-cls-shallow-cnn-small-coop,AlphaEarthCoop,global_so2sat,shallow_cnn,scnn_32-64,small,10,17,0
newarch-cls-shallow-cnn-small-coop,AlphaEarthCoop,global_so2sat,shallow_cnn,scnn_32-64,small,11,1,0
newarch-cls-shallow-cnn-small-coop,AlphaEarthCoop,global_so2sat,shallow_cnn,scnn_32-64,small,11,2,0
newarch-cls-shallow-cnn-small-coop,AlphaEarthCoop,global_so2sat,shallow_cnn,scnn_32-64,small,11,3,0
newarch-cls-shallow-cnn-small-coop,AlphaEarthCoop,global_so2sat,shallow_cnn,scnn_32-64,small,11,4,0
newarch-cls-shallow-cnn-small-coop,AlphaEarthCoop,global_so2sat,shallow_cnn,scnn_32-64,small,11,5,0
newarch-cls-shallow-cnn-small-coop,AlphaEarthCoop,global_so2sat,shallow_cnn,scnn_32-64,small,11,6,8
newarch-cls-shallow-cnn-small-coop,AlphaEarthCoop,global_so2sat,shallow_cnn,scnn_32-64,small,11,7,208
newarch-cls-shallow-cnn-small-coop,AlphaEarthCoop,global_so2sat,shallow_cnn,scnn_32-64,small,11,8,0
newarch-cls-shallow-cnn-small-coop,AlphaEarthCoop,global_so2sat,shallow_cnn,scnn_32-64,small,11,9,34
newarch-cls-shallow-cnn-small-coop,AlphaEarthCoop,global_so2sat,shallow_cnn,scnn_32-64,small,11,10,0
newarch-cls-shallow-cnn-small-coop,AlphaEarthCoop,global_so2sat,shallow_cnn,scnn_32-64,small,11,11,1737
newarch-cls-shallow-cnn-small-coop,AlphaEarthCoop,global_so2sat,shallow_cnn,scnn_32-64,small,11,12,235
newarch-cls-shallow-cnn-small-coop,AlphaEarthCoop,global_so2sat,shallow_cnn,scnn_32-64,small,11,13,144
newarch-cls-shallow-cnn-small-coop,AlphaEarthCoop,global_so2sat,shallow_cnn,scnn_32-64,small,11,14,0
newarch-cls-shallow-cnn-small-coop,AlphaEarthCoop,global_so2sat,shallow_cnn,scnn_32-64,small,11,15,0
newarch-cls-shallow-cnn-small-coop,AlphaEarthCoop,global_so2sat,shallow_cnn,scnn_32-64,small,11,16,2
newarch-cls-shallow-cnn-small-coop,AlphaEarthCoop,global_so2sat,shallow_cnn,scnn_32-64,small,11,17,0
newarch-cls-shallow-cnn-small-coop,AlphaEarthCoop,global_so2sat,shallow_cnn,scnn_32-64,small,12,1,0
newarch-cls-shallow-cnn-small-coop,AlphaEarthCoop,global_so2sat,shallow_cnn,scnn_32-64,small,12,2,0
newarch-cls-shallow-cnn-small-coop,AlphaEarthCoop,global_so2sat,shallow_cnn,scnn_32-64,small,12,3,0
newarch-cls-shallow-cnn-small-coop,AlphaEarthCoop,global_so2sat,shallow_cnn,scnn_32-64,small,12,4,0
newarch-cls-shallow-cnn-small-coop,AlphaEarthCoop,global_so2sat,shallow_cnn,scnn_32-64,small,12,5,0
newarch-cls-shallow-cnn-small-coop,AlphaEarthCoop,global_so2sat,shallow_cnn,scnn_32-64,small,12,6,84
newarch-cls-shallow-cnn-small-coop,AlphaEarthCoop,global_so2sat,shallow_cnn,scnn_32-64,small,12,7,11
newarch-cls-shallow-cnn-small-coop,AlphaEarthCoop,global_so2sat,shallow_cnn,scnn_32-64,small,12,8,0
newarch-cls-shallow-cnn-small-coop,AlphaEarthCoop,global_so2sat,shallow_cnn,scnn_32-64,small,12,9,61
newarch-cls-shallow-cnn-small-coop,AlphaEarthCoop,global_so2sat,shallow_cnn,scnn_32-64,small,12,10,0
newarch-cls-shallow-cnn-small-coop,AlphaEarthCoop,global_so2sat,shallow_cnn,scnn_32-64,small,12,11,65
newarch-cls-shallow-cnn-small-coop,AlphaEarthCoop,global_so2sat,shallow_cnn,scnn_32-64,small,12,12,135
newarch-cls-shallow-cnn-small-coop,AlphaEarthCoop,global_so2sat,shallow_cnn,scnn_32-64,small,12,13,43
newarch-cls-shallow-cnn-small-coop,AlphaEarthCoop,global_so2sat,shallow_cnn,scnn_32-64,small,12,14,31
newarch-cls-shallow-cnn-small-coop,AlphaEarthCoop,global_so2sat,shallow_cnn,scnn_32-64,small,12,15,0
newarch-cls-shallow-cnn-small-coop,AlphaEarthCoop,global_so2sat,shallow_cnn,scnn_32-64,small,12,16,3
newarch-cls-shallow-cnn-small-coop,AlphaEarthCoop,global_so2sat,shallow_cnn,scnn_32-64,small,12,17,0
newarch-cls-shallow-cnn-small-coop,AlphaEarthCoop,global_so2sat,shallow_cnn,scnn_32-64,small,13,1,0
newarch-cls-shallow-cnn-small-coop,AlphaEarthCoop,global_so2sat,shallow_cnn,scnn_32-64,small,13,2,0
newarch-cls-shallow-cnn-small-coop,AlphaEarthCoop,global_so2sat,shallow_cnn,scnn_32-64,small,13,3,0
newarch-cls-shallow-cnn-small-coop,AlphaEarthCoop,global_so2sat,shallow_cnn,scnn_32-64,small,13,4,0
newarch-cls-shallow-cnn-small-coop,AlphaEarthCoop,global_so2sat,shallow_cnn,scnn_32-64,small,13,5,0
newarch-cls-shallow-cnn-small-coop,AlphaEarthCoop,global_so2sat,shallow_cnn,scnn_32-64,small,13,6,0
newarch-cls-shallow-cnn-small-coop,AlphaEarthCoop,global_so2sat,shallow_cnn,scnn_32-64,small,13,7,23
newarch-cls-shallow-cnn-small-coop,AlphaEarthCoop,global_so2sat,shallow_cnn,scnn_32-64,small,13,8,0
newarch-cls-shallow-cnn-small-coop,AlphaEarthCoop,global_so2sat,shallow_cnn,scnn_32-64,small,13,9,32
newarch-cls-shallow-cnn-small-coop,AlphaEarthCoop,global_so2sat,shallow_cnn,scnn_32-64,small,13,10,0
newarch-cls-shallow-cnn-small-coop,AlphaEarthCoop,global_so2sat,shallow_cnn,scnn_32-64,small,13,11,18
newarch-cls-shallow-cnn-small-coop,AlphaEarthCoop,global_so2sat,shallow_cnn,scnn_32-64,small,13,12,4
newarch-cls-shallow-cnn-small-coop,AlphaEarthCoop,global_so2sat,shallow_cnn,scnn_32-64,small,13,13,648
newarch-cls-shallow-cnn-small-coop,AlphaEarthCoop,global_so2sat,shallow_cnn,scnn_32-64,small,13,14,243
newarch-cls-shallow-cnn-small-coop,AlphaEarthCoop,global_so2sat,shallow_cnn,scnn_32-64,small,13,15,133
newarch-cls-shallow-cnn-small-coop,AlphaEarthCoop,global_so2sat,shallow_cnn,scnn_32-64,small,13,16,65
newarch-cls-shallow-cnn-small-coop,AlphaEarthCoop,global_so2sat,shallow_cnn,scnn_32-64,small,13,17,0
newarch-cls-shallow-cnn-small-coop,AlphaEarthCoop,global_so2sat,shallow_cnn,scnn_32-64,small,14,1,0
newarch-cls-shallow-cnn-small-coop,AlphaEarthCoop,global_so2sat,shallow_cnn,scnn_32-64,small,14,2,0
newarch-cls-shallow-cnn-small-coop,AlphaEarthCoop,global_so2sat,shallow_cnn,scnn_32-64,small,14,3,16
newarch-cls-shallow-cnn-small-coop,AlphaEarthCoop,global_so2sat,shallow_cnn,scnn_32-64,small,14,4,2
newarch-cls-shallow-cnn-small-coop,AlphaEarthCoop,global_so2sat,shallow_cnn,scnn_32-64,small,14,5,0
newarch-cls-shallow-cnn-small-coop,AlphaEarthCoop,global_so2sat,shallow_cnn,scnn_32-64,small,14,6,0
newarch-cls-shallow-cnn-small-coop,AlphaEarthCoop,global_so2sat,shallow_cnn,scnn_32-64,small,14,7,303
newarch-cls-shallow-cnn-small-coop,AlphaEarthCoop,global_so2sat,shallow_cnn,scnn_32-64,small,14,8,3
newarch-cls-shallow-cnn-small-coop,AlphaEarthCoop,global_so2sat,shallow_cnn,scnn_32-64,small,14,9,155
newarch-cls-shallow-cnn-small-coop,AlphaEarthCoop,global_so2sat,shallow_cnn,scnn_32-64,small,14,10,61
newarch-cls-shallow-cnn-small-coop,AlphaEarthCoop,global_so2sat,shallow_cnn,scnn_32-64,small,14,11,4
newarch-cls-shallow-cnn-small-coop,AlphaEarthCoop,global_so2sat,shallow_cnn,scnn_32-64,small,14,12,5
newarch-cls-shallow-cnn-small-coop,AlphaEarthCoop,global_so2sat,shallow_cnn,scnn_32-64,small,14,13,7
newarch-cls-shallow-cnn-small-coop,AlphaEarthCoop,global_so2sat,shallow_cnn,scnn_32-64,small,14,14,1777
newarch-cls-shallow-cnn-small-coop,AlphaEarthCoop,global_so2sat,shallow_cnn,scnn_32-64,small,14,15,0
newarch-cls-shallow-cnn-small-coop,AlphaEarthCoop,global_so2sat,shallow_cnn,scnn_32-64,small,14,16,61
newarch-cls-shallow-cnn-small-coop,AlphaEarthCoop,global_so2sat,shallow_cnn,scnn_32-64,small,14,17,41
newarch-cls-shallow-cnn-small-coop,AlphaEarthCoop,global_so2sat,shallow_cnn,scnn_32-64,small,15,1,3
newarch-cls-shallow-cnn-small-coop,AlphaEarthCoop,global_so2sat,shallow_cnn,scnn_32-64,small,15,2,0
newarch-cls-shallow-cnn-small-coop,AlphaEarthCoop,global_so2sat,shallow_cnn,scnn_32-64,small,15,3,0
newarch-cls-shallow-cnn-small-coop,AlphaEarthCoop,global_so2sat,shallow_cnn,scnn_32-64,small,15,4,0
newarch-cls-shallow-cnn-small-coop,AlphaEarthCoop,global_so2sat,shallow_cnn,scnn_32-64,small,15,5,0
newarch-cls-shallow-cnn-small-coop,AlphaEarthCoop,global_so2sat,shallow_cnn,scnn_32-64,small,15,6,0
newarch-cls-shallow-cnn-small-coop,AlphaEarthCoop,global_so2sat,shallow_cnn,scnn_32-64,small,15,7,27
newarch-cls-shallow-cnn-small-coop,AlphaEarthCoop,global_so2sat,shallow_cnn,scnn_32-64,small,15,8,11
newarch-cls-shallow-cnn-small-coop,AlphaEarthCoop,global_so2sat,shallow_cnn,scnn_32-64,small,15,9,0
newarch-cls-shallow-cnn-small-coop,AlphaEarthCoop,global_so2sat,shallow_cnn,scnn_32-64,small,15,10,20
newarch-cls-shallow-cnn-small-coop,AlphaEarthCoop,global_so2sat,shallow_cnn,scnn_32-64,small,15,11,0
newarch-cls-shallow-cnn-small-coop,AlphaEarthCoop,global_so2sat,shallow_cnn,scnn_32-64,small,15,12,0
newarch-cls-shallow-cnn-small-coop,AlphaEarthCoop,global_so2sat,shallow_cnn,scnn_32-64,small,15,13,0
newarch-cls-shallow-cnn-small-coop,AlphaEarthCoop,global_so2sat,shallow_cnn,scnn_32-64,small,15,14,0
newarch-cls-shallow-cnn-small-coop,AlphaEarthCoop,global_so2sat,shallow_cnn,scnn_32-64,small,15,15,143
newarch-cls-shallow-cnn-small-coop,AlphaEarthCoop,global_so2sat,shallow_cnn,scnn_32-64,small,15,16,1
newarch-cls-shallow-cnn-small-coop,AlphaEarthCoop,global_so2sat,shallow_cnn,scnn_32-64,small,15,17,0
newarch-cls-shallow-cnn-small-coop,AlphaEarthCoop,global_so2sat,shallow_cnn,scnn_32-64,small,16,1,0
newarch-cls-shallow-cnn-small-coop,AlphaEarthCoop,global_so2sat,shallow_cnn,scnn_32-64,small,16,2,0
newarch-cls-shallow-cnn-small-coop,AlphaEarthCoop,global_so2sat,shallow_cnn,scnn_32-64,small,16,3,0
newarch-cls-shallow-cnn-small-coop,AlphaEarthCoop,global_so2sat,shallow_cnn,scnn_32-64,small,16,4,0
newarch-cls-shallow-cnn-small-coop,AlphaEarthCoop,global_so2sat,shallow_cnn,scnn_32-64,small,16,5,0
newarch-cls-shallow-cnn-small-coop,AlphaEarthCoop,global_so2sat,shallow_cnn,scnn_32-64,small,16,6,0
newarch-cls-shallow-cnn-small-coop,AlphaEarthCoop,global_so2sat,shallow_cnn,scnn_32-64,small,16,7,19
newarch-cls-shallow-cnn-small-coop,AlphaEarthCoop,global_so2sat,shallow_cnn,scnn_32-64,small,16,8,0
newarch-cls-shallow-cnn-small-coop,AlphaEarthCoop,global_so2sat,shallow_cnn,scnn_32-64,small,16,9,13
newarch-cls-shallow-cnn-small-coop,AlphaEarthCoop,global_so2sat,shallow_cnn,scnn_32-64,small,16,10,1
newarch-cls-shallow-cnn-small-coop,AlphaEarthCoop,global_so2sat,shallow_cnn,scnn_32-64,small,16,11,0
newarch-cls-shallow-cnn-small-coop,AlphaEarthCoop,global_so2sat,shallow_cnn,scnn_32-64,small,16,12,0
newarch-cls-shallow-cnn-small-coop,AlphaEarthCoop,global_so2sat,shallow_cnn,scnn_32-64,small,16,13,348
newarch-cls-shallow-cnn-small-coop,AlphaEarthCoop,global_so2sat,shallow_cnn,scnn_32-64,small,16,14,56
newarch-cls-shallow-cnn-small-coop,AlphaEarthCoop,global_so2sat,shallow_cnn,scnn_32-64,small,16,15,66
newarch-cls-shallow-cnn-small-coop,AlphaEarthCoop,global_so2sat,shallow_cnn,scnn_32-64,small,16,16,69
newarch-cls-shallow-cnn-small-coop,AlphaEarthCoop,global_so2sat,shallow_cnn,scnn_32-64,small,16,17,0
newarch-cls-shallow-cnn-small-coop,AlphaEarthCoop,global_so2sat,shallow_cnn,scnn_32-64,small,17,1,0
newarch-cls-shallow-cnn-small-coop,AlphaEarthCoop,global_so2sat,shallow_cnn,scnn_32-64,small,17,2,0
newarch-cls-shallow-cnn-small-coop,AlphaEarthCoop,global_so2sat,shallow_cnn,scnn_32-64,small,17,3,0
newarch-cls-shallow-cnn-small-coop,AlphaEarthCoop,global_so2sat,shallow_cnn,scnn_32-64,small,17,4,15
newarch-cls-shallow-cnn-small-coop,AlphaEarthCoop,global_so2sat,shallow_cnn,scnn_32-64,small,17,5,0
newarch-cls-shallow-cnn-small-coop,AlphaEarthCoop,global_so2sat,shallow_cnn,scnn_32-64,small,17,6,1
newarch-cls-shallow-cnn-small-coop,AlphaEarthCoop,global_so2sat,shallow_cnn,scnn_32-64,small,17,7,0
newarch-cls-shallow-cnn-small-coop,AlphaEarthCoop,global_so2sat,shallow_cnn,scnn_32-64,small,17,8,3
newarch-cls-shallow-cnn-small-coop,AlphaEarthCoop,global_so2sat,shallow_cnn,scnn_32-64,small,17,9,3
newarch-cls-shallow-cnn-small-coop,AlphaEarthCoop,global_so2sat,shallow_cnn,scnn_32-64,small,17,10,2
newarch-cls-shallow-cnn-small-coop,AlphaEarthCoop,global_so2sat,shallow_cnn,scnn_32-64,small,17,11,0
newarch-cls-shallow-cnn-small-coop,AlphaEarthCoop,global_so2sat,shallow_cnn,scnn_32-64,small,17,12,0
newarch-cls-shallow-cnn-small-coop,AlphaEarthCoop,global_so2sat,shallow_cnn,scnn_32-64,small,17,13,1
newarch-cls-shallow-cnn-small-coop,AlphaEarthCoop,global_so2sat,shallow_cnn,scnn_32-64,small,17,14,1
newarch-cls-shallow-cnn-small-coop,AlphaEarthCoop,global_so2sat,shallow_cnn,scnn_32-64,small,17,15,0
newarch-cls-shallow-cnn-small-coop,AlphaEarthCoop,global_so2sat,shallow_cnn,scnn_32-64,small,17,16,6
newarch-cls-shallow-cnn-small-coop,AlphaEarthCoop,global_so2sat,shallow_cnn,scnn_32-64,small,17,17,2172
coop-origtest-mobilenet-nano,AlphaEarthCoop,grid_orig_test,mobilenet,mobilenetv3_small_050,nano,1,1,228
coop-origtest-mobilenet-nano,AlphaEarthCoop,grid_orig_test,mobilenet,mobilenetv3_small_050,nano,1,2,3
coop-origtest-mobilenet-nano,AlphaEarthCoop,grid_orig_test,mobilenet,mobilenetv3_small_050,nano,1,3,0
coop-origtest-mobilenet-nano,AlphaEarthCoop,grid_orig_test,mobilenet,mobilenetv3_small_050,nano,1,4,22
coop-origtest-mobilenet-nano,AlphaEarthCoop,grid_orig_test,mobilenet,mobilenetv3_small_050,nano,1,5,0
coop-origtest-mobilenet-nano,AlphaEarthCoop,grid_orig_test,mobilenet,mobilenetv3_small_050,nano,1,6,0
coop-origtest-mobilenet-nano,AlphaEarthCoop,grid_orig_test,mobilenet,mobilenetv3_small_050,nano,1,7,0
coop-origtest-mobilenet-nano,AlphaEarthCoop,grid_orig_test,mobilenet,mobilenetv3_small_050,nano,1,8,2
coop-origtest-mobilenet-nano,AlphaEarthCoop,grid_orig_test,mobilenet,mobilenetv3_small_050,nano,1,9,0
coop-origtest-mobilenet-nano,AlphaEarthCoop,grid_orig_test,mobilenet,mobilenetv3_small_050,nano,1,10,11
coop-origtest-mobilenet-nano,AlphaEarthCoop,grid_orig_test,mobilenet,mobilenetv3_small_050,nano,1,11,0
coop-origtest-mobilenet-nano,AlphaEarthCoop,grid_orig_test,mobilenet,mobilenetv3_small_050,nano,1,12,0
coop-origtest-mobilenet-nano,AlphaEarthCoop,grid_orig_test,mobilenet,mobilenetv3_small_050,nano,1,13,0
coop-origtest-mobilenet-nano,AlphaEarthCoop,grid_orig_test,mobilenet,mobilenetv3_small_050,nano,1,14,0
coop-origtest-mobilenet-nano,AlphaEarthCoop,grid_orig_test,mobilenet,mobilenetv3_small_050,nano,1,15,0
coop-origtest-mobilenet-nano,AlphaEarthCoop,grid_orig_test,mobilenet,mobilenetv3_small_050,nano,1,16,0
coop-origtest-mobilenet-nano,AlphaEarthCoop,grid_orig_test,mobilenet,mobilenetv3_small_050,nano,1,17,0
coop-origtest-mobilenet-nano,AlphaEarthCoop,grid_orig_test,mobilenet,mobilenetv3_small_050,nano,2,1,98
coop-origtest-mobilenet-nano,AlphaEarthCoop,grid_orig_test,mobilenet,mobilenetv3_small_050,nano,2,2,844
coop-origtest-mobilenet-nano,AlphaEarthCoop,grid_orig_test,mobilenet,mobilenetv3_small_050,nano,2,3,9
coop-origtest-mobilenet-nano,AlphaEarthCoop,grid_orig_test,mobilenet,mobilenetv3_small_050,nano,2,4,47
coop-origtest-mobilenet-nano,AlphaEarthCoop,grid_orig_test,mobilenet,mobilenetv3_small_050,nano,2,5,89
coop-origtest-mobilenet-nano,AlphaEarthCoop,grid_orig_test,mobilenet,mobilenetv3_small_050,nano,2,6,4
coop-origtest-mobilenet-nano,AlphaEarthCoop,grid_orig_test,mobilenet,mobilenetv3_small_050,nano,2,7,111
coop-origtest-mobilenet-nano,AlphaEarthCoop,grid_orig_test,mobilenet,mobilenetv3_small_050,nano,2,8,35
coop-origtest-mobilenet-nano,AlphaEarthCoop,grid_orig_test,mobilenet,mobilenetv3_small_050,nano,2,9,0
coop-origtest-mobilenet-nano,AlphaEarthCoop,grid_orig_test,mobilenet,mobilenetv3_small_050,nano,2,10,9
coop-origtest-mobilenet-nano,AlphaEarthCoop,grid_orig_test,mobilenet,mobilenetv3_small_050,nano,2,11,0
coop-origtest-mobilenet-nano,AlphaEarthCoop,grid_orig_test,mobilenet,mobilenetv3_small_050,nano,2,12,0
coop-origtest-mobilenet-nano,AlphaEarthCoop,grid_orig_test,mobilenet,mobilenetv3_small_050,nano,2,13,0
coop-origtest-mobilenet-nano,AlphaEarthCoop,grid_orig_test,mobilenet,mobilenetv3_small_050,nano,2,14,0
coop-origtest-mobilenet-nano,AlphaEarthCoop,grid_orig_test,mobilenet,mobilenetv3_small_050,nano,2,15,5
coop-origtest-mobilenet-nano,AlphaEarthCoop,grid_orig_test,mobilenet,mobilenetv3_small_050,nano,2,16,0
coop-origtest-mobilenet-nano,AlphaEarthCoop,grid_orig_test,mobilenet,mobilenetv3_small_050,nano,2,17,0
coop-origtest-mobilenet-nano,AlphaEarthCoop,grid_orig_test,mobilenet,mobilenetv3_small_050,nano,3,1,14
coop-origtest-mobilenet-nano,AlphaEarthCoop,grid_orig_test,mobilenet,mobilenetv3_small_050,nano,3,2,83
coop-origtest-mobilenet-nano,AlphaEarthCoop,grid_orig_test,mobilenet,mobilenetv3_small_050,nano,3,3,1934
coop-origtest-mobilenet-nano,AlphaEarthCoop,grid_orig_test,mobilenet,mobilenetv3_small_050,nano,3,4,4
coop-origtest-mobilenet-nano,AlphaEarthCoop,grid_orig_test,mobilenet,mobilenetv3_small_050,nano,3,5,26
coop-origtest-mobilenet-nano,AlphaEarthCoop,grid_orig_test,mobilenet,mobilenetv3_small_050,nano,3,6,190
coop-origtest-mobilenet-nano,AlphaEarthCoop,grid_orig_test,mobilenet,mobilenetv3_small_050,nano,3,7,157
coop-origtest-mobilenet-nano,AlphaEarthCoop,grid_orig_test,mobilenet,mobilenetv3_small_050,nano,3,8,26
coop-origtest-mobilenet-nano,AlphaEarthCoop,grid_orig_test,mobilenet,mobilenetv3_small_050,nano,3,9,0
coop-origtest-mobilenet-nano,AlphaEarthCoop,grid_orig_test,mobilenet,mobilenetv3_small_050,nano,3,10,28
coop-origtest-mobilenet-nano,AlphaEarthCoop,grid_orig_test,mobilenet,mobilenetv3_small_050,nano,3,11,0
coop-origtest-mobilenet-nano,AlphaEarthCoop,grid_orig_test,mobilenet,mobilenetv3_small_050,nano,3,12,0
coop-origtest-mobilenet-nano,AlphaEarthCoop,grid_orig_test,mobilenet,mobilenetv3_small_050,nano,3,13,0
coop-origtest-mobilenet-nano,AlphaEarthCoop,grid_orig_test,mobilenet,mobilenetv3_small_050,nano,3,14,1
coop-origtest-mobilenet-nano,AlphaEarthCoop,grid_orig_test,mobilenet,mobilenetv3_small_050,nano,3,15,0
coop-origtest-mobilenet-nano,AlphaEarthCoop,grid_orig_test,mobilenet,mobilenetv3_small_050,nano,3,16,2
coop-origtest-mobilenet-nano,AlphaEarthCoop,grid_orig_test,mobilenet,mobilenetv3_small_050,nano,3,17,0
coop-origtest-mobilenet-nano,AlphaEarthCoop,grid_orig_test,mobilenet,mobilenetv3_small_050,nano,4,1,32
coop-origtest-mobilenet-nano,AlphaEarthCoop,grid_orig_test,mobilenet,mobilenetv3_small_050,nano,4,2,3
coop-origtest-mobilenet-nano,AlphaEarthCoop,grid_orig_test,mobilenet,mobilenetv3_small_050,nano,4,3,0
coop-origtest-mobilenet-nano,AlphaEarthCoop,grid_orig_test,mobilenet,mobilenetv3_small_050,nano,4,4,741
coop-origtest-mobilenet-nano,AlphaEarthCoop,grid_orig_test,mobilenet,mobilenetv3_small_050,nano,4,5,21
coop-origtest-mobilenet-nano,AlphaEarthCoop,grid_orig_test,mobilenet,mobilenetv3_small_050,nano,4,6,10
coop-origtest-mobilenet-nano,AlphaEarthCoop,grid_orig_test,mobilenet,mobilenetv3_small_050,nano,4,7,0
coop-origtest-mobilenet-nano,AlphaEarthCoop,grid_orig_test,mobilenet,mobilenetv3_small_050,nano,4,8,19
coop-origtest-mobilenet-nano,AlphaEarthCoop,grid_orig_test,mobilenet,mobilenetv3_small_050,nano,4,9,4
coop-origtest-mobilenet-nano,AlphaEarthCoop,grid_orig_test,mobilenet,mobilenetv3_small_050,nano,4,10,26
coop-origtest-mobilenet-nano,AlphaEarthCoop,grid_orig_test,mobilenet,mobilenetv3_small_050,nano,4,11,0
coop-origtest-mobilenet-nano,AlphaEarthCoop,grid_orig_test,mobilenet,mobilenetv3_small_050,nano,4,12,1
coop-origtest-mobilenet-nano,AlphaEarthCoop,grid_orig_test,mobilenet,mobilenetv3_small_050,nano,4,13,0
coop-origtest-mobilenet-nano,AlphaEarthCoop,grid_orig_test,mobilenet,mobilenetv3_small_050,nano,4,14,0
coop-origtest-mobilenet-nano,AlphaEarthCoop,grid_orig_test,mobilenet,mobilenetv3_small_050,nano,4,15,0
coop-origtest-mobilenet-nano,AlphaEarthCoop,grid_orig_test,mobilenet,mobilenetv3_small_050,nano,4,16,0
coop-origtest-mobilenet-nano,AlphaEarthCoop,grid_orig_test,mobilenet,mobilenetv3_small_050,nano,4,17,0
coop-origtest-mobilenet-nano,AlphaEarthCoop,grid_orig_test,mobilenet,mobilenetv3_small_050,nano,5,1,2
coop-origtest-mobilenet-nano,AlphaEarthCoop,grid_orig_test,mobilenet,mobilenetv3_small_050,nano,5,2,27
coop-origtest-mobilenet-nano,AlphaEarthCoop,grid_orig_test,mobilenet,mobilenetv3_small_050,nano,5,3,34
coop-origtest-mobilenet-nano,AlphaEarthCoop,grid_orig_test,mobilenet,mobilenetv3_small_050,nano,5,4,152
coop-origtest-mobilenet-nano,AlphaEarthCoop,grid_orig_test,mobilenet,mobilenetv3_small_050,nano,5,5,378
coop-origtest-mobilenet-nano,AlphaEarthCoop,grid_orig_test,mobilenet,mobilenetv3_small_050,nano,5,6,90
coop-origtest-mobilenet-nano,AlphaEarthCoop,grid_orig_test,mobilenet,mobilenetv3_small_050,nano,5,7,0
coop-origtest-mobilenet-nano,AlphaEarthCoop,grid_orig_test,mobilenet,mobilenetv3_small_050,nano,5,8,15
coop-origtest-mobilenet-nano,AlphaEarthCoop,grid_orig_test,mobilenet,mobilenetv3_small_050,nano,5,9,52
coop-origtest-mobilenet-nano,AlphaEarthCoop,grid_orig_test,mobilenet,mobilenetv3_small_050,nano,5,10,13
coop-origtest-mobilenet-nano,AlphaEarthCoop,grid_orig_test,mobilenet,mobilenetv3_small_050,nano,5,11,0
coop-origtest-mobilenet-nano,AlphaEarthCoop,grid_orig_test,mobilenet,mobilenetv3_small_050,nano,5,12,0
coop-origtest-mobilenet-nano,AlphaEarthCoop,grid_orig_test,mobilenet,mobilenetv3_small_050,nano,5,13,0
coop-origtest-mobilenet-nano,AlphaEarthCoop,grid_orig_test,mobilenet,mobilenetv3_small_050,nano,5,14,0
coop-origtest-mobilenet-nano,AlphaEarthCoop,grid_orig_test,mobilenet,mobilenetv3_small_050,nano,5,15,0
coop-origtest-mobilenet-nano,AlphaEarthCoop,grid_orig_test,mobilenet,mobilenetv3_small_050,nano,5,16,0
coop-origtest-mobilenet-nano,AlphaEarthCoop,grid_orig_test,mobilenet,mobilenetv3_small_050,nano,5,17,0
coop-origtest-mobilenet-nano,AlphaEarthCoop,grid_orig_test,mobilenet,mobilenetv3_small_050,nano,6,1,7
coop-origtest-mobilenet-nano,AlphaEarthCoop,grid_orig_test,mobilenet,mobilenetv3_small_050,nano,6,2,1
coop-origtest-mobilenet-nano,AlphaEarthCoop,grid_orig_test,mobilenet,mobilenetv3_small_050,nano,6,3,152
coop-origtest-mobilenet-nano,AlphaEarthCoop,grid_orig_test,mobilenet,mobilenetv3_small_050,nano,6,4,1
coop-origtest-mobilenet-nano,AlphaEarthCoop,grid_orig_test,mobilenet,mobilenetv3_small_050,nano,6,5,45
coop-origtest-mobilenet-nano,AlphaEarthCoop,grid_orig_test,mobilenet,mobilenetv3_small_050,nano,6,6,1523
coop-origtest-mobilenet-nano,AlphaEarthCoop,grid_orig_test,mobilenet,mobilenetv3_small_050,nano,6,7,0
coop-origtest-mobilenet-nano,AlphaEarthCoop,grid_orig_test,mobilenet,mobilenetv3_small_050,nano,6,8,44
coop-origtest-mobilenet-nano,AlphaEarthCoop,grid_orig_test,mobilenet,mobilenetv3_small_050,nano,6,9,124
coop-origtest-mobilenet-nano,AlphaEarthCoop,grid_orig_test,mobilenet,mobilenetv3_small_050,nano,6,10,24
coop-origtest-mobilenet-nano,AlphaEarthCoop,grid_orig_test,mobilenet,mobilenetv3_small_050,nano,6,11,0
coop-origtest-mobilenet-nano,AlphaEarthCoop,grid_orig_test,mobilenet,mobilenetv3_small_050,nano,6,12,0
coop-origtest-mobilenet-nano,AlphaEarthCoop,grid_orig_test,mobilenet,mobilenetv3_small_050,nano,6,13,2
coop-origtest-mobilenet-nano,AlphaEarthCoop,grid_orig_test,mobilenet,mobilenetv3_small_050,nano,6,14,4
coop-origtest-mobilenet-nano,AlphaEarthCoop,grid_orig_test,mobilenet,mobilenetv3_small_050,nano,6,15,0
coop-origtest-mobilenet-nano,AlphaEarthCoop,grid_orig_test,mobilenet,mobilenetv3_small_050,nano,6,16,8
coop-origtest-mobilenet-nano,AlphaEarthCoop,grid_orig_test,mobilenet,mobilenetv3_small_050,nano,6,17,1
coop-origtest-mobilenet-nano,AlphaEarthCoop,grid_orig_test,mobilenet,mobilenetv3_small_050,nano,7,1,0
coop-origtest-mobilenet-nano,AlphaEarthCoop,grid_orig_test,mobilenet,mobilenetv3_small_050,nano,7,2,27
coop-origtest-mobilenet-nano,AlphaEarthCoop,grid_orig_test,mobilenet,mobilenetv3_small_050,nano,7,3,17
coop-origtest-mobilenet-nano,AlphaEarthCoop,grid_orig_test,mobilenet,mobilenetv3_small_050,nano,7,4,2
coop-origtest-mobilenet-nano,AlphaEarthCoop,grid_orig_test,mobilenet,mobilenetv3_small_050,nano,7,5,0
coop-origtest-mobilenet-nano,AlphaEarthCoop,grid_orig_test,mobilenet,mobilenetv3_small_050,nano,7,6,0
coop-origtest-mobilenet-nano,AlphaEarthCoop,grid_orig_test,mobilenet,mobilenetv3_small_050,nano,7,7,423
coop-origtest-mobilenet-nano,AlphaEarthCoop,grid_orig_test,mobilenet,mobilenetv3_small_050,nano,7,8,23
coop-origtest-mobilenet-nano,AlphaEarthCoop,grid_orig_test,mobilenet,mobilenetv3_small_050,nano,7,9,0
coop-origtest-mobilenet-nano,AlphaEarthCoop,grid_orig_test,mobilenet,mobilenetv3_small_050,nano,7,10,11
coop-origtest-mobilenet-nano,AlphaEarthCoop,grid_orig_test,mobilenet,mobilenetv3_small_050,nano,7,11,0
coop-origtest-mobilenet-nano,AlphaEarthCoop,grid_orig_test,mobilenet,mobilenetv3_small_050,nano,7,12,0
coop-origtest-mobilenet-nano,AlphaEarthCoop,grid_orig_test,mobilenet,mobilenetv3_small_050,nano,7,13,0
coop-origtest-mobilenet-nano,AlphaEarthCoop,grid_orig_test,mobilenet,mobilenetv3_small_050,nano,7,14,0
coop-origtest-mobilenet-nano,AlphaEarthCoop,grid_orig_test,mobilenet,mobilenetv3_small_050,nano,7,15,0
coop-origtest-mobilenet-nano,AlphaEarthCoop,grid_orig_test,mobilenet,mobilenetv3_small_050,nano,7,16,0
coop-origtest-mobilenet-nano,AlphaEarthCoop,grid_orig_test,mobilenet,mobilenetv3_small_050,nano,7,17,0
coop-origtest-mobilenet-nano,AlphaEarthCoop,grid_orig_test,mobilenet,mobilenetv3_small_050,nano,8,1,37
coop-origtest-mobilenet-nano,AlphaEarthCoop,grid_orig_test,mobilenet,mobilenetv3_small_050,nano,8,2,2
coop-origtest-mobilenet-nano,AlphaEarthCoop,grid_orig_test,mobilenet,mobilenetv3_small_050,nano,8,3,18
coop-origtest-mobilenet-nano,AlphaEarthCoop,grid_orig_test,mobilenet,mobilenetv3_small_050,nano,8,4,24
coop-origtest-mobilenet-nano,AlphaEarthCoop,grid_orig_test,mobilenet,mobilenetv3_small_050,nano,8,5,1
coop-origtest-mobilenet-nano,AlphaEarthCoop,grid_orig_test,mobilenet,mobilenetv3_small_050,nano,8,6,27
coop-origtest-mobilenet-nano,AlphaEarthCoop,grid_orig_test,mobilenet,mobilenetv3_small_050,nano,8,7,6
coop-origtest-mobilenet-nano,AlphaEarthCoop,grid_orig_test,mobilenet,mobilenetv3_small_050,nano,8,8,3077
coop-origtest-mobilenet-nano,AlphaEarthCoop,grid_orig_test,mobilenet,mobilenetv3_small_050,nano,8,9,19
coop-origtest-mobilenet-nano,AlphaEarthCoop,grid_orig_test,mobilenet,mobilenetv3_small_050,nano,8,10,266
coop-origtest-mobilenet-nano,AlphaEarthCoop,grid_orig_test,mobilenet,mobilenetv3_small_050,nano,8,11,0
coop-origtest-mobilenet-nano,AlphaEarthCoop,grid_orig_test,mobilenet,mobilenetv3_small_050,nano,8,12,0
coop-origtest-mobilenet-nano,AlphaEarthCoop,grid_orig_test,mobilenet,mobilenetv3_small_050,nano,8,13,1
coop-origtest-mobilenet-nano,AlphaEarthCoop,grid_orig_test,mobilenet,mobilenetv3_small_050,nano,8,14,0
coop-origtest-mobilenet-nano,AlphaEarthCoop,grid_orig_test,mobilenet,mobilenetv3_small_050,nano,8,15,12
coop-origtest-mobilenet-nano,AlphaEarthCoop,grid_orig_test,mobilenet,mobilenetv3_small_050,nano,8,16,2
coop-origtest-mobilenet-nano,AlphaEarthCoop,grid_orig_test,mobilenet,mobilenetv3_small_050,nano,8,17,4
coop-origtest-mobilenet-nano,AlphaEarthCoop,grid_orig_test,mobilenet,mobilenetv3_small_050,nano,9,1,1
coop-origtest-mobilenet-nano,AlphaEarthCoop,grid_orig_test,mobilenet,mobilenetv3_small_050,nano,9,2,0
coop-origtest-mobilenet-nano,AlphaEarthCoop,grid_orig_test,mobilenet,mobilenetv3_small_050,nano,9,3,4
coop-origtest-mobilenet-nano,AlphaEarthCoop,grid_orig_test,mobilenet,mobilenetv3_small_050,nano,9,4,0
coop-origtest-mobilenet-nano,AlphaEarthCoop,grid_orig_test,mobilenet,mobilenetv3_small_050,nano,9,5,12
coop-origtest-mobilenet-nano,AlphaEarthCoop,grid_orig_test,mobilenet,mobilenetv3_small_050,nano,9,6,191
coop-origtest-mobilenet-nano,AlphaEarthCoop,grid_orig_test,mobilenet,mobilenetv3_small_050,nano,9,7,0
coop-origtest-mobilenet-nano,AlphaEarthCoop,grid_orig_test,mobilenet,mobilenetv3_small_050,nano,9,8,35
coop-origtest-mobilenet-nano,AlphaEarthCoop,grid_orig_test,mobilenet,mobilenetv3_small_050,nano,9,9,1714
coop-origtest-mobilenet-nano,AlphaEarthCoop,grid_orig_test,mobilenet,mobilenetv3_small_050,nano,9,10,2
coop-origtest-mobilenet-nano,AlphaEarthCoop,grid_orig_test,mobilenet,mobilenetv3_small_050,nano,9,11,5
coop-origtest-mobilenet-nano,AlphaEarthCoop,grid_orig_test,mobilenet,mobilenetv3_small_050,nano,9,12,1
coop-origtest-mobilenet-nano,AlphaEarthCoop,grid_orig_test,mobilenet,mobilenetv3_small_050,nano,9,13,10
coop-origtest-mobilenet-nano,AlphaEarthCoop,grid_orig_test,mobilenet,mobilenetv3_small_050,nano,9,14,25
coop-origtest-mobilenet-nano,AlphaEarthCoop,grid_orig_test,mobilenet,mobilenetv3_small_050,nano,9,15,0
coop-origtest-mobilenet-nano,AlphaEarthCoop,grid_orig_test,mobilenet,mobilenetv3_small_050,nano,9,16,7
coop-origtest-mobilenet-nano,AlphaEarthCoop,grid_orig_test,mobilenet,mobilenetv3_small_050,nano,9,17,6
coop-origtest-mobilenet-nano,AlphaEarthCoop,grid_orig_test,mobilenet,mobilenetv3_small_050,nano,10,1,2
coop-origtest-mobilenet-nano,AlphaEarthCoop,grid_orig_test,mobilenet,mobilenetv3_small_050,nano,10,2,0
coop-origtest-mobilenet-nano,AlphaEarthCoop,grid_orig_test,mobilenet,mobilenetv3_small_050,nano,10,3,0
coop-origtest-mobilenet-nano,AlphaEarthCoop,grid_orig_test,mobilenet,mobilenetv3_small_050,nano,10,4,17
coop-origtest-mobilenet-nano,AlphaEarthCoop,grid_orig_test,mobilenet,mobilenetv3_small_050,nano,10,5,3
coop-origtest-mobilenet-nano,AlphaEarthCoop,grid_orig_test,mobilenet,mobilenetv3_small_050,nano,10,6,1
coop-origtest-mobilenet-nano,AlphaEarthCoop,grid_orig_test,mobilenet,mobilenetv3_small_050,nano,10,7,1
coop-origtest-mobilenet-nano,AlphaEarthCoop,grid_orig_test,mobilenet,mobilenetv3_small_050,nano,10,8,263
coop-origtest-mobilenet-nano,AlphaEarthCoop,grid_orig_test,mobilenet,mobilenetv3_small_050,nano,10,9,12
coop-origtest-mobilenet-nano,AlphaEarthCoop,grid_orig_test,mobilenet,mobilenetv3_small_050,nano,10,10,545
coop-origtest-mobilenet-nano,AlphaEarthCoop,grid_orig_test,mobilenet,mobilenetv3_small_050,nano,10,11,0
coop-origtest-mobilenet-nano,AlphaEarthCoop,grid_orig_test,mobilenet,mobilenetv3_small_050,nano,10,12,4
coop-origtest-mobilenet-nano,AlphaEarthCoop,grid_orig_test,mobilenet,mobilenetv3_small_050,nano,10,13,5
coop-origtest-mobilenet-nano,AlphaEarthCoop,grid_orig_test,mobilenet,mobilenetv3_small_050,nano,10,14,22
coop-origtest-mobilenet-nano,AlphaEarthCoop,grid_orig_test,mobilenet,mobilenetv3_small_050,nano,10,15,19
coop-origtest-mobilenet-nano,AlphaEarthCoop,grid_orig_test,mobilenet,mobilenetv3_small_050,nano,10,16,12
coop-origtest-mobilenet-nano,AlphaEarthCoop,grid_orig_test,mobilenet,mobilenetv3_small_050,nano,10,17,2
coop-origtest-mobilenet-nano,AlphaEarthCoop,grid_orig_test,mobilenet,mobilenetv3_small_050,nano,11,1,0
coop-origtest-mobilenet-nano,AlphaEarthCoop,grid_orig_test,mobilenet,mobilenetv3_small_050,nano,11,2,0
coop-origtest-mobilenet-nano,AlphaEarthCoop,grid_orig_test,mobilenet,mobilenetv3_small_050,nano,11,3,0
coop-origtest-mobilenet-nano,AlphaEarthCoop,grid_orig_test,mobilenet,mobilenetv3_small_050,nano,11,4,0
coop-origtest-mobilenet-nano,AlphaEarthCoop,grid_orig_test,mobilenet,mobilenetv3_small_050,nano,11,5,0
coop-origtest-mobilenet-nano,AlphaEarthCoop,grid_orig_test,mobilenet,mobilenetv3_small_050,nano,11,6,0
coop-origtest-mobilenet-nano,AlphaEarthCoop,grid_orig_test,mobilenet,mobilenetv3_small_050,nano,11,7,0
coop-origtest-mobilenet-nano,AlphaEarthCoop,grid_orig_test,mobilenet,mobilenetv3_small_050,nano,11,8,0
coop-origtest-mobilenet-nano,AlphaEarthCoop,grid_orig_test,mobilenet,mobilenetv3_small_050,nano,11,9,36
coop-origtest-mobilenet-nano,AlphaEarthCoop,grid_orig_test,mobilenet,mobilenetv3_small_050,nano,11,10,0
coop-origtest-mobilenet-nano,AlphaEarthCoop,grid_orig_test,mobilenet,mobilenetv3_small_050,nano,11,11,2251
coop-origtest-mobilenet-nano,AlphaEarthCoop,grid_orig_test,mobilenet,mobilenetv3_small_050,nano,11,12,69
coop-origtest-mobilenet-nano,AlphaEarthCoop,grid_orig_test,mobilenet,mobilenetv3_small_050,nano,11,13,11
coop-origtest-mobilenet-nano,AlphaEarthCoop,grid_orig_test,mobilenet,mobilenetv3_small_050,nano,11,14,1
coop-origtest-mobilenet-nano,AlphaEarthCoop,grid_orig_test,mobilenet,mobilenetv3_small_050,nano,11,15,0
coop-origtest-mobilenet-nano,AlphaEarthCoop,grid_orig_test,mobilenet,mobilenetv3_small_050,nano,11,16,0
coop-origtest-mobilenet-nano,AlphaEarthCoop,grid_orig_test,mobilenet,mobilenetv3_small_050,nano,11,17,0
coop-origtest-mobilenet-nano,AlphaEarthCoop,grid_orig_test,mobilenet,mobilenetv3_small_050,nano,12,1,0
coop-origtest-mobilenet-nano,AlphaEarthCoop,grid_orig_test,mobilenet,mobilenetv3_small_050,nano,12,2,0
coop-origtest-mobilenet-nano,AlphaEarthCoop,grid_orig_test,mobilenet,mobilenetv3_small_050,nano,12,3,1
coop-origtest-mobilenet-nano,AlphaEarthCoop,grid_orig_test,mobilenet,mobilenetv3_small_050,nano,12,4,0
coop-origtest-mobilenet-nano,AlphaEarthCoop,grid_orig_test,mobilenet,mobilenetv3_small_050,nano,12,5,0
coop-origtest-mobilenet-nano,AlphaEarthCoop,grid_orig_test,mobilenet,mobilenetv3_small_050,nano,12,6,0
coop-origtest-mobilenet-nano,AlphaEarthCoop,grid_orig_test,mobilenet,mobilenetv3_small_050,nano,12,7,0
coop-origtest-mobilenet-nano,AlphaEarthCoop,grid_orig_test,mobilenet,mobilenetv3_small_050,nano,12,8,0
coop-origtest-mobilenet-nano,AlphaEarthCoop,grid_orig_test,mobilenet,mobilenetv3_small_050,nano,12,9,67
coop-origtest-mobilenet-nano,AlphaEarthCoop,grid_orig_test,mobilenet,mobilenetv3_small_050,nano,12,10,0
coop-origtest-mobilenet-nano,AlphaEarthCoop,grid_orig_test,mobilenet,mobilenetv3_small_050,nano,12,11,33
coop-origtest-mobilenet-nano,AlphaEarthCoop,grid_orig_test,mobilenet,mobilenetv3_small_050,nano,12,12,213
coop-origtest-mobilenet-nano,AlphaEarthCoop,grid_orig_test,mobilenet,mobilenetv3_small_050,nano,12,13,70
coop-origtest-mobilenet-nano,AlphaEarthCoop,grid_orig_test,mobilenet,mobilenetv3_small_050,nano,12,14,38
coop-origtest-mobilenet-nano,AlphaEarthCoop,grid_orig_test,mobilenet,mobilenetv3_small_050,nano,12,15,1
coop-origtest-mobilenet-nano,AlphaEarthCoop,grid_orig_test,mobilenet,mobilenetv3_small_050,nano,12,16,3
coop-origtest-mobilenet-nano,AlphaEarthCoop,grid_orig_test,mobilenet,mobilenetv3_small_050,nano,12,17,0
coop-origtest-mobilenet-nano,AlphaEarthCoop,grid_orig_test,mobilenet,mobilenetv3_small_050,nano,13,1,0
coop-origtest-mobilenet-nano,AlphaEarthCoop,grid_orig_test,mobilenet,mobilenetv3_small_050,nano,13,2,0
coop-origtest-mobilenet-nano,AlphaEarthCoop,grid_orig_test,mobilenet,mobilenetv3_small_050,nano,13,3,0
coop-origtest-mobilenet-nano,AlphaEarthCoop,grid_orig_test,mobilenet,mobilenetv3_small_050,nano,13,4,0
coop-origtest-mobilenet-nano,AlphaEarthCoop,grid_orig_test,mobilenet,mobilenetv3_small_050,nano,13,5,0
coop-origtest-mobilenet-nano,AlphaEarthCoop,grid_orig_test,mobilenet,mobilenetv3_small_050,nano,13,6,0
coop-origtest-mobilenet-nano,AlphaEarthCoop,grid_orig_test,mobilenet,mobilenetv3_small_050,nano,13,7,0
coop-origtest-mobilenet-nano,AlphaEarthCoop,grid_orig_test,mobilenet,mobilenetv3_small_050,nano,13,8,0
coop-origtest-mobilenet-nano,AlphaEarthCoop,grid_orig_test,mobilenet,mobilenetv3_small_050,nano,13,9,0
coop-origtest-mobilenet-nano,AlphaEarthCoop,grid_orig_test,mobilenet,mobilenetv3_small_050,nano,13,10,0
coop-origtest-mobilenet-nano,AlphaEarthCoop,grid_orig_test,mobilenet,mobilenetv3_small_050,nano,13,11,1
coop-origtest-mobilenet-nano,AlphaEarthCoop,grid_orig_test,mobilenet,mobilenetv3_small_050,nano,13,12,1
coop-origtest-mobilenet-nano,AlphaEarthCoop,grid_orig_test,mobilenet,mobilenetv3_small_050,nano,13,13,1034
coop-origtest-mobilenet-nano,AlphaEarthCoop,grid_orig_test,mobilenet,mobilenetv3_small_050,nano,13,14,5
coop-origtest-mobilenet-nano,AlphaEarthCoop,grid_orig_test,mobilenet,mobilenetv3_small_050,nano,13,15,28
coop-origtest-mobilenet-nano,AlphaEarthCoop,grid_orig_test,mobilenet,mobilenetv3_small_050,nano,13,16,97
coop-origtest-mobilenet-nano,AlphaEarthCoop,grid_orig_test,mobilenet,mobilenetv3_small_050,nano,13,17,0
coop-origtest-mobilenet-nano,AlphaEarthCoop,grid_orig_test,mobilenet,mobilenetv3_small_050,nano,14,1,0
coop-origtest-mobilenet-nano,AlphaEarthCoop,grid_orig_test,mobilenet,mobilenetv3_small_050,nano,14,2,0
coop-origtest-mobilenet-nano,AlphaEarthCoop,grid_orig_test,mobilenet,mobilenetv3_small_050,nano,14,3,0
coop-origtest-mobilenet-nano,AlphaEarthCoop,grid_orig_test,mobilenet,mobilenetv3_small_050,nano,14,4,0
coop-origtest-mobilenet-nano,AlphaEarthCoop,grid_orig_test,mobilenet,mobilenetv3_small_050,nano,14,5,0
coop-origtest-mobilenet-nano,AlphaEarthCoop,grid_orig_test,mobilenet,mobilenetv3_small_050,nano,14,6,4
coop-origtest-mobilenet-nano,AlphaEarthCoop,grid_orig_test,mobilenet,mobilenetv3_small_050,nano,14,7,0
coop-origtest-mobilenet-nano,AlphaEarthCoop,grid_orig_test,mobilenet,mobilenetv3_small_050,nano,14,8,0
coop-origtest-mobilenet-nano,AlphaEarthCoop,grid_orig_test,mobilenet,mobilenetv3_small_050,nano,14,9,28
coop-origtest-mobilenet-nano,AlphaEarthCoop,grid_orig_test,mobilenet,mobilenetv3_small_050,nano,14,10,2
coop-origtest-mobilenet-nano,AlphaEarthCoop,grid_orig_test,mobilenet,mobilenetv3_small_050,nano,14,11,3
coop-origtest-mobilenet-nano,AlphaEarthCoop,grid_orig_test,mobilenet,mobilenetv3_small_050,nano,14,12,20
coop-origtest-mobilenet-nano,AlphaEarthCoop,grid_orig_test,mobilenet,mobilenetv3_small_050,nano,14,13,3
coop-origtest-mobilenet-nano,AlphaEarthCoop,grid_orig_test,mobilenet,mobilenetv3_small_050,nano,14,14,2311
coop-origtest-mobilenet-nano,AlphaEarthCoop,grid_orig_test,mobilenet,mobilenetv3_small_050,nano,14,15,0
coop-origtest-mobilenet-nano,AlphaEarthCoop,grid_orig_test,mobilenet,mobilenetv3_small_050,nano,14,16,64
coop-origtest-mobilenet-nano,AlphaEarthCoop,grid_orig_test,mobilenet,mobilenetv3_small_050,nano,14,17,0
coop-origtest-mobilenet-nano,AlphaEarthCoop,grid_orig_test,mobilenet,mobilenetv3_small_050,nano,15,1,0
coop-origtest-mobilenet-nano,AlphaEarthCoop,grid_orig_test,mobilenet,mobilenetv3_small_050,nano,15,2,13
coop-origtest-mobilenet-nano,AlphaEarthCoop,grid_orig_test,mobilenet,mobilenetv3_small_050,nano,15,3,0
coop-origtest-mobilenet-nano,AlphaEarthCoop,grid_orig_test,mobilenet,mobilenetv3_small_050,nano,15,4,0
coop-origtest-mobilenet-nano,AlphaEarthCoop,grid_orig_test,mobilenet,mobilenetv3_small_050,nano,15,5,0
coop-origtest-mobilenet-nano,AlphaEarthCoop,grid_orig_test,mobilenet,mobilenetv3_small_050,nano,15,6,0
coop-origtest-mobilenet-nano,AlphaEarthCoop,grid_orig_test,mobilenet,mobilenetv3_small_050,nano,15,7,3
coop-origtest-mobilenet-nano,AlphaEarthCoop,grid_orig_test,mobilenet,mobilenetv3_small_050,nano,15,8,13
coop-origtest-mobilenet-nano,AlphaEarthCoop,grid_orig_test,mobilenet,mobilenetv3_small_050,nano,15,9,0
coop-origtest-mobilenet-nano,AlphaEarthCoop,grid_orig_test,mobilenet,mobilenetv3_small_050,nano,15,10,5
coop-origtest-mobilenet-nano,AlphaEarthCoop,grid_orig_test,mobilenet,mobilenetv3_small_050,nano,15,11,0
coop-origtest-mobilenet-nano,AlphaEarthCoop,grid_orig_test,mobilenet,mobilenetv3_small_050,nano,15,12,0
coop-origtest-mobilenet-nano,AlphaEarthCoop,grid_orig_test,mobilenet,mobilenetv3_small_050,nano,15,13,0
coop-origtest-mobilenet-nano,AlphaEarthCoop,grid_orig_test,mobilenet,mobilenetv3_small_050,nano,15,14,0
coop-origtest-mobilenet-nano,AlphaEarthCoop,grid_orig_test,mobilenet,mobilenetv3_small_050,nano,15,15,171
coop-origtest-mobilenet-nano,AlphaEarthCoop,grid_orig_test,mobilenet,mobilenetv3_small_050,nano,15,16,0
coop-origtest-mobilenet-nano,AlphaEarthCoop,grid_orig_test,mobilenet,mobilenetv3_small_050,nano,15,17,0
coop-origtest-mobilenet-nano,AlphaEarthCoop,grid_orig_test,mobilenet,mobilenetv3_small_050,nano,16,1,0
coop-origtest-mobilenet-nano,AlphaEarthCoop,grid_orig_test,mobilenet,mobilenetv3_small_050,nano,16,2,0
coop-origtest-mobilenet-nano,AlphaEarthCoop,grid_orig_test,mobilenet,mobilenetv3_small_050,nano,16,3,0
coop-origtest-mobilenet-nano,AlphaEarthCoop,grid_orig_test,mobilenet,mobilenetv3_small_050,nano,16,4,0
coop-origtest-mobilenet-nano,AlphaEarthCoop,grid_orig_test,mobilenet,mobilenetv3_small_050,nano,16,5,0
coop-origtest-mobilenet-nano,AlphaEarthCoop,grid_orig_test,mobilenet,mobilenetv3_small_050,nano,16,6,0
coop-origtest-mobilenet-nano,AlphaEarthCoop,grid_orig_test,mobilenet,mobilenetv3_small_050,nano,16,7,0
coop-origtest-mobilenet-nano,AlphaEarthCoop,grid_orig_test,mobilenet,mobilenetv3_small_050,nano,16,8,0
coop-origtest-mobilenet-nano,AlphaEarthCoop,grid_orig_test,mobilenet,mobilenetv3_small_050,nano,16,9,16
coop-origtest-mobilenet-nano,AlphaEarthCoop,grid_orig_test,mobilenet,mobilenetv3_small_050,nano,16,10,3
coop-origtest-mobilenet-nano,AlphaEarthCoop,grid_orig_test,mobilenet,mobilenetv3_small_050,nano,16,11,0
coop-origtest-mobilenet-nano,AlphaEarthCoop,grid_orig_test,mobilenet,mobilenetv3_small_050,nano,16,12,0
coop-origtest-mobilenet-nano,AlphaEarthCoop,grid_orig_test,mobilenet,mobilenetv3_small_050,nano,16,13,41
coop-origtest-mobilenet-nano,AlphaEarthCoop,grid_orig_test,mobilenet,mobilenetv3_small_050,nano,16,14,6
coop-origtest-mobilenet-nano,AlphaEarthCoop,grid_orig_test,mobilenet,mobilenetv3_small_050,nano,16,15,30
coop-origtest-mobilenet-nano,AlphaEarthCoop,grid_orig_test,mobilenet,mobilenetv3_small_050,nano,16,16,476
coop-origtest-mobilenet-nano,AlphaEarthCoop,grid_orig_test,mobilenet,mobilenetv3_small_050,nano,16,17,0
coop-origtest-mobilenet-nano,AlphaEarthCoop,grid_orig_test,mobilenet,mobilenetv3_small_050,nano,17,1,0
coop-origtest-mobilenet-nano,AlphaEarthCoop,grid_orig_test,mobilenet,mobilenetv3_small_050,nano,17,2,0
coop-origtest-mobilenet-nano,AlphaEarthCoop,grid_orig_test,mobilenet,mobilenetv3_small_050,nano,17,3,0
coop-origtest-mobilenet-nano,AlphaEarthCoop,grid_orig_test,mobilenet,mobilenetv3_small_050,nano,17,4,1
coop-origtest-mobilenet-nano,AlphaEarthCoop,grid_orig_test,mobilenet,mobilenetv3_small_050,nano,17,5,1
coop-origtest-mobilenet-nano,AlphaEarthCoop,grid_orig_test,mobilenet,mobilenetv3_small_050,nano,17,6,0
coop-origtest-mobilenet-nano,AlphaEarthCoop,grid_orig_test,mobilenet,mobilenetv3_small_050,nano,17,7,0
coop-origtest-mobilenet-nano,AlphaEarthCoop,grid_orig_test,mobilenet,mobilenetv3_small_050,nano,17,8,2
coop-origtest-mobilenet-nano,AlphaEarthCoop,grid_orig_test,mobilenet,mobilenetv3_small_050,nano,17,9,2
coop-origtest-mobilenet-nano,AlphaEarthCoop,grid_orig_test,mobilenet,mobilenetv3_small_050,nano,17,10,0
coop-origtest-mobilenet-nano,AlphaEarthCoop,grid_orig_test,mobilenet,mobilenetv3_small_050,nano,17,11,0
coop-origtest-mobilenet-nano,AlphaEarthCoop,grid_orig_test,mobilenet,mobilenetv3_small_050,nano,17,12,0
coop-origtest-mobilenet-nano,AlphaEarthCoop,grid_orig_test,mobilenet,mobilenetv3_small_050,nano,17,13,0
coop-origtest-mobilenet-nano,AlphaEarthCoop,grid_orig_test,mobilenet,mobilenetv3_small_050,nano,17,14,2
coop-origtest-mobilenet-nano,AlphaEarthCoop,grid_orig_test,mobilenet,mobilenetv3_small_050,nano,17,15,0
coop-origtest-mobilenet-nano,AlphaEarthCoop,grid_orig_test,mobilenet,mobilenetv3_small_050,nano,17,16,4
coop-origtest-mobilenet-nano,AlphaEarthCoop,grid_orig_test,mobilenet,mobilenetv3_small_050,nano,17,17,2192
coop-origtest-mobilenet-small,AlphaEarthCoop,grid_orig_test,mobilenet,mobilenetv3_small_100,small,1,1,214
coop-origtest-mobilenet-small,AlphaEarthCoop,grid_orig_test,mobilenet,mobilenetv3_small_100,small,1,2,6
coop-origtest-mobilenet-small,AlphaEarthCoop,grid_orig_test,mobilenet,mobilenetv3_small_100,small,1,3,0
coop-origtest-mobilenet-small,AlphaEarthCoop,grid_orig_test,mobilenet,mobilenetv3_small_100,small,1,4,31
coop-origtest-mobilenet-small,AlphaEarthCoop,grid_orig_test,mobilenet,mobilenetv3_small_100,small,1,5,0
coop-origtest-mobilenet-small,AlphaEarthCoop,grid_orig_test,mobilenet,mobilenetv3_small_100,small,1,6,1
coop-origtest-mobilenet-small,AlphaEarthCoop,grid_orig_test,mobilenet,mobilenetv3_small_100,small,1,7,1
coop-origtest-mobilenet-small,AlphaEarthCoop,grid_orig_test,mobilenet,mobilenetv3_small_100,small,1,8,2
coop-origtest-mobilenet-small,AlphaEarthCoop,grid_orig_test,mobilenet,mobilenetv3_small_100,small,1,9,0
coop-origtest-mobilenet-small,AlphaEarthCoop,grid_orig_test,mobilenet,mobilenetv3_small_100,small,1,10,11
coop-origtest-mobilenet-small,AlphaEarthCoop,grid_orig_test,mobilenet,mobilenetv3_small_100,small,1,11,0
coop-origtest-mobilenet-small,AlphaEarthCoop,grid_orig_test,mobilenet,mobilenetv3_small_100,small,1,12,0
coop-origtest-mobilenet-small,AlphaEarthCoop,grid_orig_test,mobilenet,mobilenetv3_small_100,small,1,13,0
coop-origtest-mobilenet-small,AlphaEarthCoop,grid_orig_test,mobilenet,mobilenetv3_small_100,small,1,14,0
coop-origtest-mobilenet-small,AlphaEarthCoop,grid_orig_test,mobilenet,mobilenetv3_small_100,small,1,15,0
coop-origtest-mobilenet-small,AlphaEarthCoop,grid_orig_test,mobilenet,mobilenetv3_small_100,small,1,16,0
coop-origtest-mobilenet-small,AlphaEarthCoop,grid_orig_test,mobilenet,mobilenetv3_small_100,small,1,17,0
coop-origtest-mobilenet-small,AlphaEarthCoop,grid_orig_test,mobilenet,mobilenetv3_small_100,small,2,1,77
coop-origtest-mobilenet-small,AlphaEarthCoop,grid_orig_test,mobilenet,mobilenetv3_small_100,small,2,2,825
coop-origtest-mobilenet-small,AlphaEarthCoop,grid_orig_test,mobilenet,mobilenetv3_small_100,small,2,3,7
coop-origtest-mobilenet-small,AlphaEarthCoop,grid_orig_test,mobilenet,mobilenetv3_small_100,small,2,4,20
coop-origtest-mobilenet-small,AlphaEarthCoop,grid_orig_test,mobilenet,mobilenetv3_small_100,small,2,5,180
coop-origtest-mobilenet-small,AlphaEarthCoop,grid_orig_test,mobilenet,mobilenetv3_small_100,small,2,6,4
coop-origtest-mobilenet-small,AlphaEarthCoop,grid_orig_test,mobilenet,mobilenetv3_small_100,small,2,7,97
coop-origtest-mobilenet-small,AlphaEarthCoop,grid_orig_test,mobilenet,mobilenetv3_small_100,small,2,8,28
coop-origtest-mobilenet-small,AlphaEarthCoop,grid_orig_test,mobilenet,mobilenetv3_small_100,small,2,9,0
coop-origtest-mobilenet-small,AlphaEarthCoop,grid_orig_test,mobilenet,mobilenetv3_small_100,small,2,10,13
coop-origtest-mobilenet-small,AlphaEarthCoop,grid_orig_test,mobilenet,mobilenetv3_small_100,small,2,11,0
coop-origtest-mobilenet-small,AlphaEarthCoop,grid_orig_test,mobilenet,mobilenetv3_small_100,small,2,12,0
coop-origtest-mobilenet-small,AlphaEarthCoop,grid_orig_test,mobilenet,mobilenetv3_small_100,small,2,13,0
coop-origtest-mobilenet-small,AlphaEarthCoop,grid_orig_test,mobilenet,mobilenetv3_small_100,small,2,14,0
coop-origtest-mobilenet-small,AlphaEarthCoop,grid_orig_test,mobilenet,mobilenetv3_small_100,small,2,15,0
coop-origtest-mobilenet-small,AlphaEarthCoop,grid_orig_test,mobilenet,mobilenetv3_small_100,small,2,16,0
coop-origtest-mobilenet-small,AlphaEarthCoop,grid_orig_test,mobilenet,mobilenetv3_small_100,small,2,17,0
coop-origtest-mobilenet-small,AlphaEarthCoop,grid_orig_test,mobilenet,mobilenetv3_small_100,small,3,1,5
coop-origtest-mobilenet-small,AlphaEarthCoop,grid_orig_test,mobilenet,mobilenetv3_small_100,small,3,2,48
coop-origtest-mobilenet-small,AlphaEarthCoop,grid_orig_test,mobilenet,mobilenetv3_small_100,small,3,3,1887
coop-origtest-mobilenet-small,AlphaEarthCoop,grid_orig_test,mobilenet,mobilenetv3_small_100,small,3,4,4
coop-origtest-mobilenet-small,AlphaEarthCoop,grid_orig_test,mobilenet,mobilenetv3_small_100,small,3,5,38
coop-origtest-mobilenet-small,AlphaEarthCoop,grid_orig_test,mobilenet,mobilenetv3_small_100,small,3,6,173
coop-origtest-mobilenet-small,AlphaEarthCoop,grid_orig_test,mobilenet,mobilenetv3_small_100,small,3,7,270
coop-origtest-mobilenet-small,AlphaEarthCoop,grid_orig_test,mobilenet,mobilenetv3_small_100,small,3,8,14
coop-origtest-mobilenet-small,AlphaEarthCoop,grid_orig_test,mobilenet,mobilenetv3_small_100,small,3,9,8
coop-origtest-mobilenet-small,AlphaEarthCoop,grid_orig_test,mobilenet,mobilenetv3_small_100,small,3,10,16
coop-origtest-mobilenet-small,AlphaEarthCoop,grid_orig_test,mobilenet,mobilenetv3_small_100,small,3,11,0
coop-origtest-mobilenet-small,AlphaEarthCoop,grid_orig_test,mobilenet,mobilenetv3_small_100,small,3,12,0
coop-origtest-mobilenet-small,AlphaEarthCoop,grid_orig_test,mobilenet,mobilenetv3_small_100,small,3,13,0
coop-origtest-mobilenet-small,AlphaEarthCoop,grid_orig_test,mobilenet,mobilenetv3_small_100,small,3,14,2
coop-origtest-mobilenet-small,AlphaEarthCoop,grid_orig_test,mobilenet,mobilenetv3_small_100,small,3,15,0
coop-origtest-mobilenet-small,AlphaEarthCoop,grid_orig_test,mobilenet,mobilenetv3_small_100,small,3,16,0
coop-origtest-mobilenet-small,AlphaEarthCoop,grid_orig_test,mobilenet,mobilenetv3_small_100,small,3,17,0
coop-origtest-mobilenet-small,AlphaEarthCoop,grid_orig_test,mobilenet,mobilenetv3_small_100,small,4,1,21
coop-origtest-mobilenet-small,AlphaEarthCoop,grid_orig_test,mobilenet,mobilenetv3_small_100,small,4,2,3
coop-origtest-mobilenet-small,AlphaEarthCoop,grid_orig_test,mobilenet,mobilenetv3_small_100,small,4,3,0
coop-origtest-mobilenet-small,AlphaEarthCoop,grid_orig_test,mobilenet,mobilenetv3_small_100,small,4,4,774
coop-origtest-mobilenet-small,AlphaEarthCoop,grid_orig_test,mobilenet,mobilenetv3_small_100,small,4,5,37
coop-origtest-mobilenet-small,AlphaEarthCoop,grid_orig_test,mobilenet,mobilenetv3_small_100,small,4,6,9
coop-origtest-mobilenet-small,AlphaEarthCoop,grid_orig_test,mobilenet,mobilenetv3_small_100,small,4,7,0
coop-origtest-mobilenet-small,AlphaEarthCoop,grid_orig_test,mobilenet,mobilenetv3_small_100,small,4,8,2
coop-origtest-mobilenet-small,AlphaEarthCoop,grid_orig_test,mobilenet,mobilenetv3_small_100,small,4,9,1
coop-origtest-mobilenet-small,AlphaEarthCoop,grid_orig_test,mobilenet,mobilenetv3_small_100,small,4,10,10
coop-origtest-mobilenet-small,AlphaEarthCoop,grid_orig_test,mobilenet,mobilenetv3_small_100,small,4,11,0
coop-origtest-mobilenet-small,AlphaEarthCoop,grid_orig_test,mobilenet,mobilenetv3_small_100,small,4,12,0
coop-origtest-mobilenet-small,AlphaEarthCoop,grid_orig_test,mobilenet,mobilenetv3_small_100,small,4,13,0
coop-origtest-mobilenet-small,AlphaEarthCoop,grid_orig_test,mobilenet,mobilenetv3_small_100,small,4,14,0
coop-origtest-mobilenet-small,AlphaEarthCoop,grid_orig_test,mobilenet,mobilenetv3_small_100,small,4,15,0
coop-origtest-mobilenet-small,AlphaEarthCoop,grid_orig_test,mobilenet,mobilenetv3_small_100,small,4,16,0
coop-origtest-mobilenet-small,AlphaEarthCoop,grid_orig_test,mobilenet,mobilenetv3_small_100,small,4,17,0
coop-origtest-mobilenet-small,AlphaEarthCoop,grid_orig_test,mobilenet,mobilenetv3_small_100,small,5,1,2
coop-origtest-mobilenet-small,AlphaEarthCoop,grid_orig_test,mobilenet,mobilenetv3_small_100,small,5,2,8
coop-origtest-mobilenet-small,AlphaEarthCoop,grid_orig_test,mobilenet,mobilenetv3_small_100,small,5,3,39
coop-origtest-mobilenet-small,AlphaEarthCoop,grid_orig_test,mobilenet,mobilenetv3_small_100,small,5,4,155
coop-origtest-mobilenet-small,AlphaEarthCoop,grid_orig_test,mobilenet,mobilenetv3_small_100,small,5,5,455
coop-origtest-mobilenet-small,AlphaEarthCoop,grid_orig_test,mobilenet,mobilenetv3_small_100,small,5,6,51
coop-origtest-mobilenet-small,AlphaEarthCoop,grid_orig_test,mobilenet,mobilenetv3_small_100,small,5,7,0
coop-origtest-mobilenet-small,AlphaEarthCoop,grid_orig_test,mobilenet,mobilenetv3_small_100,small,5,8,13
coop-origtest-mobilenet-small,AlphaEarthCoop,grid_orig_test,mobilenet,mobilenetv3_small_100,small,5,9,29
coop-origtest-mobilenet-small,AlphaEarthCoop,grid_orig_test,mobilenet,mobilenetv3_small_100,small,5,10,11
coop-origtest-mobilenet-small,AlphaEarthCoop,grid_orig_test,mobilenet,mobilenetv3_small_100,small,5,11,0
coop-origtest-mobilenet-small,AlphaEarthCoop,grid_orig_test,mobilenet,mobilenetv3_small_100,small,5,12,0
coop-origtest-mobilenet-small,AlphaEarthCoop,grid_orig_test,mobilenet,mobilenetv3_small_100,small,5,13,0
coop-origtest-mobilenet-small,AlphaEarthCoop,grid_orig_test,mobilenet,mobilenetv3_small_100,small,5,14,0
coop-origtest-mobilenet-small,AlphaEarthCoop,grid_orig_test,mobilenet,mobilenetv3_small_100,small,5,15,0
coop-origtest-mobilenet-small,AlphaEarthCoop,grid_orig_test,mobilenet,mobilenetv3_small_100,small,5,16,0
coop-origtest-mobilenet-small,AlphaEarthCoop,grid_orig_test,mobilenet,mobilenetv3_small_100,small,5,17,0
coop-origtest-mobilenet-small,AlphaEarthCoop,grid_orig_test,mobilenet,mobilenetv3_small_100,small,6,1,7
coop-origtest-mobilenet-small,AlphaEarthCoop,grid_orig_test,mobilenet,mobilenetv3_small_100,small,6,2,0
coop-origtest-mobilenet-small,AlphaEarthCoop,grid_orig_test,mobilenet,mobilenetv3_small_100,small,6,3,249
coop-origtest-mobilenet-small,AlphaEarthCoop,grid_orig_test,mobilenet,mobilenetv3_small_100,small,6,4,4
coop-origtest-mobilenet-small,AlphaEarthCoop,grid_orig_test,mobilenet,mobilenetv3_small_100,small,6,5,90
coop-origtest-mobilenet-small,AlphaEarthCoop,grid_orig_test,mobilenet,mobilenetv3_small_100,small,6,6,1320
coop-origtest-mobilenet-small,AlphaEarthCoop,grid_orig_test,mobilenet,mobilenetv3_small_100,small,6,7,10
coop-origtest-mobilenet-small,AlphaEarthCoop,grid_orig_test,mobilenet,mobilenetv3_small_100,small,6,8,26
coop-origtest-mobilenet-small,AlphaEarthCoop,grid_orig_test,mobilenet,mobilenetv3_small_100,small,6,9,199
coop-origtest-mobilenet-small,AlphaEarthCoop,grid_orig_test,mobilenet,mobilenetv3_small_100,small,6,10,11
coop-origtest-mobilenet-small,AlphaEarthCoop,grid_orig_test,mobilenet,mobilenetv3_small_100,small,6,11,0
coop-origtest-mobilenet-small,AlphaEarthCoop,grid_orig_test,mobilenet,mobilenetv3_small_100,small,6,12,0
coop-origtest-mobilenet-small,AlphaEarthCoop,grid_orig_test,mobilenet,mobilenetv3_small_100,small,6,13,0
coop-origtest-mobilenet-small,AlphaEarthCoop,grid_orig_test,mobilenet,mobilenetv3_small_100,small,6,14,15
coop-origtest-mobilenet-small,AlphaEarthCoop,grid_orig_test,mobilenet,mobilenetv3_small_100,small,6,15,0
coop-origtest-mobilenet-small,AlphaEarthCoop,grid_orig_test,mobilenet,mobilenetv3_small_100,small,6,16,5
coop-origtest-mobilenet-small,AlphaEarthCoop,grid_orig_test,mobilenet,mobilenetv3_small_100,small,6,17,0
coop-origtest-mobilenet-small,AlphaEarthCoop,grid_orig_test,mobilenet,mobilenetv3_small_100,small,7,1,0
coop-origtest-mobilenet-small,AlphaEarthCoop,grid_orig_test,mobilenet,mobilenetv3_small_100,small,7,2,52
coop-origtest-mobilenet-small,AlphaEarthCoop,grid_orig_test,mobilenet,mobilenetv3_small_100,small,7,3,5
coop-origtest-mobilenet-small,AlphaEarthCoop,grid_orig_test,mobilenet,mobilenetv3_small_100,small,7,4,1
coop-origtest-mobilenet-small,AlphaEarthCoop,grid_orig_test,mobilenet,mobilenetv3_small_100,small,7,5,2
coop-origtest-mobilenet-small,AlphaEarthCoop,grid_orig_test,mobilenet,mobilenetv3_small_100,small,7,6,0
coop-origtest-mobilenet-small,AlphaEarthCoop,grid_orig_test,mobilenet,mobilenetv3_small_100,small,7,7,407
coop-origtest-mobilenet-small,AlphaEarthCoop,grid_orig_test,mobilenet,mobilenetv3_small_100,small,7,8,9
coop-origtest-mobilenet-small,AlphaEarthCoop,grid_orig_test,mobilenet,mobilenetv3_small_100,small,7,9,0
coop-origtest-mobilenet-small,AlphaEarthCoop,grid_orig_test,mobilenet,mobilenetv3_small_100,small,7,10,27
coop-origtest-mobilenet-small,AlphaEarthCoop,grid_orig_test,mobilenet,mobilenetv3_small_100,small,7,11,0
coop-origtest-mobilenet-small,AlphaEarthCoop,grid_orig_test,mobilenet,mobilenetv3_small_100,small,7,12,0
coop-origtest-mobilenet-small,AlphaEarthCoop,grid_orig_test,mobilenet,mobilenetv3_small_100,small,7,13,0
coop-origtest-mobilenet-small,AlphaEarthCoop,grid_orig_test,mobilenet,mobilenetv3_small_100,small,7,14,0
coop-origtest-mobilenet-small,AlphaEarthCoop,grid_orig_test,mobilenet,mobilenetv3_small_100,small,7,15,0
coop-origtest-mobilenet-small,AlphaEarthCoop,grid_orig_test,mobilenet,mobilenetv3_small_100,small,7,16,0
coop-origtest-mobilenet-small,AlphaEarthCoop,grid_orig_test,mobilenet,mobilenetv3_small_100,small,7,17,0
coop-origtest-mobilenet-small,AlphaEarthCoop,grid_orig_test,mobilenet,mobilenetv3_small_100,small,8,1,20
coop-origtest-mobilenet-small,AlphaEarthCoop,grid_orig_test,mobilenet,mobilenetv3_small_100,small,8,2,2
coop-origtest-mobilenet-small,AlphaEarthCoop,grid_orig_test,mobilenet,mobilenetv3_small_100,small,8,3,22
coop-origtest-mobilenet-small,AlphaEarthCoop,grid_orig_test,mobilenet,mobilenetv3_small_100,small,8,4,15
coop-origtest-mobilenet-small,AlphaEarthCoop,grid_orig_test,mobilenet,mobilenetv3_small_100,small,8,5,3
coop-origtest-mobilenet-small,AlphaEarthCoop,grid_orig_test,mobilenet,mobilenetv3_small_100,small,8,6,20
coop-origtest-mobilenet-small,AlphaEarthCoop,grid_orig_test,mobilenet,mobilenetv3_small_100,small,8,7,16
coop-origtest-mobilenet-small,AlphaEarthCoop,grid_orig_test,mobilenet,mobilenetv3_small_100,small,8,8,3076
coop-origtest-mobilenet-small,AlphaEarthCoop,grid_orig_test,mobilenet,mobilenetv3_small_100,small,8,9,22
coop-origtest-mobilenet-small,AlphaEarthCoop,grid_orig_test,mobilenet,mobilenetv3_small_100,small,8,10,269
coop-origtest-mobilenet-small,AlphaEarthCoop,grid_orig_test,mobilenet,mobilenetv3_small_100,small,8,11,0
coop-origtest-mobilenet-small,AlphaEarthCoop,grid_orig_test,mobilenet,mobilenetv3_small_100,small,8,12,1
coop-origtest-mobilenet-small,AlphaEarthCoop,grid_orig_test,mobilenet,mobilenetv3_small_100,small,8,13,0
coop-origtest-mobilenet-small,AlphaEarthCoop,grid_orig_test,mobilenet,mobilenetv3_small_100,small,8,14,1
coop-origtest-mobilenet-small,AlphaEarthCoop,grid_orig_test,mobilenet,mobilenetv3_small_100,small,8,15,20
coop-origtest-mobilenet-small,AlphaEarthCoop,grid_orig_test,mobilenet,mobilenetv3_small_100,small,8,16,9
coop-origtest-mobilenet-small,AlphaEarthCoop,grid_orig_test,mobilenet,mobilenetv3_small_100,small,8,17,0
coop-origtest-mobilenet-small,AlphaEarthCoop,grid_orig_test,mobilenet,mobilenetv3_small_100,small,9,1,0
coop-origtest-mobilenet-small,AlphaEarthCoop,grid_orig_test,mobilenet,mobilenetv3_small_100,small,9,2,0
coop-origtest-mobilenet-small,AlphaEarthCoop,grid_orig_test,mobilenet,mobilenetv3_small_100,small,9,3,7
coop-origtest-mobilenet-small,AlphaEarthCoop,grid_orig_test,mobilenet,mobilenetv3_small_100,small,9,4,2
coop-origtest-mobilenet-small,AlphaEarthCoop,grid_orig_test,mobilenet,mobilenetv3_small_100,small,9,5,39
coop-origtest-mobilenet-small,AlphaEarthCoop,grid_orig_test,mobilenet,mobilenetv3_small_100,small,9,6,121
coop-origtest-mobilenet-small,AlphaEarthCoop,grid_orig_test,mobilenet,mobilenetv3_small_100,small,9,7,4
coop-origtest-mobilenet-small,AlphaEarthCoop,grid_orig_test,mobilenet,mobilenetv3_small_100,small,9,8,10
coop-origtest-mobilenet-small,AlphaEarthCoop,grid_orig_test,mobilenet,mobilenetv3_small_100,small,9,9,1798
coop-origtest-mobilenet-small,AlphaEarthCoop,grid_orig_test,mobilenet,mobilenetv3_small_100,small,9,10,4
coop-origtest-mobilenet-small,AlphaEarthCoop,grid_orig_test,mobilenet,mobilenetv3_small_100,small,9,11,0
coop-origtest-mobilenet-small,AlphaEarthCoop,grid_orig_test,mobilenet,mobilenetv3_small_100,small,9,12,6
coop-origtest-mobilenet-small,AlphaEarthCoop,grid_orig_test,mobilenet,mobilenetv3_small_100,small,9,13,3
coop-origtest-mobilenet-small,AlphaEarthCoop,grid_orig_test,mobilenet,mobilenetv3_small_100,small,9,14,17
coop-origtest-mobilenet-small,AlphaEarthCoop,grid_orig_test,mobilenet,mobilenetv3_small_100,small,9,15,1
coop-origtest-mobilenet-small,AlphaEarthCoop,grid_orig_test,mobilenet,mobilenetv3_small_100,small,9,16,1
coop-origtest-mobilenet-small,AlphaEarthCoop,grid_orig_test,mobilenet,mobilenetv3_small_100,small,9,17,0
coop-origtest-mobilenet-small,AlphaEarthCoop,grid_orig_test,mobilenet,mobilenetv3_small_100,small,10,1,0
coop-origtest-mobilenet-small,AlphaEarthCoop,grid_orig_test,mobilenet,mobilenetv3_small_100,small,10,2,2
coop-origtest-mobilenet-small,AlphaEarthCoop,grid_orig_test,mobilenet,mobilenetv3_small_100,small,10,3,1
coop-origtest-mobilenet-small,AlphaEarthCoop,grid_orig_test,mobilenet,mobilenetv3_small_100,small,10,4,20
coop-origtest-mobilenet-small,AlphaEarthCoop,grid_orig_test,mobilenet,mobilenetv3_small_100,small,10,5,2
coop-origtest-mobilenet-small,AlphaEarthCoop,grid_orig_test,mobilenet,mobilenetv3_small_100,small,10,6,5
coop-origtest-mobilenet-small,AlphaEarthCoop,grid_orig_test,mobilenet,mobilenetv3_small_100,small,10,7,1
coop-origtest-mobilenet-small,AlphaEarthCoop,grid_orig_test,mobilenet,mobilenetv3_small_100,small,10,8,196
coop-origtest-mobilenet-small,AlphaEarthCoop,grid_orig_test,mobilenet,mobilenetv3_small_100,small,10,9,13
coop-origtest-mobilenet-small,AlphaEarthCoop,grid_orig_test,mobilenet,mobilenetv3_small_100,small,10,10,594
coop-origtest-mobilenet-small,AlphaEarthCoop,grid_orig_test,mobilenet,mobilenetv3_small_100,small,10,11,0
coop-origtest-mobilenet-small,AlphaEarthCoop,grid_orig_test,mobilenet,mobilenetv3_small_100,small,10,12,25
coop-origtest-mobilenet-small,AlphaEarthCoop,grid_orig_test,mobilenet,mobilenetv3_small_100,small,10,13,0
coop-origtest-mobilenet-small,AlphaEarthCoop,grid_orig_test,mobilenet,mobilenetv3_small_100,small,10,14,4
coop-origtest-mobilenet-small,AlphaEarthCoop,grid_orig_test,mobilenet,mobilenetv3_small_100,small,10,15,43
coop-origtest-mobilenet-small,AlphaEarthCoop,grid_orig_test,mobilenet,mobilenetv3_small_100,small,10,16,2
coop-origtest-mobilenet-small,AlphaEarthCoop,grid_orig_test,mobilenet,mobilenetv3_small_100,small,10,17,0
coop-origtest-mobilenet-small,AlphaEarthCoop,grid_orig_test,mobilenet,mobilenetv3_small_100,small,11,1,0
coop-origtest-mobilenet-small,AlphaEarthCoop,grid_orig_test,mobilenet,mobilenetv3_small_100,small,11,2,0
coop-origtest-mobilenet-small,AlphaEarthCoop,grid_orig_test,mobilenet,mobilenetv3_small_100,small,11,3,0
coop-origtest-mobilenet-small,AlphaEarthCoop,grid_orig_test,mobilenet,mobilenetv3_small_100,small,11,4,0
coop-origtest-mobilenet-small,AlphaEarthCoop,grid_orig_test,mobilenet,mobilenetv3_small_100,small,11,5,0
coop-origtest-mobilenet-small,AlphaEarthCoop,grid_orig_test,mobilenet,mobilenetv3_small_100,small,11,6,2
coop-origtest-mobilenet-small,AlphaEarthCoop,grid_orig_test,mobilenet,mobilenetv3_small_100,small,11,7,0
coop-origtest-mobilenet-small,AlphaEarthCoop,grid_orig_test,mobilenet,mobilenetv3_small_100,small,11,8,0
coop-origtest-mobilenet-small,AlphaEarthCoop,grid_orig_test,mobilenet,mobilenetv3_small_100,small,11,9,87
coop-origtest-mobilenet-small,AlphaEarthCoop,grid_orig_test,mobilenet,mobilenetv3_small_100,small,11,10,0
coop-origtest-mobilenet-small,AlphaEarthCoop,grid_orig_test,mobilenet,mobilenetv3_small_100,small,11,11,2213
coop-origtest-mobilenet-small,AlphaEarthCoop,grid_orig_test,mobilenet,mobilenetv3_small_100,small,11,12,61
coop-origtest-mobilenet-small,AlphaEarthCoop,grid_orig_test,mobilenet,mobilenetv3_small_100,small,11,13,4
coop-origtest-mobilenet-small,AlphaEarthCoop,grid_orig_test,mobilenet,mobilenetv3_small_100,small,11,14,1
coop-origtest-mobilenet-small,AlphaEarthCoop,grid_orig_test,mobilenet,mobilenetv3_small_100,small,11,15,0
coop-origtest-mobilenet-small,AlphaEarthCoop,grid_orig_test,mobilenet,mobilenetv3_small_100,small,11,16,0
coop-origtest-mobilenet-small,AlphaEarthCoop,grid_orig_test,mobilenet,mobilenetv3_small_100,small,11,17,0
coop-origtest-mobilenet-small,AlphaEarthCoop,grid_orig_test,mobilenet,mobilenetv3_small_100,small,12,1,0
coop-origtest-mobilenet-small,AlphaEarthCoop,grid_orig_test,mobilenet,mobilenetv3_small_100,small,12,2,0
coop-origtest-mobilenet-small,AlphaEarthCoop,grid_orig_test,mobilenet,mobilenetv3_small_100,small,12,3,1
coop-origtest-mobilenet-small,AlphaEarthCoop,grid_orig_test,mobilenet,mobilenetv3_small_100,small,12,4,0
coop-origtest-mobilenet-small,AlphaEarthCoop,grid_orig_test,mobilenet,mobilenetv3_small_100,small,12,5,0
coop-origtest-mobilenet-small,AlphaEarthCoop,grid_orig_test,mobilenet,mobilenetv3_small_100,small,12,6,8
coop-origtest-mobilenet-small,AlphaEarthCoop,grid_orig_test,mobilenet,mobilenetv3_small_100,small,12,7,0
coop-origtest-mobilenet-small,AlphaEarthCoop,grid_orig_test,mobilenet,mobilenetv3_small_100,small,12,8,0
coop-origtest-mobilenet-small,AlphaEarthCoop,grid_orig_test,mobilenet,mobilenetv3_small_100,small,12,9,61
coop-origtest-mobilenet-small,AlphaEarthCoop,grid_orig_test,mobilenet,mobilenetv3_small_100,small,12,10,0
coop-origtest-mobilenet-small,AlphaEarthCoop,grid_orig_test,mobilenet,mobilenetv3_small_100,small,12,11,37
coop-origtest-mobilenet-small,AlphaEarthCoop,grid_orig_test,mobilenet,mobilenetv3_small_100,small,12,12,224
coop-origtest-mobilenet-small,AlphaEarthCoop,grid_orig_test,mobilenet,mobilenetv3_small_100,small,12,13,41
coop-origtest-mobilenet-small,AlphaEarthCoop,grid_orig_test,mobilenet,mobilenetv3_small_100,small,12,14,41
coop-origtest-mobilenet-small,AlphaEarthCoop,grid_orig_test,mobilenet,mobilenetv3_small_100,small,12,15,12
coop-origtest-mobilenet-small,AlphaEarthCoop,grid_orig_test,mobilenet,mobilenetv3_small_100,small,12,16,0
coop-origtest-mobilenet-small,AlphaEarthCoop,grid_orig_test,mobilenet,mobilenetv3_small_100,small,12,17,1
coop-origtest-mobilenet-small,AlphaEarthCoop,grid_orig_test,mobilenet,mobilenetv3_small_100,small,13,1,0
coop-origtest-mobilenet-small,AlphaEarthCoop,grid_orig_test,mobilenet,mobilenetv3_small_100,small,13,2,0
coop-origtest-mobilenet-small,AlphaEarthCoop,grid_orig_test,mobilenet,mobilenetv3_small_100,small,13,3,0
coop-origtest-mobilenet-small,AlphaEarthCoop,grid_orig_test,mobilenet,mobilenetv3_small_100,small,13,4,0
coop-origtest-mobilenet-small,AlphaEarthCoop,grid_orig_test,mobilenet,mobilenetv3_small_100,small,13,5,0
coop-origtest-mobilenet-small,AlphaEarthCoop,grid_orig_test,mobilenet,mobilenetv3_small_100,small,13,6,0
coop-origtest-mobilenet-small,AlphaEarthCoop,grid_orig_test,mobilenet,mobilenetv3_small_100,small,13,7,0
coop-origtest-mobilenet-small,AlphaEarthCoop,grid_orig_test,mobilenet,mobilenetv3_small_100,small,13,8,0
coop-origtest-mobilenet-small,AlphaEarthCoop,grid_orig_test,mobilenet,mobilenetv3_small_100,small,13,9,1
coop-origtest-mobilenet-small,AlphaEarthCoop,grid_orig_test,mobilenet,mobilenetv3_small_100,small,13,10,0
coop-origtest-mobilenet-small,AlphaEarthCoop,grid_orig_test,mobilenet,mobilenetv3_small_100,small,13,11,2
coop-origtest-mobilenet-small,AlphaEarthCoop,grid_orig_test,mobilenet,mobilenetv3_small_100,small,13,12,3
coop-origtest-mobilenet-small,AlphaEarthCoop,grid_orig_test,mobilenet,mobilenetv3_small_100,small,13,13,1026
coop-origtest-mobilenet-small,AlphaEarthCoop,grid_orig_test,mobilenet,mobilenetv3_small_100,small,13,14,10
coop-origtest-mobilenet-small,AlphaEarthCoop,grid_orig_test,mobilenet,mobilenetv3_small_100,small,13,15,43
coop-origtest-mobilenet-small,AlphaEarthCoop,grid_orig_test,mobilenet,mobilenetv3_small_100,small,13,16,81
coop-origtest-mobilenet-small,AlphaEarthCoop,grid_orig_test,mobilenet,mobilenetv3_small_100,small,13,17,0
coop-origtest-mobilenet-small,AlphaEarthCoop,grid_orig_test,mobilenet,mobilenetv3_small_100,small,14,1,0
coop-origtest-mobilenet-small,AlphaEarthCoop,grid_orig_test,mobilenet,mobilenetv3_small_100,small,14,2,0
coop-origtest-mobilenet-small,AlphaEarthCoop,grid_orig_test,mobilenet,mobilenetv3_small_100,small,14,3,0
coop-origtest-mobilenet-small,AlphaEarthCoop,grid_orig_test,mobilenet,mobilenetv3_small_100,small,14,4,0
coop-origtest-mobilenet-small,AlphaEarthCoop,grid_orig_test,mobilenet,mobilenetv3_small_100,small,14,5,0
coop-origtest-mobilenet-small,AlphaEarthCoop,grid_orig_test,mobilenet,mobilenetv3_small_100,small,14,6,0
coop-origtest-mobilenet-small,AlphaEarthCoop,grid_orig_test,mobilenet,mobilenetv3_small_100,small,14,7,0
coop-origtest-mobilenet-small,AlphaEarthCoop,grid_orig_test,mobilenet,mobilenetv3_small_100,small,14,8,0
coop-origtest-mobilenet-small,AlphaEarthCoop,grid_orig_test,mobilenet,mobilenetv3_small_100,small,14,9,16
coop-origtest-mobilenet-small,AlphaEarthCoop,grid_orig_test,mobilenet,mobilenetv3_small_100,small,14,10,2
coop-origtest-mobilenet-small,AlphaEarthCoop,grid_orig_test,mobilenet,mobilenetv3_small_100,small,14,11,6
coop-origtest-mobilenet-small,AlphaEarthCoop,grid_orig_test,mobilenet,mobilenetv3_small_100,small,14,12,51
coop-origtest-mobilenet-small,AlphaEarthCoop,grid_orig_test,mobilenet,mobilenetv3_small_100,small,14,13,19
coop-origtest-mobilenet-small,AlphaEarthCoop,grid_orig_test,mobilenet,mobilenetv3_small_100,small,14,14,2240
coop-origtest-mobilenet-small,AlphaEarthCoop,grid_orig_test,mobilenet,mobilenetv3_small_100,small,14,15,0
coop-origtest-mobilenet-small,AlphaEarthCoop,grid_orig_test,mobilenet,mobilenetv3_small_100,small,14,16,100
coop-origtest-mobilenet-small,AlphaEarthCoop,grid_orig_test,mobilenet,mobilenetv3_small_100,small,14,17,1
coop-origtest-mobilenet-small,AlphaEarthCoop,grid_orig_test,mobilenet,mobilenetv3_small_100,small,15,1,0
coop-origtest-mobilenet-small,AlphaEarthCoop,grid_orig_test,mobilenet,mobilenetv3_small_100,small,15,2,0
coop-origtest-mobilenet-small,AlphaEarthCoop,grid_orig_test,mobilenet,mobilenetv3_small_100,small,15,3,1
coop-origtest-mobilenet-small,AlphaEarthCoop,grid_orig_test,mobilenet,mobilenetv3_small_100,small,15,4,0
coop-origtest-mobilenet-small,AlphaEarthCoop,grid_orig_test,mobilenet,mobilenetv3_small_100,small,15,5,0
coop-origtest-mobilenet-small,AlphaEarthCoop,grid_orig_test,mobilenet,mobilenetv3_small_100,small,15,6,0
coop-origtest-mobilenet-small,AlphaEarthCoop,grid_orig_test,mobilenet,mobilenetv3_small_100,small,15,7,2
coop-origtest-mobilenet-small,AlphaEarthCoop,grid_orig_test,mobilenet,mobilenetv3_small_100,small,15,8,16
coop-origtest-mobilenet-small,AlphaEarthCoop,grid_orig_test,mobilenet,mobilenetv3_small_100,small,15,9,0
coop-origtest-mobilenet-small,AlphaEarthCoop,grid_orig_test,mobilenet,mobilenetv3_small_100,small,15,10,4
coop-origtest-mobilenet-small,AlphaEarthCoop,grid_orig_test,mobilenet,mobilenetv3_small_100,small,15,11,0
coop-origtest-mobilenet-small,AlphaEarthCoop,grid_orig_test,mobilenet,mobilenetv3_small_100,small,15,12,0
coop-origtest-mobilenet-small,AlphaEarthCoop,grid_orig_test,mobilenet,mobilenetv3_small_100,small,15,13,0
coop-origtest-mobilenet-small,AlphaEarthCoop,grid_orig_test,mobilenet,mobilenetv3_small_100,small,15,14,0
coop-origtest-mobilenet-small,AlphaEarthCoop,grid_orig_test,mobilenet,mobilenetv3_small_100,small,15,15,182
coop-origtest-mobilenet-small,AlphaEarthCoop,grid_orig_test,mobilenet,mobilenetv3_small_100,small,15,16,0
coop-origtest-mobilenet-small,AlphaEarthCoop,grid_orig_test,mobilenet,mobilenetv3_small_100,small,15,17,0
coop-origtest-mobilenet-small,AlphaEarthCoop,grid_orig_test,mobilenet,mobilenetv3_small_100,small,16,1,0
coop-origtest-mobilenet-small,AlphaEarthCoop,grid_orig_test,mobilenet,mobilenetv3_small_100,small,16,2,0
coop-origtest-mobilenet-small,AlphaEarthCoop,grid_orig_test,mobilenet,mobilenetv3_small_100,small,16,3,0
coop-origtest-mobilenet-small,AlphaEarthCoop,grid_orig_test,mobilenet,mobilenetv3_small_100,small,16,4,0
coop-origtest-mobilenet-small,AlphaEarthCoop,grid_orig_test,mobilenet,mobilenetv3_small_100,small,16,5,0
coop-origtest-mobilenet-small,AlphaEarthCoop,grid_orig_test,mobilenet,mobilenetv3_small_100,small,16,6,3
coop-origtest-mobilenet-small,AlphaEarthCoop,grid_orig_test,mobilenet,mobilenetv3_small_100,small,16,7,0
coop-origtest-mobilenet-small,AlphaEarthCoop,grid_orig_test,mobilenet,mobilenetv3_small_100,small,16,8,4
coop-origtest-mobilenet-small,AlphaEarthCoop,grid_orig_test,mobilenet,mobilenetv3_small_100,small,16,9,12
coop-origtest-mobilenet-small,AlphaEarthCoop,grid_orig_test,mobilenet,mobilenetv3_small_100,small,16,10,0
coop-origtest-mobilenet-small,AlphaEarthCoop,grid_orig_test,mobilenet,mobilenetv3_small_100,small,16,11,0
coop-origtest-mobilenet-small,AlphaEarthCoop,grid_orig_test,mobilenet,mobilenetv3_small_100,small,16,12,0
coop-origtest-mobilenet-small,AlphaEarthCoop,grid_orig_test,mobilenet,mobilenetv3_small_100,small,16,13,5
coop-origtest-mobilenet-small,AlphaEarthCoop,grid_orig_test,mobilenet,mobilenetv3_small_100,small,16,14,4
coop-origtest-mobilenet-small,AlphaEarthCoop,grid_orig_test,mobilenet,mobilenetv3_small_100,small,16,15,56
coop-origtest-mobilenet-small,AlphaEarthCoop,grid_orig_test,mobilenet,mobilenetv3_small_100,small,16,16,488
coop-origtest-mobilenet-small,AlphaEarthCoop,grid_orig_test,mobilenet,mobilenetv3_small_100,small,16,17,0
coop-origtest-mobilenet-small,AlphaEarthCoop,grid_orig_test,mobilenet,mobilenetv3_small_100,small,17,1,0
coop-origtest-mobilenet-small,AlphaEarthCoop,grid_orig_test,mobilenet,mobilenetv3_small_100,small,17,2,0
coop-origtest-mobilenet-small,AlphaEarthCoop,grid_orig_test,mobilenet,mobilenetv3_small_100,small,17,3,0
coop-origtest-mobilenet-small,AlphaEarthCoop,grid_orig_test,mobilenet,mobilenetv3_small_100,small,17,4,2
coop-origtest-mobilenet-small,AlphaEarthCoop,grid_orig_test,mobilenet,mobilenetv3_small_100,small,17,5,0
coop-origtest-mobilenet-small,AlphaEarthCoop,grid_orig_test,mobilenet,mobilenetv3_small_100,small,17,6,0
coop-origtest-mobilenet-small,AlphaEarthCoop,grid_orig_test,mobilenet,mobilenetv3_small_100,small,17,7,0
coop-origtest-mobilenet-small,AlphaEarthCoop,grid_orig_test,mobilenet,mobilenetv3_small_100,small,17,8,3
coop-origtest-mobilenet-small,AlphaEarthCoop,grid_orig_test,mobilenet,mobilenetv3_small_100,small,17,9,0
coop-origtest-mobilenet-small,AlphaEarthCoop,grid_orig_test,mobilenet,mobilenetv3_small_100,small,17,10,1
coop-origtest-mobilenet-small,AlphaEarthCoop,grid_orig_test,mobilenet,mobilenetv3_small_100,small,17,11,0
coop-origtest-mobilenet-small,AlphaEarthCoop,grid_orig_test,mobilenet,mobilenetv3_small_100,small,17,12,1
coop-origtest-mobilenet-small,AlphaEarthCoop,grid_orig_test,mobilenet,mobilenetv3_small_100,small,17,13,0
coop-origtest-mobilenet-small,AlphaEarthCoop,grid_orig_test,mobilenet,mobilenetv3_small_100,small,17,14,1
coop-origtest-mobilenet-small,AlphaEarthCoop,grid_orig_test,mobilenet,mobilenetv3_small_100,small,17,15,0
coop-origtest-mobilenet-small,AlphaEarthCoop,grid_orig_test,mobilenet,mobilenetv3_small_100,small,17,16,0
coop-origtest-mobilenet-small,AlphaEarthCoop,grid_orig_test,mobilenet,mobilenetv3_small_100,small,17,17,2196
coop-origtest-resnet-nano,AlphaEarthCoop,grid_orig_test,resnet,resnet18,nano,1,1,231
coop-origtest-resnet-nano,AlphaEarthCoop,grid_orig_test,resnet,resnet18,nano,1,2,14
coop-origtest-resnet-nano,AlphaEarthCoop,grid_orig_test,resnet,resnet18,nano,1,3,0
coop-origtest-resnet-nano,AlphaEarthCoop,grid_orig_test,resnet,resnet18,nano,1,4,12
coop-origtest-resnet-nano,AlphaEarthCoop,grid_orig_test,resnet,resnet18,nano,1,5,0
coop-origtest-resnet-nano,AlphaEarthCoop,grid_orig_test,resnet,resnet18,nano,1,6,0
coop-origtest-resnet-nano,AlphaEarthCoop,grid_orig_test,resnet,resnet18,nano,1,7,2
coop-origtest-resnet-nano,AlphaEarthCoop,grid_orig_test,resnet,resnet18,nano,1,8,4
coop-origtest-resnet-nano,AlphaEarthCoop,grid_orig_test,resnet,resnet18,nano,1,9,0
coop-origtest-resnet-nano,AlphaEarthCoop,grid_orig_test,resnet,resnet18,nano,1,10,3
coop-origtest-resnet-nano,AlphaEarthCoop,grid_orig_test,resnet,resnet18,nano,1,11,0
coop-origtest-resnet-nano,AlphaEarthCoop,grid_orig_test,resnet,resnet18,nano,1,12,0
coop-origtest-resnet-nano,AlphaEarthCoop,grid_orig_test,resnet,resnet18,nano,1,13,0
coop-origtest-resnet-nano,AlphaEarthCoop,grid_orig_test,resnet,resnet18,nano,1,14,0
coop-origtest-resnet-nano,AlphaEarthCoop,grid_orig_test,resnet,resnet18,nano,1,15,0
coop-origtest-resnet-nano,AlphaEarthCoop,grid_orig_test,resnet,resnet18,nano,1,16,0
coop-origtest-resnet-nano,AlphaEarthCoop,grid_orig_test,resnet,resnet18,nano,1,17,0
coop-origtest-resnet-nano,AlphaEarthCoop,grid_orig_test,resnet,resnet18,nano,2,1,102
coop-origtest-resnet-nano,AlphaEarthCoop,grid_orig_test,resnet,resnet18,nano,2,2,871
coop-origtest-resnet-nano,AlphaEarthCoop,grid_orig_test,resnet,resnet18,nano,2,3,14
coop-origtest-resnet-nano,AlphaEarthCoop,grid_orig_test,resnet,resnet18,nano,2,4,22
coop-origtest-resnet-nano,AlphaEarthCoop,grid_orig_test,resnet,resnet18,nano,2,5,124
coop-origtest-resnet-nano,AlphaEarthCoop,grid_orig_test,resnet,resnet18,nano,2,6,1
coop-origtest-resnet-nano,AlphaEarthCoop,grid_orig_test,resnet,resnet18,nano,2,7,64
coop-origtest-resnet-nano,AlphaEarthCoop,grid_orig_test,resnet,resnet18,nano,2,8,46
coop-origtest-resnet-nano,AlphaEarthCoop,grid_orig_test,resnet,resnet18,nano,2,9,0
coop-origtest-resnet-nano,AlphaEarthCoop,grid_orig_test,resnet,resnet18,nano,2,10,7
coop-origtest-resnet-nano,AlphaEarthCoop,grid_orig_test,resnet,resnet18,nano,2,11,0
coop-origtest-resnet-nano,AlphaEarthCoop,grid_orig_test,resnet,resnet18,nano,2,12,0
coop-origtest-resnet-nano,AlphaEarthCoop,grid_orig_test,resnet,resnet18,nano,2,13,0
coop-origtest-resnet-nano,AlphaEarthCoop,grid_orig_test,resnet,resnet18,nano,2,14,0
coop-origtest-resnet-nano,AlphaEarthCoop,grid_orig_test,resnet,resnet18,nano,2,15,0
coop-origtest-resnet-nano,AlphaEarthCoop,grid_orig_test,resnet,resnet18,nano,2,16,0
coop-origtest-resnet-nano,AlphaEarthCoop,grid_orig_test,resnet,resnet18,nano,2,17,0
coop-origtest-resnet-nano,AlphaEarthCoop,grid_orig_test,resnet,resnet18,nano,3,1,6
coop-origtest-resnet-nano,AlphaEarthCoop,grid_orig_test,resnet,resnet18,nano,3,2,21
coop-origtest-resnet-nano,AlphaEarthCoop,grid_orig_test,resnet,resnet18,nano,3,3,1977
coop-origtest-resnet-nano,AlphaEarthCoop,grid_orig_test,resnet,resnet18,nano,3,4,1
coop-origtest-resnet-nano,AlphaEarthCoop,grid_orig_test,resnet,resnet18,nano,3,5,88
coop-origtest-resnet-nano,AlphaEarthCoop,grid_orig_test,resnet,resnet18,nano,3,6,124
coop-origtest-resnet-nano,AlphaEarthCoop,grid_orig_test,resnet,resnet18,nano,3,7,126
coop-origtest-resnet-nano,AlphaEarthCoop,grid_orig_test,resnet,resnet18,nano,3,8,50
coop-origtest-resnet-nano,AlphaEarthCoop,grid_orig_test,resnet,resnet18,nano,3,9,42
coop-origtest-resnet-nano,AlphaEarthCoop,grid_orig_test,resnet,resnet18,nano,3,10,26
coop-origtest-resnet-nano,AlphaEarthCoop,grid_orig_test,resnet,resnet18,nano,3,11,0
coop-origtest-resnet-nano,AlphaEarthCoop,grid_orig_test,resnet,resnet18,nano,3,12,0
coop-origtest-resnet-nano,AlphaEarthCoop,grid_orig_test,resnet,resnet18,nano,3,13,0
coop-origtest-resnet-nano,AlphaEarthCoop,grid_orig_test,resnet,resnet18,nano,3,14,3
coop-origtest-resnet-nano,AlphaEarthCoop,grid_orig_test,resnet,resnet18,nano,3,15,0
coop-origtest-resnet-nano,AlphaEarthCoop,grid_orig_test,resnet,resnet18,nano,3,16,1
coop-origtest-resnet-nano,AlphaEarthCoop,grid_orig_test,resnet,resnet18,nano,3,17,0
coop-origtest-resnet-nano,AlphaEarthCoop,grid_orig_test,resnet,resnet18,nano,4,1,49
coop-origtest-resnet-nano,AlphaEarthCoop,grid_orig_test,resnet,resnet18,nano,4,2,16
coop-origtest-resnet-nano,AlphaEarthCoop,grid_orig_test,resnet,resnet18,nano,4,3,1
coop-origtest-resnet-nano,AlphaEarthCoop,grid_orig_test,resnet,resnet18,nano,4,4,663
coop-origtest-resnet-nano,AlphaEarthCoop,grid_orig_test,resnet,resnet18,nano,4,5,50
coop-origtest-resnet-nano,AlphaEarthCoop,grid_orig_test,resnet,resnet18,nano,4,6,10
coop-origtest-resnet-nano,AlphaEarthCoop,grid_orig_test,resnet,resnet18,nano,4,7,0
coop-origtest-resnet-nano,AlphaEarthCoop,grid_orig_test,resnet,resnet18,nano,4,8,48
coop-origtest-resnet-nano,AlphaEarthCoop,grid_orig_test,resnet,resnet18,nano,4,9,1
coop-origtest-resnet-nano,AlphaEarthCoop,grid_orig_test,resnet,resnet18,nano,4,10,19
coop-origtest-resnet-nano,AlphaEarthCoop,grid_orig_test,resnet,resnet18,nano,4,11,0
coop-origtest-resnet-nano,AlphaEarthCoop,grid_orig_test,resnet,resnet18,nano,4,12,0
coop-origtest-resnet-nano,AlphaEarthCoop,grid_orig_test,resnet,resnet18,nano,4,13,0
coop-origtest-resnet-nano,AlphaEarthCoop,grid_orig_test,resnet,resnet18,nano,4,14,0
coop-origtest-resnet-nano,AlphaEarthCoop,grid_orig_test,resnet,resnet18,nano,4,15,0
coop-origtest-resnet-nano,AlphaEarthCoop,grid_orig_test,resnet,resnet18,nano,4,16,0
coop-origtest-resnet-nano,AlphaEarthCoop,grid_orig_test,resnet,resnet18,nano,4,17,0
coop-origtest-resnet-nano,AlphaEarthCoop,grid_orig_test,resnet,resnet18,nano,5,1,4
coop-origtest-resnet-nano,AlphaEarthCoop,grid_orig_test,resnet,resnet18,nano,5,2,18
coop-origtest-resnet-nano,AlphaEarthCoop,grid_orig_test,resnet,resnet18,nano,5,3,44
coop-origtest-resnet-nano,AlphaEarthCoop,grid_orig_test,resnet,resnet18,nano,5,4,136
coop-origtest-resnet-nano,AlphaEarthCoop,grid_orig_test,resnet,resnet18,nano,5,5,479
coop-origtest-resnet-nano,AlphaEarthCoop,grid_orig_test,resnet,resnet18,nano,5,6,43
coop-origtest-resnet-nano,AlphaEarthCoop,grid_orig_test,resnet,resnet18,nano,5,7,1
coop-origtest-resnet-nano,AlphaEarthCoop,grid_orig_test,resnet,resnet18,nano,5,8,22
coop-origtest-resnet-nano,AlphaEarthCoop,grid_orig_test,resnet,resnet18,nano,5,9,8
coop-origtest-resnet-nano,AlphaEarthCoop,grid_orig_test,resnet,resnet18,nano,5,10,8
coop-origtest-resnet-nano,AlphaEarthCoop,grid_orig_test,resnet,resnet18,nano,5,11,0
coop-origtest-resnet-nano,AlphaEarthCoop,grid_orig_test,resnet,resnet18,nano,5,12,0
coop-origtest-resnet-nano,AlphaEarthCoop,grid_orig_test,resnet,resnet18,nano,5,13,0
coop-origtest-resnet-nano,AlphaEarthCoop,grid_orig_test,resnet,resnet18,nano,5,14,0
coop-origtest-resnet-nano,AlphaEarthCoop,grid_orig_test,resnet,resnet18,nano,5,15,0
coop-origtest-resnet-nano,AlphaEarthCoop,grid_orig_test,resnet,resnet18,nano,5,16,0
coop-origtest-resnet-nano,AlphaEarthCoop,grid_orig_test,resnet,resnet18,nano,5,17,0
coop-origtest-resnet-nano,AlphaEarthCoop,grid_orig_test,resnet,resnet18,nano,6,1,3
coop-origtest-resnet-nano,AlphaEarthCoop,grid_orig_test,resnet,resnet18,nano,6,2,4
coop-origtest-resnet-nano,AlphaEarthCoop,grid_orig_test,resnet,resnet18,nano,6,3,325
coop-origtest-resnet-nano,AlphaEarthCoop,grid_orig_test,resnet,resnet18,nano,6,4,0
coop-origtest-resnet-nano,AlphaEarthCoop,grid_orig_test,resnet,resnet18,nano,6,5,36
coop-origtest-resnet-nano,AlphaEarthCoop,grid_orig_test,resnet,resnet18,nano,6,6,1210
coop-origtest-resnet-nano,AlphaEarthCoop,grid_orig_test,resnet,resnet18,nano,6,7,0
coop-origtest-resnet-nano,AlphaEarthCoop,grid_orig_test,resnet,resnet18,nano,6,8,46
coop-origtest-resnet-nano,AlphaEarthCoop,grid_orig_test,resnet,resnet18,nano,6,9,262
coop-origtest-resnet-nano,AlphaEarthCoop,grid_orig_test,resnet,resnet18,nano,6,10,27
coop-origtest-resnet-nano,AlphaEarthCoop,grid_orig_test,resnet,resnet18,nano,6,11,0
coop-origtest-resnet-nano,AlphaEarthCoop,grid_orig_test,resnet,resnet18,nano,6,12,0
coop-origtest-resnet-nano,AlphaEarthCoop,grid_orig_test,resnet,resnet18,nano,6,13,0
coop-origtest-resnet-nano,AlphaEarthCoop,grid_orig_test,resnet,resnet18,nano,6,14,22
coop-origtest-resnet-nano,AlphaEarthCoop,grid_orig_test,resnet,resnet18,nano,6,15,0
coop-origtest-resnet-nano,AlphaEarthCoop,grid_orig_test,resnet,resnet18,nano,6,16,1
coop-origtest-resnet-nano,AlphaEarthCoop,grid_orig_test,resnet,resnet18,nano,6,17,0
coop-origtest-resnet-nano,AlphaEarthCoop,grid_orig_test,resnet,resnet18,nano,7,1,1
coop-origtest-resnet-nano,AlphaEarthCoop,grid_orig_test,resnet,resnet18,nano,7,2,28
coop-origtest-resnet-nano,AlphaEarthCoop,grid_orig_test,resnet,resnet18,nano,7,3,51
coop-origtest-resnet-nano,AlphaEarthCoop,grid_orig_test,resnet,resnet18,nano,7,4,1
coop-origtest-resnet-nano,AlphaEarthCoop,grid_orig_test,resnet,resnet18,nano,7,5,2
coop-origtest-resnet-nano,AlphaEarthCoop,grid_orig_test,resnet,resnet18,nano,7,6,0
coop-origtest-resnet-nano,AlphaEarthCoop,grid_orig_test,resnet,resnet18,nano,7,7,351
coop-origtest-resnet-nano,AlphaEarthCoop,grid_orig_test,resnet,resnet18,nano,7,8,59
coop-origtest-resnet-nano,AlphaEarthCoop,grid_orig_test,resnet,resnet18,nano,7,9,1
coop-origtest-resnet-nano,AlphaEarthCoop,grid_orig_test,resnet,resnet18,nano,7,10,5
coop-origtest-resnet-nano,AlphaEarthCoop,grid_orig_test,resnet,resnet18,nano,7,11,0
coop-origtest-resnet-nano,AlphaEarthCoop,grid_orig_test,resnet,resnet18,nano,7,12,0
coop-origtest-resnet-nano,AlphaEarthCoop,grid_orig_test,resnet,resnet18,nano,7,13,1
coop-origtest-resnet-nano,AlphaEarthCoop,grid_orig_test,resnet,resnet18,nano,7,14,0
coop-origtest-resnet-nano,AlphaEarthCoop,grid_orig_test,resnet,resnet18,nano,7,15,2
coop-origtest-resnet-nano,AlphaEarthCoop,grid_orig_test,resnet,resnet18,nano,7,16,1
coop-origtest-resnet-nano,AlphaEarthCoop,grid_orig_test,resnet,resnet18,nano,7,17,0
coop-origtest-resnet-nano,AlphaEarthCoop,grid_orig_test,resnet,resnet18,nano,8,1,32
coop-origtest-resnet-nano,AlphaEarthCoop,grid_orig_test,resnet,resnet18,nano,8,2,12
coop-origtest-resnet-nano,AlphaEarthCoop,grid_orig_test,resnet,resnet18,nano,8,3,51
coop-origtest-resnet-nano,AlphaEarthCoop,grid_orig_test,resnet,resnet18,nano,8,4,13
coop-origtest-resnet-nano,AlphaEarthCoop,grid_orig_test,resnet,resnet18,nano,8,5,32
coop-origtest-resnet-nano,AlphaEarthCoop,grid_orig_test,resnet,resnet18,nano,8,6,8
coop-origtest-resnet-nano,AlphaEarthCoop,grid_orig_test,resnet,resnet18,nano,8,7,21
coop-origtest-resnet-nano,AlphaEarthCoop,grid_orig_test,resnet,resnet18,nano,8,8,3106
coop-origtest-resnet-nano,AlphaEarthCoop,grid_orig_test,resnet,resnet18,nano,8,9,1
coop-origtest-resnet-nano,AlphaEarthCoop,grid_orig_test,resnet,resnet18,nano,8,10,181
coop-origtest-resnet-nano,AlphaEarthCoop,grid_orig_test,resnet,resnet18,nano,8,11,0
coop-origtest-resnet-nano,AlphaEarthCoop,grid_orig_test,resnet,resnet18,nano,8,12,0
coop-origtest-resnet-nano,AlphaEarthCoop,grid_orig_test,resnet,resnet18,nano,8,13,0
coop-origtest-resnet-nano,AlphaEarthCoop,grid_orig_test,resnet,resnet18,nano,8,14,6
coop-origtest-resnet-nano,AlphaEarthCoop,grid_orig_test,resnet,resnet18,nano,8,15,25
coop-origtest-resnet-nano,AlphaEarthCoop,grid_orig_test,resnet,resnet18,nano,8,16,8
coop-origtest-resnet-nano,AlphaEarthCoop,grid_orig_test,resnet,resnet18,nano,8,17,0
coop-origtest-resnet-nano,AlphaEarthCoop,grid_orig_test,resnet,resnet18,nano,9,1,0
coop-origtest-resnet-nano,AlphaEarthCoop,grid_orig_test,resnet,resnet18,nano,9,2,4
coop-origtest-resnet-nano,AlphaEarthCoop,grid_orig_test,resnet,resnet18,nano,9,3,5
coop-origtest-resnet-nano,AlphaEarthCoop,grid_orig_test,resnet,resnet18,nano,9,4,8
coop-origtest-resnet-nano,AlphaEarthCoop,grid_orig_test,resnet,resnet18,nano,9,5,60
coop-origtest-resnet-nano,AlphaEarthCoop,grid_orig_test,resnet,resnet18,nano,9,6,124
coop-origtest-resnet-nano,AlphaEarthCoop,grid_orig_test,resnet,resnet18,nano,9,7,2
coop-origtest-resnet-nano,AlphaEarthCoop,grid_orig_test,resnet,resnet18,nano,9,8,13
coop-origtest-resnet-nano,AlphaEarthCoop,grid_orig_test,resnet,resnet18,nano,9,9,1736
coop-origtest-resnet-nano,AlphaEarthCoop,grid_orig_test,resnet,resnet18,nano,9,10,8
coop-origtest-resnet-nano,AlphaEarthCoop,grid_orig_test,resnet,resnet18,nano,9,11,9
coop-origtest-resnet-nano,AlphaEarthCoop,grid_orig_test,resnet,resnet18,nano,9,12,15
coop-origtest-resnet-nano,AlphaEarthCoop,grid_orig_test,resnet,resnet18,nano,9,13,4
coop-origtest-resnet-nano,AlphaEarthCoop,grid_orig_test,resnet,resnet18,nano,9,14,21
coop-origtest-resnet-nano,AlphaEarthCoop,grid_orig_test,resnet,resnet18,nano,9,15,0
coop-origtest-resnet-nano,AlphaEarthCoop,grid_orig_test,resnet,resnet18,nano,9,16,4
coop-origtest-resnet-nano,AlphaEarthCoop,grid_orig_test,resnet,resnet18,nano,9,17,0
coop-origtest-resnet-nano,AlphaEarthCoop,grid_orig_test,resnet,resnet18,nano,10,1,0
coop-origtest-resnet-nano,AlphaEarthCoop,grid_orig_test,resnet,resnet18,nano,10,2,0
coop-origtest-resnet-nano,AlphaEarthCoop,grid_orig_test,resnet,resnet18,nano,10,3,0
coop-origtest-resnet-nano,AlphaEarthCoop,grid_orig_test,resnet,resnet18,nano,10,4,11
coop-origtest-resnet-nano,AlphaEarthCoop,grid_orig_test,resnet,resnet18,nano,10,5,3
coop-origtest-resnet-nano,AlphaEarthCoop,grid_orig_test,resnet,resnet18,nano,10,6,8
coop-origtest-resnet-nano,AlphaEarthCoop,grid_orig_test,resnet,resnet18,nano,10,7,9
coop-origtest-resnet-nano,AlphaEarthCoop,grid_orig_test,resnet,resnet18,nano,10,8,226
coop-origtest-resnet-nano,AlphaEarthCoop,grid_orig_test,resnet,resnet18,nano,10,9,5
coop-origtest-resnet-nano,AlphaEarthCoop,grid_orig_test,resnet,resnet18,nano,10,10,598
coop-origtest-resnet-nano,AlphaEarthCoop,grid_orig_test,resnet,resnet18,nano,10,11,0
coop-origtest-resnet-nano,AlphaEarthCoop,grid_orig_test,resnet,resnet18,nano,10,12,1
coop-origtest-resnet-nano,AlphaEarthCoop,grid_orig_test,resnet,resnet18,nano,10,13,0
coop-origtest-resnet-nano,AlphaEarthCoop,grid_orig_test,resnet,resnet18,nano,10,14,16
coop-origtest-resnet-nano,AlphaEarthCoop,grid_orig_test,resnet,resnet18,nano,10,15,24
coop-origtest-resnet-nano,AlphaEarthCoop,grid_orig_test,resnet,resnet18,nano,10,16,7
coop-origtest-resnet-nano,AlphaEarthCoop,grid_orig_test,resnet,resnet18,nano,10,17,0
coop-origtest-resnet-nano,AlphaEarthCoop,grid_orig_test,resnet,resnet18,nano,11,1,0
coop-origtest-resnet-nano,AlphaEarthCoop,grid_orig_test,resnet,resnet18,nano,11,2,0
coop-origtest-resnet-nano,AlphaEarthCoop,grid_orig_test,resnet,resnet18,nano,11,3,0
coop-origtest-resnet-nano,AlphaEarthCoop,grid_orig_test,resnet,resnet18,nano,11,4,0
coop-origtest-resnet-nano,AlphaEarthCoop,grid_orig_test,resnet,resnet18,nano,11,5,0
coop-origtest-resnet-nano,AlphaEarthCoop,grid_orig_test,resnet,resnet18,nano,11,6,0
coop-origtest-resnet-nano,AlphaEarthCoop,grid_orig_test,resnet,resnet18,nano,11,7,0
coop-origtest-resnet-nano,AlphaEarthCoop,grid_orig_test,resnet,resnet18,nano,11,8,0
coop-origtest-resnet-nano,AlphaEarthCoop,grid_orig_test,resnet,resnet18,nano,11,9,89
coop-origtest-resnet-nano,AlphaEarthCoop,grid_orig_test,resnet,resnet18,nano,11,10,0
coop-origtest-resnet-nano,AlphaEarthCoop,grid_orig_test,resnet,resnet18,nano,11,11,2223
coop-origtest-resnet-nano,AlphaEarthCoop,grid_orig_test,resnet,resnet18,nano,11,12,40
coop-origtest-resnet-nano,AlphaEarthCoop,grid_orig_test,resnet,resnet18,nano,11,13,16
coop-origtest-resnet-nano,AlphaEarthCoop,grid_orig_test,resnet,resnet18,nano,11,14,0
coop-origtest-resnet-nano,AlphaEarthCoop,grid_orig_test,resnet,resnet18,nano,11,15,0
coop-origtest-resnet-nano,AlphaEarthCoop,grid_orig_test,resnet,resnet18,nano,11,16,0
coop-origtest-resnet-nano,AlphaEarthCoop,grid_orig_test,resnet,resnet18,nano,11,17,0
coop-origtest-resnet-nano,AlphaEarthCoop,grid_orig_test,resnet,resnet18,nano,12,1,0
coop-origtest-resnet-nano,AlphaEarthCoop,grid_orig_test,resnet,resnet18,nano,12,2,0
coop-origtest-resnet-nano,AlphaEarthCoop,grid_orig_test,resnet,resnet18,nano,12,3,0
coop-origtest-resnet-nano,AlphaEarthCoop,grid_orig_test,resnet,resnet18,nano,12,4,0
coop-origtest-resnet-nano,AlphaEarthCoop,grid_orig_test,resnet,resnet18,nano,12,5,0
coop-origtest-resnet-nano,AlphaEarthCoop,grid_orig_test,resnet,resnet18,nano,12,6,2
coop-origtest-resnet-nano,AlphaEarthCoop,grid_orig_test,resnet,resnet18,nano,12,7,0
coop-origtest-resnet-nano,AlphaEarthCoop,grid_orig_test,resnet,resnet18,nano,12,8,0
coop-origtest-resnet-nano,AlphaEarthCoop,grid_orig_test,resnet,resnet18,nano,12,9,48
coop-origtest-resnet-nano,AlphaEarthCoop,grid_orig_test,resnet,resnet18,nano,12,10,0
coop-origtest-resnet-nano,AlphaEarthCoop,grid_orig_test,resnet,resnet18,nano,12,11,43
coop-origtest-resnet-nano,AlphaEarthCoop,grid_orig_test,resnet,resnet18,nano,12,12,225
coop-origtest-resnet-nano,AlphaEarthCoop,grid_orig_test,resnet,resnet18,nano,12,13,55
coop-origtest-resnet-nano,AlphaEarthCoop,grid_orig_test,resnet,resnet18,nano,12,14,52
coop-origtest-resnet-nano,AlphaEarthCoop,grid_orig_test,resnet,resnet18,nano,12,15,0
coop-origtest-resnet-nano,AlphaEarthCoop,grid_orig_test,resnet,resnet18,nano,12,16,0
coop-origtest-resnet-nano,AlphaEarthCoop,grid_orig_test,resnet,resnet18,nano,12,17,1
coop-origtest-resnet-nano,AlphaEarthCoop,grid_orig_test,resnet,resnet18,nano,13,1,0
coop-origtest-resnet-nano,AlphaEarthCoop,grid_orig_test,resnet,resnet18,nano,13,2,0
coop-origtest-resnet-nano,AlphaEarthCoop,grid_orig_test,resnet,resnet18,nano,13,3,0
coop-origtest-resnet-nano,AlphaEarthCoop,grid_orig_test,resnet,resnet18,nano,13,4,0
coop-origtest-resnet-nano,AlphaEarthCoop,grid_orig_test,resnet,resnet18,nano,13,5,0
coop-origtest-resnet-nano,AlphaEarthCoop,grid_orig_test,resnet,resnet18,nano,13,6,0
coop-origtest-resnet-nano,AlphaEarthCoop,grid_orig_test,resnet,resnet18,nano,13,7,0
coop-origtest-resnet-nano,AlphaEarthCoop,grid_orig_test,resnet,resnet18,nano,13,8,0
coop-origtest-resnet-nano,AlphaEarthCoop,grid_orig_test,resnet,resnet18,nano,13,9,0
coop-origtest-resnet-nano,AlphaEarthCoop,grid_orig_test,resnet,resnet18,nano,13,10,0
coop-origtest-resnet-nano,AlphaEarthCoop,grid_orig_test,resnet,resnet18,nano,13,11,6
coop-origtest-resnet-nano,AlphaEarthCoop,grid_orig_test,resnet,resnet18,nano,13,12,1
coop-origtest-resnet-nano,AlphaEarthCoop,grid_orig_test,resnet,resnet18,nano,13,13,1123
coop-origtest-resnet-nano,AlphaEarthCoop,grid_orig_test,resnet,resnet18,nano,13,14,4
coop-origtest-resnet-nano,AlphaEarthCoop,grid_orig_test,resnet,resnet18,nano,13,15,9
coop-origtest-resnet-nano,AlphaEarthCoop,grid_orig_test,resnet,resnet18,nano,13,16,23
coop-origtest-resnet-nano,AlphaEarthCoop,grid_orig_test,resnet,resnet18,nano,13,17,0
coop-origtest-resnet-nano,AlphaEarthCoop,grid_orig_test,resnet,resnet18,nano,14,1,0
coop-origtest-resnet-nano,AlphaEarthCoop,grid_orig_test,resnet,resnet18,nano,14,2,0
coop-origtest-resnet-nano,AlphaEarthCoop,grid_orig_test,resnet,resnet18,nano,14,3,0
coop-origtest-resnet-nano,AlphaEarthCoop,grid_orig_test,resnet,resnet18,nano,14,4,0
coop-origtest-resnet-nano,AlphaEarthCoop,grid_orig_test,resnet,resnet18,nano,14,5,0
coop-origtest-resnet-nano,AlphaEarthCoop,grid_orig_test,resnet,resnet18,nano,14,6,0
coop-origtest-resnet-nano,AlphaEarthCoop,grid_orig_test,resnet,resnet18,nano,14,7,0
coop-origtest-resnet-nano,AlphaEarthCoop,grid_orig_test,resnet,resnet18,nano,14,8,3
coop-origtest-resnet-nano,AlphaEarthCoop,grid_orig_test,resnet,resnet18,nano,14,9,8
coop-origtest-resnet-nano,AlphaEarthCoop,grid_orig_test,resnet,resnet18,nano,14,10,6
coop-origtest-resnet-nano,AlphaEarthCoop,grid_orig_test,resnet,resnet18,nano,14,11,16
coop-origtest-resnet-nano,AlphaEarthCoop,grid_orig_test,resnet,resnet18,nano,14,12,6
coop-origtest-resnet-nano,AlphaEarthCoop,grid_orig_test,resnet,resnet18,nano,14,13,22
coop-origtest-resnet-nano,AlphaEarthCoop,grid_orig_test,resnet,resnet18,nano,14,14,2310
coop-origtest-resnet-nano,AlphaEarthCoop,grid_orig_test,resnet,resnet18,nano,14,15,4
coop-origtest-resnet-nano,AlphaEarthCoop,grid_orig_test,resnet,resnet18,nano,14,16,37
coop-origtest-resnet-nano,AlphaEarthCoop,grid_orig_test,resnet,resnet18,nano,14,17,23
coop-origtest-resnet-nano,AlphaEarthCoop,grid_orig_test,resnet,resnet18,nano,15,1,0
coop-origtest-resnet-nano,AlphaEarthCoop,grid_orig_test,resnet,resnet18,nano,15,2,0
coop-origtest-resnet-nano,AlphaEarthCoop,grid_orig_test,resnet,resnet18,nano,15,3,0
coop-origtest-resnet-nano,AlphaEarthCoop,grid_orig_test,resnet,resnet18,nano,15,4,0
coop-origtest-resnet-nano,AlphaEarthCoop,grid_orig_test,resnet,resnet18,nano,15,5,0
coop-origtest-resnet-nano,AlphaEarthCoop,grid_orig_test,resnet,resnet18,nano,15,6,0
coop-origtest-resnet-nano,AlphaEarthCoop,grid_orig_test,resnet,resnet18,nano,15,7,0
coop-origtest-resnet-nano,AlphaEarthCoop,grid_orig_test,resnet,resnet18,nano,15,8,7
coop-origtest-resnet-nano,AlphaEarthCoop,grid_orig_test,resnet,resnet18,nano,15,9,0
coop-origtest-resnet-nano,AlphaEarthCoop,grid_orig_test,resnet,resnet18,nano,15,10,0
coop-origtest-resnet-nano,AlphaEarthCoop,grid_orig_test,resnet,resnet18,nano,15,11,0
coop-origtest-resnet-nano,AlphaEarthCoop,grid_orig_test,resnet,resnet18,nano,15,12,0
coop-origtest-resnet-nano,AlphaEarthCoop,grid_orig_test,resnet,resnet18,nano,15,13,0
coop-origtest-resnet-nano,AlphaEarthCoop,grid_orig_test,resnet,resnet18,nano,15,14,0
coop-origtest-resnet-nano,AlphaEarthCoop,grid_orig_test,resnet,resnet18,nano,15,15,198
coop-origtest-resnet-nano,AlphaEarthCoop,grid_orig_test,resnet,resnet18,nano,15,16,0
coop-origtest-resnet-nano,AlphaEarthCoop,grid_orig_test,resnet,resnet18,nano,15,17,0
coop-origtest-resnet-nano,AlphaEarthCoop,grid_orig_test,resnet,resnet18,nano,16,1,0
coop-origtest-resnet-nano,AlphaEarthCoop,grid_orig_test,resnet,resnet18,nano,16,2,0
coop-origtest-resnet-nano,AlphaEarthCoop,grid_orig_test,resnet,resnet18,nano,16,3,1
coop-origtest-resnet-nano,AlphaEarthCoop,grid_orig_test,resnet,resnet18,nano,16,4,0
coop-origtest-resnet-nano,AlphaEarthCoop,grid_orig_test,resnet,resnet18,nano,16,5,0
coop-origtest-resnet-nano,AlphaEarthCoop,grid_orig_test,resnet,resnet18,nano,16,6,0
coop-origtest-resnet-nano,AlphaEarthCoop,grid_orig_test,resnet,resnet18,nano,16,7,0
coop-origtest-resnet-nano,AlphaEarthCoop,grid_orig_test,resnet,resnet18,nano,16,8,0
coop-origtest-resnet-nano,AlphaEarthCoop,grid_orig_test,resnet,resnet18,nano,16,9,0
coop-origtest-resnet-nano,AlphaEarthCoop,grid_orig_test,resnet,resnet18,nano,16,10,2
coop-origtest-resnet-nano,AlphaEarthCoop,grid_orig_test,resnet,resnet18,nano,16,11,0
coop-origtest-resnet-nano,AlphaEarthCoop,grid_orig_test,resnet,resnet18,nano,16,12,0
coop-origtest-resnet-nano,AlphaEarthCoop,grid_orig_test,resnet,resnet18,nano,16,13,14
coop-origtest-resnet-nano,AlphaEarthCoop,grid_orig_test,resnet,resnet18,nano,16,14,6
coop-origtest-resnet-nano,AlphaEarthCoop,grid_orig_test,resnet,resnet18,nano,16,15,56
coop-origtest-resnet-nano,AlphaEarthCoop,grid_orig_test,resnet,resnet18,nano,16,16,493
coop-origtest-resnet-nano,AlphaEarthCoop,grid_orig_test,resnet,resnet18,nano,16,17,0
coop-origtest-resnet-nano,AlphaEarthCoop,grid_orig_test,resnet,resnet18,nano,17,1,0
coop-origtest-resnet-nano,AlphaEarthCoop,grid_orig_test,resnet,resnet18,nano,17,2,0
coop-origtest-resnet-nano,AlphaEarthCoop,grid_orig_test,resnet,resnet18,nano,17,3,0
coop-origtest-resnet-nano,AlphaEarthCoop,grid_orig_test,resnet,resnet18,nano,17,4,0
coop-origtest-resnet-nano,AlphaEarthCoop,grid_orig_test,resnet,resnet18,nano,17,5,1
coop-origtest-resnet-nano,AlphaEarthCoop,grid_orig_test,resnet,resnet18,nano,17,6,0
coop-origtest-resnet-nano,AlphaEarthCoop,grid_orig_test,resnet,resnet18,nano,17,7,0
coop-origtest-resnet-nano,AlphaEarthCoop,grid_orig_test,resnet,resnet18,nano,17,8,0
coop-origtest-resnet-nano,AlphaEarthCoop,grid_orig_test,resnet,resnet18,nano,17,9,0
coop-origtest-resnet-nano,AlphaEarthCoop,grid_orig_test,resnet,resnet18,nano,17,10,0
coop-origtest-resnet-nano,AlphaEarthCoop,grid_orig_test,resnet,resnet18,nano,17,11,0
coop-origtest-resnet-nano,AlphaEarthCoop,grid_orig_test,resnet,resnet18,nano,17,12,0
coop-origtest-resnet-nano,AlphaEarthCoop,grid_orig_test,resnet,resnet18,nano,17,13,0
coop-origtest-resnet-nano,AlphaEarthCoop,grid_orig_test,resnet,resnet18,nano,17,14,1
coop-origtest-resnet-nano,AlphaEarthCoop,grid_orig_test,resnet,resnet18,nano,17,15,0
coop-origtest-resnet-nano,AlphaEarthCoop,grid_orig_test,resnet,resnet18,nano,17,16,0
coop-origtest-resnet-nano,AlphaEarthCoop,grid_orig_test,resnet,resnet18,nano,17,17,2202
coop-origtest-resnet-small,AlphaEarthCoop,grid_orig_test,resnet,resnet34,small,1,1,223
coop-origtest-resnet-small,AlphaEarthCoop,grid_orig_test,resnet,resnet34,small,1,2,15
coop-origtest-resnet-small,AlphaEarthCoop,grid_orig_test,resnet,resnet34,small,1,3,0
coop-origtest-resnet-small,AlphaEarthCoop,grid_orig_test,resnet,resnet34,small,1,4,21
coop-origtest-resnet-small,AlphaEarthCoop,grid_orig_test,resnet,resnet34,small,1,5,1
coop-origtest-resnet-small,AlphaEarthCoop,grid_orig_test,resnet,resnet34,small,1,6,0
coop-origtest-resnet-small,AlphaEarthCoop,grid_orig_test,resnet,resnet34,small,1,7,1
coop-origtest-resnet-small,AlphaEarthCoop,grid_orig_test,resnet,resnet34,small,1,8,3
coop-origtest-resnet-small,AlphaEarthCoop,grid_orig_test,resnet,resnet34,small,1,9,0
coop-origtest-resnet-small,AlphaEarthCoop,grid_orig_test,resnet,resnet34,small,1,10,2
coop-origtest-resnet-small,AlphaEarthCoop,grid_orig_test,resnet,resnet34,small,1,11,0
coop-origtest-resnet-small,AlphaEarthCoop,grid_orig_test,resnet,resnet34,small,1,12,0
coop-origtest-resnet-small,AlphaEarthCoop,grid_orig_test,resnet,resnet34,small,1,13,0
coop-origtest-resnet-small,AlphaEarthCoop,grid_orig_test,resnet,resnet34,small,1,14,0
coop-origtest-resnet-small,AlphaEarthCoop,grid_orig_test,resnet,resnet34,small,1,15,0
coop-origtest-resnet-small,AlphaEarthCoop,grid_orig_test,resnet,resnet34,small,1,16,0
coop-origtest-resnet-small,AlphaEarthCoop,grid_orig_test,resnet,resnet34,small,1,17,0
coop-origtest-resnet-small,AlphaEarthCoop,grid_orig_test,resnet,resnet34,small,2,1,43
coop-origtest-resnet-small,AlphaEarthCoop,grid_orig_test,resnet,resnet34,small,2,2,890
coop-origtest-resnet-small,AlphaEarthCoop,grid_orig_test,resnet,resnet34,small,2,3,21
coop-origtest-resnet-small,AlphaEarthCoop,grid_orig_test,resnet,resnet34,small,2,4,27
coop-origtest-resnet-small,AlphaEarthCoop,grid_orig_test,resnet,resnet34,small,2,5,169
coop-origtest-resnet-small,AlphaEarthCoop,grid_orig_test,resnet,resnet34,small,2,6,1
coop-origtest-resnet-small,AlphaEarthCoop,grid_orig_test,resnet,resnet34,small,2,7,63
coop-origtest-resnet-small,AlphaEarthCoop,grid_orig_test,resnet,resnet34,small,2,8,31
coop-origtest-resnet-small,AlphaEarthCoop,grid_orig_test,resnet,resnet34,small,2,9,0
coop-origtest-resnet-small,AlphaEarthCoop,grid_orig_test,resnet,resnet34,small,2,10,5
coop-origtest-resnet-small,AlphaEarthCoop,grid_orig_test,resnet,resnet34,small,2,11,0
coop-origtest-resnet-small,AlphaEarthCoop,grid_orig_test,resnet,resnet34,small,2,12,0
coop-origtest-resnet-small,AlphaEarthCoop,grid_orig_test,resnet,resnet34,small,2,13,0
coop-origtest-resnet-small,AlphaEarthCoop,grid_orig_test,resnet,resnet34,small,2,14,0
coop-origtest-resnet-small,AlphaEarthCoop,grid_orig_test,resnet,resnet34,small,2,15,0
coop-origtest-resnet-small,AlphaEarthCoop,grid_orig_test,resnet,resnet34,small,2,16,0
coop-origtest-resnet-small,AlphaEarthCoop,grid_orig_test,resnet,resnet34,small,2,17,1
coop-origtest-resnet-small,AlphaEarthCoop,grid_orig_test,resnet,resnet34,small,3,1,2
coop-origtest-resnet-small,AlphaEarthCoop,grid_orig_test,resnet,resnet34,small,3,2,24
coop-origtest-resnet-small,AlphaEarthCoop,grid_orig_test,resnet,resnet34,small,3,3,2042
coop-origtest-resnet-small,AlphaEarthCoop,grid_orig_test,resnet,resnet34,small,3,4,7
coop-origtest-resnet-small,AlphaEarthCoop,grid_orig_test,resnet,resnet34,small,3,5,58
coop-origtest-resnet-small,AlphaEarthCoop,grid_orig_test,resnet,resnet34,small,3,6,171
coop-origtest-resnet-small,AlphaEarthCoop,grid_orig_test,resnet,resnet34,small,3,7,53
coop-origtest-resnet-small,AlphaEarthCoop,grid_orig_test,resnet,resnet34,small,3,8,86
coop-origtest-resnet-small,AlphaEarthCoop,grid_orig_test,resnet,resnet34,small,3,9,8
coop-origtest-resnet-small,AlphaEarthCoop,grid_orig_test,resnet,resnet34,small,3,10,9
coop-origtest-resnet-small,AlphaEarthCoop,grid_orig_test,resnet,resnet34,small,3,11,0
coop-origtest-resnet-small,AlphaEarthCoop,grid_orig_test,resnet,resnet34,small,3,12,2
coop-origtest-resnet-small,AlphaEarthCoop,grid_orig_test,resnet,resnet34,small,3,13,0
coop-origtest-resnet-small,AlphaEarthCoop,grid_orig_test,resnet,resnet34,small,3,14,2
coop-origtest-resnet-small,AlphaEarthCoop,grid_orig_test,resnet,resnet34,small,3,15,0
coop-origtest-resnet-small,AlphaEarthCoop,grid_orig_test,resnet,resnet34,small,3,16,1
coop-origtest-resnet-small,AlphaEarthCoop,grid_orig_test,resnet,resnet34,small,3,17,0
coop-origtest-resnet-small,AlphaEarthCoop,grid_orig_test,resnet,resnet34,small,4,1,24
coop-origtest-resnet-small,AlphaEarthCoop,grid_orig_test,resnet,resnet34,small,4,2,6
coop-origtest-resnet-small,AlphaEarthCoop,grid_orig_test,resnet,resnet34,small,4,3,0
coop-origtest-resnet-small,AlphaEarthCoop,grid_orig_test,resnet,resnet34,small,4,4,671
coop-origtest-resnet-small,AlphaEarthCoop,grid_orig_test,resnet,resnet34,small,4,5,69
coop-origtest-resnet-small,AlphaEarthCoop,grid_orig_test,resnet,resnet34,small,4,6,10
coop-origtest-resnet-small,AlphaEarthCoop,grid_orig_test,resnet,resnet34,small,4,7,1
coop-origtest-resnet-small,AlphaEarthCoop,grid_orig_test,resnet,resnet34,small,4,8,42
coop-origtest-resnet-small,AlphaEarthCoop,grid_orig_test,resnet,resnet34,small,4,9,0
coop-origtest-resnet-small,AlphaEarthCoop,grid_orig_test,resnet,resnet34,small,4,10,28
coop-origtest-resnet-small,AlphaEarthCoop,grid_orig_test,resnet,resnet34,small,4,11,0
coop-origtest-resnet-small,AlphaEarthCoop,grid_orig_test,resnet,resnet34,small,4,12,0
coop-origtest-resnet-small,AlphaEarthCoop,grid_orig_test,resnet,resnet34,small,4,13,0
coop-origtest-resnet-small,AlphaEarthCoop,grid_orig_test,resnet,resnet34,small,4,14,0
coop-origtest-resnet-small,AlphaEarthCoop,grid_orig_test,resnet,resnet34,small,4,15,2
coop-origtest-resnet-small,AlphaEarthCoop,grid_orig_test,resnet,resnet34,small,4,16,4
coop-origtest-resnet-small,AlphaEarthCoop,grid_orig_test,resnet,resnet34,small,4,17,0
coop-origtest-resnet-small,AlphaEarthCoop,grid_orig_test,resnet,resnet34,small,5,1,2
coop-origtest-resnet-small,AlphaEarthCoop,grid_orig_test,resnet,resnet34,small,5,2,29
coop-origtest-resnet-small,AlphaEarthCoop,grid_orig_test,resnet,resnet34,small,5,3,24
coop-origtest-resnet-small,AlphaEarthCoop,grid_orig_test,resnet,resnet34,small,5,4,54
coop-origtest-resnet-small,AlphaEarthCoop,grid_orig_test,resnet,resnet34,small,5,5,486
coop-origtest-resnet-small,AlphaEarthCoop,grid_orig_test,resnet,resnet34,small,5,6,114
coop-origtest-resnet-small,AlphaEarthCoop,grid_orig_test,resnet,resnet34,small,5,7,0
coop-origtest-resnet-small,AlphaEarthCoop,grid_orig_test,resnet,resnet34,small,5,8,16
coop-origtest-resnet-small,AlphaEarthCoop,grid_orig_test,resnet,resnet34,small,5,9,18
coop-origtest-resnet-small,AlphaEarthCoop,grid_orig_test,resnet,resnet34,small,5,10,19
coop-origtest-resnet-small,AlphaEarthCoop,grid_orig_test,resnet,resnet34,small,5,11,0
coop-origtest-resnet-small,AlphaEarthCoop,grid_orig_test,resnet,resnet34,small,5,12,0
coop-origtest-resnet-small,AlphaEarthCoop,grid_orig_test,resnet,resnet34,small,5,13,0
coop-origtest-resnet-small,AlphaEarthCoop,grid_orig_test,resnet,resnet34,small,5,14,0
coop-origtest-resnet-small,AlphaEarthCoop,grid_orig_test,resnet,resnet34,small,5,15,0
coop-origtest-resnet-small,AlphaEarthCoop,grid_orig_test,resnet,resnet34,small,5,16,0
coop-origtest-resnet-small,AlphaEarthCoop,grid_orig_test,resnet,resnet34,small,5,17,1
coop-origtest-resnet-small,AlphaEarthCoop,grid_orig_test,resnet,resnet34,small,6,1,6
coop-origtest-resnet-small,AlphaEarthCoop,grid_orig_test,resnet,resnet34,small,6,2,2
coop-origtest-resnet-small,AlphaEarthCoop,grid_orig_test,resnet,resnet34,small,6,3,247
coop-origtest-resnet-small,AlphaEarthCoop,grid_orig_test,resnet,resnet34,small,6,4,3
coop-origtest-resnet-small,AlphaEarthCoop,grid_orig_test,resnet,resnet34,small,6,5,36
coop-origtest-resnet-small,AlphaEarthCoop,grid_orig_test,resnet,resnet34,small,6,6,1206
coop-origtest-resnet-small,AlphaEarthCoop,grid_orig_test,resnet,resnet34,small,6,7,0
coop-origtest-resnet-small,AlphaEarthCoop,grid_orig_test,resnet,resnet34,small,6,8,37
coop-origtest-resnet-small,AlphaEarthCoop,grid_orig_test,resnet,resnet34,small,6,9,306
coop-origtest-resnet-small,AlphaEarthCoop,grid_orig_test,resnet,resnet34,small,6,10,31
coop-origtest-resnet-small,AlphaEarthCoop,grid_orig_test,resnet,resnet34,small,6,11,0
coop-origtest-resnet-small,AlphaEarthCoop,grid_orig_test,resnet,resnet34,small,6,12,29
coop-origtest-resnet-small,AlphaEarthCoop,grid_orig_test,resnet,resnet34,small,6,13,10
coop-origtest-resnet-small,AlphaEarthCoop,grid_orig_test,resnet,resnet34,small,6,14,11
coop-origtest-resnet-small,AlphaEarthCoop,grid_orig_test,resnet,resnet34,small,6,15,0
coop-origtest-resnet-small,AlphaEarthCoop,grid_orig_test,resnet,resnet34,small,6,16,12
coop-origtest-resnet-small,AlphaEarthCoop,grid_orig_test,resnet,resnet34,small,6,17,0
coop-origtest-resnet-small,AlphaEarthCoop,grid_orig_test,resnet,resnet34,small,7,1,0
coop-origtest-resnet-small,AlphaEarthCoop,grid_orig_test,resnet,resnet34,small,7,2,15
coop-origtest-resnet-small,AlphaEarthCoop,grid_orig_test,resnet,resnet34,small,7,3,30
coop-origtest-resnet-small,AlphaEarthCoop,grid_orig_test,resnet,resnet34,small,7,4,1
coop-origtest-resnet-small,AlphaEarthCoop,grid_orig_test,resnet,resnet34,small,7,5,6
coop-origtest-resnet-small,AlphaEarthCoop,grid_orig_test,resnet,resnet34,small,7,6,0
coop-origtest-resnet-small,AlphaEarthCoop,grid_orig_test,resnet,resnet34,small,7,7,368
coop-origtest-resnet-small,AlphaEarthCoop,grid_orig_test,resnet,resnet34,small,7,8,81
coop-origtest-resnet-small,AlphaEarthCoop,grid_orig_test,resnet,resnet34,small,7,9,0
coop-origtest-resnet-small,AlphaEarthCoop,grid_orig_test,resnet,resnet34,small,7,10,2
coop-origtest-resnet-small,AlphaEarthCoop,grid_orig_test,resnet,resnet34,small,7,11,0
coop-origtest-resnet-small,AlphaEarthCoop,grid_orig_test,resnet,resnet34,small,7,12,0
coop-origtest-resnet-small,AlphaEarthCoop,grid_orig_test,resnet,resnet34,small,7,13,0
coop-origtest-resnet-small,AlphaEarthCoop,grid_orig_test,resnet,resnet34,small,7,14,0
coop-origtest-resnet-small,AlphaEarthCoop,grid_orig_test,resnet,resnet34,small,7,15,0
coop-origtest-resnet-small,AlphaEarthCoop,grid_orig_test,resnet,resnet34,small,7,16,0
coop-origtest-resnet-small,AlphaEarthCoop,grid_orig_test,resnet,resnet34,small,7,17,0
coop-origtest-resnet-small,AlphaEarthCoop,grid_orig_test,resnet,resnet34,small,8,1,55
coop-origtest-resnet-small,AlphaEarthCoop,grid_orig_test,resnet,resnet34,small,8,2,14
coop-origtest-resnet-small,AlphaEarthCoop,grid_orig_test,resnet,resnet34,small,8,3,41
coop-origtest-resnet-small,AlphaEarthCoop,grid_orig_test,resnet,resnet34,small,8,4,13
coop-origtest-resnet-small,AlphaEarthCoop,grid_orig_test,resnet,resnet34,small,8,5,39
coop-origtest-resnet-small,AlphaEarthCoop,grid_orig_test,resnet,resnet34,small,8,6,15
coop-origtest-resnet-small,AlphaEarthCoop,grid_orig_test,resnet,resnet34,small,8,7,29
coop-origtest-resnet-small,AlphaEarthCoop,grid_orig_test,resnet,resnet34,small,8,8,3015
coop-origtest-resnet-small,AlphaEarthCoop,grid_orig_test,resnet,resnet34,small,8,9,9
coop-origtest-resnet-small,AlphaEarthCoop,grid_orig_test,resnet,resnet34,small,8,10,225
coop-origtest-resnet-small,AlphaEarthCoop,grid_orig_test,resnet,resnet34,small,8,11,0
coop-origtest-resnet-small,AlphaEarthCoop,grid_orig_test,resnet,resnet34,small,8,12,1
coop-origtest-resnet-small,AlphaEarthCoop,grid_orig_test,resnet,resnet34,small,8,13,1
coop-origtest-resnet-small,AlphaEarthCoop,grid_orig_test,resnet,resnet34,small,8,14,3
coop-origtest-resnet-small,AlphaEarthCoop,grid_orig_test,resnet,resnet34,small,8,15,20
coop-origtest-resnet-small,AlphaEarthCoop,grid_orig_test,resnet,resnet34,small,8,16,14
coop-origtest-resnet-small,AlphaEarthCoop,grid_orig_test,resnet,resnet34,small,8,17,2
coop-origtest-resnet-small,AlphaEarthCoop,grid_orig_test,resnet,resnet34,small,9,1,0
coop-origtest-resnet-small,AlphaEarthCoop,grid_orig_test,resnet,resnet34,small,9,2,0
coop-origtest-resnet-small,AlphaEarthCoop,grid_orig_test,resnet,resnet34,small,9,3,6
coop-origtest-resnet-small,AlphaEarthCoop,grid_orig_test,resnet,resnet34,small,9,4,2
coop-origtest-resnet-small,AlphaEarthCoop,grid_orig_test,resnet,resnet34,small,9,5,73
coop-origtest-resnet-small,AlphaEarthCoop,grid_orig_test,resnet,resnet34,small,9,6,164
coop-origtest-resnet-small,AlphaEarthCoop,grid_orig_test,resnet,resnet34,small,9,7,0
coop-origtest-resnet-small,AlphaEarthCoop,grid_orig_test,resnet,resnet34,small,9,8,4
coop-origtest-resnet-small,AlphaEarthCoop,grid_orig_test,resnet,resnet34,small,9,9,1666
coop-origtest-resnet-small,AlphaEarthCoop,grid_orig_test,resnet,resnet34,small,9,10,11
coop-origtest-resnet-small,AlphaEarthCoop,grid_orig_test,resnet,resnet34,small,9,11,7
coop-origtest-resnet-small,AlphaEarthCoop,grid_orig_test,resnet,resnet34,small,9,12,29
coop-origtest-resnet-small,AlphaEarthCoop,grid_orig_test,resnet,resnet34,small,9,13,20
coop-origtest-resnet-small,AlphaEarthCoop,grid_orig_test,resnet,resnet34,small,9,14,18
coop-origtest-resnet-small,AlphaEarthCoop,grid_orig_test,resnet,resnet34,small,9,15,0
coop-origtest-resnet-small,AlphaEarthCoop,grid_orig_test,resnet,resnet34,small,9,16,13
coop-origtest-resnet-small,AlphaEarthCoop,grid_orig_test,resnet,resnet34,small,9,17,0
coop-origtest-resnet-small,AlphaEarthCoop,grid_orig_test,resnet,resnet34,small,10,1,0
coop-origtest-resnet-small,AlphaEarthCoop,grid_orig_test,resnet,resnet34,small,10,2,2
coop-origtest-resnet-small,AlphaEarthCoop,grid_orig_test,resnet,resnet34,small,10,3,1
coop-origtest-resnet-small,AlphaEarthCoop,grid_orig_test,resnet,resnet34,small,10,4,9
coop-origtest-resnet-small,AlphaEarthCoop,grid_orig_test,resnet,resnet34,small,10,5,4
coop-origtest-resnet-small,AlphaEarthCoop,grid_orig_test,resnet,resnet34,small,10,6,0
coop-origtest-resnet-small,AlphaEarthCoop,grid_orig_test,resnet,resnet34,small,10,7,8
coop-origtest-resnet-small,AlphaEarthCoop,grid_orig_test,resnet,resnet34,small,10,8,193
coop-origtest-resnet-small,AlphaEarthCoop,grid_orig_test,resnet,resnet34,small,10,9,8
coop-origtest-resnet-small,AlphaEarthCoop,grid_orig_test,resnet,resnet34,small,10,10,621
coop-origtest-resnet-small,AlphaEarthCoop,grid_orig_test,resnet,resnet34,small,10,11,0
coop-origtest-resnet-small,AlphaEarthCoop,grid_orig_test,resnet,resnet34,small,10,12,0
coop-origtest-resnet-small,AlphaEarthCoop,grid_orig_test,resnet,resnet34,small,10,13,0
coop-origtest-resnet-small,AlphaEarthCoop,grid_orig_test,resnet,resnet34,small,10,14,0
coop-origtest-resnet-small,AlphaEarthCoop,grid_orig_test,resnet,resnet34,small,10,15,49
coop-origtest-resnet-small,AlphaEarthCoop,grid_orig_test,resnet,resnet34,small,10,16,13
coop-origtest-resnet-small,AlphaEarthCoop,grid_orig_test,resnet,resnet34,small,10,17,0
coop-origtest-resnet-small,AlphaEarthCoop,grid_orig_test,resnet,resnet34,small,11,1,0
coop-origtest-resnet-small,AlphaEarthCoop,grid_orig_test,resnet,resnet34,small,11,2,0
coop-origtest-resnet-small,AlphaEarthCoop,grid_orig_test,resnet,resnet34,small,11,3,0
coop-origtest-resnet-small,AlphaEarthCoop,grid_orig_test,resnet,resnet34,small,11,4,0
coop-origtest-resnet-small,AlphaEarthCoop,grid_orig_test,resnet,resnet34,small,11,5,0
coop-origtest-resnet-small,AlphaEarthCoop,grid_orig_test,resnet,resnet34,small,11,6,1
coop-origtest-resnet-small,AlphaEarthCoop,grid_orig_test,resnet,resnet34,small,11,7,0
coop-origtest-resnet-small,AlphaEarthCoop,grid_orig_test,resnet,resnet34,small,11,8,0
coop-origtest-resnet-small,AlphaEarthCoop,grid_orig_test,resnet,resnet34,small,11,9,87
coop-origtest-resnet-small,AlphaEarthCoop,grid_orig_test,resnet,resnet34,small,11,10,0
coop-origtest-resnet-small,AlphaEarthCoop,grid_orig_test,resnet,resnet34,small,11,11,2207
coop-origtest-resnet-small,AlphaEarthCoop,grid_orig_test,resnet,resnet34,small,11,12,51
coop-origtest-resnet-small,AlphaEarthCoop,grid_orig_test,resnet,resnet34,small,11,13,21
coop-origtest-resnet-small,AlphaEarthCoop,grid_orig_test,resnet,resnet34,small,11,14,1
coop-origtest-resnet-small,AlphaEarthCoop,grid_orig_test,resnet,resnet34,small,11,15,0
coop-origtest-resnet-small,AlphaEarthCoop,grid_orig_test,resnet,resnet34,small,11,16,0
coop-origtest-resnet-small,AlphaEarthCoop,grid_orig_test,resnet,resnet34,small,11,17,0
coop-origtest-resnet-small,AlphaEarthCoop,grid_orig_test,resnet,resnet34,small,12,1,0
coop-origtest-resnet-small,AlphaEarthCoop,grid_orig_test,resnet,resnet34,small,12,2,0
coop-origtest-resnet-small,AlphaEarthCoop,grid_orig_test,resnet,resnet34,small,12,3,0
coop-origtest-resnet-small,AlphaEarthCoop,grid_orig_test,resnet,resnet34,small,12,4,0
coop-origtest-resnet-small,AlphaEarthCoop,grid_orig_test,resnet,resnet34,small,12,5,0
coop-origtest-resnet-small,AlphaEarthCoop,grid_orig_test,resnet,resnet34,small,12,6,3
coop-origtest-resnet-small,AlphaEarthCoop,grid_orig_test,resnet,resnet34,small,12,7,0
coop-origtest-resnet-small,AlphaEarthCoop,grid_orig_test,resnet,resnet34,small,12,8,0
coop-origtest-resnet-small,AlphaEarthCoop,grid_orig_test,resnet,resnet34,small,12,9,45
coop-origtest-resnet-small,AlphaEarthCoop,grid_orig_test,resnet,resnet34,small,12,10,0
coop-origtest-resnet-small,AlphaEarthCoop,grid_orig_test,resnet,resnet34,small,12,11,46
coop-origtest-resnet-small,AlphaEarthCoop,grid_orig_test,resnet,resnet34,small,12,12,237
coop-origtest-resnet-small,AlphaEarthCoop,grid_orig_test,resnet,resnet34,small,12,13,57
coop-origtest-resnet-small,AlphaEarthCoop,grid_orig_test,resnet,resnet34,small,12,14,37
coop-origtest-resnet-small,AlphaEarthCoop,grid_orig_test,resnet,resnet34,small,12,15,0
coop-origtest-resnet-small,AlphaEarthCoop,grid_orig_test,resnet,resnet34,small,12,16,0
coop-origtest-resnet-small,AlphaEarthCoop,grid_orig_test,resnet,resnet34,small,12,17,1
coop-origtest-resnet-small,AlphaEarthCoop,grid_orig_test,resnet,resnet34,small,13,1,0
coop-origtest-resnet-small,AlphaEarthCoop,grid_orig_test,resnet,resnet34,small,13,2,0
coop-origtest-resnet-small,AlphaEarthCoop,grid_orig_test,resnet,resnet34,small,13,3,0
coop-origtest-resnet-small,AlphaEarthCoop,grid_orig_test,resnet,resnet34,small,13,4,0
coop-origtest-resnet-small,AlphaEarthCoop,grid_orig_test,resnet,resnet34,small,13,5,0
coop-origtest-resnet-small,AlphaEarthCoop,grid_orig_test,resnet,resnet34,small,13,6,0
coop-origtest-resnet-small,AlphaEarthCoop,grid_orig_test,resnet,resnet34,small,13,7,0
coop-origtest-resnet-small,AlphaEarthCoop,grid_orig_test,resnet,resnet34,small,13,8,0
coop-origtest-resnet-small,AlphaEarthCoop,grid_orig_test,resnet,resnet34,small,13,9,0
coop-origtest-resnet-small,AlphaEarthCoop,grid_orig_test,resnet,resnet34,small,13,10,0
coop-origtest-resnet-small,AlphaEarthCoop,grid_orig_test,resnet,resnet34,small,13,11,1
coop-origtest-resnet-small,AlphaEarthCoop,grid_orig_test,resnet,resnet34,small,13,12,2
coop-origtest-resnet-small,AlphaEarthCoop,grid_orig_test,resnet,resnet34,small,13,13,1097
coop-origtest-resnet-small,AlphaEarthCoop,grid_orig_test,resnet,resnet34,small,13,14,3
coop-origtest-resnet-small,AlphaEarthCoop,grid_orig_test,resnet,resnet34,small,13,15,19
coop-origtest-resnet-small,AlphaEarthCoop,grid_orig_test,resnet,resnet34,small,13,16,44
coop-origtest-resnet-small,AlphaEarthCoop,grid_orig_test,resnet,resnet34,small,13,17,0
coop-origtest-resnet-small,AlphaEarthCoop,grid_orig_test,resnet,resnet34,small,14,1,0
coop-origtest-resnet-small,AlphaEarthCoop,grid_orig_test,resnet,resnet34,small,14,2,0
coop-origtest-resnet-small,AlphaEarthCoop,grid_orig_test,resnet,resnet34,small,14,3,5
coop-origtest-resnet-small,AlphaEarthCoop,grid_orig_test,resnet,resnet34,small,14,4,0
coop-origtest-resnet-small,AlphaEarthCoop,grid_orig_test,resnet,resnet34,small,14,5,9
coop-origtest-resnet-small,AlphaEarthCoop,grid_orig_test,resnet,resnet34,small,14,6,1
coop-origtest-resnet-small,AlphaEarthCoop,grid_orig_test,resnet,resnet34,small,14,7,0
coop-origtest-resnet-small,AlphaEarthCoop,grid_orig_test,resnet,resnet34,small,14,8,3
coop-origtest-resnet-small,AlphaEarthCoop,grid_orig_test,resnet,resnet34,small,14,9,27
coop-origtest-resnet-small,AlphaEarthCoop,grid_orig_test,resnet,resnet34,small,14,10,3
coop-origtest-resnet-small,AlphaEarthCoop,grid_orig_test,resnet,resnet34,small,14,11,23
coop-origtest-resnet-small,AlphaEarthCoop,grid_orig_test,resnet,resnet34,small,14,12,7
coop-origtest-resnet-small,AlphaEarthCoop,grid_orig_test,resnet,resnet34,small,14,13,7
coop-origtest-resnet-small,AlphaEarthCoop,grid_orig_test,resnet,resnet34,small,14,14,2254
coop-origtest-resnet-small,AlphaEarthCoop,grid_orig_test,resnet,resnet34,small,14,15,1
coop-origtest-resnet-small,AlphaEarthCoop,grid_orig_test,resnet,resnet34,small,14,16,86
coop-origtest-resnet-small,AlphaEarthCoop,grid_orig_test,resnet,resnet34,small,14,17,9
coop-origtest-resnet-small,AlphaEarthCoop,grid_orig_test,resnet,resnet34,small,15,1,0
coop-origtest-resnet-small,AlphaEarthCoop,grid_orig_test,resnet,resnet34,small,15,2,0
coop-origtest-resnet-small,AlphaEarthCoop,grid_orig_test,resnet,resnet34,small,15,3,0
coop-origtest-resnet-small,AlphaEarthCoop,grid_orig_test,resnet,resnet34,small,15,4,0
coop-origtest-resnet-small,AlphaEarthCoop,grid_orig_test,resnet,resnet34,small,15,5,0
coop-origtest-resnet-small,AlphaEarthCoop,grid_orig_test,resnet,resnet34,small,15,6,0
coop-origtest-resnet-small,AlphaEarthCoop,grid_orig_test,resnet,resnet34,small,15,7,0
coop-origtest-resnet-small,AlphaEarthCoop,grid_orig_test,resnet,resnet34,small,15,8,13
coop-origtest-resnet-small,AlphaEarthCoop,grid_orig_test,resnet,resnet34,small,15,9,0
coop-origtest-resnet-small,AlphaEarthCoop,grid_orig_test,resnet,resnet34,small,15,10,0
coop-origtest-resnet-small,AlphaEarthCoop,grid_orig_test,resnet,resnet34,small,15,11,0
coop-origtest-resnet-small,AlphaEarthCoop,grid_orig_test,resnet,resnet34,small,15,12,0
coop-origtest-resnet-small,AlphaEarthCoop,grid_orig_test,resnet,resnet34,small,15,13,0
coop-origtest-resnet-small,AlphaEarthCoop,grid_orig_test,resnet,resnet34,small,15,14,0
coop-origtest-resnet-small,AlphaEarthCoop,grid_orig_test,resnet,resnet34,small,15,15,192
coop-origtest-resnet-small,AlphaEarthCoop,grid_orig_test,resnet,resnet34,small,15,16,0
coop-origtest-resnet-small,AlphaEarthCoop,grid_orig_test,resnet,resnet34,small,15,17,0
coop-origtest-resnet-small,AlphaEarthCoop,grid_orig_test,resnet,resnet34,small,16,1,0
coop-origtest-resnet-small,AlphaEarthCoop,grid_orig_test,resnet,resnet34,small,16,2,1
coop-origtest-resnet-small,AlphaEarthCoop,grid_orig_test,resnet,resnet34,small,16,3,0
coop-origtest-resnet-small,AlphaEarthCoop,grid_orig_test,resnet,resnet34,small,16,4,0
coop-origtest-resnet-small,AlphaEarthCoop,grid_orig_test,resnet,resnet34,small,16,5,0
coop-origtest-resnet-small,AlphaEarthCoop,grid_orig_test,resnet,resnet34,small,16,6,0
coop-origtest-resnet-small,AlphaEarthCoop,grid_orig_test,resnet,resnet34,small,16,7,0
coop-origtest-resnet-small,AlphaEarthCoop,grid_orig_test,resnet,resnet34,small,16,8,0
coop-origtest-resnet-small,AlphaEarthCoop,grid_orig_test,resnet,resnet34,small,16,9,1
coop-origtest-resnet-small,AlphaEarthCoop,grid_orig_test,resnet,resnet34,small,16,10,0
coop-origtest-resnet-small,AlphaEarthCoop,grid_orig_test,resnet,resnet34,small,16,11,0
coop-origtest-resnet-small,AlphaEarthCoop,grid_orig_test,resnet,resnet34,small,16,12,0
coop-origtest-resnet-small,AlphaEarthCoop,grid_orig_test,resnet,resnet34,small,16,13,38
coop-origtest-resnet-small,AlphaEarthCoop,grid_orig_test,resnet,resnet34,small,16,14,2
coop-origtest-resnet-small,AlphaEarthCoop,grid_orig_test,resnet,resnet34,small,16,15,57
coop-origtest-resnet-small,AlphaEarthCoop,grid_orig_test,resnet,resnet34,small,16,16,473
coop-origtest-resnet-small,AlphaEarthCoop,grid_orig_test,resnet,resnet34,small,16,17,0
coop-origtest-resnet-small,AlphaEarthCoop,grid_orig_test,resnet,resnet34,small,17,1,0
coop-origtest-resnet-small,AlphaEarthCoop,grid_orig_test,resnet,resnet34,small,17,2,0
coop-origtest-resnet-small,AlphaEarthCoop,grid_orig_test,resnet,resnet34,small,17,3,0
coop-origtest-resnet-small,AlphaEarthCoop,grid_orig_test,resnet,resnet34,small,17,4,0
coop-origtest-resnet-small,AlphaEarthCoop,grid_orig_test,resnet,resnet34,small,17,5,1
coop-origtest-resnet-small,AlphaEarthCoop,grid_orig_test,resnet,resnet34,small,17,6,0
coop-origtest-resnet-small,AlphaEarthCoop,grid_orig_test,resnet,resnet34,small,17,7,0
coop-origtest-resnet-small,AlphaEarthCoop,grid_orig_test,resnet,resnet34,small,17,8,0
coop-origtest-resnet-small,AlphaEarthCoop,grid_orig_test,resnet,resnet34,small,17,9,0
coop-origtest-resnet-small,AlphaEarthCoop,grid_orig_test,resnet,resnet34,small,17,10,1
coop-origtest-resnet-small,AlphaEarthCoop,grid_orig_test,resnet,resnet34,small,17,11,0
coop-origtest-resnet-small,AlphaEarthCoop,grid_orig_test,resnet,resnet34,small,17,12,0
coop-origtest-resnet-small,AlphaEarthCoop,grid_orig_test,resnet,resnet34,small,17,13,0
coop-origtest-resnet-small,AlphaEarthCoop,grid_orig_test,resnet,resnet34,small,17,14,0
coop-origtest-resnet-small,AlphaEarthCoop,grid_orig_test,resnet,resnet34,small,17,15,0
coop-origtest-resnet-small,AlphaEarthCoop,grid_orig_test,resnet,resnet34,small,17,16,0
coop-origtest-resnet-small,AlphaEarthCoop,grid_orig_test,resnet,resnet34,small,17,17,2202
coop-origtest-shallow_cnn-nano,AlphaEarthCoop,grid_orig_test,shallow_cnn,scnn_16-32,nano,1,1,194
coop-origtest-shallow_cnn-nano,AlphaEarthCoop,grid_orig_test,shallow_cnn,scnn_16-32,nano,1,2,22
coop-origtest-shallow_cnn-nano,AlphaEarthCoop,grid_orig_test,shallow_cnn,scnn_16-32,nano,1,3,1
coop-origtest-shallow_cnn-nano,AlphaEarthCoop,grid_orig_test,shallow_cnn,scnn_16-32,nano,1,4,29
coop-origtest-shallow_cnn-nano,AlphaEarthCoop,grid_orig_test,shallow_cnn,scnn_16-32,nano,1,5,1
coop-origtest-shallow_cnn-nano,AlphaEarthCoop,grid_orig_test,shallow_cnn,scnn_16-32,nano,1,6,2
coop-origtest-shallow_cnn-nano,AlphaEarthCoop,grid_orig_test,shallow_cnn,scnn_16-32,nano,1,7,7
coop-origtest-shallow_cnn-nano,AlphaEarthCoop,grid_orig_test,shallow_cnn,scnn_16-32,nano,1,8,7
coop-origtest-shallow_cnn-nano,AlphaEarthCoop,grid_orig_test,shallow_cnn,scnn_16-32,nano,1,9,0
coop-origtest-shallow_cnn-nano,AlphaEarthCoop,grid_orig_test,shallow_cnn,scnn_16-32,nano,1,10,3
coop-origtest-shallow_cnn-nano,AlphaEarthCoop,grid_orig_test,shallow_cnn,scnn_16-32,nano,1,11,0
coop-origtest-shallow_cnn-nano,AlphaEarthCoop,grid_orig_test,shallow_cnn,scnn_16-32,nano,1,12,0
coop-origtest-shallow_cnn-nano,AlphaEarthCoop,grid_orig_test,shallow_cnn,scnn_16-32,nano,1,13,0
coop-origtest-shallow_cnn-nano,AlphaEarthCoop,grid_orig_test,shallow_cnn,scnn_16-32,nano,1,14,0
coop-origtest-shallow_cnn-nano,AlphaEarthCoop,grid_orig_test,shallow_cnn,scnn_16-32,nano,1,15,0
coop-origtest-shallow_cnn-nano,AlphaEarthCoop,grid_orig_test,shallow_cnn,scnn_16-32,nano,1,16,0
coop-origtest-shallow_cnn-nano,AlphaEarthCoop,grid_orig_test,shallow_cnn,scnn_16-32,nano,1,17,0
coop-origtest-shallow_cnn-nano,AlphaEarthCoop,grid_orig_test,shallow_cnn,scnn_16-32,nano,2,1,112
coop-origtest-shallow_cnn-nano,AlphaEarthCoop,grid_orig_test,shallow_cnn,scnn_16-32,nano,2,2,891
coop-origtest-shallow_cnn-nano,AlphaEarthCoop,grid_orig_test,shallow_cnn,scnn_16-32,nano,2,3,10
coop-origtest-shallow_cnn-nano,AlphaEarthCoop,grid_orig_test,shallow_cnn,scnn_16-32,nano,2,4,29
coop-origtest-shallow_cnn-nano,AlphaEarthCoop,grid_orig_test,shallow_cnn,scnn_16-32,nano,2,5,78
coop-origtest-shallow_cnn-nano,AlphaEarthCoop,grid_orig_test,shallow_cnn,scnn_16-32,nano,2,6,5
coop-origtest-shallow_cnn-nano,AlphaEarthCoop,grid_orig_test,shallow_cnn,scnn_16-32,nano,2,7,115
coop-origtest-shallow_cnn-nano,AlphaEarthCoop,grid_orig_test,shallow_cnn,scnn_16-32,nano,2,8,4
coop-origtest-shallow_cnn-nano,AlphaEarthCoop,grid_orig_test,shallow_cnn,scnn_16-32,nano,2,9,0
coop-origtest-shallow_cnn-nano,AlphaEarthCoop,grid_orig_test,shallow_cnn,scnn_16-32,nano,2,10,5
coop-origtest-shallow_cnn-nano,AlphaEarthCoop,grid_orig_test,shallow_cnn,scnn_16-32,nano,2,11,0
coop-origtest-shallow_cnn-nano,AlphaEarthCoop,grid_orig_test,shallow_cnn,scnn_16-32,nano,2,12,0
coop-origtest-shallow_cnn-nano,AlphaEarthCoop,grid_orig_test,shallow_cnn,scnn_16-32,nano,2,13,0
coop-origtest-shallow_cnn-nano,AlphaEarthCoop,grid_orig_test,shallow_cnn,scnn_16-32,nano,2,14,0
coop-origtest-shallow_cnn-nano,AlphaEarthCoop,grid_orig_test,shallow_cnn,scnn_16-32,nano,2,15,0
coop-origtest-shallow_cnn-nano,AlphaEarthCoop,grid_orig_test,shallow_cnn,scnn_16-32,nano,2,16,2
coop-origtest-shallow_cnn-nano,AlphaEarthCoop,grid_orig_test,shallow_cnn,scnn_16-32,nano,2,17,0
coop-origtest-shallow_cnn-nano,AlphaEarthCoop,grid_orig_test,shallow_cnn,scnn_16-32,nano,3,1,6
coop-origtest-shallow_cnn-nano,AlphaEarthCoop,grid_orig_test,shallow_cnn,scnn_16-32,nano,3,2,178
coop-origtest-shallow_cnn-nano,AlphaEarthCoop,grid_orig_test,shallow_cnn,scnn_16-32,nano,3,3,1387
coop-origtest-shallow_cnn-nano,AlphaEarthCoop,grid_orig_test,shallow_cnn,scnn_16-32,nano,3,4,10
coop-origtest-shallow_cnn-nano,AlphaEarthCoop,grid_orig_test,shallow_cnn,scnn_16-32,nano,3,5,52
coop-origtest-shallow_cnn-nano,AlphaEarthCoop,grid_orig_test,shallow_cnn,scnn_16-32,nano,3,6,234
coop-origtest-shallow_cnn-nano,AlphaEarthCoop,grid_orig_test,shallow_cnn,scnn_16-32,nano,3,7,552
coop-origtest-shallow_cnn-nano,AlphaEarthCoop,grid_orig_test,shallow_cnn,scnn_16-32,nano,3,8,22
coop-origtest-shallow_cnn-nano,AlphaEarthCoop,grid_orig_test,shallow_cnn,scnn_16-32,nano,3,9,10
coop-origtest-shallow_cnn-nano,AlphaEarthCoop,grid_orig_test,shallow_cnn,scnn_16-32,nano,3,10,6
coop-origtest-shallow_cnn-nano,AlphaEarthCoop,grid_orig_test,shallow_cnn,scnn_16-32,nano,3,11,0
coop-origtest-shallow_cnn-nano,AlphaEarthCoop,grid_orig_test,shallow_cnn,scnn_16-32,nano,3,12,0
coop-origtest-shallow_cnn-nano,AlphaEarthCoop,grid_orig_test,shallow_cnn,scnn_16-32,nano,3,13,0
coop-origtest-shallow_cnn-nano,AlphaEarthCoop,grid_orig_test,shallow_cnn,scnn_16-32,nano,3,14,3
coop-origtest-shallow_cnn-nano,AlphaEarthCoop,grid_orig_test,shallow_cnn,scnn_16-32,nano,3,15,1
coop-origtest-shallow_cnn-nano,AlphaEarthCoop,grid_orig_test,shallow_cnn,scnn_16-32,nano,3,16,4
coop-origtest-shallow_cnn-nano,AlphaEarthCoop,grid_orig_test,shallow_cnn,scnn_16-32,nano,3,17,0
coop-origtest-shallow_cnn-nano,AlphaEarthCoop,grid_orig_test,shallow_cnn,scnn_16-32,nano,4,1,22
coop-origtest-shallow_cnn-nano,AlphaEarthCoop,grid_orig_test,shallow_cnn,scnn_16-32,nano,4,2,28
coop-origtest-shallow_cnn-nano,AlphaEarthCoop,grid_orig_test,shallow_cnn,scnn_16-32,nano,4,3,0
coop-origtest-shallow_cnn-nano,AlphaEarthCoop,grid_orig_test,shallow_cnn,scnn_16-32,nano,4,4,683
coop-origtest-shallow_cnn-nano,AlphaEarthCoop,grid_orig_test,shallow_cnn,scnn_16-32,nano,4,5,31
coop-origtest-shallow_cnn-nano,AlphaEarthCoop,grid_orig_test,shallow_cnn,scnn_16-32,nano,4,6,19
coop-origtest-shallow_cnn-nano,AlphaEarthCoop,grid_orig_test,shallow_cnn,scnn_16-32,nano,4,7,0
coop-origtest-shallow_cnn-nano,AlphaEarthCoop,grid_orig_test,shallow_cnn,scnn_16-32,nano,4,8,44
coop-origtest-shallow_cnn-nano,AlphaEarthCoop,grid_orig_test,shallow_cnn,scnn_16-32,nano,4,9,6
coop-origtest-shallow_cnn-nano,AlphaEarthCoop,grid_orig_test,shallow_cnn,scnn_16-32,nano,4,10,24
coop-origtest-shallow_cnn-nano,AlphaEarthCoop,grid_orig_test,shallow_cnn,scnn_16-32,nano,4,11,0
coop-origtest-shallow_cnn-nano,AlphaEarthCoop,grid_orig_test,shallow_cnn,scnn_16-32,nano,4,12,0
coop-origtest-shallow_cnn-nano,AlphaEarthCoop,grid_orig_test,shallow_cnn,scnn_16-32,nano,4,13,0
coop-origtest-shallow_cnn-nano,AlphaEarthCoop,grid_orig_test,shallow_cnn,scnn_16-32,nano,4,14,0
coop-origtest-shallow_cnn-nano,AlphaEarthCoop,grid_orig_test,shallow_cnn,scnn_16-32,nano,4,15,0
coop-origtest-shallow_cnn-nano,AlphaEarthCoop,grid_orig_test,shallow_cnn,scnn_16-32,nano,4,16,0
coop-origtest-shallow_cnn-nano,AlphaEarthCoop,grid_orig_test,shallow_cnn,scnn_16-32,nano,4,17,0
coop-origtest-shallow_cnn-nano,AlphaEarthCoop,grid_orig_test,shallow_cnn,scnn_16-32,nano,5,1,2
coop-origtest-shallow_cnn-nano,AlphaEarthCoop,grid_orig_test,shallow_cnn,scnn_16-32,nano,5,2,54
coop-origtest-shallow_cnn-nano,AlphaEarthCoop,grid_orig_test,shallow_cnn,scnn_16-32,nano,5,3,32
coop-origtest-shallow_cnn-nano,AlphaEarthCoop,grid_orig_test,shallow_cnn,scnn_16-32,nano,5,4,242
coop-origtest-shallow_cnn-nano,AlphaEarthCoop,grid_orig_test,shallow_cnn,scnn_16-32,nano,5,5,306
coop-origtest-shallow_cnn-nano,AlphaEarthCoop,grid_orig_test,shallow_cnn,scnn_16-32,nano,5,6,92
coop-origtest-shallow_cnn-nano,AlphaEarthCoop,grid_orig_test,shallow_cnn,scnn_16-32,nano,5,7,0
coop-origtest-shallow_cnn-nano,AlphaEarthCoop,grid_orig_test,shallow_cnn,scnn_16-32,nano,5,8,5
coop-origtest-shallow_cnn-nano,AlphaEarthCoop,grid_orig_test,shallow_cnn,scnn_16-32,nano,5,9,17
coop-origtest-shallow_cnn-nano,AlphaEarthCoop,grid_orig_test,shallow_cnn,scnn_16-32,nano,5,10,13
coop-origtest-shallow_cnn-nano,AlphaEarthCoop,grid_orig_test,shallow_cnn,scnn_16-32,nano,5,11,0
coop-origtest-shallow_cnn-nano,AlphaEarthCoop,grid_orig_test,shallow_cnn,scnn_16-32,nano,5,12,0
coop-origtest-shallow_cnn-nano,AlphaEarthCoop,grid_orig_test,shallow_cnn,scnn_16-32,nano,5,13,0
coop-origtest-shallow_cnn-nano,AlphaEarthCoop,grid_orig_test,shallow_cnn,scnn_16-32,nano,5,14,0
coop-origtest-shallow_cnn-nano,AlphaEarthCoop,grid_orig_test,shallow_cnn,scnn_16-32,nano,5,15,0
coop-origtest-shallow_cnn-nano,AlphaEarthCoop,grid_orig_test,shallow_cnn,scnn_16-32,nano,5,16,0
coop-origtest-shallow_cnn-nano,AlphaEarthCoop,grid_orig_test,shallow_cnn,scnn_16-32,nano,5,17,0
coop-origtest-shallow_cnn-nano,AlphaEarthCoop,grid_orig_test,shallow_cnn,scnn_16-32,nano,6,1,5
coop-origtest-shallow_cnn-nano,AlphaEarthCoop,grid_orig_test,shallow_cnn,scnn_16-32,nano,6,2,1
coop-origtest-shallow_cnn-nano,AlphaEarthCoop,grid_orig_test,shallow_cnn,scnn_16-32,nano,6,3,144
coop-origtest-shallow_cnn-nano,AlphaEarthCoop,grid_orig_test,shallow_cnn,scnn_16-32,nano,6,4,8
coop-origtest-shallow_cnn-nano,AlphaEarthCoop,grid_orig_test,shallow_cnn,scnn_16-32,nano,6,5,73
coop-origtest-shallow_cnn-nano,AlphaEarthCoop,grid_orig_test,shallow_cnn,scnn_16-32,nano,6,6,1438
coop-origtest-shallow_cnn-nano,AlphaEarthCoop,grid_orig_test,shallow_cnn,scnn_16-32,nano,6,7,63
coop-origtest-shallow_cnn-nano,AlphaEarthCoop,grid_orig_test,shallow_cnn,scnn_16-32,nano,6,8,12
coop-origtest-shallow_cnn-nano,AlphaEarthCoop,grid_orig_test,shallow_cnn,scnn_16-32,nano,6,9,74
coop-origtest-shallow_cnn-nano,AlphaEarthCoop,grid_orig_test,shallow_cnn,scnn_16-32,nano,6,10,14
coop-origtest-shallow_cnn-nano,AlphaEarthCoop,grid_orig_test,shallow_cnn,scnn_16-32,nano,6,11,0
coop-origtest-shallow_cnn-nano,AlphaEarthCoop,grid_orig_test,shallow_cnn,scnn_16-32,nano,6,12,0
coop-origtest-shallow_cnn-nano,AlphaEarthCoop,grid_orig_test,shallow_cnn,scnn_16-32,nano,6,13,81
coop-origtest-shallow_cnn-nano,AlphaEarthCoop,grid_orig_test,shallow_cnn,scnn_16-32,nano,6,14,14
coop-origtest-shallow_cnn-nano,AlphaEarthCoop,grid_orig_test,shallow_cnn,scnn_16-32,nano,6,15,0
coop-origtest-shallow_cnn-nano,AlphaEarthCoop,grid_orig_test,shallow_cnn,scnn_16-32,nano,6,16,9
coop-origtest-shallow_cnn-nano,AlphaEarthCoop,grid_orig_test,shallow_cnn,scnn_16-32,nano,6,17,0
coop-origtest-shallow_cnn-nano,AlphaEarthCoop,grid_orig_test,shallow_cnn,scnn_16-32,nano,7,1,0
coop-origtest-shallow_cnn-nano,AlphaEarthCoop,grid_orig_test,shallow_cnn,scnn_16-32,nano,7,2,57
coop-origtest-shallow_cnn-nano,AlphaEarthCoop,grid_orig_test,shallow_cnn,scnn_16-32,nano,7,3,5
coop-origtest-shallow_cnn-nano,AlphaEarthCoop,grid_orig_test,shallow_cnn,scnn_16-32,nano,7,4,6
coop-origtest-shallow_cnn-nano,AlphaEarthCoop,grid_orig_test,shallow_cnn,scnn_16-32,nano,7,5,4
coop-origtest-shallow_cnn-nano,AlphaEarthCoop,grid_orig_test,shallow_cnn,scnn_16-32,nano,7,6,1
coop-origtest-shallow_cnn-nano,AlphaEarthCoop,grid_orig_test,shallow_cnn,scnn_16-32,nano,7,7,407
coop-origtest-shallow_cnn-nano,AlphaEarthCoop,grid_orig_test,shallow_cnn,scnn_16-32,nano,7,8,12
coop-origtest-shallow_cnn-nano,AlphaEarthCoop,grid_orig_test,shallow_cnn,scnn_16-32,nano,7,9,8
coop-origtest-shallow_cnn-nano,AlphaEarthCoop,grid_orig_test,shallow_cnn,scnn_16-32,nano,7,10,3
coop-origtest-shallow_cnn-nano,AlphaEarthCoop,grid_orig_test,shallow_cnn,scnn_16-32,nano,7,11,0
coop-origtest-shallow_cnn-nano,AlphaEarthCoop,grid_orig_test,shallow_cnn,scnn_16-32,nano,7,12,0
coop-origtest-shallow_cnn-nano,AlphaEarthCoop,grid_orig_test,shallow_cnn,scnn_16-32,nano,7,13,0
coop-origtest-shallow_cnn-nano,AlphaEarthCoop,grid_orig_test,shallow_cnn,scnn_16-32,nano,7,14,0
coop-origtest-shallow_cnn-nano,AlphaEarthCoop,grid_orig_test,shallow_cnn,scnn_16-32,nano,7,15,0
coop-origtest-shallow_cnn-nano,AlphaEarthCoop,grid_orig_test,shallow_cnn,scnn_16-32,nano,7,16,0
coop-origtest-shallow_cnn-nano,AlphaEarthCoop,grid_orig_test,shallow_cnn,scnn_16-32,nano,7,17,0
coop-origtest-shallow_cnn-nano,AlphaEarthCoop,grid_orig_test,shallow_cnn,scnn_16-32,nano,8,1,28
coop-origtest-shallow_cnn-nano,AlphaEarthCoop,grid_orig_test,shallow_cnn,scnn_16-32,nano,8,2,13
coop-origtest-shallow_cnn-nano,AlphaEarthCoop,grid_orig_test,shallow_cnn,scnn_16-32,nano,8,3,108
coop-origtest-shallow_cnn-nano,AlphaEarthCoop,grid_orig_test,shallow_cnn,scnn_16-32,nano,8,4,80
coop-origtest-shallow_cnn-nano,AlphaEarthCoop,grid_orig_test,shallow_cnn,scnn_16-32,nano,8,5,10
coop-origtest-shallow_cnn-nano,AlphaEarthCoop,grid_orig_test,shallow_cnn,scnn_16-32,nano,8,6,42
coop-origtest-shallow_cnn-nano,AlphaEarthCoop,grid_orig_test,shallow_cnn,scnn_16-32,nano,8,7,254
coop-origtest-shallow_cnn-nano,AlphaEarthCoop,grid_orig_test,shallow_cnn,scnn_16-32,nano,8,8,2810
coop-origtest-shallow_cnn-nano,AlphaEarthCoop,grid_orig_test,shallow_cnn,scnn_16-32,nano,8,9,22
coop-origtest-shallow_cnn-nano,AlphaEarthCoop,grid_orig_test,shallow_cnn,scnn_16-32,nano,8,10,83
coop-origtest-shallow_cnn-nano,AlphaEarthCoop,grid_orig_test,shallow_cnn,scnn_16-32,nano,8,11,0
coop-origtest-shallow_cnn-nano,AlphaEarthCoop,grid_orig_test,shallow_cnn,scnn_16-32,nano,8,12,0
coop-origtest-shallow_cnn-nano,AlphaEarthCoop,grid_orig_test,shallow_cnn,scnn_16-32,nano,8,13,0
coop-origtest-shallow_cnn-nano,AlphaEarthCoop,grid_orig_test,shallow_cnn,scnn_16-32,nano,8,14,9
coop-origtest-shallow_cnn-nano,AlphaEarthCoop,grid_orig_test,shallow_cnn,scnn_16-32,nano,8,15,34
coop-origtest-shallow_cnn-nano,AlphaEarthCoop,grid_orig_test,shallow_cnn,scnn_16-32,nano,8,16,3
coop-origtest-shallow_cnn-nano,AlphaEarthCoop,grid_orig_test,shallow_cnn,scnn_16-32,nano,8,17,0
coop-origtest-shallow_cnn-nano,AlphaEarthCoop,grid_orig_test,shallow_cnn,scnn_16-32,nano,9,1,0
coop-origtest-shallow_cnn-nano,AlphaEarthCoop,grid_orig_test,shallow_cnn,scnn_16-32,nano,9,2,0
coop-origtest-shallow_cnn-nano,AlphaEarthCoop,grid_orig_test,shallow_cnn,scnn_16-32,nano,9,3,33
coop-origtest-shallow_cnn-nano,AlphaEarthCoop,grid_orig_test,shallow_cnn,scnn_16-32,nano,9,4,106
coop-origtest-shallow_cnn-nano,AlphaEarthCoop,grid_orig_test,shallow_cnn,scnn_16-32,nano,9,5,3
coop-origtest-shallow_cnn-nano,AlphaEarthCoop,grid_orig_test,shallow_cnn,scnn_16-32,nano,9,6,575
coop-origtest-shallow_cnn-nano,AlphaEarthCoop,grid_orig_test,shallow_cnn,scnn_16-32,nano,9,7,1
coop-origtest-shallow_cnn-nano,AlphaEarthCoop,grid_orig_test,shallow_cnn,scnn_16-32,nano,9,8,1
coop-origtest-shallow_cnn-nano,AlphaEarthCoop,grid_orig_test,shallow_cnn,scnn_16-32,nano,9,9,1170
coop-origtest-shallow_cnn-nano,AlphaEarthCoop,grid_orig_test,shallow_cnn,scnn_16-32,nano,9,10,0
coop-origtest-shallow_cnn-nano,AlphaEarthCoop,grid_orig_test,shallow_cnn,scnn_16-32,nano,9,11,7
coop-origtest-shallow_cnn-nano,AlphaEarthCoop,grid_orig_test,shallow_cnn,scnn_16-32,nano,9,12,28
coop-origtest-shallow_cnn-nano,AlphaEarthCoop,grid_orig_test,shallow_cnn,scnn_16-32,nano,9,13,32
coop-origtest-shallow_cnn-nano,AlphaEarthCoop,grid_orig_test,shallow_cnn,scnn_16-32,nano,9,14,33
coop-origtest-shallow_cnn-nano,AlphaEarthCoop,grid_orig_test,shallow_cnn,scnn_16-32,nano,9,15,0
coop-origtest-shallow_cnn-nano,AlphaEarthCoop,grid_orig_test,shallow_cnn,scnn_16-32,nano,9,16,24
coop-origtest-shallow_cnn-nano,AlphaEarthCoop,grid_orig_test,shallow_cnn,scnn_16-32,nano,9,17,0
coop-origtest-shallow_cnn-nano,AlphaEarthCoop,grid_orig_test,shallow_cnn,scnn_16-32,nano,10,1,1
coop-origtest-shallow_cnn-nano,AlphaEarthCoop,grid_orig_test,shallow_cnn,scnn_16-32,nano,10,2,25
coop-origtest-shallow_cnn-nano,AlphaEarthCoop,grid_orig_test,shallow_cnn,scnn_16-32,nano,10,3,5
coop-origtest-shallow_cnn-nano,AlphaEarthCoop,grid_orig_test,shallow_cnn,scnn_16-32,nano,10,4,67
coop-origtest-shallow_cnn-nano,AlphaEarthCoop,grid_orig_test,shallow_cnn,scnn_16-32,nano,10,5,5
coop-origtest-shallow_cnn-nano,AlphaEarthCoop,grid_orig_test,shallow_cnn,scnn_16-32,nano,10,6,8
coop-origtest-shallow_cnn-nano,AlphaEarthCoop,grid_orig_test,shallow_cnn,scnn_16-32,nano,10,7,19
coop-origtest-shallow_cnn-nano,AlphaEarthCoop,grid_orig_test,shallow_cnn,scnn_16-32,nano,10,8,408
coop-origtest-shallow_cnn-nano,AlphaEarthCoop,grid_orig_test,shallow_cnn,scnn_16-32,nano,10,9,23
coop-origtest-shallow_cnn-nano,AlphaEarthCoop,grid_orig_test,shallow_cnn,scnn_16-32,nano,10,10,283
coop-origtest-shallow_cnn-nano,AlphaEarthCoop,grid_orig_test,shallow_cnn,scnn_16-32,nano,10,11,0
coop-origtest-shallow_cnn-nano,AlphaEarthCoop,grid_orig_test,shallow_cnn,scnn_16-32,nano,10,12,0
coop-origtest-shallow_cnn-nano,AlphaEarthCoop,grid_orig_test,shallow_cnn,scnn_16-32,nano,10,13,19
coop-origtest-shallow_cnn-nano,AlphaEarthCoop,grid_orig_test,shallow_cnn,scnn_16-32,nano,10,14,18
coop-origtest-shallow_cnn-nano,AlphaEarthCoop,grid_orig_test,shallow_cnn,scnn_16-32,nano,10,15,24
coop-origtest-shallow_cnn-nano,AlphaEarthCoop,grid_orig_test,shallow_cnn,scnn_16-32,nano,10,16,3
coop-origtest-shallow_cnn-nano,AlphaEarthCoop,grid_orig_test,shallow_cnn,scnn_16-32,nano,10,17,0
coop-origtest-shallow_cnn-nano,AlphaEarthCoop,grid_orig_test,shallow_cnn,scnn_16-32,nano,11,1,0
coop-origtest-shallow_cnn-nano,AlphaEarthCoop,grid_orig_test,shallow_cnn,scnn_16-32,nano,11,2,0
coop-origtest-shallow_cnn-nano,AlphaEarthCoop,grid_orig_test,shallow_cnn,scnn_16-32,nano,11,3,0
coop-origtest-shallow_cnn-nano,AlphaEarthCoop,grid_orig_test,shallow_cnn,scnn_16-32,nano,11,4,5
coop-origtest-shallow_cnn-nano,AlphaEarthCoop,grid_orig_test,shallow_cnn,scnn_16-32,nano,11,5,0
coop-origtest-shallow_cnn-nano,AlphaEarthCoop,grid_orig_test,shallow_cnn,scnn_16-32,nano,11,6,1
coop-origtest-shallow_cnn-nano,AlphaEarthCoop,grid_orig_test,shallow_cnn,scnn_16-32,nano,11,7,13
coop-origtest-shallow_cnn-nano,AlphaEarthCoop,grid_orig_test,shallow_cnn,scnn_16-32,nano,11,8,0
coop-origtest-shallow_cnn-nano,AlphaEarthCoop,grid_orig_test,shallow_cnn,scnn_16-32,nano,11,9,21
coop-origtest-shallow_cnn-nano,AlphaEarthCoop,grid_orig_test,shallow_cnn,scnn_16-32,nano,11,10,0
coop-origtest-shallow_cnn-nano,AlphaEarthCoop,grid_orig_test,shallow_cnn,scnn_16-32,nano,11,11,2082
coop-origtest-shallow_cnn-nano,AlphaEarthCoop,grid_orig_test,shallow_cnn,scnn_16-32,nano,11,12,209
coop-origtest-shallow_cnn-nano,AlphaEarthCoop,grid_orig_test,shallow_cnn,scnn_16-32,nano,11,13,37
coop-origtest-shallow_cnn-nano,AlphaEarthCoop,grid_orig_test,shallow_cnn,scnn_16-32,nano,11,14,0
coop-origtest-shallow_cnn-nano,AlphaEarthCoop,grid_orig_test,shallow_cnn,scnn_16-32,nano,11,15,0
coop-origtest-shallow_cnn-nano,AlphaEarthCoop,grid_orig_test,shallow_cnn,scnn_16-32,nano,11,16,0
coop-origtest-shallow_cnn-nano,AlphaEarthCoop,grid_orig_test,shallow_cnn,scnn_16-32,nano,11,17,0
coop-origtest-shallow_cnn-nano,AlphaEarthCoop,grid_orig_test,shallow_cnn,scnn_16-32,nano,12,1,0
coop-origtest-shallow_cnn-nano,AlphaEarthCoop,grid_orig_test,shallow_cnn,scnn_16-32,nano,12,2,0
coop-origtest-shallow_cnn-nano,AlphaEarthCoop,grid_orig_test,shallow_cnn,scnn_16-32,nano,12,3,0
coop-origtest-shallow_cnn-nano,AlphaEarthCoop,grid_orig_test,shallow_cnn,scnn_16-32,nano,12,4,1
coop-origtest-shallow_cnn-nano,AlphaEarthCoop,grid_orig_test,shallow_cnn,scnn_16-32,nano,12,5,0
coop-origtest-shallow_cnn-nano,AlphaEarthCoop,grid_orig_test,shallow_cnn,scnn_16-32,nano,12,6,44
coop-origtest-shallow_cnn-nano,AlphaEarthCoop,grid_orig_test,shallow_cnn,scnn_16-32,nano,12,7,0
coop-origtest-shallow_cnn-nano,AlphaEarthCoop,grid_orig_test,shallow_cnn,scnn_16-32,nano,12,8,0
coop-origtest-shallow_cnn-nano,AlphaEarthCoop,grid_orig_test,shallow_cnn,scnn_16-32,nano,12,9,48
coop-origtest-shallow_cnn-nano,AlphaEarthCoop,grid_orig_test,shallow_cnn,scnn_16-32,nano,12,10,0
coop-origtest-shallow_cnn-nano,AlphaEarthCoop,grid_orig_test,shallow_cnn,scnn_16-32,nano,12,11,23
coop-origtest-shallow_cnn-nano,AlphaEarthCoop,grid_orig_test,shallow_cnn,scnn_16-32,nano,12,12,205
coop-origtest-shallow_cnn-nano,AlphaEarthCoop,grid_orig_test,shallow_cnn,scnn_16-32,nano,12,13,62
coop-origtest-shallow_cnn-nano,AlphaEarthCoop,grid_orig_test,shallow_cnn,scnn_16-32,nano,12,14,33
coop-origtest-shallow_cnn-nano,AlphaEarthCoop,grid_orig_test,shallow_cnn,scnn_16-32,nano,12,15,6
coop-origtest-shallow_cnn-nano,AlphaEarthCoop,grid_orig_test,shallow_cnn,scnn_16-32,nano,12,16,4
coop-origtest-shallow_cnn-nano,AlphaEarthCoop,grid_orig_test,shallow_cnn,scnn_16-32,nano,12,17,0
coop-origtest-shallow_cnn-nano,AlphaEarthCoop,grid_orig_test,shallow_cnn,scnn_16-32,nano,13,1,0
coop-origtest-shallow_cnn-nano,AlphaEarthCoop,grid_orig_test,shallow_cnn,scnn_16-32,nano,13,2,0
coop-origtest-shallow_cnn-nano,AlphaEarthCoop,grid_orig_test,shallow_cnn,scnn_16-32,nano,13,3,0
coop-origtest-shallow_cnn-nano,AlphaEarthCoop,grid_orig_test,shallow_cnn,scnn_16-32,nano,13,4,0
coop-origtest-shallow_cnn-nano,AlphaEarthCoop,grid_orig_test,shallow_cnn,scnn_16-32,nano,13,5,0
coop-origtest-shallow_cnn-nano,AlphaEarthCoop,grid_orig_test,shallow_cnn,scnn_16-32,nano,13,6,0
coop-origtest-shallow_cnn-nano,AlphaEarthCoop,grid_orig_test,shallow_cnn,scnn_16-32,nano,13,7,1
coop-origtest-shallow_cnn-nano,AlphaEarthCoop,grid_orig_test,shallow_cnn,scnn_16-32,nano,13,8,0
coop-origtest-shallow_cnn-nano,AlphaEarthCoop,grid_orig_test,shallow_cnn,scnn_16-32,nano,13,9,2
coop-origtest-shallow_cnn-nano,AlphaEarthCoop,grid_orig_test,shallow_cnn,scnn_16-32,nano,13,10,0
coop-origtest-shallow_cnn-nano,AlphaEarthCoop,grid_orig_test,shallow_cnn,scnn_16-32,nano,13,11,7
coop-origtest-shallow_cnn-nano,AlphaEarthCoop,grid_orig_test,shallow_cnn,scnn_16-32,nano,13,12,8
coop-origtest-shallow_cnn-nano,AlphaEarthCoop,grid_orig_test,shallow_cnn,scnn_16-32,nano,13,13,772
coop-origtest-shallow_cnn-nano,AlphaEarthCoop,grid_orig_test,shallow_cnn,scnn_16-32,nano,13,14,22
coop-origtest-shallow_cnn-nano,AlphaEarthCoop,grid_orig_test,shallow_cnn,scnn_16-32,nano,13,15,77
coop-origtest-shallow_cnn-nano,AlphaEarthCoop,grid_orig_test,shallow_cnn,scnn_16-32,nano,13,16,277
coop-origtest-shallow_cnn-nano,AlphaEarthCoop,grid_orig_test,shallow_cnn,scnn_16-32,nano,13,17,0
coop-origtest-shallow_cnn-nano,AlphaEarthCoop,grid_orig_test,shallow_cnn,scnn_16-32,nano,14,1,0
coop-origtest-shallow_cnn-nano,AlphaEarthCoop,grid_orig_test,shallow_cnn,scnn_16-32,nano,14,2,0
coop-origtest-shallow_cnn-nano,AlphaEarthCoop,grid_orig_test,shallow_cnn,scnn_16-32,nano,14,3,0
coop-origtest-shallow_cnn-nano,AlphaEarthCoop,grid_orig_test,shallow_cnn,scnn_16-32,nano,14,4,2
coop-origtest-shallow_cnn-nano,AlphaEarthCoop,grid_orig_test,shallow_cnn,scnn_16-32,nano,14,5,0
coop-origtest-shallow_cnn-nano,AlphaEarthCoop,grid_orig_test,shallow_cnn,scnn_16-32,nano,14,6,0
coop-origtest-shallow_cnn-nano,AlphaEarthCoop,grid_orig_test,shallow_cnn,scnn_16-32,nano,14,7,0
coop-origtest-shallow_cnn-nano,AlphaEarthCoop,grid_orig_test,shallow_cnn,scnn_16-32,nano,14,8,0
coop-origtest-shallow_cnn-nano,AlphaEarthCoop,grid_orig_test,shallow_cnn,scnn_16-32,nano,14,9,117
coop-origtest-shallow_cnn-nano,AlphaEarthCoop,grid_orig_test,shallow_cnn,scnn_16-32,nano,14,10,1
coop-origtest-shallow_cnn-nano,AlphaEarthCoop,grid_orig_test,shallow_cnn,scnn_16-32,nano,14,11,5
coop-origtest-shallow_cnn-nano,AlphaEarthCoop,grid_orig_test,shallow_cnn,scnn_16-32,nano,14,12,6
coop-origtest-shallow_cnn-nano,AlphaEarthCoop,grid_orig_test,shallow_cnn,scnn_16-32,nano,14,13,79
coop-origtest-shallow_cnn-nano,AlphaEarthCoop,grid_orig_test,shallow_cnn,scnn_16-32,nano,14,14,2167
coop-origtest-shallow_cnn-nano,AlphaEarthCoop,grid_orig_test,shallow_cnn,scnn_16-32,nano,14,15,2
coop-origtest-shallow_cnn-nano,AlphaEarthCoop,grid_orig_test,shallow_cnn,scnn_16-32,nano,14,16,22
coop-origtest-shallow_cnn-nano,AlphaEarthCoop,grid_orig_test,shallow_cnn,scnn_16-32,nano,14,17,34
coop-origtest-shallow_cnn-nano,AlphaEarthCoop,grid_orig_test,shallow_cnn,scnn_16-32,nano,15,1,0
coop-origtest-shallow_cnn-nano,AlphaEarthCoop,grid_orig_test,shallow_cnn,scnn_16-32,nano,15,2,11
coop-origtest-shallow_cnn-nano,AlphaEarthCoop,grid_orig_test,shallow_cnn,scnn_16-32,nano,15,3,0
coop-origtest-shallow_cnn-nano,AlphaEarthCoop,grid_orig_test,shallow_cnn,scnn_16-32,nano,15,4,0
coop-origtest-shallow_cnn-nano,AlphaEarthCoop,grid_orig_test,shallow_cnn,scnn_16-32,nano,15,5,0
coop-origtest-shallow_cnn-nano,AlphaEarthCoop,grid_orig_test,shallow_cnn,scnn_16-32,nano,15,6,0
coop-origtest-shallow_cnn-nano,AlphaEarthCoop,grid_orig_test,shallow_cnn,scnn_16-32,nano,15,7,0
coop-origtest-shallow_cnn-nano,AlphaEarthCoop,grid_orig_test,shallow_cnn,scnn_16-32,nano,15,8,8
coop-origtest-shallow_cnn-nano,AlphaEarthCoop,grid_orig_test,shallow_cnn,scnn_16-32,nano,15,9,0
coop-origtest-shallow_cnn-nano,AlphaEarthCoop,grid_orig_test,shallow_cnn,scnn_16-32,nano,15,10,36
coop-origtest-shallow_cnn-nano,AlphaEarthCoop,grid_orig_test,shallow_cnn,scnn_16-32,nano,15,11,0
coop-origtest-shallow_cnn-nano,AlphaEarthCoop,grid_orig_test,shallow_cnn,scnn_16-32,nano,15,12,0
coop-origtest-shallow_cnn-nano,AlphaEarthCoop,grid_orig_test,shallow_cnn,scnn_16-32,nano,15,13,0
coop-origtest-shallow_cnn-nano,AlphaEarthCoop,grid_orig_test,shallow_cnn,scnn_16-32,nano,15,14,0
coop-origtest-shallow_cnn-nano,AlphaEarthCoop,grid_orig_test,shallow_cnn,scnn_16-32,nano,15,15,150
coop-origtest-shallow_cnn-nano,AlphaEarthCoop,grid_orig_test,shallow_cnn,scnn_16-32,nano,15,16,0
coop-origtest-shallow_cnn-nano,AlphaEarthCoop,grid_orig_test,shallow_cnn,scnn_16-32,nano,15,17,0
coop-origtest-shallow_cnn-nano,AlphaEarthCoop,grid_orig_test,shallow_cnn,scnn_16-32,nano,16,1,0
coop-origtest-shallow_cnn-nano,AlphaEarthCoop,grid_orig_test,shallow_cnn,scnn_16-32,nano,16,2,0
coop-origtest-shallow_cnn-nano,AlphaEarthCoop,grid_orig_test,shallow_cnn,scnn_16-32,nano,16,3,0
coop-origtest-shallow_cnn-nano,AlphaEarthCoop,grid_orig_test,shallow_cnn,scnn_16-32,nano,16,4,5
coop-origtest-shallow_cnn-nano,AlphaEarthCoop,grid_orig_test,shallow_cnn,scnn_16-32,nano,16,5,0
coop-origtest-shallow_cnn-nano,AlphaEarthCoop,grid_orig_test,shallow_cnn,scnn_16-32,nano,16,6,0
coop-origtest-shallow_cnn-nano,AlphaEarthCoop,grid_orig_test,shallow_cnn,scnn_16-32,nano,16,7,0
coop-origtest-shallow_cnn-nano,AlphaEarthCoop,grid_orig_test,shallow_cnn,scnn_16-32,nano,16,8,1
coop-origtest-shallow_cnn-nano,AlphaEarthCoop,grid_orig_test,shallow_cnn,scnn_16-32,nano,16,9,23
coop-origtest-shallow_cnn-nano,AlphaEarthCoop,grid_orig_test,shallow_cnn,scnn_16-32,nano,16,10,2
coop-origtest-shallow_cnn-nano,AlphaEarthCoop,grid_orig_test,shallow_cnn,scnn_16-32,nano,16,11,2
coop-origtest-shallow_cnn-nano,AlphaEarthCoop,grid_orig_test,shallow_cnn,scnn_16-32,nano,16,12,0
coop-origtest-shallow_cnn-nano,AlphaEarthCoop,grid_orig_test,shallow_cnn,scnn_16-32,nano,16,13,54
coop-origtest-shallow_cnn-nano,AlphaEarthCoop,grid_orig_test,shallow_cnn,scnn_16-32,nano,16,14,7
coop-origtest-shallow_cnn-nano,AlphaEarthCoop,grid_orig_test,shallow_cnn,scnn_16-32,nano,16,15,57
coop-origtest-shallow_cnn-nano,AlphaEarthCoop,grid_orig_test,shallow_cnn,scnn_16-32,nano,16,16,421
coop-origtest-shallow_cnn-nano,AlphaEarthCoop,grid_orig_test,shallow_cnn,scnn_16-32,nano,16,17,0
coop-origtest-shallow_cnn-nano,AlphaEarthCoop,grid_orig_test,shallow_cnn,scnn_16-32,nano,17,1,0
coop-origtest-shallow_cnn-nano,AlphaEarthCoop,grid_orig_test,shallow_cnn,scnn_16-32,nano,17,2,0
coop-origtest-shallow_cnn-nano,AlphaEarthCoop,grid_orig_test,shallow_cnn,scnn_16-32,nano,17,3,0
coop-origtest-shallow_cnn-nano,AlphaEarthCoop,grid_orig_test,shallow_cnn,scnn_16-32,nano,17,4,14
coop-origtest-shallow_cnn-nano,AlphaEarthCoop,grid_orig_test,shallow_cnn,scnn_16-32,nano,17,5,0
coop-origtest-shallow_cnn-nano,AlphaEarthCoop,grid_orig_test,shallow_cnn,scnn_16-32,nano,17,6,0
coop-origtest-shallow_cnn-nano,AlphaEarthCoop,grid_orig_test,shallow_cnn,scnn_16-32,nano,17,7,0
coop-origtest-shallow_cnn-nano,AlphaEarthCoop,grid_orig_test,shallow_cnn,scnn_16-32,nano,17,8,0
coop-origtest-shallow_cnn-nano,AlphaEarthCoop,grid_orig_test,shallow_cnn,scnn_16-32,nano,17,9,0
coop-origtest-shallow_cnn-nano,AlphaEarthCoop,grid_orig_test,shallow_cnn,scnn_16-32,nano,17,10,3
coop-origtest-shallow_cnn-nano,AlphaEarthCoop,grid_orig_test,shallow_cnn,scnn_16-32,nano,17,11,1
coop-origtest-shallow_cnn-nano,AlphaEarthCoop,grid_orig_test,shallow_cnn,scnn_16-32,nano,17,12,0
coop-origtest-shallow_cnn-nano,AlphaEarthCoop,grid_orig_test,shallow_cnn,scnn_16-32,nano,17,13,0
coop-origtest-shallow_cnn-nano,AlphaEarthCoop,grid_orig_test,shallow_cnn,scnn_16-32,nano,17,14,5
coop-origtest-shallow_cnn-nano,AlphaEarthCoop,grid_orig_test,shallow_cnn,scnn_16-32,nano,17,15,0
coop-origtest-shallow_cnn-nano,AlphaEarthCoop,grid_orig_test,shallow_cnn,scnn_16-32,nano,17,16,4
coop-origtest-shallow_cnn-nano,AlphaEarthCoop,grid_orig_test,shallow_cnn,scnn_16-32,nano,17,17,2177
coop-origtest-shallow_cnn-small,AlphaEarthCoop,grid_orig_test,shallow_cnn,scnn_32-64,small,1,1,196
coop-origtest-shallow_cnn-small,AlphaEarthCoop,grid_orig_test,shallow_cnn,scnn_32-64,small,1,2,12
coop-origtest-shallow_cnn-small,AlphaEarthCoop,grid_orig_test,shallow_cnn,scnn_32-64,small,1,3,0
coop-origtest-shallow_cnn-small,AlphaEarthCoop,grid_orig_test,shallow_cnn,scnn_32-64,small,1,4,38
coop-origtest-shallow_cnn-small,AlphaEarthCoop,grid_orig_test,shallow_cnn,scnn_32-64,small,1,5,1
coop-origtest-shallow_cnn-small,AlphaEarthCoop,grid_orig_test,shallow_cnn,scnn_32-64,small,1,6,0
coop-origtest-shallow_cnn-small,AlphaEarthCoop,grid_orig_test,shallow_cnn,scnn_32-64,small,1,7,4
coop-origtest-shallow_cnn-small,AlphaEarthCoop,grid_orig_test,shallow_cnn,scnn_32-64,small,1,8,13
coop-origtest-shallow_cnn-small,AlphaEarthCoop,grid_orig_test,shallow_cnn,scnn_32-64,small,1,9,0
coop-origtest-shallow_cnn-small,AlphaEarthCoop,grid_orig_test,shallow_cnn,scnn_32-64,small,1,10,2
coop-origtest-shallow_cnn-small,AlphaEarthCoop,grid_orig_test,shallow_cnn,scnn_32-64,small,1,11,0
coop-origtest-shallow_cnn-small,AlphaEarthCoop,grid_orig_test,shallow_cnn,scnn_32-64,small,1,12,0
coop-origtest-shallow_cnn-small,AlphaEarthCoop,grid_orig_test,shallow_cnn,scnn_32-64,small,1,13,0
coop-origtest-shallow_cnn-small,AlphaEarthCoop,grid_orig_test,shallow_cnn,scnn_32-64,small,1,14,0
coop-origtest-shallow_cnn-small,AlphaEarthCoop,grid_orig_test,shallow_cnn,scnn_32-64,small,1,15,0
coop-origtest-shallow_cnn-small,AlphaEarthCoop,grid_orig_test,shallow_cnn,scnn_32-64,small,1,16,0
coop-origtest-shallow_cnn-small,AlphaEarthCoop,grid_orig_test,shallow_cnn,scnn_32-64,small,1,17,0
coop-origtest-shallow_cnn-small,AlphaEarthCoop,grid_orig_test,shallow_cnn,scnn_32-64,small,2,1,75
coop-origtest-shallow_cnn-small,AlphaEarthCoop,grid_orig_test,shallow_cnn,scnn_32-64,small,2,2,937
coop-origtest-shallow_cnn-small,AlphaEarthCoop,grid_orig_test,shallow_cnn,scnn_32-64,small,2,3,11
coop-origtest-shallow_cnn-small,AlphaEarthCoop,grid_orig_test,shallow_cnn,scnn_32-64,small,2,4,24
coop-origtest-shallow_cnn-small,AlphaEarthCoop,grid_orig_test,shallow_cnn,scnn_32-64,small,2,5,58
coop-origtest-shallow_cnn-small,AlphaEarthCoop,grid_orig_test,shallow_cnn,scnn_32-64,small,2,6,5
coop-origtest-shallow_cnn-small,AlphaEarthCoop,grid_orig_test,shallow_cnn,scnn_32-64,small,2,7,114
coop-origtest-shallow_cnn-small,AlphaEarthCoop,grid_orig_test,shallow_cnn,scnn_32-64,small,2,8,12
coop-origtest-shallow_cnn-small,AlphaEarthCoop,grid_orig_test,shallow_cnn,scnn_32-64,small,2,9,1
coop-origtest-shallow_cnn-small,AlphaEarthCoop,grid_orig_test,shallow_cnn,scnn_32-64,small,2,10,13
coop-origtest-shallow_cnn-small,AlphaEarthCoop,grid_orig_test,shallow_cnn,scnn_32-64,small,2,11,0
coop-origtest-shallow_cnn-small,AlphaEarthCoop,grid_orig_test,shallow_cnn,scnn_32-64,small,2,12,0
coop-origtest-shallow_cnn-small,AlphaEarthCoop,grid_orig_test,shallow_cnn,scnn_32-64,small,2,13,0
coop-origtest-shallow_cnn-small,AlphaEarthCoop,grid_orig_test,shallow_cnn,scnn_32-64,small,2,14,0
coop-origtest-shallow_cnn-small,AlphaEarthCoop,grid_orig_test,shallow_cnn,scnn_32-64,small,2,15,0
coop-origtest-shallow_cnn-small,AlphaEarthCoop,grid_orig_test,shallow_cnn,scnn_32-64,small,2,16,0
coop-origtest-shallow_cnn-small,AlphaEarthCoop,grid_orig_test,shallow_cnn,scnn_32-64,small,2,17,1
coop-origtest-shallow_cnn-small,AlphaEarthCoop,grid_orig_test,shallow_cnn,scnn_32-64,small,3,1,13
coop-origtest-shallow_cnn-small,AlphaEarthCoop,grid_orig_test,shallow_cnn,scnn_32-64,small,3,2,92
coop-origtest-shallow_cnn-small,AlphaEarthCoop,grid_orig_test,shallow_cnn,scnn_32-64,small,3,3,1885
coop-origtest-shallow_cnn-small,AlphaEarthCoop,grid_orig_test,shallow_cnn,scnn_32-64,small,3,4,1
coop-origtest-shallow_cnn-small,AlphaEarthCoop,grid_orig_test,shallow_cnn,scnn_32-64,small,3,5,14
coop-origtest-shallow_cnn-small,AlphaEarthCoop,grid_orig_test,shallow_cnn,scnn_32-64,small,3,6,113
coop-origtest-shallow_cnn-small,AlphaEarthCoop,grid_orig_test,shallow_cnn,scnn_32-64,small,3,7,267
coop-origtest-shallow_cnn-small,AlphaEarthCoop,grid_orig_test,shallow_cnn,scnn_32-64,small,3,8,35
coop-origtest-shallow_cnn-small,AlphaEarthCoop,grid_orig_test,shallow_cnn,scnn_32-64,small,3,9,12
coop-origtest-shallow_cnn-small,AlphaEarthCoop,grid_orig_test,shallow_cnn,scnn_32-64,small,3,10,30
coop-origtest-shallow_cnn-small,AlphaEarthCoop,grid_orig_test,shallow_cnn,scnn_32-64,small,3,11,0
coop-origtest-shallow_cnn-small,AlphaEarthCoop,grid_orig_test,shallow_cnn,scnn_32-64,small,3,12,0
coop-origtest-shallow_cnn-small,AlphaEarthCoop,grid_orig_test,shallow_cnn,scnn_32-64,small,3,13,0
coop-origtest-shallow_cnn-small,AlphaEarthCoop,grid_orig_test,shallow_cnn,scnn_32-64,small,3,14,2
coop-origtest-shallow_cnn-small,AlphaEarthCoop,grid_orig_test,shallow_cnn,scnn_32-64,small,3,15,1
coop-origtest-shallow_cnn-small,AlphaEarthCoop,grid_orig_test,shallow_cnn,scnn_32-64,small,3,16,0
coop-origtest-shallow_cnn-small,AlphaEarthCoop,grid_orig_test,shallow_cnn,scnn_32-64,small,3,17,0
coop-origtest-shallow_cnn-small,AlphaEarthCoop,grid_orig_test,shallow_cnn,scnn_32-64,small,4,1,29
coop-origtest-shallow_cnn-small,AlphaEarthCoop,grid_orig_test,shallow_cnn,scnn_32-64,small,4,2,16
coop-origtest-shallow_cnn-small,AlphaEarthCoop,grid_orig_test,shallow_cnn,scnn_32-64,small,4,3,1
coop-origtest-shallow_cnn-small,AlphaEarthCoop,grid_orig_test,shallow_cnn,scnn_32-64,small,4,4,697
coop-origtest-shallow_cnn-small,AlphaEarthCoop,grid_orig_test,shallow_cnn,scnn_32-64,small,4,5,38
coop-origtest-shallow_cnn-small,AlphaEarthCoop,grid_orig_test,shallow_cnn,scnn_32-64,small,4,6,16
coop-origtest-shallow_cnn-small,AlphaEarthCoop,grid_orig_test,shallow_cnn,scnn_32-64,small,4,7,0
coop-origtest-shallow_cnn-small,AlphaEarthCoop,grid_orig_test,shallow_cnn,scnn_32-64,small,4,8,31
coop-origtest-shallow_cnn-small,AlphaEarthCoop,grid_orig_test,shallow_cnn,scnn_32-64,small,4,9,4
coop-origtest-shallow_cnn-small,AlphaEarthCoop,grid_orig_test,shallow_cnn,scnn_32-64,small,4,10,25
coop-origtest-shallow_cnn-small,AlphaEarthCoop,grid_orig_test,shallow_cnn,scnn_32-64,small,4,11,0
coop-origtest-shallow_cnn-small,AlphaEarthCoop,grid_orig_test,shallow_cnn,scnn_32-64,small,4,12,0
coop-origtest-shallow_cnn-small,AlphaEarthCoop,grid_orig_test,shallow_cnn,scnn_32-64,small,4,13,0
coop-origtest-shallow_cnn-small,AlphaEarthCoop,grid_orig_test,shallow_cnn,scnn_32-64,small,4,14,0
coop-origtest-shallow_cnn-small,AlphaEarthCoop,grid_orig_test,shallow_cnn,scnn_32-64,small,4,15,0
coop-origtest-shallow_cnn-small,AlphaEarthCoop,grid_orig_test,shallow_cnn,scnn_32-64,small,4,16,0
coop-origtest-shallow_cnn-small,AlphaEarthCoop,grid_orig_test,shallow_cnn,scnn_32-64,small,4,17,0
coop-origtest-shallow_cnn-small,AlphaEarthCoop,grid_orig_test,shallow_cnn,scnn_32-64,small,5,1,2
coop-origtest-shallow_cnn-small,AlphaEarthCoop,grid_orig_test,shallow_cnn,scnn_32-64,small,5,2,24
coop-origtest-shallow_cnn-small,AlphaEarthCoop,grid_orig_test,shallow_cnn,scnn_32-64,small,5,3,59
coop-origtest-shallow_cnn-small,AlphaEarthCoop,grid_orig_test,shallow_cnn,scnn_32-64,small,5,4,164
coop-origtest-shallow_cnn-small,AlphaEarthCoop,grid_orig_test,shallow_cnn,scnn_32-64,small,5,5,356
coop-origtest-shallow_cnn-small,AlphaEarthCoop,grid_orig_test,shallow_cnn,scnn_32-64,small,5,6,90
coop-origtest-shallow_cnn-small,AlphaEarthCoop,grid_orig_test,shallow_cnn,scnn_32-64,small,5,7,0
coop-origtest-shallow_cnn-small,AlphaEarthCoop,grid_orig_test,shallow_cnn,scnn_32-64,small,5,8,13
coop-origtest-shallow_cnn-small,AlphaEarthCoop,grid_orig_test,shallow_cnn,scnn_32-64,small,5,9,40
coop-origtest-shallow_cnn-small,AlphaEarthCoop,grid_orig_test,shallow_cnn,scnn_32-64,small,5,10,15
coop-origtest-shallow_cnn-small,AlphaEarthCoop,grid_orig_test,shallow_cnn,scnn_32-64,small,5,11,0
coop-origtest-shallow_cnn-small,AlphaEarthCoop,grid_orig_test,shallow_cnn,scnn_32-64,small,5,12,0
coop-origtest-shallow_cnn-small,AlphaEarthCoop,grid_orig_test,shallow_cnn,scnn_32-64,small,5,13,0
coop-origtest-shallow_cnn-small,AlphaEarthCoop,grid_orig_test,shallow_cnn,scnn_32-64,small,5,14,0
coop-origtest-shallow_cnn-small,AlphaEarthCoop,grid_orig_test,shallow_cnn,scnn_32-64,small,5,15,0
coop-origtest-shallow_cnn-small,AlphaEarthCoop,grid_orig_test,shallow_cnn,scnn_32-64,small,5,16,0
coop-origtest-shallow_cnn-small,AlphaEarthCoop,grid_orig_test,shallow_cnn,scnn_32-64,small,5,17,0
coop-origtest-shallow_cnn-small,AlphaEarthCoop,grid_orig_test,shallow_cnn,scnn_32-64,small,6,1,1
coop-origtest-shallow_cnn-small,AlphaEarthCoop,grid_orig_test,shallow_cnn,scnn_32-64,small,6,2,4
coop-origtest-shallow_cnn-small,AlphaEarthCoop,grid_orig_test,shallow_cnn,scnn_32-64,small,6,3,375
coop-origtest-shallow_cnn-small,AlphaEarthCoop,grid_orig_test,shallow_cnn,scnn_32-64,small,6,4,3
coop-origtest-shallow_cnn-small,AlphaEarthCoop,grid_orig_test,shallow_cnn,scnn_32-64,small,6,5,19
coop-origtest-shallow_cnn-small,AlphaEarthCoop,grid_orig_test,shallow_cnn,scnn_32-64,small,6,6,1252
coop-origtest-shallow_cnn-small,AlphaEarthCoop,grid_orig_test,shallow_cnn,scnn_32-64,small,6,7,25
coop-origtest-shallow_cnn-small,AlphaEarthCoop,grid_orig_test,shallow_cnn,scnn_32-64,small,6,8,66
coop-origtest-shallow_cnn-small,AlphaEarthCoop,grid_orig_test,shallow_cnn,scnn_32-64,small,6,9,110
coop-origtest-shallow_cnn-small,AlphaEarthCoop,grid_orig_test,shallow_cnn,scnn_32-64,small,6,10,42
coop-origtest-shallow_cnn-small,AlphaEarthCoop,grid_orig_test,shallow_cnn,scnn_32-64,small,6,11,0
coop-origtest-shallow_cnn-small,AlphaEarthCoop,grid_orig_test,shallow_cnn,scnn_32-64,small,6,12,2
coop-origtest-shallow_cnn-small,AlphaEarthCoop,grid_orig_test,shallow_cnn,scnn_32-64,small,6,13,5
coop-origtest-shallow_cnn-small,AlphaEarthCoop,grid_orig_test,shallow_cnn,scnn_32-64,small,6,14,24
coop-origtest-shallow_cnn-small,AlphaEarthCoop,grid_orig_test,shallow_cnn,scnn_32-64,small,6,15,4
coop-origtest-shallow_cnn-small,AlphaEarthCoop,grid_orig_test,shallow_cnn,scnn_32-64,small,6,16,4
coop-origtest-shallow_cnn-small,AlphaEarthCoop,grid_orig_test,shallow_cnn,scnn_32-64,small,6,17,0
coop-origtest-shallow_cnn-small,AlphaEarthCoop,grid_orig_test,shallow_cnn,scnn_32-64,small,7,1,0
coop-origtest-shallow_cnn-small,AlphaEarthCoop,grid_orig_test,shallow_cnn,scnn_32-64,small,7,2,60
coop-origtest-shallow_cnn-small,AlphaEarthCoop,grid_orig_test,shallow_cnn,scnn_32-64,small,7,3,10
coop-origtest-shallow_cnn-small,AlphaEarthCoop,grid_orig_test,shallow_cnn,scnn_32-64,small,7,4,7
coop-origtest-shallow_cnn-small,AlphaEarthCoop,grid_orig_test,shallow_cnn,scnn_32-64,small,7,5,0
coop-origtest-shallow_cnn-small,AlphaEarthCoop,grid_orig_test,shallow_cnn,scnn_32-64,small,7,6,1
coop-origtest-shallow_cnn-small,AlphaEarthCoop,grid_orig_test,shallow_cnn,scnn_32-64,small,7,7,381
coop-origtest-shallow_cnn-small,AlphaEarthCoop,grid_orig_test,shallow_cnn,scnn_32-64,small,7,8,27
coop-origtest-shallow_cnn-small,AlphaEarthCoop,grid_orig_test,shallow_cnn,scnn_32-64,small,7,9,3
coop-origtest-shallow_cnn-small,AlphaEarthCoop,grid_orig_test,shallow_cnn,scnn_32-64,small,7,10,14
coop-origtest-shallow_cnn-small,AlphaEarthCoop,grid_orig_test,shallow_cnn,scnn_32-64,small,7,11,0
coop-origtest-shallow_cnn-small,AlphaEarthCoop,grid_orig_test,shallow_cnn,scnn_32-64,small,7,12,0
coop-origtest-shallow_cnn-small,AlphaEarthCoop,grid_orig_test,shallow_cnn,scnn_32-64,small,7,13,0
coop-origtest-shallow_cnn-small,AlphaEarthCoop,grid_orig_test,shallow_cnn,scnn_32-64,small,7,14,0
coop-origtest-shallow_cnn-small,AlphaEarthCoop,grid_orig_test,shallow_cnn,scnn_32-64,small,7,15,0
coop-origtest-shallow_cnn-small,AlphaEarthCoop,grid_orig_test,shallow_cnn,scnn_32-64,small,7,16,0
coop-origtest-shallow_cnn-small,AlphaEarthCoop,grid_orig_test,shallow_cnn,scnn_32-64,small,7,17,0
coop-origtest-shallow_cnn-small,AlphaEarthCoop,grid_orig_test,shallow_cnn,scnn_32-64,small,8,1,24
coop-origtest-shallow_cnn-small,AlphaEarthCoop,grid_orig_test,shallow_cnn,scnn_32-64,small,8,2,2
coop-origtest-shallow_cnn-small,AlphaEarthCoop,grid_orig_test,shallow_cnn,scnn_32-64,small,8,3,62
coop-origtest-shallow_cnn-small,AlphaEarthCoop,grid_orig_test,shallow_cnn,scnn_32-64,small,8,4,17
coop-origtest-shallow_cnn-small,AlphaEarthCoop,grid_orig_test,shallow_cnn,scnn_32-64,small,8,5,2
coop-origtest-shallow_cnn-small,AlphaEarthCoop,grid_orig_test,shallow_cnn,scnn_32-64,small,8,6,25
coop-origtest-shallow_cnn-small,AlphaEarthCoop,grid_orig_test,shallow_cnn,scnn_32-64,small,8,7,65
coop-origtest-shallow_cnn-small,AlphaEarthCoop,grid_orig_test,shallow_cnn,scnn_32-64,small,8,8,3086
coop-origtest-shallow_cnn-small,AlphaEarthCoop,grid_orig_test,shallow_cnn,scnn_32-64,small,8,9,19
coop-origtest-shallow_cnn-small,AlphaEarthCoop,grid_orig_test,shallow_cnn,scnn_32-64,small,8,10,152
coop-origtest-shallow_cnn-small,AlphaEarthCoop,grid_orig_test,shallow_cnn,scnn_32-64,small,8,11,0
coop-origtest-shallow_cnn-small,AlphaEarthCoop,grid_orig_test,shallow_cnn,scnn_32-64,small,8,12,1
coop-origtest-shallow_cnn-small,AlphaEarthCoop,grid_orig_test,shallow_cnn,scnn_32-64,small,8,13,0
coop-origtest-shallow_cnn-small,AlphaEarthCoop,grid_orig_test,shallow_cnn,scnn_32-64,small,8,14,3
coop-origtest-shallow_cnn-small,AlphaEarthCoop,grid_orig_test,shallow_cnn,scnn_32-64,small,8,15,28
coop-origtest-shallow_cnn-small,AlphaEarthCoop,grid_orig_test,shallow_cnn,scnn_32-64,small,8,16,10
coop-origtest-shallow_cnn-small,AlphaEarthCoop,grid_orig_test,shallow_cnn,scnn_32-64,small,8,17,0
coop-origtest-shallow_cnn-small,AlphaEarthCoop,grid_orig_test,shallow_cnn,scnn_32-64,small,9,1,0
coop-origtest-shallow_cnn-small,AlphaEarthCoop,grid_orig_test,shallow_cnn,scnn_32-64,small,9,2,1
coop-origtest-shallow_cnn-small,AlphaEarthCoop,grid_orig_test,shallow_cnn,scnn_32-64,small,9,3,24
coop-origtest-shallow_cnn-small,AlphaEarthCoop,grid_orig_test,shallow_cnn,scnn_32-64,small,9,4,1
coop-origtest-shallow_cnn-small,AlphaEarthCoop,grid_orig_test,shallow_cnn,scnn_32-64,small,9,5,29
coop-origtest-shallow_cnn-small,AlphaEarthCoop,grid_orig_test,shallow_cnn,scnn_32-64,small,9,6,235
coop-origtest-shallow_cnn-small,AlphaEarthCoop,grid_orig_test,shallow_cnn,scnn_32-64,small,9,7,4
coop-origtest-shallow_cnn-small,AlphaEarthCoop,grid_orig_test,shallow_cnn,scnn_32-64,small,9,8,18
coop-origtest-shallow_cnn-small,AlphaEarthCoop,grid_orig_test,shallow_cnn,scnn_32-64,small,9,9,1631
coop-origtest-shallow_cnn-small,AlphaEarthCoop,grid_orig_test,shallow_cnn,scnn_32-64,small,9,10,15
coop-origtest-shallow_cnn-small,AlphaEarthCoop,grid_orig_test,shallow_cnn,scnn_32-64,small,9,11,3
coop-origtest-shallow_cnn-small,AlphaEarthCoop,grid_orig_test,shallow_cnn,scnn_32-64,small,9,12,4
coop-origtest-shallow_cnn-small,AlphaEarthCoop,grid_orig_test,shallow_cnn,scnn_32-64,small,9,13,10
coop-origtest-shallow_cnn-small,AlphaEarthCoop,grid_orig_test,shallow_cnn,scnn_32-64,small,9,14,25
coop-origtest-shallow_cnn-small,AlphaEarthCoop,grid_orig_test,shallow_cnn,scnn_32-64,small,9,15,4
coop-origtest-shallow_cnn-small,AlphaEarthCoop,grid_orig_test,shallow_cnn,scnn_32-64,small,9,16,9
coop-origtest-shallow_cnn-small,AlphaEarthCoop,grid_orig_test,shallow_cnn,scnn_32-64,small,9,17,0
coop-origtest-shallow_cnn-small,AlphaEarthCoop,grid_orig_test,shallow_cnn,scnn_32-64,small,10,1,1
coop-origtest-shallow_cnn-small,AlphaEarthCoop,grid_orig_test,shallow_cnn,scnn_32-64,small,10,2,1
coop-origtest-shallow_cnn-small,AlphaEarthCoop,grid_orig_test,shallow_cnn,scnn_32-64,small,10,3,0
coop-origtest-shallow_cnn-small,AlphaEarthCoop,grid_orig_test,shallow_cnn,scnn_32-64,small,10,4,29
coop-origtest-shallow_cnn-small,AlphaEarthCoop,grid_orig_test,shallow_cnn,scnn_32-64,small,10,5,3
coop-origtest-shallow_cnn-small,AlphaEarthCoop,grid_orig_test,shallow_cnn,scnn_32-64,small,10,6,2
coop-origtest-shallow_cnn-small,AlphaEarthCoop,grid_orig_test,shallow_cnn,scnn_32-64,small,10,7,22
coop-origtest-shallow_cnn-small,AlphaEarthCoop,grid_orig_test,shallow_cnn,scnn_32-64,small,10,8,287
coop-origtest-shallow_cnn-small,AlphaEarthCoop,grid_orig_test,shallow_cnn,scnn_32-64,small,10,9,34
coop-origtest-shallow_cnn-small,AlphaEarthCoop,grid_orig_test,shallow_cnn,scnn_32-64,small,10,10,428
coop-origtest-shallow_cnn-small,AlphaEarthCoop,grid_orig_test,shallow_cnn,scnn_32-64,small,10,11,0
coop-origtest-shallow_cnn-small,AlphaEarthCoop,grid_orig_test,shallow_cnn,scnn_32-64,small,10,12,2
coop-origtest-shallow_cnn-small,AlphaEarthCoop,grid_orig_test,shallow_cnn,scnn_32-64,small,10,13,0
coop-origtest-shallow_cnn-small,AlphaEarthCoop,grid_orig_test,shallow_cnn,scnn_32-64,small,10,14,31
coop-origtest-shallow_cnn-small,AlphaEarthCoop,grid_orig_test,shallow_cnn,scnn_32-64,small,10,15,61
coop-origtest-shallow_cnn-small,AlphaEarthCoop,grid_orig_test,shallow_cnn,scnn_32-64,small,10,16,7
coop-origtest-shallow_cnn-small,AlphaEarthCoop,grid_orig_test,shallow_cnn,scnn_32-64,small,10,17,0
coop-origtest-shallow_cnn-small,AlphaEarthCoop,grid_orig_test,shallow_cnn,scnn_32-64,small,11,1,0
coop-origtest-shallow_cnn-small,AlphaEarthCoop,grid_orig_test,shallow_cnn,scnn_32-64,small,11,2,0
coop-origtest-shallow_cnn-small,AlphaEarthCoop,grid_orig_test,shallow_cnn,scnn_32-64,small,11,3,0
coop-origtest-shallow_cnn-small,AlphaEarthCoop,grid_orig_test,shallow_cnn,scnn_32-64,small,11,4,0
coop-origtest-shallow_cnn-small,AlphaEarthCoop,grid_orig_test,shallow_cnn,scnn_32-64,small,11,5,0
coop-origtest-shallow_cnn-small,AlphaEarthCoop,grid_orig_test,shallow_cnn,scnn_32-64,small,11,6,0
coop-origtest-shallow_cnn-small,AlphaEarthCoop,grid_orig_test,shallow_cnn,scnn_32-64,small,11,7,0
coop-origtest-shallow_cnn-small,AlphaEarthCoop,grid_orig_test,shallow_cnn,scnn_32-64,small,11,8,0
coop-origtest-shallow_cnn-small,AlphaEarthCoop,grid_orig_test,shallow_cnn,scnn_32-64,small,11,9,179
coop-origtest-shallow_cnn-small,AlphaEarthCoop,grid_orig_test,shallow_cnn,scnn_32-64,small,11,10,0
coop-origtest-shallow_cnn-small,AlphaEarthCoop,grid_orig_test,shallow_cnn,scnn_32-64,small,11,11,2030
coop-origtest-shallow_cnn-small,AlphaEarthCoop,grid_orig_test,shallow_cnn,scnn_32-64,small,11,12,151
coop-origtest-shallow_cnn-small,AlphaEarthCoop,grid_orig_test,shallow_cnn,scnn_32-64,small,11,13,6
coop-origtest-shallow_cnn-small,AlphaEarthCoop,grid_orig_test,shallow_cnn,scnn_32-64,small,11,14,1
coop-origtest-shallow_cnn-small,AlphaEarthCoop,grid_orig_test,shallow_cnn,scnn_32-64,small,11,15,0
coop-origtest-shallow_cnn-small,AlphaEarthCoop,grid_orig_test,shallow_cnn,scnn_32-64,small,11,16,0
coop-origtest-shallow_cnn-small,AlphaEarthCoop,grid_orig_test,shallow_cnn,scnn_32-64,small,11,17,1
coop-origtest-shallow_cnn-small,AlphaEarthCoop,grid_orig_test,shallow_cnn,scnn_32-64,small,12,1,0
coop-origtest-shallow_cnn-small,AlphaEarthCoop,grid_orig_test,shallow_cnn,scnn_32-64,small,12,2,0
coop-origtest-shallow_cnn-small,AlphaEarthCoop,grid_orig_test,shallow_cnn,scnn_32-64,small,12,3,0
coop-origtest-shallow_cnn-small,AlphaEarthCoop,grid_orig_test,shallow_cnn,scnn_32-64,small,12,4,12
coop-origtest-shallow_cnn-small,AlphaEarthCoop,grid_orig_test,shallow_cnn,scnn_32-64,small,12,5,0
coop-origtest-shallow_cnn-small,AlphaEarthCoop,grid_orig_test,shallow_cnn,scnn_32-64,small,12,6,7
coop-origtest-shallow_cnn-small,AlphaEarthCoop,grid_orig_test,shallow_cnn,scnn_32-64,small,12,7,0
coop-origtest-shallow_cnn-small,AlphaEarthCoop,grid_orig_test,shallow_cnn,scnn_32-64,small,12,8,0
coop-origtest-shallow_cnn-small,AlphaEarthCoop,grid_orig_test,shallow_cnn,scnn_32-64,small,12,9,50
coop-origtest-shallow_cnn-small,AlphaEarthCoop,grid_orig_test,shallow_cnn,scnn_32-64,small,12,10,0
coop-origtest-shallow_cnn-small,AlphaEarthCoop,grid_orig_test,shallow_cnn,scnn_32-64,small,12,11,30
coop-origtest-shallow_cnn-small,AlphaEarthCoop,grid_orig_test,shallow_cnn,scnn_32-64,small,12,12,240
coop-origtest-shallow_cnn-small,AlphaEarthCoop,grid_orig_test,shallow_cnn,scnn_32-64,small,12,13,28
coop-origtest-shallow_cnn-small,AlphaEarthCoop,grid_orig_test,shallow_cnn,scnn_32-64,small,12,14,33
coop-origtest-shallow_cnn-small,AlphaEarthCoop,grid_orig_test,shallow_cnn,scnn_32-64,small,12,15,23
coop-origtest-shallow_cnn-small,AlphaEarthCoop,grid_orig_test,shallow_cnn,scnn_32-64,small,12,16,3
coop-origtest-shallow_cnn-small,AlphaEarthCoop,grid_orig_test,shallow_cnn,scnn_32-64,small,12,17,0
coop-origtest-shallow_cnn-small,AlphaEarthCoop,grid_orig_test,shallow_cnn,scnn_32-64,small,13,1,0
coop-origtest-shallow_cnn-small,AlphaEarthCoop,grid_orig_test,shallow_cnn,scnn_32-64,small,13,2,0
coop-origtest-shallow_cnn-small,AlphaEarthCoop,grid_orig_test,shallow_cnn,scnn_32-64,small,13,3,0
coop-origtest-shallow_cnn-small,AlphaEarthCoop,grid_orig_test,shallow_cnn,scnn_32-64,small,13,4,0
coop-origtest-shallow_cnn-small,AlphaEarthCoop,grid_orig_test,shallow_cnn,scnn_32-64,small,13,5,0
coop-origtest-shallow_cnn-small,AlphaEarthCoop,grid_orig_test,shallow_cnn,scnn_32-64,small,13,6,0
coop-origtest-shallow_cnn-small,AlphaEarthCoop,grid_orig_test,shallow_cnn,scnn_32-64,small,13,7,0
coop-origtest-shallow_cnn-small,AlphaEarthCoop,grid_orig_test,shallow_cnn,scnn_32-64,small,13,8,0
coop-origtest-shallow_cnn-small,AlphaEarthCoop,grid_orig_test,shallow_cnn,scnn_32-64,small,13,9,6
coop-origtest-shallow_cnn-small,AlphaEarthCoop,grid_orig_test,shallow_cnn,scnn_32-64,small,13,10,2
coop-origtest-shallow_cnn-small,AlphaEarthCoop,grid_orig_test,shallow_cnn,scnn_32-64,small,13,11,3
coop-origtest-shallow_cnn-small,AlphaEarthCoop,grid_orig_test,shallow_cnn,scnn_32-64,small,13,12,6
coop-origtest-shallow_cnn-small,AlphaEarthCoop,grid_orig_test,shallow_cnn,scnn_32-64,small,13,13,1015
coop-origtest-shallow_cnn-small,AlphaEarthCoop,grid_orig_test,shallow_cnn,scnn_32-64,small,13,14,1
coop-origtest-shallow_cnn-small,AlphaEarthCoop,grid_orig_test,shallow_cnn,scnn_32-64,small,13,15,77
coop-origtest-shallow_cnn-small,AlphaEarthCoop,grid_orig_test,shallow_cnn,scnn_32-64,small,13,16,56
coop-origtest-shallow_cnn-small,AlphaEarthCoop,grid_orig_test,shallow_cnn,scnn_32-64,small,13,17,0
coop-origtest-shallow_cnn-small,AlphaEarthCoop,grid_orig_test,shallow_cnn,scnn_32-64,small,14,1,0
coop-origtest-shallow_cnn-small,AlphaEarthCoop,grid_orig_test,shallow_cnn,scnn_32-64,small,14,2,0
coop-origtest-shallow_cnn-small,AlphaEarthCoop,grid_orig_test,shallow_cnn,scnn_32-64,small,14,3,0
coop-origtest-shallow_cnn-small,AlphaEarthCoop,grid_orig_test,shallow_cnn,scnn_32-64,small,14,4,0
coop-origtest-shallow_cnn-small,AlphaEarthCoop,grid_orig_test,shallow_cnn,scnn_32-64,small,14,5,0
coop-origtest-shallow_cnn-small,AlphaEarthCoop,grid_orig_test,shallow_cnn,scnn_32-64,small,14,6,0
coop-origtest-shallow_cnn-small,AlphaEarthCoop,grid_orig_test,shallow_cnn,scnn_32-64,small,14,7,0
coop-origtest-shallow_cnn-small,AlphaEarthCoop,grid_orig_test,shallow_cnn,scnn_32-64,small,14,8,3
coop-origtest-shallow_cnn-small,AlphaEarthCoop,grid_orig_test,shallow_cnn,scnn_32-64,small,14,9,42
coop-origtest-shallow_cnn-small,AlphaEarthCoop,grid_orig_test,shallow_cnn,scnn_32-64,small,14,10,51
coop-origtest-shallow_cnn-small,AlphaEarthCoop,grid_orig_test,shallow_cnn,scnn_32-64,small,14,11,7
coop-origtest-shallow_cnn-small,AlphaEarthCoop,grid_orig_test,shallow_cnn,scnn_32-64,small,14,12,19
coop-origtest-shallow_cnn-small,AlphaEarthCoop,grid_orig_test,shallow_cnn,scnn_32-64,small,14,13,75
coop-origtest-shallow_cnn-small,AlphaEarthCoop,grid_orig_test,shallow_cnn,scnn_32-64,small,14,14,2170
coop-origtest-shallow_cnn-small,AlphaEarthCoop,grid_orig_test,shallow_cnn,scnn_32-64,small,14,15,3
coop-origtest-shallow_cnn-small,AlphaEarthCoop,grid_orig_test,shallow_cnn,scnn_32-64,small,14,16,43
coop-origtest-shallow_cnn-small,AlphaEarthCoop,grid_orig_test,shallow_cnn,scnn_32-64,small,14,17,22
coop-origtest-shallow_cnn-small,AlphaEarthCoop,grid_orig_test,shallow_cnn,scnn_32-64,small,15,1,6
coop-origtest-shallow_cnn-small,AlphaEarthCoop,grid_orig_test,shallow_cnn,scnn_32-64,small,15,2,0
coop-origtest-shallow_cnn-small,AlphaEarthCoop,grid_orig_test,shallow_cnn,scnn_32-64,small,15,3,0
coop-origtest-shallow_cnn-small,AlphaEarthCoop,grid_orig_test,shallow_cnn,scnn_32-64,small,15,4,0
coop-origtest-shallow_cnn-small,AlphaEarthCoop,grid_orig_test,shallow_cnn,scnn_32-64,small,15,5,0
coop-origtest-shallow_cnn-small,AlphaEarthCoop,grid_orig_test,shallow_cnn,scnn_32-64,small,15,6,0
coop-origtest-shallow_cnn-small,AlphaEarthCoop,grid_orig_test,shallow_cnn,scnn_32-64,small,15,7,0
coop-origtest-shallow_cnn-small,AlphaEarthCoop,grid_orig_test,shallow_cnn,scnn_32-64,small,15,8,6
coop-origtest-shallow_cnn-small,AlphaEarthCoop,grid_orig_test,shallow_cnn,scnn_32-64,small,15,9,0
coop-origtest-shallow_cnn-small,AlphaEarthCoop,grid_orig_test,shallow_cnn,scnn_32-64,small,15,10,31
coop-origtest-shallow_cnn-small,AlphaEarthCoop,grid_orig_test,shallow_cnn,scnn_32-64,small,15,11,0
coop-origtest-shallow_cnn-small,AlphaEarthCoop,grid_orig_test,shallow_cnn,scnn_32-64,small,15,12,0
coop-origtest-shallow_cnn-small,AlphaEarthCoop,grid_orig_test,shallow_cnn,scnn_32-64,small,15,13,0
coop-origtest-shallow_cnn-small,AlphaEarthCoop,grid_orig_test,shallow_cnn,scnn_32-64,small,15,14,0
coop-origtest-shallow_cnn-small,AlphaEarthCoop,grid_orig_test,shallow_cnn,scnn_32-64,small,15,15,161
coop-origtest-shallow_cnn-small,AlphaEarthCoop,grid_orig_test,shallow_cnn,scnn_32-64,small,15,16,1
coop-origtest-shallow_cnn-small,AlphaEarthCoop,grid_orig_test,shallow_cnn,scnn_32-64,small,15,17,0
coop-origtest-shallow_cnn-small,AlphaEarthCoop,grid_orig_test,shallow_cnn,scnn_32-64,small,16,1,0
coop-origtest-shallow_cnn-small,AlphaEarthCoop,grid_orig_test,shallow_cnn,scnn_32-64,small,16,2,0
coop-origtest-shallow_cnn-small,AlphaEarthCoop,grid_orig_test,shallow_cnn,scnn_32-64,small,16,3,0
coop-origtest-shallow_cnn-small,AlphaEarthCoop,grid_orig_test,shallow_cnn,scnn_32-64,small,16,4,1
coop-origtest-shallow_cnn-small,AlphaEarthCoop,grid_orig_test,shallow_cnn,scnn_32-64,small,16,5,0
coop-origtest-shallow_cnn-small,AlphaEarthCoop,grid_orig_test,shallow_cnn,scnn_32-64,small,16,6,0
coop-origtest-shallow_cnn-small,AlphaEarthCoop,grid_orig_test,shallow_cnn,scnn_32-64,small,16,7,0
coop-origtest-shallow_cnn-small,AlphaEarthCoop,grid_orig_test,shallow_cnn,scnn_32-64,small,16,8,0
coop-origtest-shallow_cnn-small,AlphaEarthCoop,grid_orig_test,shallow_cnn,scnn_32-64,small,16,9,8
coop-origtest-shallow_cnn-small,AlphaEarthCoop,grid_orig_test,shallow_cnn,scnn_32-64,small,16,10,6
coop-origtest-shallow_cnn-small,AlphaEarthCoop,grid_orig_test,shallow_cnn,scnn_32-64,small,16,11,0
coop-origtest-shallow_cnn-small,AlphaEarthCoop,grid_orig_test,shallow_cnn,scnn_32-64,small,16,12,0
coop-origtest-shallow_cnn-small,AlphaEarthCoop,grid_orig_test,shallow_cnn,scnn_32-64,small,16,13,31
coop-origtest-shallow_cnn-small,AlphaEarthCoop,grid_orig_test,shallow_cnn,scnn_32-64,small,16,14,2
coop-origtest-shallow_cnn-small,AlphaEarthCoop,grid_orig_test,shallow_cnn,scnn_32-64,small,16,15,56
coop-origtest-shallow_cnn-small,AlphaEarthCoop,grid_orig_test,shallow_cnn,scnn_32-64,small,16,16,468
coop-origtest-shallow_cnn-small,AlphaEarthCoop,grid_orig_test,shallow_cnn,scnn_32-64,small,16,17,0
coop-origtest-shallow_cnn-small,AlphaEarthCoop,grid_orig_test,shallow_cnn,scnn_32-64,small,17,1,0
coop-origtest-shallow_cnn-small,AlphaEarthCoop,grid_orig_test,shallow_cnn,scnn_32-64,small,17,2,0
coop-origtest-shallow_cnn-small,AlphaEarthCoop,grid_orig_test,shallow_cnn,scnn_32-64,small,17,3,0
coop-origtest-shallow_cnn-small,AlphaEarthCoop,grid_orig_test,shallow_cnn,scnn_32-64,small,17,4,10
coop-origtest-shallow_cnn-small,AlphaEarthCoop,grid_orig_test,shallow_cnn,scnn_32-64,small,17,5,0
coop-origtest-shallow_cnn-small,AlphaEarthCoop,grid_orig_test,shallow_cnn,scnn_32-64,small,17,6,0
coop-origtest-shallow_cnn-small,AlphaEarthCoop,grid_orig_test,shallow_cnn,scnn_32-64,small,17,7,0
coop-origtest-shallow_cnn-small,AlphaEarthCoop,grid_orig_test,shallow_cnn,scnn_32-64,small,17,8,2
coop-origtest-shallow_cnn-small,AlphaEarthCoop,grid_orig_test,shallow_cnn,scnn_32-64,small,17,9,1
coop-origtest-shallow_cnn-small,AlphaEarthCoop,grid_orig_test,shallow_cnn,scnn_32-64,small,17,10,4
coop-origtest-shallow_cnn-small,AlphaEarthCoop,grid_orig_test,shallow_cnn,scnn_32-64,small,17,11,0
coop-origtest-shallow_cnn-small,AlphaEarthCoop,grid_orig_test,shallow_cnn,scnn_32-64,small,17,12,0
coop-origtest-shallow_cnn-small,AlphaEarthCoop,grid_orig_test,shallow_cnn,scnn_32-64,small,17,13,0
coop-origtest-shallow_cnn-small,AlphaEarthCoop,grid_orig_test,shallow_cnn,scnn_32-64,small,17,14,4
coop-origtest-shallow_cnn-small,AlphaEarthCoop,grid_orig_test,shallow_cnn,scnn_32-64,small,17,15,0
coop-origtest-shallow_cnn-small,AlphaEarthCoop,grid_orig_test,shallow_cnn,scnn_32-64,small,17,16,5
coop-origtest-shallow_cnn-small,AlphaEarthCoop,grid_orig_test,shallow_cnn,scnn_32-64,small,17,17,2178
v2-cultural-mobilenet-nano,GeoTessera_v2,global_so2sat,mobilenet,mobilenetv3_small_050,nano,1,1,219
v2-cultural-mobilenet-nano,GeoTessera_v2,global_so2sat,mobilenet,mobilenetv3_small_050,nano,1,2,3
v2-cultural-mobilenet-nano,GeoTessera_v2,global_so2sat,mobilenet,mobilenetv3_small_050,nano,1,3,1
v2-cultural-mobilenet-nano,GeoTessera_v2,global_so2sat,mobilenet,mobilenetv3_small_050,nano,1,4,11
v2-cultural-mobilenet-nano,GeoTessera_v2,global_so2sat,mobilenet,mobilenetv3_small_050,nano,1,5,0
v2-cultural-mobilenet-nano,GeoTessera_v2,global_so2sat,mobilenet,mobilenetv3_small_050,nano,1,6,0
v2-cultural-mobilenet-nano,GeoTessera_v2,global_so2sat,mobilenet,mobilenetv3_small_050,nano,1,7,2
v2-cultural-mobilenet-nano,GeoTessera_v2,global_so2sat,mobilenet,mobilenetv3_small_050,nano,1,8,2
v2-cultural-mobilenet-nano,GeoTessera_v2,global_so2sat,mobilenet,mobilenetv3_small_050,nano,1,9,0
v2-cultural-mobilenet-nano,GeoTessera_v2,global_so2sat,mobilenet,mobilenetv3_small_050,nano,1,10,28
v2-cultural-mobilenet-nano,GeoTessera_v2,global_so2sat,mobilenet,mobilenetv3_small_050,nano,1,11,0
v2-cultural-mobilenet-nano,GeoTessera_v2,global_so2sat,mobilenet,mobilenetv3_small_050,nano,1,12,0
v2-cultural-mobilenet-nano,GeoTessera_v2,global_so2sat,mobilenet,mobilenetv3_small_050,nano,1,13,0
v2-cultural-mobilenet-nano,GeoTessera_v2,global_so2sat,mobilenet,mobilenetv3_small_050,nano,1,14,0
v2-cultural-mobilenet-nano,GeoTessera_v2,global_so2sat,mobilenet,mobilenetv3_small_050,nano,1,15,0
v2-cultural-mobilenet-nano,GeoTessera_v2,global_so2sat,mobilenet,mobilenetv3_small_050,nano,1,16,0
v2-cultural-mobilenet-nano,GeoTessera_v2,global_so2sat,mobilenet,mobilenetv3_small_050,nano,1,17,0
v2-cultural-mobilenet-nano,GeoTessera_v2,global_so2sat,mobilenet,mobilenetv3_small_050,nano,2,1,155
v2-cultural-mobilenet-nano,GeoTessera_v2,global_so2sat,mobilenet,mobilenetv3_small_050,nano,2,2,686
v2-cultural-mobilenet-nano,GeoTessera_v2,global_so2sat,mobilenet,mobilenetv3_small_050,nano,2,3,137
v2-cultural-mobilenet-nano,GeoTessera_v2,global_so2sat,mobilenet,mobilenetv3_small_050,nano,2,4,5
v2-cultural-mobilenet-nano,GeoTessera_v2,global_so2sat,mobilenet,mobilenetv3_small_050,nano,2,5,14
v2-cultural-mobilenet-nano,GeoTessera_v2,global_so2sat,mobilenet,mobilenetv3_small_050,nano,2,6,19
v2-cultural-mobilenet-nano,GeoTessera_v2,global_so2sat,mobilenet,mobilenetv3_small_050,nano,2,7,92
v2-cultural-mobilenet-nano,GeoTessera_v2,global_so2sat,mobilenet,mobilenetv3_small_050,nano,2,8,79
v2-cultural-mobilenet-nano,GeoTessera_v2,global_so2sat,mobilenet,mobilenetv3_small_050,nano,2,9,0
v2-cultural-mobilenet-nano,GeoTessera_v2,global_so2sat,mobilenet,mobilenetv3_small_050,nano,2,10,75
v2-cultural-mobilenet-nano,GeoTessera_v2,global_so2sat,mobilenet,mobilenetv3_small_050,nano,2,11,0
v2-cultural-mobilenet-nano,GeoTessera_v2,global_so2sat,mobilenet,mobilenetv3_small_050,nano,2,12,0
v2-cultural-mobilenet-nano,GeoTessera_v2,global_so2sat,mobilenet,mobilenetv3_small_050,nano,2,13,0
v2-cultural-mobilenet-nano,GeoTessera_v2,global_so2sat,mobilenet,mobilenetv3_small_050,nano,2,14,0
v2-cultural-mobilenet-nano,GeoTessera_v2,global_so2sat,mobilenet,mobilenetv3_small_050,nano,2,15,0
v2-cultural-mobilenet-nano,GeoTessera_v2,global_so2sat,mobilenet,mobilenetv3_small_050,nano,2,16,0
v2-cultural-mobilenet-nano,GeoTessera_v2,global_so2sat,mobilenet,mobilenetv3_small_050,nano,2,17,0
v2-cultural-mobilenet-nano,GeoTessera_v2,global_so2sat,mobilenet,mobilenetv3_small_050,nano,3,1,52
v2-cultural-mobilenet-nano,GeoTessera_v2,global_so2sat,mobilenet,mobilenetv3_small_050,nano,3,2,181
v2-cultural-mobilenet-nano,GeoTessera_v2,global_so2sat,mobilenet,mobilenetv3_small_050,nano,3,3,1096
v2-cultural-mobilenet-nano,GeoTessera_v2,global_so2sat,mobilenet,mobilenetv3_small_050,nano,3,4,6
v2-cultural-mobilenet-nano,GeoTessera_v2,global_so2sat,mobilenet,mobilenetv3_small_050,nano,3,5,60
v2-cultural-mobilenet-nano,GeoTessera_v2,global_so2sat,mobilenet,mobilenetv3_small_050,nano,3,6,233
v2-cultural-mobilenet-nano,GeoTessera_v2,global_so2sat,mobilenet,mobilenetv3_small_050,nano,3,7,755
v2-cultural-mobilenet-nano,GeoTessera_v2,global_so2sat,mobilenet,mobilenetv3_small_050,nano,3,8,66
v2-cultural-mobilenet-nano,GeoTessera_v2,global_so2sat,mobilenet,mobilenetv3_small_050,nano,3,9,10
v2-cultural-mobilenet-nano,GeoTessera_v2,global_so2sat,mobilenet,mobilenetv3_small_050,nano,3,10,3
v2-cultural-mobilenet-nano,GeoTessera_v2,global_so2sat,mobilenet,mobilenetv3_small_050,nano,3,11,2
v2-cultural-mobilenet-nano,GeoTessera_v2,global_so2sat,mobilenet,mobilenetv3_small_050,nano,3,12,0
v2-cultural-mobilenet-nano,GeoTessera_v2,global_so2sat,mobilenet,mobilenetv3_small_050,nano,3,13,0
v2-cultural-mobilenet-nano,GeoTessera_v2,global_so2sat,mobilenet,mobilenetv3_small_050,nano,3,14,1
v2-cultural-mobilenet-nano,GeoTessera_v2,global_so2sat,mobilenet,mobilenetv3_small_050,nano,3,15,0
v2-cultural-mobilenet-nano,GeoTessera_v2,global_so2sat,mobilenet,mobilenetv3_small_050,nano,3,16,0
v2-cultural-mobilenet-nano,GeoTessera_v2,global_so2sat,mobilenet,mobilenetv3_small_050,nano,3,17,0
v2-cultural-mobilenet-nano,GeoTessera_v2,global_so2sat,mobilenet,mobilenetv3_small_050,nano,4,1,84
v2-cultural-mobilenet-nano,GeoTessera_v2,global_so2sat,mobilenet,mobilenetv3_small_050,nano,4,2,13
v2-cultural-mobilenet-nano,GeoTessera_v2,global_so2sat,mobilenet,mobilenetv3_small_050,nano,4,3,6
v2-cultural-mobilenet-nano,GeoTessera_v2,global_so2sat,mobilenet,mobilenetv3_small_050,nano,4,4,605
v2-cultural-mobilenet-nano,GeoTessera_v2,global_so2sat,mobilenet,mobilenetv3_small_050,nano,4,5,14
v2-cultural-mobilenet-nano,GeoTessera_v2,global_so2sat,mobilenet,mobilenetv3_small_050,nano,4,6,2
v2-cultural-mobilenet-nano,GeoTessera_v2,global_so2sat,mobilenet,mobilenetv3_small_050,nano,4,7,1
v2-cultural-mobilenet-nano,GeoTessera_v2,global_so2sat,mobilenet,mobilenetv3_small_050,nano,4,8,0
v2-cultural-mobilenet-nano,GeoTessera_v2,global_so2sat,mobilenet,mobilenetv3_small_050,nano,4,9,8
v2-cultural-mobilenet-nano,GeoTessera_v2,global_so2sat,mobilenet,mobilenetv3_small_050,nano,4,10,122
v2-cultural-mobilenet-nano,GeoTessera_v2,global_so2sat,mobilenet,mobilenetv3_small_050,nano,4,11,0
v2-cultural-mobilenet-nano,GeoTessera_v2,global_so2sat,mobilenet,mobilenetv3_small_050,nano,4,12,0
v2-cultural-mobilenet-nano,GeoTessera_v2,global_so2sat,mobilenet,mobilenetv3_small_050,nano,4,13,0
v2-cultural-mobilenet-nano,GeoTessera_v2,global_so2sat,mobilenet,mobilenetv3_small_050,nano,4,14,2
v2-cultural-mobilenet-nano,GeoTessera_v2,global_so2sat,mobilenet,mobilenetv3_small_050,nano,4,15,0
v2-cultural-mobilenet-nano,GeoTessera_v2,global_so2sat,mobilenet,mobilenetv3_small_050,nano,4,16,0
v2-cultural-mobilenet-nano,GeoTessera_v2,global_so2sat,mobilenet,mobilenetv3_small_050,nano,4,17,0
v2-cultural-mobilenet-nano,GeoTessera_v2,global_so2sat,mobilenet,mobilenetv3_small_050,nano,5,1,15
v2-cultural-mobilenet-nano,GeoTessera_v2,global_so2sat,mobilenet,mobilenetv3_small_050,nano,5,2,38
v2-cultural-mobilenet-nano,GeoTessera_v2,global_so2sat,mobilenet,mobilenetv3_small_050,nano,5,3,94
v2-cultural-mobilenet-nano,GeoTessera_v2,global_so2sat,mobilenet,mobilenetv3_small_050,nano,5,4,148
v2-cultural-mobilenet-nano,GeoTessera_v2,global_so2sat,mobilenet,mobilenetv3_small_050,nano,5,5,291
v2-cultural-mobilenet-nano,GeoTessera_v2,global_so2sat,mobilenet,mobilenetv3_small_050,nano,5,6,73
v2-cultural-mobilenet-nano,GeoTessera_v2,global_so2sat,mobilenet,mobilenetv3_small_050,nano,5,7,0
v2-cultural-mobilenet-nano,GeoTessera_v2,global_so2sat,mobilenet,mobilenetv3_small_050,nano,5,8,23
v2-cultural-mobilenet-nano,GeoTessera_v2,global_so2sat,mobilenet,mobilenetv3_small_050,nano,5,9,75
v2-cultural-mobilenet-nano,GeoTessera_v2,global_so2sat,mobilenet,mobilenetv3_small_050,nano,5,10,6
v2-cultural-mobilenet-nano,GeoTessera_v2,global_so2sat,mobilenet,mobilenetv3_small_050,nano,5,11,0
v2-cultural-mobilenet-nano,GeoTessera_v2,global_so2sat,mobilenet,mobilenetv3_small_050,nano,5,12,0
v2-cultural-mobilenet-nano,GeoTessera_v2,global_so2sat,mobilenet,mobilenetv3_small_050,nano,5,13,0
v2-cultural-mobilenet-nano,GeoTessera_v2,global_so2sat,mobilenet,mobilenetv3_small_050,nano,5,14,0
v2-cultural-mobilenet-nano,GeoTessera_v2,global_so2sat,mobilenet,mobilenetv3_small_050,nano,5,15,0
v2-cultural-mobilenet-nano,GeoTessera_v2,global_so2sat,mobilenet,mobilenetv3_small_050,nano,5,16,0
v2-cultural-mobilenet-nano,GeoTessera_v2,global_so2sat,mobilenet,mobilenetv3_small_050,nano,5,17,0
v2-cultural-mobilenet-nano,GeoTessera_v2,global_so2sat,mobilenet,mobilenetv3_small_050,nano,6,1,29
v2-cultural-mobilenet-nano,GeoTessera_v2,global_so2sat,mobilenet,mobilenetv3_small_050,nano,6,2,5
v2-cultural-mobilenet-nano,GeoTessera_v2,global_so2sat,mobilenet,mobilenetv3_small_050,nano,6,3,204
v2-cultural-mobilenet-nano,GeoTessera_v2,global_so2sat,mobilenet,mobilenetv3_small_050,nano,6,4,12
v2-cultural-mobilenet-nano,GeoTessera_v2,global_so2sat,mobilenet,mobilenetv3_small_050,nano,6,5,148
v2-cultural-mobilenet-nano,GeoTessera_v2,global_so2sat,mobilenet,mobilenetv3_small_050,nano,6,6,894
v2-cultural-mobilenet-nano,GeoTessera_v2,global_so2sat,mobilenet,mobilenetv3_small_050,nano,6,7,22
v2-cultural-mobilenet-nano,GeoTessera_v2,global_so2sat,mobilenet,mobilenetv3_small_050,nano,6,8,148
v2-cultural-mobilenet-nano,GeoTessera_v2,global_so2sat,mobilenet,mobilenetv3_small_050,nano,6,9,397
v2-cultural-mobilenet-nano,GeoTessera_v2,global_so2sat,mobilenet,mobilenetv3_small_050,nano,6,10,73
v2-cultural-mobilenet-nano,GeoTessera_v2,global_so2sat,mobilenet,mobilenetv3_small_050,nano,6,11,0
v2-cultural-mobilenet-nano,GeoTessera_v2,global_so2sat,mobilenet,mobilenetv3_small_050,nano,6,12,0
v2-cultural-mobilenet-nano,GeoTessera_v2,global_so2sat,mobilenet,mobilenetv3_small_050,nano,6,13,0
v2-cultural-mobilenet-nano,GeoTessera_v2,global_so2sat,mobilenet,mobilenetv3_small_050,nano,6,14,2
v2-cultural-mobilenet-nano,GeoTessera_v2,global_so2sat,mobilenet,mobilenetv3_small_050,nano,6,15,0
v2-cultural-mobilenet-nano,GeoTessera_v2,global_so2sat,mobilenet,mobilenetv3_small_050,nano,6,16,0
v2-cultural-mobilenet-nano,GeoTessera_v2,global_so2sat,mobilenet,mobilenetv3_small_050,nano,6,17,2
v2-cultural-mobilenet-nano,GeoTessera_v2,global_so2sat,mobilenet,mobilenetv3_small_050,nano,7,1,2
v2-cultural-mobilenet-nano,GeoTessera_v2,global_so2sat,mobilenet,mobilenetv3_small_050,nano,7,2,45
v2-cultural-mobilenet-nano,GeoTessera_v2,global_so2sat,mobilenet,mobilenetv3_small_050,nano,7,3,15
v2-cultural-mobilenet-nano,GeoTessera_v2,global_so2sat,mobilenet,mobilenetv3_small_050,nano,7,4,2
v2-cultural-mobilenet-nano,GeoTessera_v2,global_so2sat,mobilenet,mobilenetv3_small_050,nano,7,5,0
v2-cultural-mobilenet-nano,GeoTessera_v2,global_so2sat,mobilenet,mobilenetv3_small_050,nano,7,6,0
v2-cultural-mobilenet-nano,GeoTessera_v2,global_so2sat,mobilenet,mobilenetv3_small_050,nano,7,7,385
v2-cultural-mobilenet-nano,GeoTessera_v2,global_so2sat,mobilenet,mobilenetv3_small_050,nano,7,8,38
v2-cultural-mobilenet-nano,GeoTessera_v2,global_so2sat,mobilenet,mobilenetv3_small_050,nano,7,9,2
v2-cultural-mobilenet-nano,GeoTessera_v2,global_so2sat,mobilenet,mobilenetv3_small_050,nano,7,10,14
v2-cultural-mobilenet-nano,GeoTessera_v2,global_so2sat,mobilenet,mobilenetv3_small_050,nano,7,11,0
v2-cultural-mobilenet-nano,GeoTessera_v2,global_so2sat,mobilenet,mobilenetv3_small_050,nano,7,12,0
v2-cultural-mobilenet-nano,GeoTessera_v2,global_so2sat,mobilenet,mobilenetv3_small_050,nano,7,13,0
v2-cultural-mobilenet-nano,GeoTessera_v2,global_so2sat,mobilenet,mobilenetv3_small_050,nano,7,14,0
v2-cultural-mobilenet-nano,GeoTessera_v2,global_so2sat,mobilenet,mobilenetv3_small_050,nano,7,15,0
v2-cultural-mobilenet-nano,GeoTessera_v2,global_so2sat,mobilenet,mobilenetv3_small_050,nano,7,16,0
v2-cultural-mobilenet-nano,GeoTessera_v2,global_so2sat,mobilenet,mobilenetv3_small_050,nano,7,17,0
v2-cultural-mobilenet-nano,GeoTessera_v2,global_so2sat,mobilenet,mobilenetv3_small_050,nano,8,1,68
v2-cultural-mobilenet-nano,GeoTessera_v2,global_so2sat,mobilenet,mobilenetv3_small_050,nano,8,2,3
v2-cultural-mobilenet-nano,GeoTessera_v2,global_so2sat,mobilenet,mobilenetv3_small_050,nano,8,3,3
v2-cultural-mobilenet-nano,GeoTessera_v2,global_so2sat,mobilenet,mobilenetv3_small_050,nano,8,4,12
v2-cultural-mobilenet-nano,GeoTessera_v2,global_so2sat,mobilenet,mobilenetv3_small_050,nano,8,5,10
v2-cultural-mobilenet-nano,GeoTessera_v2,global_so2sat,mobilenet,mobilenetv3_small_050,nano,8,6,7
v2-cultural-mobilenet-nano,GeoTessera_v2,global_so2sat,mobilenet,mobilenetv3_small_050,nano,8,7,177
v2-cultural-mobilenet-nano,GeoTessera_v2,global_so2sat,mobilenet,mobilenetv3_small_050,nano,8,8,2990
v2-cultural-mobilenet-nano,GeoTessera_v2,global_so2sat,mobilenet,mobilenetv3_small_050,nano,8,9,21
v2-cultural-mobilenet-nano,GeoTessera_v2,global_so2sat,mobilenet,mobilenetv3_small_050,nano,8,10,195
v2-cultural-mobilenet-nano,GeoTessera_v2,global_so2sat,mobilenet,mobilenetv3_small_050,nano,8,11,2
v2-cultural-mobilenet-nano,GeoTessera_v2,global_so2sat,mobilenet,mobilenetv3_small_050,nano,8,12,0
v2-cultural-mobilenet-nano,GeoTessera_v2,global_so2sat,mobilenet,mobilenetv3_small_050,nano,8,13,0
v2-cultural-mobilenet-nano,GeoTessera_v2,global_so2sat,mobilenet,mobilenetv3_small_050,nano,8,14,6
v2-cultural-mobilenet-nano,GeoTessera_v2,global_so2sat,mobilenet,mobilenetv3_small_050,nano,8,15,2
v2-cultural-mobilenet-nano,GeoTessera_v2,global_so2sat,mobilenet,mobilenetv3_small_050,nano,8,16,0
v2-cultural-mobilenet-nano,GeoTessera_v2,global_so2sat,mobilenet,mobilenetv3_small_050,nano,8,17,0
v2-cultural-mobilenet-nano,GeoTessera_v2,global_so2sat,mobilenet,mobilenetv3_small_050,nano,9,1,1
v2-cultural-mobilenet-nano,GeoTessera_v2,global_so2sat,mobilenet,mobilenetv3_small_050,nano,9,2,0
v2-cultural-mobilenet-nano,GeoTessera_v2,global_so2sat,mobilenet,mobilenetv3_small_050,nano,9,3,59
v2-cultural-mobilenet-nano,GeoTessera_v2,global_so2sat,mobilenet,mobilenetv3_small_050,nano,9,4,5
v2-cultural-mobilenet-nano,GeoTessera_v2,global_so2sat,mobilenet,mobilenetv3_small_050,nano,9,5,3
v2-cultural-mobilenet-nano,GeoTessera_v2,global_so2sat,mobilenet,mobilenetv3_small_050,nano,9,6,302
v2-cultural-mobilenet-nano,GeoTessera_v2,global_so2sat,mobilenet,mobilenetv3_small_050,nano,9,7,21
v2-cultural-mobilenet-nano,GeoTessera_v2,global_so2sat,mobilenet,mobilenetv3_small_050,nano,9,8,41
v2-cultural-mobilenet-nano,GeoTessera_v2,global_so2sat,mobilenet,mobilenetv3_small_050,nano,9,9,1460
v2-cultural-mobilenet-nano,GeoTessera_v2,global_so2sat,mobilenet,mobilenetv3_small_050,nano,9,10,47
v2-cultural-mobilenet-nano,GeoTessera_v2,global_so2sat,mobilenet,mobilenetv3_small_050,nano,9,11,7
v2-cultural-mobilenet-nano,GeoTessera_v2,global_so2sat,mobilenet,mobilenetv3_small_050,nano,9,12,15
v2-cultural-mobilenet-nano,GeoTessera_v2,global_so2sat,mobilenet,mobilenetv3_small_050,nano,9,13,2
v2-cultural-mobilenet-nano,GeoTessera_v2,global_so2sat,mobilenet,mobilenetv3_small_050,nano,9,14,41
v2-cultural-mobilenet-nano,GeoTessera_v2,global_so2sat,mobilenet,mobilenetv3_small_050,nano,9,15,0
v2-cultural-mobilenet-nano,GeoTessera_v2,global_so2sat,mobilenet,mobilenetv3_small_050,nano,9,16,1
v2-cultural-mobilenet-nano,GeoTessera_v2,global_so2sat,mobilenet,mobilenetv3_small_050,nano,9,17,8
v2-cultural-mobilenet-nano,GeoTessera_v2,global_so2sat,mobilenet,mobilenetv3_small_050,nano,10,1,6
v2-cultural-mobilenet-nano,GeoTessera_v2,global_so2sat,mobilenet,mobilenetv3_small_050,nano,10,2,5
v2-cultural-mobilenet-nano,GeoTessera_v2,global_so2sat,mobilenet,mobilenetv3_small_050,nano,10,3,0
v2-cultural-mobilenet-nano,GeoTessera_v2,global_so2sat,mobilenet,mobilenetv3_small_050,nano,10,4,14
v2-cultural-mobilenet-nano,GeoTessera_v2,global_so2sat,mobilenet,mobilenetv3_small_050,nano,10,5,4
v2-cultural-mobilenet-nano,GeoTessera_v2,global_so2sat,mobilenet,mobilenetv3_small_050,nano,10,6,0
v2-cultural-mobilenet-nano,GeoTessera_v2,global_so2sat,mobilenet,mobilenetv3_small_050,nano,10,7,4
v2-cultural-mobilenet-nano,GeoTessera_v2,global_so2sat,mobilenet,mobilenetv3_small_050,nano,10,8,216
v2-cultural-mobilenet-nano,GeoTessera_v2,global_so2sat,mobilenet,mobilenetv3_small_050,nano,10,9,26
v2-cultural-mobilenet-nano,GeoTessera_v2,global_so2sat,mobilenet,mobilenetv3_small_050,nano,10,10,583
v2-cultural-mobilenet-nano,GeoTessera_v2,global_so2sat,mobilenet,mobilenetv3_small_050,nano,10,11,0
v2-cultural-mobilenet-nano,GeoTessera_v2,global_so2sat,mobilenet,mobilenetv3_small_050,nano,10,12,0
v2-cultural-mobilenet-nano,GeoTessera_v2,global_so2sat,mobilenet,mobilenetv3_small_050,nano,10,13,1
v2-cultural-mobilenet-nano,GeoTessera_v2,global_so2sat,mobilenet,mobilenetv3_small_050,nano,10,14,42
v2-cultural-mobilenet-nano,GeoTessera_v2,global_so2sat,mobilenet,mobilenetv3_small_050,nano,10,15,0
v2-cultural-mobilenet-nano,GeoTessera_v2,global_so2sat,mobilenet,mobilenetv3_small_050,nano,10,16,6
v2-cultural-mobilenet-nano,GeoTessera_v2,global_so2sat,mobilenet,mobilenetv3_small_050,nano,10,17,1
v2-cultural-mobilenet-nano,GeoTessera_v2,global_so2sat,mobilenet,mobilenetv3_small_050,nano,11,1,0
v2-cultural-mobilenet-nano,GeoTessera_v2,global_so2sat,mobilenet,mobilenetv3_small_050,nano,11,2,0
v2-cultural-mobilenet-nano,GeoTessera_v2,global_so2sat,mobilenet,mobilenetv3_small_050,nano,11,3,0
v2-cultural-mobilenet-nano,GeoTessera_v2,global_so2sat,mobilenet,mobilenetv3_small_050,nano,11,4,4
v2-cultural-mobilenet-nano,GeoTessera_v2,global_so2sat,mobilenet,mobilenetv3_small_050,nano,11,5,0
v2-cultural-mobilenet-nano,GeoTessera_v2,global_so2sat,mobilenet,mobilenetv3_small_050,nano,11,6,0
v2-cultural-mobilenet-nano,GeoTessera_v2,global_so2sat,mobilenet,mobilenetv3_small_050,nano,11,7,10
v2-cultural-mobilenet-nano,GeoTessera_v2,global_so2sat,mobilenet,mobilenetv3_small_050,nano,11,8,0
v2-cultural-mobilenet-nano,GeoTessera_v2,global_so2sat,mobilenet,mobilenetv3_small_050,nano,11,9,21
v2-cultural-mobilenet-nano,GeoTessera_v2,global_so2sat,mobilenet,mobilenetv3_small_050,nano,11,10,7
v2-cultural-mobilenet-nano,GeoTessera_v2,global_so2sat,mobilenet,mobilenetv3_small_050,nano,11,11,1759
v2-cultural-mobilenet-nano,GeoTessera_v2,global_so2sat,mobilenet,mobilenetv3_small_050,nano,11,12,308
v2-cultural-mobilenet-nano,GeoTessera_v2,global_so2sat,mobilenet,mobilenetv3_small_050,nano,11,13,250
v2-cultural-mobilenet-nano,GeoTessera_v2,global_so2sat,mobilenet,mobilenetv3_small_050,nano,11,14,9
v2-cultural-mobilenet-nano,GeoTessera_v2,global_so2sat,mobilenet,mobilenetv3_small_050,nano,11,15,0
v2-cultural-mobilenet-nano,GeoTessera_v2,global_so2sat,mobilenet,mobilenetv3_small_050,nano,11,16,0
v2-cultural-mobilenet-nano,GeoTessera_v2,global_so2sat,mobilenet,mobilenetv3_small_050,nano,11,17,0
v2-cultural-mobilenet-nano,GeoTessera_v2,global_so2sat,mobilenet,mobilenetv3_small_050,nano,12,1,0
v2-cultural-mobilenet-nano,GeoTessera_v2,global_so2sat,mobilenet,mobilenetv3_small_050,nano,12,2,0
v2-cultural-mobilenet-nano,GeoTessera_v2,global_so2sat,mobilenet,mobilenetv3_small_050,nano,12,3,11
v2-cultural-mobilenet-nano,GeoTessera_v2,global_so2sat,mobilenet,mobilenetv3_small_050,nano,12,4,2
v2-cultural-mobilenet-nano,GeoTessera_v2,global_so2sat,mobilenet,mobilenetv3_small_050,nano,12,5,0
v2-cultural-mobilenet-nano,GeoTessera_v2,global_so2sat,mobilenet,mobilenetv3_small_050,nano,12,6,34
v2-cultural-mobilenet-nano,GeoTessera_v2,global_so2sat,mobilenet,mobilenetv3_small_050,nano,12,7,0
v2-cultural-mobilenet-nano,GeoTessera_v2,global_so2sat,mobilenet,mobilenetv3_small_050,nano,12,8,0
v2-cultural-mobilenet-nano,GeoTessera_v2,global_so2sat,mobilenet,mobilenetv3_small_050,nano,12,9,34
v2-cultural-mobilenet-nano,GeoTessera_v2,global_so2sat,mobilenet,mobilenetv3_small_050,nano,12,10,0
v2-cultural-mobilenet-nano,GeoTessera_v2,global_so2sat,mobilenet,mobilenetv3_small_050,nano,12,11,29
v2-cultural-mobilenet-nano,GeoTessera_v2,global_so2sat,mobilenet,mobilenetv3_small_050,nano,12,12,145
v2-cultural-mobilenet-nano,GeoTessera_v2,global_so2sat,mobilenet,mobilenetv3_small_050,nano,12,13,106
v2-cultural-mobilenet-nano,GeoTessera_v2,global_so2sat,mobilenet,mobilenetv3_small_050,nano,12,14,54
v2-cultural-mobilenet-nano,GeoTessera_v2,global_so2sat,mobilenet,mobilenetv3_small_050,nano,12,15,0
v2-cultural-mobilenet-nano,GeoTessera_v2,global_so2sat,mobilenet,mobilenetv3_small_050,nano,12,16,18
v2-cultural-mobilenet-nano,GeoTessera_v2,global_so2sat,mobilenet,mobilenetv3_small_050,nano,12,17,0
v2-cultural-mobilenet-nano,GeoTessera_v2,global_so2sat,mobilenet,mobilenetv3_small_050,nano,13,1,0
v2-cultural-mobilenet-nano,GeoTessera_v2,global_so2sat,mobilenet,mobilenetv3_small_050,nano,13,2,0
v2-cultural-mobilenet-nano,GeoTessera_v2,global_so2sat,mobilenet,mobilenetv3_small_050,nano,13,3,0
v2-cultural-mobilenet-nano,GeoTessera_v2,global_so2sat,mobilenet,mobilenetv3_small_050,nano,13,4,1
v2-cultural-mobilenet-nano,GeoTessera_v2,global_so2sat,mobilenet,mobilenetv3_small_050,nano,13,5,0
v2-cultural-mobilenet-nano,GeoTessera_v2,global_so2sat,mobilenet,mobilenetv3_small_050,nano,13,6,0
v2-cultural-mobilenet-nano,GeoTessera_v2,global_so2sat,mobilenet,mobilenetv3_small_050,nano,13,7,0
v2-cultural-mobilenet-nano,GeoTessera_v2,global_so2sat,mobilenet,mobilenetv3_small_050,nano,13,8,3
v2-cultural-mobilenet-nano,GeoTessera_v2,global_so2sat,mobilenet,mobilenetv3_small_050,nano,13,9,0
v2-cultural-mobilenet-nano,GeoTessera_v2,global_so2sat,mobilenet,mobilenetv3_small_050,nano,13,10,1
v2-cultural-mobilenet-nano,GeoTessera_v2,global_so2sat,mobilenet,mobilenetv3_small_050,nano,13,11,1
v2-cultural-mobilenet-nano,GeoTessera_v2,global_so2sat,mobilenet,mobilenetv3_small_050,nano,13,12,0
v2-cultural-mobilenet-nano,GeoTessera_v2,global_so2sat,mobilenet,mobilenetv3_small_050,nano,13,13,179
v2-cultural-mobilenet-nano,GeoTessera_v2,global_so2sat,mobilenet,mobilenetv3_small_050,nano,13,14,893
v2-cultural-mobilenet-nano,GeoTessera_v2,global_so2sat,mobilenet,mobilenetv3_small_050,nano,13,15,23
v2-cultural-mobilenet-nano,GeoTessera_v2,global_so2sat,mobilenet,mobilenetv3_small_050,nano,13,16,65
v2-cultural-mobilenet-nano,GeoTessera_v2,global_so2sat,mobilenet,mobilenetv3_small_050,nano,13,17,0
v2-cultural-mobilenet-nano,GeoTessera_v2,global_so2sat,mobilenet,mobilenetv3_small_050,nano,14,1,0
v2-cultural-mobilenet-nano,GeoTessera_v2,global_so2sat,mobilenet,mobilenetv3_small_050,nano,14,2,0
v2-cultural-mobilenet-nano,GeoTessera_v2,global_so2sat,mobilenet,mobilenetv3_small_050,nano,14,3,0
v2-cultural-mobilenet-nano,GeoTessera_v2,global_so2sat,mobilenet,mobilenetv3_small_050,nano,14,4,73
v2-cultural-mobilenet-nano,GeoTessera_v2,global_so2sat,mobilenet,mobilenetv3_small_050,nano,14,5,0
v2-cultural-mobilenet-nano,GeoTessera_v2,global_so2sat,mobilenet,mobilenetv3_small_050,nano,14,6,0
v2-cultural-mobilenet-nano,GeoTessera_v2,global_so2sat,mobilenet,mobilenetv3_small_050,nano,14,7,0
v2-cultural-mobilenet-nano,GeoTessera_v2,global_so2sat,mobilenet,mobilenetv3_small_050,nano,14,8,1
v2-cultural-mobilenet-nano,GeoTessera_v2,global_so2sat,mobilenet,mobilenetv3_small_050,nano,14,9,41
v2-cultural-mobilenet-nano,GeoTessera_v2,global_so2sat,mobilenet,mobilenetv3_small_050,nano,14,10,23
v2-cultural-mobilenet-nano,GeoTessera_v2,global_so2sat,mobilenet,mobilenetv3_small_050,nano,14,11,1
v2-cultural-mobilenet-nano,GeoTessera_v2,global_so2sat,mobilenet,mobilenetv3_small_050,nano,14,12,20
v2-cultural-mobilenet-nano,GeoTessera_v2,global_so2sat,mobilenet,mobilenetv3_small_050,nano,14,13,26
v2-cultural-mobilenet-nano,GeoTessera_v2,global_so2sat,mobilenet,mobilenetv3_small_050,nano,14,14,2224
v2-cultural-mobilenet-nano,GeoTessera_v2,global_so2sat,mobilenet,mobilenetv3_small_050,nano,14,15,1
v2-cultural-mobilenet-nano,GeoTessera_v2,global_so2sat,mobilenet,mobilenetv3_small_050,nano,14,16,25
v2-cultural-mobilenet-nano,GeoTessera_v2,global_so2sat,mobilenet,mobilenetv3_small_050,nano,14,17,0
v2-cultural-mobilenet-nano,GeoTessera_v2,global_so2sat,mobilenet,mobilenetv3_small_050,nano,15,1,0
v2-cultural-mobilenet-nano,GeoTessera_v2,global_so2sat,mobilenet,mobilenetv3_small_050,nano,15,2,0
v2-cultural-mobilenet-nano,GeoTessera_v2,global_so2sat,mobilenet,mobilenetv3_small_050,nano,15,3,0
v2-cultural-mobilenet-nano,GeoTessera_v2,global_so2sat,mobilenet,mobilenetv3_small_050,nano,15,4,0
v2-cultural-mobilenet-nano,GeoTessera_v2,global_so2sat,mobilenet,mobilenetv3_small_050,nano,15,5,0
v2-cultural-mobilenet-nano,GeoTessera_v2,global_so2sat,mobilenet,mobilenetv3_small_050,nano,15,6,0
v2-cultural-mobilenet-nano,GeoTessera_v2,global_so2sat,mobilenet,mobilenetv3_small_050,nano,15,7,1
v2-cultural-mobilenet-nano,GeoTessera_v2,global_so2sat,mobilenet,mobilenetv3_small_050,nano,15,8,75
v2-cultural-mobilenet-nano,GeoTessera_v2,global_so2sat,mobilenet,mobilenetv3_small_050,nano,15,9,0
v2-cultural-mobilenet-nano,GeoTessera_v2,global_so2sat,mobilenet,mobilenetv3_small_050,nano,15,10,111
v2-cultural-mobilenet-nano,GeoTessera_v2,global_so2sat,mobilenet,mobilenetv3_small_050,nano,15,11,0
v2-cultural-mobilenet-nano,GeoTessera_v2,global_so2sat,mobilenet,mobilenetv3_small_050,nano,15,12,0
v2-cultural-mobilenet-nano,GeoTessera_v2,global_so2sat,mobilenet,mobilenetv3_small_050,nano,15,13,0
v2-cultural-mobilenet-nano,GeoTessera_v2,global_so2sat,mobilenet,mobilenetv3_small_050,nano,15,14,0
v2-cultural-mobilenet-nano,GeoTessera_v2,global_so2sat,mobilenet,mobilenetv3_small_050,nano,15,15,13
v2-cultural-mobilenet-nano,GeoTessera_v2,global_so2sat,mobilenet,mobilenetv3_small_050,nano,15,16,5
v2-cultural-mobilenet-nano,GeoTessera_v2,global_so2sat,mobilenet,mobilenetv3_small_050,nano,15,17,0
v2-cultural-mobilenet-nano,GeoTessera_v2,global_so2sat,mobilenet,mobilenetv3_small_050,nano,16,1,0
v2-cultural-mobilenet-nano,GeoTessera_v2,global_so2sat,mobilenet,mobilenetv3_small_050,nano,16,2,0
v2-cultural-mobilenet-nano,GeoTessera_v2,global_so2sat,mobilenet,mobilenetv3_small_050,nano,16,3,0
v2-cultural-mobilenet-nano,GeoTessera_v2,global_so2sat,mobilenet,mobilenetv3_small_050,nano,16,4,0
v2-cultural-mobilenet-nano,GeoTessera_v2,global_so2sat,mobilenet,mobilenetv3_small_050,nano,16,5,0
v2-cultural-mobilenet-nano,GeoTessera_v2,global_so2sat,mobilenet,mobilenetv3_small_050,nano,16,6,0
v2-cultural-mobilenet-nano,GeoTessera_v2,global_so2sat,mobilenet,mobilenetv3_small_050,nano,16,7,0
v2-cultural-mobilenet-nano,GeoTessera_v2,global_so2sat,mobilenet,mobilenetv3_small_050,nano,16,8,1
v2-cultural-mobilenet-nano,GeoTessera_v2,global_so2sat,mobilenet,mobilenetv3_small_050,nano,16,9,7
v2-cultural-mobilenet-nano,GeoTessera_v2,global_so2sat,mobilenet,mobilenetv3_small_050,nano,16,10,19
v2-cultural-mobilenet-nano,GeoTessera_v2,global_so2sat,mobilenet,mobilenetv3_small_050,nano,16,11,0
v2-cultural-mobilenet-nano,GeoTessera_v2,global_so2sat,mobilenet,mobilenetv3_small_050,nano,16,12,0
v2-cultural-mobilenet-nano,GeoTessera_v2,global_so2sat,mobilenet,mobilenetv3_small_050,nano,16,13,74
v2-cultural-mobilenet-nano,GeoTessera_v2,global_so2sat,mobilenet,mobilenetv3_small_050,nano,16,14,89
v2-cultural-mobilenet-nano,GeoTessera_v2,global_so2sat,mobilenet,mobilenetv3_small_050,nano,16,15,88
v2-cultural-mobilenet-nano,GeoTessera_v2,global_so2sat,mobilenet,mobilenetv3_small_050,nano,16,16,293
v2-cultural-mobilenet-nano,GeoTessera_v2,global_so2sat,mobilenet,mobilenetv3_small_050,nano,16,17,0
v2-cultural-mobilenet-nano,GeoTessera_v2,global_so2sat,mobilenet,mobilenetv3_small_050,nano,17,1,4
v2-cultural-mobilenet-nano,GeoTessera_v2,global_so2sat,mobilenet,mobilenetv3_small_050,nano,17,2,0
v2-cultural-mobilenet-nano,GeoTessera_v2,global_so2sat,mobilenet,mobilenetv3_small_050,nano,17,3,0
v2-cultural-mobilenet-nano,GeoTessera_v2,global_so2sat,mobilenet,mobilenetv3_small_050,nano,17,4,3
v2-cultural-mobilenet-nano,GeoTessera_v2,global_so2sat,mobilenet,mobilenetv3_small_050,nano,17,5,0
v2-cultural-mobilenet-nano,GeoTessera_v2,global_so2sat,mobilenet,mobilenetv3_small_050,nano,17,6,0
v2-cultural-mobilenet-nano,GeoTessera_v2,global_so2sat,mobilenet,mobilenetv3_small_050,nano,17,7,0
v2-cultural-mobilenet-nano,GeoTessera_v2,global_so2sat,mobilenet,mobilenetv3_small_050,nano,17,8,5
v2-cultural-mobilenet-nano,GeoTessera_v2,global_so2sat,mobilenet,mobilenetv3_small_050,nano,17,9,0
v2-cultural-mobilenet-nano,GeoTessera_v2,global_so2sat,mobilenet,mobilenetv3_small_050,nano,17,10,10
v2-cultural-mobilenet-nano,GeoTessera_v2,global_so2sat,mobilenet,mobilenetv3_small_050,nano,17,11,0
v2-cultural-mobilenet-nano,GeoTessera_v2,global_so2sat,mobilenet,mobilenetv3_small_050,nano,17,12,0
v2-cultural-mobilenet-nano,GeoTessera_v2,global_so2sat,mobilenet,mobilenetv3_small_050,nano,17,13,0
v2-cultural-mobilenet-nano,GeoTessera_v2,global_so2sat,mobilenet,mobilenetv3_small_050,nano,17,14,28
v2-cultural-mobilenet-nano,GeoTessera_v2,global_so2sat,mobilenet,mobilenetv3_small_050,nano,17,15,0
v2-cultural-mobilenet-nano,GeoTessera_v2,global_so2sat,mobilenet,mobilenetv3_small_050,nano,17,16,3
v2-cultural-mobilenet-nano,GeoTessera_v2,global_so2sat,mobilenet,mobilenetv3_small_050,nano,17,17,2151
v2-cultural-mobilenet-small,GeoTessera_v2,global_so2sat,mobilenet,mobilenetv3_small_100,small,1,1,163
v2-cultural-mobilenet-small,GeoTessera_v2,global_so2sat,mobilenet,mobilenetv3_small_100,small,1,2,19
v2-cultural-mobilenet-small,GeoTessera_v2,global_so2sat,mobilenet,mobilenetv3_small_100,small,1,3,6
v2-cultural-mobilenet-small,GeoTessera_v2,global_so2sat,mobilenet,mobilenetv3_small_100,small,1,4,53
v2-cultural-mobilenet-small,GeoTessera_v2,global_so2sat,mobilenet,mobilenetv3_small_100,small,1,5,1
v2-cultural-mobilenet-small,GeoTessera_v2,global_so2sat,mobilenet,mobilenetv3_small_100,small,1,6,0
v2-cultural-mobilenet-small,GeoTessera_v2,global_so2sat,mobilenet,mobilenetv3_small_100,small,1,7,3
v2-cultural-mobilenet-small,GeoTessera_v2,global_so2sat,mobilenet,mobilenetv3_small_100,small,1,8,17
v2-cultural-mobilenet-small,GeoTessera_v2,global_so2sat,mobilenet,mobilenetv3_small_100,small,1,9,0
v2-cultural-mobilenet-small,GeoTessera_v2,global_so2sat,mobilenet,mobilenetv3_small_100,small,1,10,4
v2-cultural-mobilenet-small,GeoTessera_v2,global_so2sat,mobilenet,mobilenetv3_small_100,small,1,11,0
v2-cultural-mobilenet-small,GeoTessera_v2,global_so2sat,mobilenet,mobilenetv3_small_100,small,1,12,0
v2-cultural-mobilenet-small,GeoTessera_v2,global_so2sat,mobilenet,mobilenetv3_small_100,small,1,13,0
v2-cultural-mobilenet-small,GeoTessera_v2,global_so2sat,mobilenet,mobilenetv3_small_100,small,1,14,0
v2-cultural-mobilenet-small,GeoTessera_v2,global_so2sat,mobilenet,mobilenetv3_small_100,small,1,15,0
v2-cultural-mobilenet-small,GeoTessera_v2,global_so2sat,mobilenet,mobilenetv3_small_100,small,1,16,0
v2-cultural-mobilenet-small,GeoTessera_v2,global_so2sat,mobilenet,mobilenetv3_small_100,small,1,17,0
v2-cultural-mobilenet-small,GeoTessera_v2,global_so2sat,mobilenet,mobilenetv3_small_100,small,2,1,92
v2-cultural-mobilenet-small,GeoTessera_v2,global_so2sat,mobilenet,mobilenetv3_small_100,small,2,2,621
v2-cultural-mobilenet-small,GeoTessera_v2,global_so2sat,mobilenet,mobilenetv3_small_100,small,2,3,211
v2-cultural-mobilenet-small,GeoTessera_v2,global_so2sat,mobilenet,mobilenetv3_small_100,small,2,4,24
v2-cultural-mobilenet-small,GeoTessera_v2,global_so2sat,mobilenet,mobilenetv3_small_100,small,2,5,124
v2-cultural-mobilenet-small,GeoTessera_v2,global_so2sat,mobilenet,mobilenetv3_small_100,small,2,6,5
v2-cultural-mobilenet-small,GeoTessera_v2,global_so2sat,mobilenet,mobilenetv3_small_100,small,2,7,49
v2-cultural-mobilenet-small,GeoTessera_v2,global_so2sat,mobilenet,mobilenetv3_small_100,small,2,8,108
v2-cultural-mobilenet-small,GeoTessera_v2,global_so2sat,mobilenet,mobilenetv3_small_100,small,2,9,0
v2-cultural-mobilenet-small,GeoTessera_v2,global_so2sat,mobilenet,mobilenetv3_small_100,small,2,10,26
v2-cultural-mobilenet-small,GeoTessera_v2,global_so2sat,mobilenet,mobilenetv3_small_100,small,2,11,0
v2-cultural-mobilenet-small,GeoTessera_v2,global_so2sat,mobilenet,mobilenetv3_small_100,small,2,12,0
v2-cultural-mobilenet-small,GeoTessera_v2,global_so2sat,mobilenet,mobilenetv3_small_100,small,2,13,0
v2-cultural-mobilenet-small,GeoTessera_v2,global_so2sat,mobilenet,mobilenetv3_small_100,small,2,14,2
v2-cultural-mobilenet-small,GeoTessera_v2,global_so2sat,mobilenet,mobilenetv3_small_100,small,2,15,0
v2-cultural-mobilenet-small,GeoTessera_v2,global_so2sat,mobilenet,mobilenetv3_small_100,small,2,16,0
v2-cultural-mobilenet-small,GeoTessera_v2,global_so2sat,mobilenet,mobilenetv3_small_100,small,2,17,0
v2-cultural-mobilenet-small,GeoTessera_v2,global_so2sat,mobilenet,mobilenetv3_small_100,small,3,1,73
v2-cultural-mobilenet-small,GeoTessera_v2,global_so2sat,mobilenet,mobilenetv3_small_100,small,3,2,144
v2-cultural-mobilenet-small,GeoTessera_v2,global_so2sat,mobilenet,mobilenetv3_small_100,small,3,3,1547
v2-cultural-mobilenet-small,GeoTessera_v2,global_so2sat,mobilenet,mobilenetv3_small_100,small,3,4,27
v2-cultural-mobilenet-small,GeoTessera_v2,global_so2sat,mobilenet,mobilenetv3_small_100,small,3,5,45
v2-cultural-mobilenet-small,GeoTessera_v2,global_so2sat,mobilenet,mobilenetv3_small_100,small,3,6,296
v2-cultural-mobilenet-small,GeoTessera_v2,global_so2sat,mobilenet,mobilenetv3_small_100,small,3,7,282
v2-cultural-mobilenet-small,GeoTessera_v2,global_so2sat,mobilenet,mobilenetv3_small_100,small,3,8,47
v2-cultural-mobilenet-small,GeoTessera_v2,global_so2sat,mobilenet,mobilenetv3_small_100,small,3,9,0
v2-cultural-mobilenet-small,GeoTessera_v2,global_so2sat,mobilenet,mobilenetv3_small_100,small,3,10,2
v2-cultural-mobilenet-small,GeoTessera_v2,global_so2sat,mobilenet,mobilenetv3_small_100,small,3,11,1
v2-cultural-mobilenet-small,GeoTessera_v2,global_so2sat,mobilenet,mobilenetv3_small_100,small,3,12,0
v2-cultural-mobilenet-small,GeoTessera_v2,global_so2sat,mobilenet,mobilenetv3_small_100,small,3,13,0
v2-cultural-mobilenet-small,GeoTessera_v2,global_so2sat,mobilenet,mobilenetv3_small_100,small,3,14,1
v2-cultural-mobilenet-small,GeoTessera_v2,global_so2sat,mobilenet,mobilenetv3_small_100,small,3,15,0
v2-cultural-mobilenet-small,GeoTessera_v2,global_so2sat,mobilenet,mobilenetv3_small_100,small,3,16,0
v2-cultural-mobilenet-small,GeoTessera_v2,global_so2sat,mobilenet,mobilenetv3_small_100,small,3,17,0
v2-cultural-mobilenet-small,GeoTessera_v2,global_so2sat,mobilenet,mobilenetv3_small_100,small,4,1,17
v2-cultural-mobilenet-small,GeoTessera_v2,global_so2sat,mobilenet,mobilenetv3_small_100,small,4,2,18
v2-cultural-mobilenet-small,GeoTessera_v2,global_so2sat,mobilenet,mobilenetv3_small_100,small,4,3,26
v2-cultural-mobilenet-small,GeoTessera_v2,global_so2sat,mobilenet,mobilenetv3_small_100,small,4,4,652
v2-cultural-mobilenet-small,GeoTessera_v2,global_so2sat,mobilenet,mobilenetv3_small_100,small,4,5,26
v2-cultural-mobilenet-small,GeoTessera_v2,global_so2sat,mobilenet,mobilenetv3_small_100,small,4,6,4
v2-cultural-mobilenet-small,GeoTessera_v2,global_so2sat,mobilenet,mobilenetv3_small_100,small,4,7,1
v2-cultural-mobilenet-small,GeoTessera_v2,global_so2sat,mobilenet,mobilenetv3_small_100,small,4,8,5
v2-cultural-mobilenet-small,GeoTessera_v2,global_so2sat,mobilenet,mobilenetv3_small_100,small,4,9,4
v2-cultural-mobilenet-small,GeoTessera_v2,global_so2sat,mobilenet,mobilenetv3_small_100,small,4,10,104
v2-cultural-mobilenet-small,GeoTessera_v2,global_so2sat,mobilenet,mobilenetv3_small_100,small,4,11,0
v2-cultural-mobilenet-small,GeoTessera_v2,global_so2sat,mobilenet,mobilenetv3_small_100,small,4,12,0
v2-cultural-mobilenet-small,GeoTessera_v2,global_so2sat,mobilenet,mobilenetv3_small_100,small,4,13,0
v2-cultural-mobilenet-small,GeoTessera_v2,global_so2sat,mobilenet,mobilenetv3_small_100,small,4,14,0
v2-cultural-mobilenet-small,GeoTessera_v2,global_so2sat,mobilenet,mobilenetv3_small_100,small,4,15,0
v2-cultural-mobilenet-small,GeoTessera_v2,global_so2sat,mobilenet,mobilenetv3_small_100,small,4,16,0
v2-cultural-mobilenet-small,GeoTessera_v2,global_so2sat,mobilenet,mobilenetv3_small_100,small,4,17,0
v2-cultural-mobilenet-small,GeoTessera_v2,global_so2sat,mobilenet,mobilenetv3_small_100,small,5,1,2
v2-cultural-mobilenet-small,GeoTessera_v2,global_so2sat,mobilenet,mobilenetv3_small_100,small,5,2,43
v2-cultural-mobilenet-small,GeoTessera_v2,global_so2sat,mobilenet,mobilenetv3_small_100,small,5,3,133
v2-cultural-mobilenet-small,GeoTessera_v2,global_so2sat,mobilenet,mobilenetv3_small_100,small,5,4,150
v2-cultural-mobilenet-small,GeoTessera_v2,global_so2sat,mobilenet,mobilenetv3_small_100,small,5,5,295
v2-cultural-mobilenet-small,GeoTessera_v2,global_so2sat,mobilenet,mobilenetv3_small_100,small,5,6,106
v2-cultural-mobilenet-small,GeoTessera_v2,global_so2sat,mobilenet,mobilenetv3_small_100,small,5,7,0
v2-cultural-mobilenet-small,GeoTessera_v2,global_so2sat,mobilenet,mobilenetv3_small_100,small,5,8,7
v2-cultural-mobilenet-small,GeoTessera_v2,global_so2sat,mobilenet,mobilenetv3_small_100,small,5,9,21
v2-cultural-mobilenet-small,GeoTessera_v2,global_so2sat,mobilenet,mobilenetv3_small_100,small,5,10,5
v2-cultural-mobilenet-small,GeoTessera_v2,global_so2sat,mobilenet,mobilenetv3_small_100,small,5,11,0
v2-cultural-mobilenet-small,GeoTessera_v2,global_so2sat,mobilenet,mobilenetv3_small_100,small,5,12,1
v2-cultural-mobilenet-small,GeoTessera_v2,global_so2sat,mobilenet,mobilenetv3_small_100,small,5,13,0
v2-cultural-mobilenet-small,GeoTessera_v2,global_so2sat,mobilenet,mobilenetv3_small_100,small,5,14,0
v2-cultural-mobilenet-small,GeoTessera_v2,global_so2sat,mobilenet,mobilenetv3_small_100,small,5,15,0
v2-cultural-mobilenet-small,GeoTessera_v2,global_so2sat,mobilenet,mobilenetv3_small_100,small,5,16,0
v2-cultural-mobilenet-small,GeoTessera_v2,global_so2sat,mobilenet,mobilenetv3_small_100,small,5,17,0
v2-cultural-mobilenet-small,GeoTessera_v2,global_so2sat,mobilenet,mobilenetv3_small_100,small,6,1,10
v2-cultural-mobilenet-small,GeoTessera_v2,global_so2sat,mobilenet,mobilenetv3_small_100,small,6,2,2
v2-cultural-mobilenet-small,GeoTessera_v2,global_so2sat,mobilenet,mobilenetv3_small_100,small,6,3,449
v2-cultural-mobilenet-small,GeoTessera_v2,global_so2sat,mobilenet,mobilenetv3_small_100,small,6,4,43
v2-cultural-mobilenet-small,GeoTessera_v2,global_so2sat,mobilenet,mobilenetv3_small_100,small,6,5,168
v2-cultural-mobilenet-small,GeoTessera_v2,global_so2sat,mobilenet,mobilenetv3_small_100,small,6,6,974
v2-cultural-mobilenet-small,GeoTessera_v2,global_so2sat,mobilenet,mobilenetv3_small_100,small,6,7,10
v2-cultural-mobilenet-small,GeoTessera_v2,global_so2sat,mobilenet,mobilenetv3_small_100,small,6,8,17
v2-cultural-mobilenet-small,GeoTessera_v2,global_so2sat,mobilenet,mobilenetv3_small_100,small,6,9,108
v2-cultural-mobilenet-small,GeoTessera_v2,global_so2sat,mobilenet,mobilenetv3_small_100,small,6,10,3
v2-cultural-mobilenet-small,GeoTessera_v2,global_so2sat,mobilenet,mobilenetv3_small_100,small,6,11,0
v2-cultural-mobilenet-small,GeoTessera_v2,global_so2sat,mobilenet,mobilenetv3_small_100,small,6,12,0
v2-cultural-mobilenet-small,GeoTessera_v2,global_so2sat,mobilenet,mobilenetv3_small_100,small,6,13,0
v2-cultural-mobilenet-small,GeoTessera_v2,global_so2sat,mobilenet,mobilenetv3_small_100,small,6,14,151
v2-cultural-mobilenet-small,GeoTessera_v2,global_so2sat,mobilenet,mobilenetv3_small_100,small,6,15,0
v2-cultural-mobilenet-small,GeoTessera_v2,global_so2sat,mobilenet,mobilenetv3_small_100,small,6,16,0
v2-cultural-mobilenet-small,GeoTessera_v2,global_so2sat,mobilenet,mobilenetv3_small_100,small,6,17,1
v2-cultural-mobilenet-small,GeoTessera_v2,global_so2sat,mobilenet,mobilenetv3_small_100,small,7,1,2
v2-cultural-mobilenet-small,GeoTessera_v2,global_so2sat,mobilenet,mobilenetv3_small_100,small,7,2,35
v2-cultural-mobilenet-small,GeoTessera_v2,global_so2sat,mobilenet,mobilenetv3_small_100,small,7,3,167
v2-cultural-mobilenet-small,GeoTessera_v2,global_so2sat,mobilenet,mobilenetv3_small_100,small,7,4,3
v2-cultural-mobilenet-small,GeoTessera_v2,global_so2sat,mobilenet,mobilenetv3_small_100,small,7,5,2
v2-cultural-mobilenet-small,GeoTessera_v2,global_so2sat,mobilenet,mobilenetv3_small_100,small,7,6,2
v2-cultural-mobilenet-small,GeoTessera_v2,global_so2sat,mobilenet,mobilenetv3_small_100,small,7,7,229
v2-cultural-mobilenet-small,GeoTessera_v2,global_so2sat,mobilenet,mobilenetv3_small_100,small,7,8,59
v2-cultural-mobilenet-small,GeoTessera_v2,global_so2sat,mobilenet,mobilenetv3_small_100,small,7,9,0
v2-cultural-mobilenet-small,GeoTessera_v2,global_so2sat,mobilenet,mobilenetv3_small_100,small,7,10,3
v2-cultural-mobilenet-small,GeoTessera_v2,global_so2sat,mobilenet,mobilenetv3_small_100,small,7,11,0
v2-cultural-mobilenet-small,GeoTessera_v2,global_so2sat,mobilenet,mobilenetv3_small_100,small,7,12,0
v2-cultural-mobilenet-small,GeoTessera_v2,global_so2sat,mobilenet,mobilenetv3_small_100,small,7,13,0
v2-cultural-mobilenet-small,GeoTessera_v2,global_so2sat,mobilenet,mobilenetv3_small_100,small,7,14,0
v2-cultural-mobilenet-small,GeoTessera_v2,global_so2sat,mobilenet,mobilenetv3_small_100,small,7,15,1
v2-cultural-mobilenet-small,GeoTessera_v2,global_so2sat,mobilenet,mobilenetv3_small_100,small,7,16,0
v2-cultural-mobilenet-small,GeoTessera_v2,global_so2sat,mobilenet,mobilenetv3_small_100,small,7,17,0
v2-cultural-mobilenet-small,GeoTessera_v2,global_so2sat,mobilenet,mobilenetv3_small_100,small,8,1,39
v2-cultural-mobilenet-small,GeoTessera_v2,global_so2sat,mobilenet,mobilenetv3_small_100,small,8,2,1
v2-cultural-mobilenet-small,GeoTessera_v2,global_so2sat,mobilenet,mobilenetv3_small_100,small,8,3,68
v2-cultural-mobilenet-small,GeoTessera_v2,global_so2sat,mobilenet,mobilenetv3_small_100,small,8,4,49
v2-cultural-mobilenet-small,GeoTessera_v2,global_so2sat,mobilenet,mobilenetv3_small_100,small,8,5,38
v2-cultural-mobilenet-small,GeoTessera_v2,global_so2sat,mobilenet,mobilenetv3_small_100,small,8,6,3
v2-cultural-mobilenet-small,GeoTessera_v2,global_so2sat,mobilenet,mobilenetv3_small_100,small,8,7,22
v2-cultural-mobilenet-small,GeoTessera_v2,global_so2sat,mobilenet,mobilenetv3_small_100,small,8,8,3150
v2-cultural-mobilenet-small,GeoTessera_v2,global_so2sat,mobilenet,mobilenetv3_small_100,small,8,9,6
v2-cultural-mobilenet-small,GeoTessera_v2,global_so2sat,mobilenet,mobilenetv3_small_100,small,8,10,95
v2-cultural-mobilenet-small,GeoTessera_v2,global_so2sat,mobilenet,mobilenetv3_small_100,small,8,11,0
v2-cultural-mobilenet-small,GeoTessera_v2,global_so2sat,mobilenet,mobilenetv3_small_100,small,8,12,0
v2-cultural-mobilenet-small,GeoTessera_v2,global_so2sat,mobilenet,mobilenetv3_small_100,small,8,13,0
v2-cultural-mobilenet-small,GeoTessera_v2,global_so2sat,mobilenet,mobilenetv3_small_100,small,8,14,12
v2-cultural-mobilenet-small,GeoTessera_v2,global_so2sat,mobilenet,mobilenetv3_small_100,small,8,15,12
v2-cultural-mobilenet-small,GeoTessera_v2,global_so2sat,mobilenet,mobilenetv3_small_100,small,8,16,1
v2-cultural-mobilenet-small,GeoTessera_v2,global_so2sat,mobilenet,mobilenetv3_small_100,small,8,17,0
v2-cultural-mobilenet-small,GeoTessera_v2,global_so2sat,mobilenet,mobilenetv3_small_100,small,9,1,0
v2-cultural-mobilenet-small,GeoTessera_v2,global_so2sat,mobilenet,mobilenetv3_small_100,small,9,2,0
v2-cultural-mobilenet-small,GeoTessera_v2,global_so2sat,mobilenet,mobilenetv3_small_100,small,9,3,125
v2-cultural-mobilenet-small,GeoTessera_v2,global_so2sat,mobilenet,mobilenetv3_small_100,small,9,4,16
v2-cultural-mobilenet-small,GeoTessera_v2,global_so2sat,mobilenet,mobilenetv3_small_100,small,9,5,19
v2-cultural-mobilenet-small,GeoTessera_v2,global_so2sat,mobilenet,mobilenetv3_small_100,small,9,6,825
v2-cultural-mobilenet-small,GeoTessera_v2,global_so2sat,mobilenet,mobilenetv3_small_100,small,9,7,0
v2-cultural-mobilenet-small,GeoTessera_v2,global_so2sat,mobilenet,mobilenetv3_small_100,small,9,8,9
v2-cultural-mobilenet-small,GeoTessera_v2,global_so2sat,mobilenet,mobilenetv3_small_100,small,9,9,798
v2-cultural-mobilenet-small,GeoTessera_v2,global_so2sat,mobilenet,mobilenetv3_small_100,small,9,10,0
v2-cultural-mobilenet-small,GeoTessera_v2,global_so2sat,mobilenet,mobilenetv3_small_100,small,9,11,11
v2-cultural-mobilenet-small,GeoTessera_v2,global_so2sat,mobilenet,mobilenetv3_small_100,small,9,12,11
v2-cultural-mobilenet-small,GeoTessera_v2,global_so2sat,mobilenet,mobilenetv3_small_100,small,9,13,8
v2-cultural-mobilenet-small,GeoTessera_v2,global_so2sat,mobilenet,mobilenetv3_small_100,small,9,14,162
v2-cultural-mobilenet-small,GeoTessera_v2,global_so2sat,mobilenet,mobilenetv3_small_100,small,9,15,0
v2-cultural-mobilenet-small,GeoTessera_v2,global_so2sat,mobilenet,mobilenetv3_small_100,small,9,16,18
v2-cultural-mobilenet-small,GeoTessera_v2,global_so2sat,mobilenet,mobilenetv3_small_100,small,9,17,11
v2-cultural-mobilenet-small,GeoTessera_v2,global_so2sat,mobilenet,mobilenetv3_small_100,small,10,1,7
v2-cultural-mobilenet-small,GeoTessera_v2,global_so2sat,mobilenet,mobilenetv3_small_100,small,10,2,0
v2-cultural-mobilenet-small,GeoTessera_v2,global_so2sat,mobilenet,mobilenetv3_small_100,small,10,3,11
v2-cultural-mobilenet-small,GeoTessera_v2,global_so2sat,mobilenet,mobilenetv3_small_100,small,10,4,64
v2-cultural-mobilenet-small,GeoTessera_v2,global_so2sat,mobilenet,mobilenetv3_small_100,small,10,5,33
v2-cultural-mobilenet-small,GeoTessera_v2,global_so2sat,mobilenet,mobilenetv3_small_100,small,10,6,4
v2-cultural-mobilenet-small,GeoTessera_v2,global_so2sat,mobilenet,mobilenetv3_small_100,small,10,7,0
v2-cultural-mobilenet-small,GeoTessera_v2,global_so2sat,mobilenet,mobilenetv3_small_100,small,10,8,233
v2-cultural-mobilenet-small,GeoTessera_v2,global_so2sat,mobilenet,mobilenetv3_small_100,small,10,9,3
v2-cultural-mobilenet-small,GeoTessera_v2,global_so2sat,mobilenet,mobilenetv3_small_100,small,10,10,507
v2-cultural-mobilenet-small,GeoTessera_v2,global_so2sat,mobilenet,mobilenetv3_small_100,small,10,11,1
v2-cultural-mobilenet-small,GeoTessera_v2,global_so2sat,mobilenet,mobilenetv3_small_100,small,10,12,0
v2-cultural-mobilenet-small,GeoTessera_v2,global_so2sat,mobilenet,mobilenetv3_small_100,small,10,13,20
v2-cultural-mobilenet-small,GeoTessera_v2,global_so2sat,mobilenet,mobilenetv3_small_100,small,10,14,10
v2-cultural-mobilenet-small,GeoTessera_v2,global_so2sat,mobilenet,mobilenetv3_small_100,small,10,15,6
v2-cultural-mobilenet-small,GeoTessera_v2,global_so2sat,mobilenet,mobilenetv3_small_100,small,10,16,9
v2-cultural-mobilenet-small,GeoTessera_v2,global_so2sat,mobilenet,mobilenetv3_small_100,small,10,17,0
v2-cultural-mobilenet-small,GeoTessera_v2,global_so2sat,mobilenet,mobilenetv3_small_100,small,11,1,0
v2-cultural-mobilenet-small,GeoTessera_v2,global_so2sat,mobilenet,mobilenetv3_small_100,small,11,2,0
v2-cultural-mobilenet-small,GeoTessera_v2,global_so2sat,mobilenet,mobilenetv3_small_100,small,11,3,0
v2-cultural-mobilenet-small,GeoTessera_v2,global_so2sat,mobilenet,mobilenetv3_small_100,small,11,4,0
v2-cultural-mobilenet-small,GeoTessera_v2,global_so2sat,mobilenet,mobilenetv3_small_100,small,11,5,2
v2-cultural-mobilenet-small,GeoTessera_v2,global_so2sat,mobilenet,mobilenetv3_small_100,small,11,6,0
v2-cultural-mobilenet-small,GeoTessera_v2,global_so2sat,mobilenet,mobilenetv3_small_100,small,11,7,0
v2-cultural-mobilenet-small,GeoTessera_v2,global_so2sat,mobilenet,mobilenetv3_small_100,small,11,8,0
v2-cultural-mobilenet-small,GeoTessera_v2,global_so2sat,mobilenet,mobilenetv3_small_100,small,11,9,4
v2-cultural-mobilenet-small,GeoTessera_v2,global_so2sat,mobilenet,mobilenetv3_small_100,small,11,10,0
v2-cultural-mobilenet-small,GeoTessera_v2,global_so2sat,mobilenet,mobilenetv3_small_100,small,11,11,2008
v2-cultural-mobilenet-small,GeoTessera_v2,global_so2sat,mobilenet,mobilenetv3_small_100,small,11,12,173
v2-cultural-mobilenet-small,GeoTessera_v2,global_so2sat,mobilenet,mobilenetv3_small_100,small,11,13,37
v2-cultural-mobilenet-small,GeoTessera_v2,global_so2sat,mobilenet,mobilenetv3_small_100,small,11,14,143
v2-cultural-mobilenet-small,GeoTessera_v2,global_so2sat,mobilenet,mobilenetv3_small_100,small,11,15,1
v2-cultural-mobilenet-small,GeoTessera_v2,global_so2sat,mobilenet,mobilenetv3_small_100,small,11,16,0
v2-cultural-mobilenet-small,GeoTessera_v2,global_so2sat,mobilenet,mobilenetv3_small_100,small,11,17,0
v2-cultural-mobilenet-small,GeoTessera_v2,global_so2sat,mobilenet,mobilenetv3_small_100,small,12,1,0
v2-cultural-mobilenet-small,GeoTessera_v2,global_so2sat,mobilenet,mobilenetv3_small_100,small,12,2,0
v2-cultural-mobilenet-small,GeoTessera_v2,global_so2sat,mobilenet,mobilenetv3_small_100,small,12,3,8
v2-cultural-mobilenet-small,GeoTessera_v2,global_so2sat,mobilenet,mobilenetv3_small_100,small,12,4,0
v2-cultural-mobilenet-small,GeoTessera_v2,global_so2sat,mobilenet,mobilenetv3_small_100,small,12,5,0
v2-cultural-mobilenet-small,GeoTessera_v2,global_so2sat,mobilenet,mobilenetv3_small_100,small,12,6,45
v2-cultural-mobilenet-small,GeoTessera_v2,global_so2sat,mobilenet,mobilenetv3_small_100,small,12,7,0
v2-cultural-mobilenet-small,GeoTessera_v2,global_so2sat,mobilenet,mobilenetv3_small_100,small,12,8,0
v2-cultural-mobilenet-small,GeoTessera_v2,global_so2sat,mobilenet,mobilenetv3_small_100,small,12,9,13
v2-cultural-mobilenet-small,GeoTessera_v2,global_so2sat,mobilenet,mobilenetv3_small_100,small,12,10,0
v2-cultural-mobilenet-small,GeoTessera_v2,global_so2sat,mobilenet,mobilenetv3_small_100,small,12,11,95
v2-cultural-mobilenet-small,GeoTessera_v2,global_so2sat,mobilenet,mobilenetv3_small_100,small,12,12,179
v2-cultural-mobilenet-small,GeoTessera_v2,global_so2sat,mobilenet,mobilenetv3_small_100,small,12,13,19
v2-cultural-mobilenet-small,GeoTessera_v2,global_so2sat,mobilenet,mobilenetv3_small_100,small,12,14,70
v2-cultural-mobilenet-small,GeoTessera_v2,global_so2sat,mobilenet,mobilenetv3_small_100,small,12,15,0
v2-cultural-mobilenet-small,GeoTessera_v2,global_so2sat,mobilenet,mobilenetv3_small_100,small,12,16,3
v2-cultural-mobilenet-small,GeoTessera_v2,global_so2sat,mobilenet,mobilenetv3_small_100,small,12,17,1
v2-cultural-mobilenet-small,GeoTessera_v2,global_so2sat,mobilenet,mobilenetv3_small_100,small,13,1,0
v2-cultural-mobilenet-small,GeoTessera_v2,global_so2sat,mobilenet,mobilenetv3_small_100,small,13,2,0
v2-cultural-mobilenet-small,GeoTessera_v2,global_so2sat,mobilenet,mobilenetv3_small_100,small,13,3,7
v2-cultural-mobilenet-small,GeoTessera_v2,global_so2sat,mobilenet,mobilenetv3_small_100,small,13,4,0
v2-cultural-mobilenet-small,GeoTessera_v2,global_so2sat,mobilenet,mobilenetv3_small_100,small,13,5,0
v2-cultural-mobilenet-small,GeoTessera_v2,global_so2sat,mobilenet,mobilenetv3_small_100,small,13,6,3
v2-cultural-mobilenet-small,GeoTessera_v2,global_so2sat,mobilenet,mobilenetv3_small_100,small,13,7,9
v2-cultural-mobilenet-small,GeoTessera_v2,global_so2sat,mobilenet,mobilenetv3_small_100,small,13,8,0
v2-cultural-mobilenet-small,GeoTessera_v2,global_so2sat,mobilenet,mobilenetv3_small_100,small,13,9,0
v2-cultural-mobilenet-small,GeoTessera_v2,global_so2sat,mobilenet,mobilenetv3_small_100,small,13,10,1
v2-cultural-mobilenet-small,GeoTessera_v2,global_so2sat,mobilenet,mobilenetv3_small_100,small,13,11,19
v2-cultural-mobilenet-small,GeoTessera_v2,global_so2sat,mobilenet,mobilenetv3_small_100,small,13,12,1
v2-cultural-mobilenet-small,GeoTessera_v2,global_so2sat,mobilenet,mobilenetv3_small_100,small,13,13,396
v2-cultural-mobilenet-small,GeoTessera_v2,global_so2sat,mobilenet,mobilenetv3_small_100,small,13,14,547
v2-cultural-mobilenet-small,GeoTessera_v2,global_so2sat,mobilenet,mobilenetv3_small_100,small,13,15,7
v2-cultural-mobilenet-small,GeoTessera_v2,global_so2sat,mobilenet,mobilenetv3_small_100,small,13,16,160
v2-cultural-mobilenet-small,GeoTessera_v2,global_so2sat,mobilenet,mobilenetv3_small_100,small,13,17,16
v2-cultural-mobilenet-small,GeoTessera_v2,global_so2sat,mobilenet,mobilenetv3_small_100,small,14,1,0
v2-cultural-mobilenet-small,GeoTessera_v2,global_so2sat,mobilenet,mobilenetv3_small_100,small,14,2,0
v2-cultural-mobilenet-small,GeoTessera_v2,global_so2sat,mobilenet,mobilenetv3_small_100,small,14,3,0
v2-cultural-mobilenet-small,GeoTessera_v2,global_so2sat,mobilenet,mobilenetv3_small_100,small,14,4,37
v2-cultural-mobilenet-small,GeoTessera_v2,global_so2sat,mobilenet,mobilenetv3_small_100,small,14,5,0
v2-cultural-mobilenet-small,GeoTessera_v2,global_so2sat,mobilenet,mobilenetv3_small_100,small,14,6,9
v2-cultural-mobilenet-small,GeoTessera_v2,global_so2sat,mobilenet,mobilenetv3_small_100,small,14,7,0
v2-cultural-mobilenet-small,GeoTessera_v2,global_so2sat,mobilenet,mobilenetv3_small_100,small,14,8,1
v2-cultural-mobilenet-small,GeoTessera_v2,global_so2sat,mobilenet,mobilenetv3_small_100,small,14,9,21
v2-cultural-mobilenet-small,GeoTessera_v2,global_so2sat,mobilenet,mobilenetv3_small_100,small,14,10,59
v2-cultural-mobilenet-small,GeoTessera_v2,global_so2sat,mobilenet,mobilenetv3_small_100,small,14,11,6
v2-cultural-mobilenet-small,GeoTessera_v2,global_so2sat,mobilenet,mobilenetv3_small_100,small,14,12,37
v2-cultural-mobilenet-small,GeoTessera_v2,global_so2sat,mobilenet,mobilenetv3_small_100,small,14,13,33
v2-cultural-mobilenet-small,GeoTessera_v2,global_so2sat,mobilenet,mobilenetv3_small_100,small,14,14,2137
v2-cultural-mobilenet-small,GeoTessera_v2,global_so2sat,mobilenet,mobilenetv3_small_100,small,14,15,0
v2-cultural-mobilenet-small,GeoTessera_v2,global_so2sat,mobilenet,mobilenetv3_small_100,small,14,16,88
v2-cultural-mobilenet-small,GeoTessera_v2,global_so2sat,mobilenet,mobilenetv3_small_100,small,14,17,7
v2-cultural-mobilenet-small,GeoTessera_v2,global_so2sat,mobilenet,mobilenetv3_small_100,small,15,1,0
v2-cultural-mobilenet-small,GeoTessera_v2,global_so2sat,mobilenet,mobilenetv3_small_100,small,15,2,0
v2-cultural-mobilenet-small,GeoTessera_v2,global_so2sat,mobilenet,mobilenetv3_small_100,small,15,3,0
v2-cultural-mobilenet-small,GeoTessera_v2,global_so2sat,mobilenet,mobilenetv3_small_100,small,15,4,0
v2-cultural-mobilenet-small,GeoTessera_v2,global_so2sat,mobilenet,mobilenetv3_small_100,small,15,5,0
v2-cultural-mobilenet-small,GeoTessera_v2,global_so2sat,mobilenet,mobilenetv3_small_100,small,15,6,0
v2-cultural-mobilenet-small,GeoTessera_v2,global_so2sat,mobilenet,mobilenetv3_small_100,small,15,7,0
v2-cultural-mobilenet-small,GeoTessera_v2,global_so2sat,mobilenet,mobilenetv3_small_100,small,15,8,6
v2-cultural-mobilenet-small,GeoTessera_v2,global_so2sat,mobilenet,mobilenetv3_small_100,small,15,9,0
v2-cultural-mobilenet-small,GeoTessera_v2,global_so2sat,mobilenet,mobilenetv3_small_100,small,15,10,35
v2-cultural-mobilenet-small,GeoTessera_v2,global_so2sat,mobilenet,mobilenetv3_small_100,small,15,11,0
v2-cultural-mobilenet-small,GeoTessera_v2,global_so2sat,mobilenet,mobilenetv3_small_100,small,15,12,0
v2-cultural-mobilenet-small,GeoTessera_v2,global_so2sat,mobilenet,mobilenetv3_small_100,small,15,13,0
v2-cultural-mobilenet-small,GeoTessera_v2,global_so2sat,mobilenet,mobilenetv3_small_100,small,15,14,0
v2-cultural-mobilenet-small,GeoTessera_v2,global_so2sat,mobilenet,mobilenetv3_small_100,small,15,15,163
v2-cultural-mobilenet-small,GeoTessera_v2,global_so2sat,mobilenet,mobilenetv3_small_100,small,15,16,1
v2-cultural-mobilenet-small,GeoTessera_v2,global_so2sat,mobilenet,mobilenetv3_small_100,small,15,17,0
v2-cultural-mobilenet-small,GeoTessera_v2,global_so2sat,mobilenet,mobilenetv3_small_100,small,16,1,0
v2-cultural-mobilenet-small,GeoTessera_v2,global_so2sat,mobilenet,mobilenetv3_small_100,small,16,2,0
v2-cultural-mobilenet-small,GeoTessera_v2,global_so2sat,mobilenet,mobilenetv3_small_100,small,16,3,0
v2-cultural-mobilenet-small,GeoTessera_v2,global_so2sat,mobilenet,mobilenetv3_small_100,small,16,4,0
v2-cultural-mobilenet-small,GeoTessera_v2,global_so2sat,mobilenet,mobilenetv3_small_100,small,16,5,0
v2-cultural-mobilenet-small,GeoTessera_v2,global_so2sat,mobilenet,mobilenetv3_small_100,small,16,6,2
v2-cultural-mobilenet-small,GeoTessera_v2,global_so2sat,mobilenet,mobilenetv3_small_100,small,16,7,1
v2-cultural-mobilenet-small,GeoTessera_v2,global_so2sat,mobilenet,mobilenetv3_small_100,small,16,8,0
v2-cultural-mobilenet-small,GeoTessera_v2,global_so2sat,mobilenet,mobilenetv3_small_100,small,16,9,3
v2-cultural-mobilenet-small,GeoTessera_v2,global_so2sat,mobilenet,mobilenetv3_small_100,small,16,10,18
v2-cultural-mobilenet-small,GeoTessera_v2,global_so2sat,mobilenet,mobilenetv3_small_100,small,16,11,0
v2-cultural-mobilenet-small,GeoTessera_v2,global_so2sat,mobilenet,mobilenetv3_small_100,small,16,12,0
v2-cultural-mobilenet-small,GeoTessera_v2,global_so2sat,mobilenet,mobilenetv3_small_100,small,16,13,0
v2-cultural-mobilenet-small,GeoTessera_v2,global_so2sat,mobilenet,mobilenetv3_small_100,small,16,14,83
v2-cultural-mobilenet-small,GeoTessera_v2,global_so2sat,mobilenet,mobilenetv3_small_100,small,16,15,11
v2-cultural-mobilenet-small,GeoTessera_v2,global_so2sat,mobilenet,mobilenetv3_small_100,small,16,16,453
v2-cultural-mobilenet-small,GeoTessera_v2,global_so2sat,mobilenet,mobilenetv3_small_100,small,16,17,0
v2-cultural-mobilenet-small,GeoTessera_v2,global_so2sat,mobilenet,mobilenetv3_small_100,small,17,1,0
v2-cultural-mobilenet-small,GeoTessera_v2,global_so2sat,mobilenet,mobilenetv3_small_100,small,17,2,0
v2-cultural-mobilenet-small,GeoTessera_v2,global_so2sat,mobilenet,mobilenetv3_small_100,small,17,3,0
v2-cultural-mobilenet-small,GeoTessera_v2,global_so2sat,mobilenet,mobilenetv3_small_100,small,17,4,6
v2-cultural-mobilenet-small,GeoTessera_v2,global_so2sat,mobilenet,mobilenetv3_small_100,small,17,5,1
v2-cultural-mobilenet-small,GeoTessera_v2,global_so2sat,mobilenet,mobilenetv3_small_100,small,17,6,0
v2-cultural-mobilenet-small,GeoTessera_v2,global_so2sat,mobilenet,mobilenetv3_small_100,small,17,7,0
v2-cultural-mobilenet-small,GeoTessera_v2,global_so2sat,mobilenet,mobilenetv3_small_100,small,17,8,5
v2-cultural-mobilenet-small,GeoTessera_v2,global_so2sat,mobilenet,mobilenetv3_small_100,small,17,9,0
v2-cultural-mobilenet-small,GeoTessera_v2,global_so2sat,mobilenet,mobilenetv3_small_100,small,17,10,0
v2-cultural-mobilenet-small,GeoTessera_v2,global_so2sat,mobilenet,mobilenetv3_small_100,small,17,11,0
v2-cultural-mobilenet-small,GeoTessera_v2,global_so2sat,mobilenet,mobilenetv3_small_100,small,17,12,0
v2-cultural-mobilenet-small,GeoTessera_v2,global_so2sat,mobilenet,mobilenetv3_small_100,small,17,13,0
v2-cultural-mobilenet-small,GeoTessera_v2,global_so2sat,mobilenet,mobilenetv3_small_100,small,17,14,5
v2-cultural-mobilenet-small,GeoTessera_v2,global_so2sat,mobilenet,mobilenetv3_small_100,small,17,15,0
v2-cultural-mobilenet-small,GeoTessera_v2,global_so2sat,mobilenet,mobilenetv3_small_100,small,17,16,4
v2-cultural-mobilenet-small,GeoTessera_v2,global_so2sat,mobilenet,mobilenetv3_small_100,small,17,17,2183
v2-cultural-shallow_cnn-nano,GeoTessera_v2,global_so2sat,shallow_cnn,scnn_16-32,nano,1,1,154
v2-cultural-shallow_cnn-nano,GeoTessera_v2,global_so2sat,shallow_cnn,scnn_16-32,nano,1,2,14
v2-cultural-shallow_cnn-nano,GeoTessera_v2,global_so2sat,shallow_cnn,scnn_16-32,nano,1,3,0
v2-cultural-shallow_cnn-nano,GeoTessera_v2,global_so2sat,shallow_cnn,scnn_16-32,nano,1,4,53
v2-cultural-shallow_cnn-nano,GeoTessera_v2,global_so2sat,shallow_cnn,scnn_16-32,nano,1,5,1
v2-cultural-shallow_cnn-nano,GeoTessera_v2,global_so2sat,shallow_cnn,scnn_16-32,nano,1,6,0
v2-cultural-shallow_cnn-nano,GeoTessera_v2,global_so2sat,shallow_cnn,scnn_16-32,nano,1,7,14
v2-cultural-shallow_cnn-nano,GeoTessera_v2,global_so2sat,shallow_cnn,scnn_16-32,nano,1,8,11
v2-cultural-shallow_cnn-nano,GeoTessera_v2,global_so2sat,shallow_cnn,scnn_16-32,nano,1,9,0
v2-cultural-shallow_cnn-nano,GeoTessera_v2,global_so2sat,shallow_cnn,scnn_16-32,nano,1,10,19
v2-cultural-shallow_cnn-nano,GeoTessera_v2,global_so2sat,shallow_cnn,scnn_16-32,nano,1,11,0
v2-cultural-shallow_cnn-nano,GeoTessera_v2,global_so2sat,shallow_cnn,scnn_16-32,nano,1,12,0
v2-cultural-shallow_cnn-nano,GeoTessera_v2,global_so2sat,shallow_cnn,scnn_16-32,nano,1,13,0
v2-cultural-shallow_cnn-nano,GeoTessera_v2,global_so2sat,shallow_cnn,scnn_16-32,nano,1,14,0
v2-cultural-shallow_cnn-nano,GeoTessera_v2,global_so2sat,shallow_cnn,scnn_16-32,nano,1,15,0
v2-cultural-shallow_cnn-nano,GeoTessera_v2,global_so2sat,shallow_cnn,scnn_16-32,nano,1,16,0
v2-cultural-shallow_cnn-nano,GeoTessera_v2,global_so2sat,shallow_cnn,scnn_16-32,nano,1,17,0
v2-cultural-shallow_cnn-nano,GeoTessera_v2,global_so2sat,shallow_cnn,scnn_16-32,nano,2,1,66
v2-cultural-shallow_cnn-nano,GeoTessera_v2,global_so2sat,shallow_cnn,scnn_16-32,nano,2,2,603
v2-cultural-shallow_cnn-nano,GeoTessera_v2,global_so2sat,shallow_cnn,scnn_16-32,nano,2,3,54
v2-cultural-shallow_cnn-nano,GeoTessera_v2,global_so2sat,shallow_cnn,scnn_16-32,nano,2,4,10
v2-cultural-shallow_cnn-nano,GeoTessera_v2,global_so2sat,shallow_cnn,scnn_16-32,nano,2,5,146
v2-cultural-shallow_cnn-nano,GeoTessera_v2,global_so2sat,shallow_cnn,scnn_16-32,nano,2,6,1
v2-cultural-shallow_cnn-nano,GeoTessera_v2,global_so2sat,shallow_cnn,scnn_16-32,nano,2,7,271
v2-cultural-shallow_cnn-nano,GeoTessera_v2,global_so2sat,shallow_cnn,scnn_16-32,nano,2,8,43
v2-cultural-shallow_cnn-nano,GeoTessera_v2,global_so2sat,shallow_cnn,scnn_16-32,nano,2,9,1
v2-cultural-shallow_cnn-nano,GeoTessera_v2,global_so2sat,shallow_cnn,scnn_16-32,nano,2,10,67
v2-cultural-shallow_cnn-nano,GeoTessera_v2,global_so2sat,shallow_cnn,scnn_16-32,nano,2,11,0
v2-cultural-shallow_cnn-nano,GeoTessera_v2,global_so2sat,shallow_cnn,scnn_16-32,nano,2,12,0
v2-cultural-shallow_cnn-nano,GeoTessera_v2,global_so2sat,shallow_cnn,scnn_16-32,nano,2,13,0
v2-cultural-shallow_cnn-nano,GeoTessera_v2,global_so2sat,shallow_cnn,scnn_16-32,nano,2,14,0
v2-cultural-shallow_cnn-nano,GeoTessera_v2,global_so2sat,shallow_cnn,scnn_16-32,nano,2,15,0
v2-cultural-shallow_cnn-nano,GeoTessera_v2,global_so2sat,shallow_cnn,scnn_16-32,nano,2,16,0
v2-cultural-shallow_cnn-nano,GeoTessera_v2,global_so2sat,shallow_cnn,scnn_16-32,nano,2,17,0
v2-cultural-shallow_cnn-nano,GeoTessera_v2,global_so2sat,shallow_cnn,scnn_16-32,nano,3,1,8
v2-cultural-shallow_cnn-nano,GeoTessera_v2,global_so2sat,shallow_cnn,scnn_16-32,nano,3,2,147
v2-cultural-shallow_cnn-nano,GeoTessera_v2,global_so2sat,shallow_cnn,scnn_16-32,nano,3,3,1445
v2-cultural-shallow_cnn-nano,GeoTessera_v2,global_so2sat,shallow_cnn,scnn_16-32,nano,3,4,5
v2-cultural-shallow_cnn-nano,GeoTessera_v2,global_so2sat,shallow_cnn,scnn_16-32,nano,3,5,7
v2-cultural-shallow_cnn-nano,GeoTessera_v2,global_so2sat,shallow_cnn,scnn_16-32,nano,3,6,135
v2-cultural-shallow_cnn-nano,GeoTessera_v2,global_so2sat,shallow_cnn,scnn_16-32,nano,3,7,602
v2-cultural-shallow_cnn-nano,GeoTessera_v2,global_so2sat,shallow_cnn,scnn_16-32,nano,3,8,64
v2-cultural-shallow_cnn-nano,GeoTessera_v2,global_so2sat,shallow_cnn,scnn_16-32,nano,3,9,6
v2-cultural-shallow_cnn-nano,GeoTessera_v2,global_so2sat,shallow_cnn,scnn_16-32,nano,3,10,35
v2-cultural-shallow_cnn-nano,GeoTessera_v2,global_so2sat,shallow_cnn,scnn_16-32,nano,3,11,0
v2-cultural-shallow_cnn-nano,GeoTessera_v2,global_so2sat,shallow_cnn,scnn_16-32,nano,3,12,0
v2-cultural-shallow_cnn-nano,GeoTessera_v2,global_so2sat,shallow_cnn,scnn_16-32,nano,3,13,4
v2-cultural-shallow_cnn-nano,GeoTessera_v2,global_so2sat,shallow_cnn,scnn_16-32,nano,3,14,6
v2-cultural-shallow_cnn-nano,GeoTessera_v2,global_so2sat,shallow_cnn,scnn_16-32,nano,3,15,0
v2-cultural-shallow_cnn-nano,GeoTessera_v2,global_so2sat,shallow_cnn,scnn_16-32,nano,3,16,1
v2-cultural-shallow_cnn-nano,GeoTessera_v2,global_so2sat,shallow_cnn,scnn_16-32,nano,3,17,0
v2-cultural-shallow_cnn-nano,GeoTessera_v2,global_so2sat,shallow_cnn,scnn_16-32,nano,4,1,21
v2-cultural-shallow_cnn-nano,GeoTessera_v2,global_so2sat,shallow_cnn,scnn_16-32,nano,4,2,22
v2-cultural-shallow_cnn-nano,GeoTessera_v2,global_so2sat,shallow_cnn,scnn_16-32,nano,4,3,23
v2-cultural-shallow_cnn-nano,GeoTessera_v2,global_so2sat,shallow_cnn,scnn_16-32,nano,4,4,371
v2-cultural-shallow_cnn-nano,GeoTessera_v2,global_so2sat,shallow_cnn,scnn_16-32,nano,4,5,253
v2-cultural-shallow_cnn-nano,GeoTessera_v2,global_so2sat,shallow_cnn,scnn_16-32,nano,4,6,7
v2-cultural-shallow_cnn-nano,GeoTessera_v2,global_so2sat,shallow_cnn,scnn_16-32,nano,4,7,15
v2-cultural-shallow_cnn-nano,GeoTessera_v2,global_so2sat,shallow_cnn,scnn_16-32,nano,4,8,4
v2-cultural-shallow_cnn-nano,GeoTessera_v2,global_so2sat,shallow_cnn,scnn_16-32,nano,4,9,6
v2-cultural-shallow_cnn-nano,GeoTessera_v2,global_so2sat,shallow_cnn,scnn_16-32,nano,4,10,117
v2-cultural-shallow_cnn-nano,GeoTessera_v2,global_so2sat,shallow_cnn,scnn_16-32,nano,4,11,0
v2-cultural-shallow_cnn-nano,GeoTessera_v2,global_so2sat,shallow_cnn,scnn_16-32,nano,4,12,0
v2-cultural-shallow_cnn-nano,GeoTessera_v2,global_so2sat,shallow_cnn,scnn_16-32,nano,4,13,1
v2-cultural-shallow_cnn-nano,GeoTessera_v2,global_so2sat,shallow_cnn,scnn_16-32,nano,4,14,1
v2-cultural-shallow_cnn-nano,GeoTessera_v2,global_so2sat,shallow_cnn,scnn_16-32,nano,4,15,0
v2-cultural-shallow_cnn-nano,GeoTessera_v2,global_so2sat,shallow_cnn,scnn_16-32,nano,4,16,16
v2-cultural-shallow_cnn-nano,GeoTessera_v2,global_so2sat,shallow_cnn,scnn_16-32,nano,4,17,0
v2-cultural-shallow_cnn-nano,GeoTessera_v2,global_so2sat,shallow_cnn,scnn_16-32,nano,5,1,2
v2-cultural-shallow_cnn-nano,GeoTessera_v2,global_so2sat,shallow_cnn,scnn_16-32,nano,5,2,29
v2-cultural-shallow_cnn-nano,GeoTessera_v2,global_so2sat,shallow_cnn,scnn_16-32,nano,5,3,59
v2-cultural-shallow_cnn-nano,GeoTessera_v2,global_so2sat,shallow_cnn,scnn_16-32,nano,5,4,57
v2-cultural-shallow_cnn-nano,GeoTessera_v2,global_so2sat,shallow_cnn,scnn_16-32,nano,5,5,384
v2-cultural-shallow_cnn-nano,GeoTessera_v2,global_so2sat,shallow_cnn,scnn_16-32,nano,5,6,70
v2-cultural-shallow_cnn-nano,GeoTessera_v2,global_so2sat,shallow_cnn,scnn_16-32,nano,5,7,93
v2-cultural-shallow_cnn-nano,GeoTessera_v2,global_so2sat,shallow_cnn,scnn_16-32,nano,5,8,8
v2-cultural-shallow_cnn-nano,GeoTessera_v2,global_so2sat,shallow_cnn,scnn_16-32,nano,5,9,53
v2-cultural-shallow_cnn-nano,GeoTessera_v2,global_so2sat,shallow_cnn,scnn_16-32,nano,5,10,6
v2-cultural-shallow_cnn-nano,GeoTessera_v2,global_so2sat,shallow_cnn,scnn_16-32,nano,5,11,0
v2-cultural-shallow_cnn-nano,GeoTessera_v2,global_so2sat,shallow_cnn,scnn_16-32,nano,5,12,2
v2-cultural-shallow_cnn-nano,GeoTessera_v2,global_so2sat,shallow_cnn,scnn_16-32,nano,5,13,0
v2-cultural-shallow_cnn-nano,GeoTessera_v2,global_so2sat,shallow_cnn,scnn_16-32,nano,5,14,0
v2-cultural-shallow_cnn-nano,GeoTessera_v2,global_so2sat,shallow_cnn,scnn_16-32,nano,5,15,0
v2-cultural-shallow_cnn-nano,GeoTessera_v2,global_so2sat,shallow_cnn,scnn_16-32,nano,5,16,0
v2-cultural-shallow_cnn-nano,GeoTessera_v2,global_so2sat,shallow_cnn,scnn_16-32,nano,5,17,0
v2-cultural-shallow_cnn-nano,GeoTessera_v2,global_so2sat,shallow_cnn,scnn_16-32,nano,6,1,2
v2-cultural-shallow_cnn-nano,GeoTessera_v2,global_so2sat,shallow_cnn,scnn_16-32,nano,6,2,0
v2-cultural-shallow_cnn-nano,GeoTessera_v2,global_so2sat,shallow_cnn,scnn_16-32,nano,6,3,444
v2-cultural-shallow_cnn-nano,GeoTessera_v2,global_so2sat,shallow_cnn,scnn_16-32,nano,6,4,9
v2-cultural-shallow_cnn-nano,GeoTessera_v2,global_so2sat,shallow_cnn,scnn_16-32,nano,6,5,46
v2-cultural-shallow_cnn-nano,GeoTessera_v2,global_so2sat,shallow_cnn,scnn_16-32,nano,6,6,871
v2-cultural-shallow_cnn-nano,GeoTessera_v2,global_so2sat,shallow_cnn,scnn_16-32,nano,6,7,85
v2-cultural-shallow_cnn-nano,GeoTessera_v2,global_so2sat,shallow_cnn,scnn_16-32,nano,6,8,8
v2-cultural-shallow_cnn-nano,GeoTessera_v2,global_so2sat,shallow_cnn,scnn_16-32,nano,6,9,84
v2-cultural-shallow_cnn-nano,GeoTessera_v2,global_so2sat,shallow_cnn,scnn_16-32,nano,6,10,265
v2-cultural-shallow_cnn-nano,GeoTessera_v2,global_so2sat,shallow_cnn,scnn_16-32,nano,6,11,0
v2-cultural-shallow_cnn-nano,GeoTessera_v2,global_so2sat,shallow_cnn,scnn_16-32,nano,6,12,1
v2-cultural-shallow_cnn-nano,GeoTessera_v2,global_so2sat,shallow_cnn,scnn_16-32,nano,6,13,0
v2-cultural-shallow_cnn-nano,GeoTessera_v2,global_so2sat,shallow_cnn,scnn_16-32,nano,6,14,121
v2-cultural-shallow_cnn-nano,GeoTessera_v2,global_so2sat,shallow_cnn,scnn_16-32,nano,6,15,0
v2-cultural-shallow_cnn-nano,GeoTessera_v2,global_so2sat,shallow_cnn,scnn_16-32,nano,6,16,0
v2-cultural-shallow_cnn-nano,GeoTessera_v2,global_so2sat,shallow_cnn,scnn_16-32,nano,6,17,0
v2-cultural-shallow_cnn-nano,GeoTessera_v2,global_so2sat,shallow_cnn,scnn_16-32,nano,7,1,2
v2-cultural-shallow_cnn-nano,GeoTessera_v2,global_so2sat,shallow_cnn,scnn_16-32,nano,7,2,30
v2-cultural-shallow_cnn-nano,GeoTessera_v2,global_so2sat,shallow_cnn,scnn_16-32,nano,7,3,33
v2-cultural-shallow_cnn-nano,GeoTessera_v2,global_so2sat,shallow_cnn,scnn_16-32,nano,7,4,0
v2-cultural-shallow_cnn-nano,GeoTessera_v2,global_so2sat,shallow_cnn,scnn_16-32,nano,7,5,6
v2-cultural-shallow_cnn-nano,GeoTessera_v2,global_so2sat,shallow_cnn,scnn_16-32,nano,7,6,0
v2-cultural-shallow_cnn-nano,GeoTessera_v2,global_so2sat,shallow_cnn,scnn_16-32,nano,7,7,372
v2-cultural-shallow_cnn-nano,GeoTessera_v2,global_so2sat,shallow_cnn,scnn_16-32,nano,7,8,24
v2-cultural-shallow_cnn-nano,GeoTessera_v2,global_so2sat,shallow_cnn,scnn_16-32,nano,7,9,0
v2-cultural-shallow_cnn-nano,GeoTessera_v2,global_so2sat,shallow_cnn,scnn_16-32,nano,7,10,35
v2-cultural-shallow_cnn-nano,GeoTessera_v2,global_so2sat,shallow_cnn,scnn_16-32,nano,7,11,0
v2-cultural-shallow_cnn-nano,GeoTessera_v2,global_so2sat,shallow_cnn,scnn_16-32,nano,7,12,0
v2-cultural-shallow_cnn-nano,GeoTessera_v2,global_so2sat,shallow_cnn,scnn_16-32,nano,7,13,0
v2-cultural-shallow_cnn-nano,GeoTessera_v2,global_so2sat,shallow_cnn,scnn_16-32,nano,7,14,0
v2-cultural-shallow_cnn-nano,GeoTessera_v2,global_so2sat,shallow_cnn,scnn_16-32,nano,7,15,0
v2-cultural-shallow_cnn-nano,GeoTessera_v2,global_so2sat,shallow_cnn,scnn_16-32,nano,7,16,1
v2-cultural-shallow_cnn-nano,GeoTessera_v2,global_so2sat,shallow_cnn,scnn_16-32,nano,7,17,0
v2-cultural-shallow_cnn-nano,GeoTessera_v2,global_so2sat,shallow_cnn,scnn_16-32,nano,8,1,13
v2-cultural-shallow_cnn-nano,GeoTessera_v2,global_so2sat,shallow_cnn,scnn_16-32,nano,8,2,2
v2-cultural-shallow_cnn-nano,GeoTessera_v2,global_so2sat,shallow_cnn,scnn_16-32,nano,8,3,28
v2-cultural-shallow_cnn-nano,GeoTessera_v2,global_so2sat,shallow_cnn,scnn_16-32,nano,8,4,8
v2-cultural-shallow_cnn-nano,GeoTessera_v2,global_so2sat,shallow_cnn,scnn_16-32,nano,8,5,38
v2-cultural-shallow_cnn-nano,GeoTessera_v2,global_so2sat,shallow_cnn,scnn_16-32,nano,8,6,7
v2-cultural-shallow_cnn-nano,GeoTessera_v2,global_so2sat,shallow_cnn,scnn_16-32,nano,8,7,155
v2-cultural-shallow_cnn-nano,GeoTessera_v2,global_so2sat,shallow_cnn,scnn_16-32,nano,8,8,2807
v2-cultural-shallow_cnn-nano,GeoTessera_v2,global_so2sat,shallow_cnn,scnn_16-32,nano,8,9,32
v2-cultural-shallow_cnn-nano,GeoTessera_v2,global_so2sat,shallow_cnn,scnn_16-32,nano,8,10,370
v2-cultural-shallow_cnn-nano,GeoTessera_v2,global_so2sat,shallow_cnn,scnn_16-32,nano,8,11,0
v2-cultural-shallow_cnn-nano,GeoTessera_v2,global_so2sat,shallow_cnn,scnn_16-32,nano,8,12,0
v2-cultural-shallow_cnn-nano,GeoTessera_v2,global_so2sat,shallow_cnn,scnn_16-32,nano,8,13,1
v2-cultural-shallow_cnn-nano,GeoTessera_v2,global_so2sat,shallow_cnn,scnn_16-32,nano,8,14,16
v2-cultural-shallow_cnn-nano,GeoTessera_v2,global_so2sat,shallow_cnn,scnn_16-32,nano,8,15,2
v2-cultural-shallow_cnn-nano,GeoTessera_v2,global_so2sat,shallow_cnn,scnn_16-32,nano,8,16,17
v2-cultural-shallow_cnn-nano,GeoTessera_v2,global_so2sat,shallow_cnn,scnn_16-32,nano,8,17,0
v2-cultural-shallow_cnn-nano,GeoTessera_v2,global_so2sat,shallow_cnn,scnn_16-32,nano,9,1,0
v2-cultural-shallow_cnn-nano,GeoTessera_v2,global_so2sat,shallow_cnn,scnn_16-32,nano,9,2,0
v2-cultural-shallow_cnn-nano,GeoTessera_v2,global_so2sat,shallow_cnn,scnn_16-32,nano,9,3,60
v2-cultural-shallow_cnn-nano,GeoTessera_v2,global_so2sat,shallow_cnn,scnn_16-32,nano,9,4,5
v2-cultural-shallow_cnn-nano,GeoTessera_v2,global_so2sat,shallow_cnn,scnn_16-32,nano,9,5,10
v2-cultural-shallow_cnn-nano,GeoTessera_v2,global_so2sat,shallow_cnn,scnn_16-32,nano,9,6,413
v2-cultural-shallow_cnn-nano,GeoTessera_v2,global_so2sat,shallow_cnn,scnn_16-32,nano,9,7,132
v2-cultural-shallow_cnn-nano,GeoTessera_v2,global_so2sat,shallow_cnn,scnn_16-32,nano,9,8,5
v2-cultural-shallow_cnn-nano,GeoTessera_v2,global_so2sat,shallow_cnn,scnn_16-32,nano,9,9,1111
v2-cultural-shallow_cnn-nano,GeoTessera_v2,global_so2sat,shallow_cnn,scnn_16-32,nano,9,10,78
v2-cultural-shallow_cnn-nano,GeoTessera_v2,global_so2sat,shallow_cnn,scnn_16-32,nano,9,11,0
v2-cultural-shallow_cnn-nano,GeoTessera_v2,global_so2sat,shallow_cnn,scnn_16-32,nano,9,12,25
v2-cultural-shallow_cnn-nano,GeoTessera_v2,global_so2sat,shallow_cnn,scnn_16-32,nano,9,13,8
v2-cultural-shallow_cnn-nano,GeoTessera_v2,global_so2sat,shallow_cnn,scnn_16-32,nano,9,14,150
v2-cultural-shallow_cnn-nano,GeoTessera_v2,global_so2sat,shallow_cnn,scnn_16-32,nano,9,15,0
v2-cultural-shallow_cnn-nano,GeoTessera_v2,global_so2sat,shallow_cnn,scnn_16-32,nano,9,16,16
v2-cultural-shallow_cnn-nano,GeoTessera_v2,global_so2sat,shallow_cnn,scnn_16-32,nano,9,17,0
v2-cultural-shallow_cnn-nano,GeoTessera_v2,global_so2sat,shallow_cnn,scnn_16-32,nano,10,1,3
v2-cultural-shallow_cnn-nano,GeoTessera_v2,global_so2sat,shallow_cnn,scnn_16-32,nano,10,2,0
v2-cultural-shallow_cnn-nano,GeoTessera_v2,global_so2sat,shallow_cnn,scnn_16-32,nano,10,3,0
v2-cultural-shallow_cnn-nano,GeoTessera_v2,global_so2sat,shallow_cnn,scnn_16-32,nano,10,4,11
v2-cultural-shallow_cnn-nano,GeoTessera_v2,global_so2sat,shallow_cnn,scnn_16-32,nano,10,5,27
v2-cultural-shallow_cnn-nano,GeoTessera_v2,global_so2sat,shallow_cnn,scnn_16-32,nano,10,6,0
v2-cultural-shallow_cnn-nano,GeoTessera_v2,global_so2sat,shallow_cnn,scnn_16-32,nano,10,7,13
v2-cultural-shallow_cnn-nano,GeoTessera_v2,global_so2sat,shallow_cnn,scnn_16-32,nano,10,8,224
v2-cultural-shallow_cnn-nano,GeoTessera_v2,global_so2sat,shallow_cnn,scnn_16-32,nano,10,9,7
v2-cultural-shallow_cnn-nano,GeoTessera_v2,global_so2sat,shallow_cnn,scnn_16-32,nano,10,10,567
v2-cultural-shallow_cnn-nano,GeoTessera_v2,global_so2sat,shallow_cnn,scnn_16-32,nano,10,11,0
v2-cultural-shallow_cnn-nano,GeoTessera_v2,global_so2sat,shallow_cnn,scnn_16-32,nano,10,12,1
v2-cultural-shallow_cnn-nano,GeoTessera_v2,global_so2sat,shallow_cnn,scnn_16-32,nano,10,13,2
v2-cultural-shallow_cnn-nano,GeoTessera_v2,global_so2sat,shallow_cnn,scnn_16-32,nano,10,14,7
v2-cultural-shallow_cnn-nano,GeoTessera_v2,global_so2sat,shallow_cnn,scnn_16-32,nano,10,15,3
v2-cultural-shallow_cnn-nano,GeoTessera_v2,global_so2sat,shallow_cnn,scnn_16-32,nano,10,16,43
v2-cultural-shallow_cnn-nano,GeoTessera_v2,global_so2sat,shallow_cnn,scnn_16-32,nano,10,17,0
v2-cultural-shallow_cnn-nano,GeoTessera_v2,global_so2sat,shallow_cnn,scnn_16-32,nano,11,1,0
v2-cultural-shallow_cnn-nano,GeoTessera_v2,global_so2sat,shallow_cnn,scnn_16-32,nano,11,2,0
v2-cultural-shallow_cnn-nano,GeoTessera_v2,global_so2sat,shallow_cnn,scnn_16-32,nano,11,3,0
v2-cultural-shallow_cnn-nano,GeoTessera_v2,global_so2sat,shallow_cnn,scnn_16-32,nano,11,4,0
v2-cultural-shallow_cnn-nano,GeoTessera_v2,global_so2sat,shallow_cnn,scnn_16-32,nano,11,5,0
v2-cultural-shallow_cnn-nano,GeoTessera_v2,global_so2sat,shallow_cnn,scnn_16-32,nano,11,6,0
v2-cultural-shallow_cnn-nano,GeoTessera_v2,global_so2sat,shallow_cnn,scnn_16-32,nano,11,7,1
v2-cultural-shallow_cnn-nano,GeoTessera_v2,global_so2sat,shallow_cnn,scnn_16-32,nano,11,8,0
v2-cultural-shallow_cnn-nano,GeoTessera_v2,global_so2sat,shallow_cnn,scnn_16-32,nano,11,9,15
v2-cultural-shallow_cnn-nano,GeoTessera_v2,global_so2sat,shallow_cnn,scnn_16-32,nano,11,10,0
v2-cultural-shallow_cnn-nano,GeoTessera_v2,global_so2sat,shallow_cnn,scnn_16-32,nano,11,11,1690
v2-cultural-shallow_cnn-nano,GeoTessera_v2,global_so2sat,shallow_cnn,scnn_16-32,nano,11,12,444
v2-cultural-shallow_cnn-nano,GeoTessera_v2,global_so2sat,shallow_cnn,scnn_16-32,nano,11,13,80
v2-cultural-shallow_cnn-nano,GeoTessera_v2,global_so2sat,shallow_cnn,scnn_16-32,nano,11,14,138
v2-cultural-shallow_cnn-nano,GeoTessera_v2,global_so2sat,shallow_cnn,scnn_16-32,nano,11,15,0
v2-cultural-shallow_cnn-nano,GeoTessera_v2,global_so2sat,shallow_cnn,scnn_16-32,nano,11,16,0
v2-cultural-shallow_cnn-nano,GeoTessera_v2,global_so2sat,shallow_cnn,scnn_16-32,nano,11,17,0
v2-cultural-shallow_cnn-nano,GeoTessera_v2,global_so2sat,shallow_cnn,scnn_16-32,nano,12,1,0
v2-cultural-shallow_cnn-nano,GeoTessera_v2,global_so2sat,shallow_cnn,scnn_16-32,nano,12,2,0
v2-cultural-shallow_cnn-nano,GeoTessera_v2,global_so2sat,shallow_cnn,scnn_16-32,nano,12,3,52
v2-cultural-shallow_cnn-nano,GeoTessera_v2,global_so2sat,shallow_cnn,scnn_16-32,nano,12,4,0
v2-cultural-shallow_cnn-nano,GeoTessera_v2,global_so2sat,shallow_cnn,scnn_16-32,nano,12,5,0
v2-cultural-shallow_cnn-nano,GeoTessera_v2,global_so2sat,shallow_cnn,scnn_16-32,nano,12,6,1
v2-cultural-shallow_cnn-nano,GeoTessera_v2,global_so2sat,shallow_cnn,scnn_16-32,nano,12,7,0
v2-cultural-shallow_cnn-nano,GeoTessera_v2,global_so2sat,shallow_cnn,scnn_16-32,nano,12,8,0
v2-cultural-shallow_cnn-nano,GeoTessera_v2,global_so2sat,shallow_cnn,scnn_16-32,nano,12,9,8
v2-cultural-shallow_cnn-nano,GeoTessera_v2,global_so2sat,shallow_cnn,scnn_16-32,nano,12,10,0
v2-cultural-shallow_cnn-nano,GeoTessera_v2,global_so2sat,shallow_cnn,scnn_16-32,nano,12,11,20
v2-cultural-shallow_cnn-nano,GeoTessera_v2,global_so2sat,shallow_cnn,scnn_16-32,nano,12,12,231
v2-cultural-shallow_cnn-nano,GeoTessera_v2,global_so2sat,shallow_cnn,scnn_16-32,nano,12,13,39
v2-cultural-shallow_cnn-nano,GeoTessera_v2,global_so2sat,shallow_cnn,scnn_16-32,nano,12,14,57
v2-cultural-shallow_cnn-nano,GeoTessera_v2,global_so2sat,shallow_cnn,scnn_16-32,nano,12,15,0
v2-cultural-shallow_cnn-nano,GeoTessera_v2,global_so2sat,shallow_cnn,scnn_16-32,nano,12,16,25
v2-cultural-shallow_cnn-nano,GeoTessera_v2,global_so2sat,shallow_cnn,scnn_16-32,nano,12,17,0
v2-cultural-shallow_cnn-nano,GeoTessera_v2,global_so2sat,shallow_cnn,scnn_16-32,nano,13,1,0
v2-cultural-shallow_cnn-nano,GeoTessera_v2,global_so2sat,shallow_cnn,scnn_16-32,nano,13,2,0
v2-cultural-shallow_cnn-nano,GeoTessera_v2,global_so2sat,shallow_cnn,scnn_16-32,nano,13,3,0
v2-cultural-shallow_cnn-nano,GeoTessera_v2,global_so2sat,shallow_cnn,scnn_16-32,nano,13,4,0
v2-cultural-shallow_cnn-nano,GeoTessera_v2,global_so2sat,shallow_cnn,scnn_16-32,nano,13,5,0
v2-cultural-shallow_cnn-nano,GeoTessera_v2,global_so2sat,shallow_cnn,scnn_16-32,nano,13,6,0
v2-cultural-shallow_cnn-nano,GeoTessera_v2,global_so2sat,shallow_cnn,scnn_16-32,nano,13,7,0
v2-cultural-shallow_cnn-nano,GeoTessera_v2,global_so2sat,shallow_cnn,scnn_16-32,nano,13,8,0
v2-cultural-shallow_cnn-nano,GeoTessera_v2,global_so2sat,shallow_cnn,scnn_16-32,nano,13,9,0
v2-cultural-shallow_cnn-nano,GeoTessera_v2,global_so2sat,shallow_cnn,scnn_16-32,nano,13,10,16
v2-cultural-shallow_cnn-nano,GeoTessera_v2,global_so2sat,shallow_cnn,scnn_16-32,nano,13,11,16
v2-cultural-shallow_cnn-nano,GeoTessera_v2,global_so2sat,shallow_cnn,scnn_16-32,nano,13,12,14
v2-cultural-shallow_cnn-nano,GeoTessera_v2,global_so2sat,shallow_cnn,scnn_16-32,nano,13,13,196
v2-cultural-shallow_cnn-nano,GeoTessera_v2,global_so2sat,shallow_cnn,scnn_16-32,nano,13,14,897
v2-cultural-shallow_cnn-nano,GeoTessera_v2,global_so2sat,shallow_cnn,scnn_16-32,nano,13,15,3
v2-cultural-shallow_cnn-nano,GeoTessera_v2,global_so2sat,shallow_cnn,scnn_16-32,nano,13,16,24
v2-cultural-shallow_cnn-nano,GeoTessera_v2,global_so2sat,shallow_cnn,scnn_16-32,nano,13,17,0
v2-cultural-shallow_cnn-nano,GeoTessera_v2,global_so2sat,shallow_cnn,scnn_16-32,nano,14,1,0
v2-cultural-shallow_cnn-nano,GeoTessera_v2,global_so2sat,shallow_cnn,scnn_16-32,nano,14,2,0
v2-cultural-shallow_cnn-nano,GeoTessera_v2,global_so2sat,shallow_cnn,scnn_16-32,nano,14,3,0
v2-cultural-shallow_cnn-nano,GeoTessera_v2,global_so2sat,shallow_cnn,scnn_16-32,nano,14,4,100
v2-cultural-shallow_cnn-nano,GeoTessera_v2,global_so2sat,shallow_cnn,scnn_16-32,nano,14,5,0
v2-cultural-shallow_cnn-nano,GeoTessera_v2,global_so2sat,shallow_cnn,scnn_16-32,nano,14,6,0
v2-cultural-shallow_cnn-nano,GeoTessera_v2,global_so2sat,shallow_cnn,scnn_16-32,nano,14,7,2
v2-cultural-shallow_cnn-nano,GeoTessera_v2,global_so2sat,shallow_cnn,scnn_16-32,nano,14,8,1
v2-cultural-shallow_cnn-nano,GeoTessera_v2,global_so2sat,shallow_cnn,scnn_16-32,nano,14,9,45
v2-cultural-shallow_cnn-nano,GeoTessera_v2,global_so2sat,shallow_cnn,scnn_16-32,nano,14,10,67
v2-cultural-shallow_cnn-nano,GeoTessera_v2,global_so2sat,shallow_cnn,scnn_16-32,nano,14,11,5
v2-cultural-shallow_cnn-nano,GeoTessera_v2,global_so2sat,shallow_cnn,scnn_16-32,nano,14,12,24
v2-cultural-shallow_cnn-nano,GeoTessera_v2,global_so2sat,shallow_cnn,scnn_16-32,nano,14,13,10
v2-cultural-shallow_cnn-nano,GeoTessera_v2,global_so2sat,shallow_cnn,scnn_16-32,nano,14,14,2065
v2-cultural-shallow_cnn-nano,GeoTessera_v2,global_so2sat,shallow_cnn,scnn_16-32,nano,14,15,1
v2-cultural-shallow_cnn-nano,GeoTessera_v2,global_so2sat,shallow_cnn,scnn_16-32,nano,14,16,105
v2-cultural-shallow_cnn-nano,GeoTessera_v2,global_so2sat,shallow_cnn,scnn_16-32,nano,14,17,10
v2-cultural-shallow_cnn-nano,GeoTessera_v2,global_so2sat,shallow_cnn,scnn_16-32,nano,15,1,0
v2-cultural-shallow_cnn-nano,GeoTessera_v2,global_so2sat,shallow_cnn,scnn_16-32,nano,15,2,0
v2-cultural-shallow_cnn-nano,GeoTessera_v2,global_so2sat,shallow_cnn,scnn_16-32,nano,15,3,0
v2-cultural-shallow_cnn-nano,GeoTessera_v2,global_so2sat,shallow_cnn,scnn_16-32,nano,15,4,0
v2-cultural-shallow_cnn-nano,GeoTessera_v2,global_so2sat,shallow_cnn,scnn_16-32,nano,15,5,0
v2-cultural-shallow_cnn-nano,GeoTessera_v2,global_so2sat,shallow_cnn,scnn_16-32,nano,15,6,0
v2-cultural-shallow_cnn-nano,GeoTessera_v2,global_so2sat,shallow_cnn,scnn_16-32,nano,15,7,0
v2-cultural-shallow_cnn-nano,GeoTessera_v2,global_so2sat,shallow_cnn,scnn_16-32,nano,15,8,62
v2-cultural-shallow_cnn-nano,GeoTessera_v2,global_so2sat,shallow_cnn,scnn_16-32,nano,15,9,0
v2-cultural-shallow_cnn-nano,GeoTessera_v2,global_so2sat,shallow_cnn,scnn_16-32,nano,15,10,62
v2-cultural-shallow_cnn-nano,GeoTessera_v2,global_so2sat,shallow_cnn,scnn_16-32,nano,15,11,0
v2-cultural-shallow_cnn-nano,GeoTessera_v2,global_so2sat,shallow_cnn,scnn_16-32,nano,15,12,0
v2-cultural-shallow_cnn-nano,GeoTessera_v2,global_so2sat,shallow_cnn,scnn_16-32,nano,15,13,0
v2-cultural-shallow_cnn-nano,GeoTessera_v2,global_so2sat,shallow_cnn,scnn_16-32,nano,15,14,0
v2-cultural-shallow_cnn-nano,GeoTessera_v2,global_so2sat,shallow_cnn,scnn_16-32,nano,15,15,80
v2-cultural-shallow_cnn-nano,GeoTessera_v2,global_so2sat,shallow_cnn,scnn_16-32,nano,15,16,1
v2-cultural-shallow_cnn-nano,GeoTessera_v2,global_so2sat,shallow_cnn,scnn_16-32,nano,15,17,0
v2-cultural-shallow_cnn-nano,GeoTessera_v2,global_so2sat,shallow_cnn,scnn_16-32,nano,16,1,0
v2-cultural-shallow_cnn-nano,GeoTessera_v2,global_so2sat,shallow_cnn,scnn_16-32,nano,16,2,0
v2-cultural-shallow_cnn-nano,GeoTessera_v2,global_so2sat,shallow_cnn,scnn_16-32,nano,16,3,1
v2-cultural-shallow_cnn-nano,GeoTessera_v2,global_so2sat,shallow_cnn,scnn_16-32,nano,16,4,0
v2-cultural-shallow_cnn-nano,GeoTessera_v2,global_so2sat,shallow_cnn,scnn_16-32,nano,16,5,0
v2-cultural-shallow_cnn-nano,GeoTessera_v2,global_so2sat,shallow_cnn,scnn_16-32,nano,16,6,0
v2-cultural-shallow_cnn-nano,GeoTessera_v2,global_so2sat,shallow_cnn,scnn_16-32,nano,16,7,0
v2-cultural-shallow_cnn-nano,GeoTessera_v2,global_so2sat,shallow_cnn,scnn_16-32,nano,16,8,0
v2-cultural-shallow_cnn-nano,GeoTessera_v2,global_so2sat,shallow_cnn,scnn_16-32,nano,16,9,22
v2-cultural-shallow_cnn-nano,GeoTessera_v2,global_so2sat,shallow_cnn,scnn_16-32,nano,16,10,44
v2-cultural-shallow_cnn-nano,GeoTessera_v2,global_so2sat,shallow_cnn,scnn_16-32,nano,16,11,0
v2-cultural-shallow_cnn-nano,GeoTessera_v2,global_so2sat,shallow_cnn,scnn_16-32,nano,16,12,0
v2-cultural-shallow_cnn-nano,GeoTessera_v2,global_so2sat,shallow_cnn,scnn_16-32,nano,16,13,88
v2-cultural-shallow_cnn-nano,GeoTessera_v2,global_so2sat,shallow_cnn,scnn_16-32,nano,16,14,63
v2-cultural-shallow_cnn-nano,GeoTessera_v2,global_so2sat,shallow_cnn,scnn_16-32,nano,16,15,83
v2-cultural-shallow_cnn-nano,GeoTessera_v2,global_so2sat,shallow_cnn,scnn_16-32,nano,16,16,270
v2-cultural-shallow_cnn-nano,GeoTessera_v2,global_so2sat,shallow_cnn,scnn_16-32,nano,16,17,0
v2-cultural-shallow_cnn-nano,GeoTessera_v2,global_so2sat,shallow_cnn,scnn_16-32,nano,17,1,0
v2-cultural-shallow_cnn-nano,GeoTessera_v2,global_so2sat,shallow_cnn,scnn_16-32,nano,17,2,1
v2-cultural-shallow_cnn-nano,GeoTessera_v2,global_so2sat,shallow_cnn,scnn_16-32,nano,17,3,0
v2-cultural-shallow_cnn-nano,GeoTessera_v2,global_so2sat,shallow_cnn,scnn_16-32,nano,17,4,4
v2-cultural-shallow_cnn-nano,GeoTessera_v2,global_so2sat,shallow_cnn,scnn_16-32,nano,17,5,1
v2-cultural-shallow_cnn-nano,GeoTessera_v2,global_so2sat,shallow_cnn,scnn_16-32,nano,17,6,0
v2-cultural-shallow_cnn-nano,GeoTessera_v2,global_so2sat,shallow_cnn,scnn_16-32,nano,17,7,0
v2-cultural-shallow_cnn-nano,GeoTessera_v2,global_so2sat,shallow_cnn,scnn_16-32,nano,17,8,3
v2-cultural-shallow_cnn-nano,GeoTessera_v2,global_so2sat,shallow_cnn,scnn_16-32,nano,17,9,1
v2-cultural-shallow_cnn-nano,GeoTessera_v2,global_so2sat,shallow_cnn,scnn_16-32,nano,17,10,4
v2-cultural-shallow_cnn-nano,GeoTessera_v2,global_so2sat,shallow_cnn,scnn_16-32,nano,17,11,0
v2-cultural-shallow_cnn-nano,GeoTessera_v2,global_so2sat,shallow_cnn,scnn_16-32,nano,17,12,0
v2-cultural-shallow_cnn-nano,GeoTessera_v2,global_so2sat,shallow_cnn,scnn_16-32,nano,17,13,0
v2-cultural-shallow_cnn-nano,GeoTessera_v2,global_so2sat,shallow_cnn,scnn_16-32,nano,17,14,6
v2-cultural-shallow_cnn-nano,GeoTessera_v2,global_so2sat,shallow_cnn,scnn_16-32,nano,17,15,0
v2-cultural-shallow_cnn-nano,GeoTessera_v2,global_so2sat,shallow_cnn,scnn_16-32,nano,17,16,45
v2-cultural-shallow_cnn-nano,GeoTessera_v2,global_so2sat,shallow_cnn,scnn_16-32,nano,17,17,2139
v2-cultural-shallow_cnn-small,GeoTessera_v2,global_so2sat,shallow_cnn,scnn_32-64,small,1,1,164
v2-cultural-shallow_cnn-small,GeoTessera_v2,global_so2sat,shallow_cnn,scnn_32-64,small,1,2,17
v2-cultural-shallow_cnn-small,GeoTessera_v2,global_so2sat,shallow_cnn,scnn_32-64,small,1,3,0
v2-cultural-shallow_cnn-small,GeoTessera_v2,global_so2sat,shallow_cnn,scnn_32-64,small,1,4,59
v2-cultural-shallow_cnn-small,GeoTessera_v2,global_so2sat,shallow_cnn,scnn_32-64,small,1,5,0
v2-cultural-shallow_cnn-small,GeoTessera_v2,global_so2sat,shallow_cnn,scnn_32-64,small,1,6,0
v2-cultural-shallow_cnn-small,GeoTessera_v2,global_so2sat,shallow_cnn,scnn_32-64,small,1,7,3
v2-cultural-shallow_cnn-small,GeoTessera_v2,global_so2sat,shallow_cnn,scnn_32-64,small,1,8,5
v2-cultural-shallow_cnn-small,GeoTessera_v2,global_so2sat,shallow_cnn,scnn_32-64,small,1,9,0
v2-cultural-shallow_cnn-small,GeoTessera_v2,global_so2sat,shallow_cnn,scnn_32-64,small,1,10,18
v2-cultural-shallow_cnn-small,GeoTessera_v2,global_so2sat,shallow_cnn,scnn_32-64,small,1,11,0
v2-cultural-shallow_cnn-small,GeoTessera_v2,global_so2sat,shallow_cnn,scnn_32-64,small,1,12,0
v2-cultural-shallow_cnn-small,GeoTessera_v2,global_so2sat,shallow_cnn,scnn_32-64,small,1,13,0
v2-cultural-shallow_cnn-small,GeoTessera_v2,global_so2sat,shallow_cnn,scnn_32-64,small,1,14,0
v2-cultural-shallow_cnn-small,GeoTessera_v2,global_so2sat,shallow_cnn,scnn_32-64,small,1,15,0
v2-cultural-shallow_cnn-small,GeoTessera_v2,global_so2sat,shallow_cnn,scnn_32-64,small,1,16,0
v2-cultural-shallow_cnn-small,GeoTessera_v2,global_so2sat,shallow_cnn,scnn_32-64,small,1,17,0
v2-cultural-shallow_cnn-small,GeoTessera_v2,global_so2sat,shallow_cnn,scnn_32-64,small,2,1,56
v2-cultural-shallow_cnn-small,GeoTessera_v2,global_so2sat,shallow_cnn,scnn_32-64,small,2,2,629
v2-cultural-shallow_cnn-small,GeoTessera_v2,global_so2sat,shallow_cnn,scnn_32-64,small,2,3,26
v2-cultural-shallow_cnn-small,GeoTessera_v2,global_so2sat,shallow_cnn,scnn_32-64,small,2,4,81
v2-cultural-shallow_cnn-small,GeoTessera_v2,global_so2sat,shallow_cnn,scnn_32-64,small,2,5,16
v2-cultural-shallow_cnn-small,GeoTessera_v2,global_so2sat,shallow_cnn,scnn_32-64,small,2,6,1
v2-cultural-shallow_cnn-small,GeoTessera_v2,global_so2sat,shallow_cnn,scnn_32-64,small,2,7,231
v2-cultural-shallow_cnn-small,GeoTessera_v2,global_so2sat,shallow_cnn,scnn_32-64,small,2,8,122
v2-cultural-shallow_cnn-small,GeoTessera_v2,global_so2sat,shallow_cnn,scnn_32-64,small,2,9,4
v2-cultural-shallow_cnn-small,GeoTessera_v2,global_so2sat,shallow_cnn,scnn_32-64,small,2,10,96
v2-cultural-shallow_cnn-small,GeoTessera_v2,global_so2sat,shallow_cnn,scnn_32-64,small,2,11,0
v2-cultural-shallow_cnn-small,GeoTessera_v2,global_so2sat,shallow_cnn,scnn_32-64,small,2,12,0
v2-cultural-shallow_cnn-small,GeoTessera_v2,global_so2sat,shallow_cnn,scnn_32-64,small,2,13,0
v2-cultural-shallow_cnn-small,GeoTessera_v2,global_so2sat,shallow_cnn,scnn_32-64,small,2,14,0
v2-cultural-shallow_cnn-small,GeoTessera_v2,global_so2sat,shallow_cnn,scnn_32-64,small,2,15,0
v2-cultural-shallow_cnn-small,GeoTessera_v2,global_so2sat,shallow_cnn,scnn_32-64,small,2,16,0
v2-cultural-shallow_cnn-small,GeoTessera_v2,global_so2sat,shallow_cnn,scnn_32-64,small,2,17,0
v2-cultural-shallow_cnn-small,GeoTessera_v2,global_so2sat,shallow_cnn,scnn_32-64,small,3,1,8
v2-cultural-shallow_cnn-small,GeoTessera_v2,global_so2sat,shallow_cnn,scnn_32-64,small,3,2,149
v2-cultural-shallow_cnn-small,GeoTessera_v2,global_so2sat,shallow_cnn,scnn_32-64,small,3,3,1478
v2-cultural-shallow_cnn-small,GeoTessera_v2,global_so2sat,shallow_cnn,scnn_32-64,small,3,4,22
v2-cultural-shallow_cnn-small,GeoTessera_v2,global_so2sat,shallow_cnn,scnn_32-64,small,3,5,0
v2-cultural-shallow_cnn-small,GeoTessera_v2,global_so2sat,shallow_cnn,scnn_32-64,small,3,6,58
v2-cultural-shallow_cnn-small,GeoTessera_v2,global_so2sat,shallow_cnn,scnn_32-64,small,3,7,644
v2-cultural-shallow_cnn-small,GeoTessera_v2,global_so2sat,shallow_cnn,scnn_32-64,small,3,8,49
v2-cultural-shallow_cnn-small,GeoTessera_v2,global_so2sat,shallow_cnn,scnn_32-64,small,3,9,19
v2-cultural-shallow_cnn-small,GeoTessera_v2,global_so2sat,shallow_cnn,scnn_32-64,small,3,10,29
v2-cultural-shallow_cnn-small,GeoTessera_v2,global_so2sat,shallow_cnn,scnn_32-64,small,3,11,0
v2-cultural-shallow_cnn-small,GeoTessera_v2,global_so2sat,shallow_cnn,scnn_32-64,small,3,12,0
v2-cultural-shallow_cnn-small,GeoTessera_v2,global_so2sat,shallow_cnn,scnn_32-64,small,3,13,5
v2-cultural-shallow_cnn-small,GeoTessera_v2,global_so2sat,shallow_cnn,scnn_32-64,small,3,14,3
v2-cultural-shallow_cnn-small,GeoTessera_v2,global_so2sat,shallow_cnn,scnn_32-64,small,3,15,0
v2-cultural-shallow_cnn-small,GeoTessera_v2,global_so2sat,shallow_cnn,scnn_32-64,small,3,16,1
v2-cultural-shallow_cnn-small,GeoTessera_v2,global_so2sat,shallow_cnn,scnn_32-64,small,3,17,0
v2-cultural-shallow_cnn-small,GeoTessera_v2,global_so2sat,shallow_cnn,scnn_32-64,small,4,1,22
v2-cultural-shallow_cnn-small,GeoTessera_v2,global_so2sat,shallow_cnn,scnn_32-64,small,4,2,16
v2-cultural-shallow_cnn-small,GeoTessera_v2,global_so2sat,shallow_cnn,scnn_32-64,small,4,3,14
v2-cultural-shallow_cnn-small,GeoTessera_v2,global_so2sat,shallow_cnn,scnn_32-64,small,4,4,644
v2-cultural-shallow_cnn-small,GeoTessera_v2,global_so2sat,shallow_cnn,scnn_32-64,small,4,5,7
v2-cultural-shallow_cnn-small,GeoTessera_v2,global_so2sat,shallow_cnn,scnn_32-64,small,4,6,2
v2-cultural-shallow_cnn-small,GeoTessera_v2,global_so2sat,shallow_cnn,scnn_32-64,small,4,7,12
v2-cultural-shallow_cnn-small,GeoTessera_v2,global_so2sat,shallow_cnn,scnn_32-64,small,4,8,13
v2-cultural-shallow_cnn-small,GeoTessera_v2,global_so2sat,shallow_cnn,scnn_32-64,small,4,9,21
v2-cultural-shallow_cnn-small,GeoTessera_v2,global_so2sat,shallow_cnn,scnn_32-64,small,4,10,103
v2-cultural-shallow_cnn-small,GeoTessera_v2,global_so2sat,shallow_cnn,scnn_32-64,small,4,11,0
v2-cultural-shallow_cnn-small,GeoTessera_v2,global_so2sat,shallow_cnn,scnn_32-64,small,4,12,0
v2-cultural-shallow_cnn-small,GeoTessera_v2,global_so2sat,shallow_cnn,scnn_32-64,small,4,13,0
v2-cultural-shallow_cnn-small,GeoTessera_v2,global_so2sat,shallow_cnn,scnn_32-64,small,4,14,0
v2-cultural-shallow_cnn-small,GeoTessera_v2,global_so2sat,shallow_cnn,scnn_32-64,small,4,15,0
v2-cultural-shallow_cnn-small,GeoTessera_v2,global_so2sat,shallow_cnn,scnn_32-64,small,4,16,3
v2-cultural-shallow_cnn-small,GeoTessera_v2,global_so2sat,shallow_cnn,scnn_32-64,small,4,17,0
v2-cultural-shallow_cnn-small,GeoTessera_v2,global_so2sat,shallow_cnn,scnn_32-64,small,5,1,4
v2-cultural-shallow_cnn-small,GeoTessera_v2,global_so2sat,shallow_cnn,scnn_32-64,small,5,2,6
v2-cultural-shallow_cnn-small,GeoTessera_v2,global_so2sat,shallow_cnn,scnn_32-64,small,5,3,95
v2-cultural-shallow_cnn-small,GeoTessera_v2,global_so2sat,shallow_cnn,scnn_32-64,small,5,4,174
v2-cultural-shallow_cnn-small,GeoTessera_v2,global_so2sat,shallow_cnn,scnn_32-64,small,5,5,248
v2-cultural-shallow_cnn-small,GeoTessera_v2,global_so2sat,shallow_cnn,scnn_32-64,small,5,6,43
v2-cultural-shallow_cnn-small,GeoTessera_v2,global_so2sat,shallow_cnn,scnn_32-64,small,5,7,66
v2-cultural-shallow_cnn-small,GeoTessera_v2,global_so2sat,shallow_cnn,scnn_32-64,small,5,8,9
v2-cultural-shallow_cnn-small,GeoTessera_v2,global_so2sat,shallow_cnn,scnn_32-64,small,5,9,102
v2-cultural-shallow_cnn-small,GeoTessera_v2,global_so2sat,shallow_cnn,scnn_32-64,small,5,10,15
v2-cultural-shallow_cnn-small,GeoTessera_v2,global_so2sat,shallow_cnn,scnn_32-64,small,5,11,0
v2-cultural-shallow_cnn-small,GeoTessera_v2,global_so2sat,shallow_cnn,scnn_32-64,small,5,12,0
v2-cultural-shallow_cnn-small,GeoTessera_v2,global_so2sat,shallow_cnn,scnn_32-64,small,5,13,0
v2-cultural-shallow_cnn-small,GeoTessera_v2,global_so2sat,shallow_cnn,scnn_32-64,small,5,14,0
v2-cultural-shallow_cnn-small,GeoTessera_v2,global_so2sat,shallow_cnn,scnn_32-64,small,5,15,0
v2-cultural-shallow_cnn-small,GeoTessera_v2,global_so2sat,shallow_cnn,scnn_32-64,small,5,16,1
v2-cultural-shallow_cnn-small,GeoTessera_v2,global_so2sat,shallow_cnn,scnn_32-64,small,5,17,0
v2-cultural-shallow_cnn-small,GeoTessera_v2,global_so2sat,shallow_cnn,scnn_32-64,small,6,1,2
v2-cultural-shallow_cnn-small,GeoTessera_v2,global_so2sat,shallow_cnn,scnn_32-64,small,6,2,12
v2-cultural-shallow_cnn-small,GeoTessera_v2,global_so2sat,shallow_cnn,scnn_32-64,small,6,3,350
v2-cultural-shallow_cnn-small,GeoTessera_v2,global_so2sat,shallow_cnn,scnn_32-64,small,6,4,37
v2-cultural-shallow_cnn-small,GeoTessera_v2,global_so2sat,shallow_cnn,scnn_32-64,small,6,5,67
v2-cultural-shallow_cnn-small,GeoTessera_v2,global_so2sat,shallow_cnn,scnn_32-64,small,6,6,808
v2-cultural-shallow_cnn-small,GeoTessera_v2,global_so2sat,shallow_cnn,scnn_32-64,small,6,7,45
v2-cultural-shallow_cnn-small,GeoTessera_v2,global_so2sat,shallow_cnn,scnn_32-64,small,6,8,11
v2-cultural-shallow_cnn-small,GeoTessera_v2,global_so2sat,shallow_cnn,scnn_32-64,small,6,9,260
v2-cultural-shallow_cnn-small,GeoTessera_v2,global_so2sat,shallow_cnn,scnn_32-64,small,6,10,315
v2-cultural-shallow_cnn-small,GeoTessera_v2,global_so2sat,shallow_cnn,scnn_32-64,small,6,11,0
v2-cultural-shallow_cnn-small,GeoTessera_v2,global_so2sat,shallow_cnn,scnn_32-64,small,6,12,1
v2-cultural-shallow_cnn-small,GeoTessera_v2,global_so2sat,shallow_cnn,scnn_32-64,small,6,13,5
v2-cultural-shallow_cnn-small,GeoTessera_v2,global_so2sat,shallow_cnn,scnn_32-64,small,6,14,21
v2-cultural-shallow_cnn-small,GeoTessera_v2,global_so2sat,shallow_cnn,scnn_32-64,small,6,15,0
v2-cultural-shallow_cnn-small,GeoTessera_v2,global_so2sat,shallow_cnn,scnn_32-64,small,6,16,2
v2-cultural-shallow_cnn-small,GeoTessera_v2,global_so2sat,shallow_cnn,scnn_32-64,small,6,17,0
v2-cultural-shallow_cnn-small,GeoTessera_v2,global_so2sat,shallow_cnn,scnn_32-64,small,7,1,2
v2-cultural-shallow_cnn-small,GeoTessera_v2,global_so2sat,shallow_cnn,scnn_32-64,small,7,2,37
v2-cultural-shallow_cnn-small,GeoTessera_v2,global_so2sat,shallow_cnn,scnn_32-64,small,7,3,7
v2-cultural-shallow_cnn-small,GeoTessera_v2,global_so2sat,shallow_cnn,scnn_32-64,small,7,4,1
v2-cultural-shallow_cnn-small,GeoTessera_v2,global_so2sat,shallow_cnn,scnn_32-64,small,7,5,0
v2-cultural-shallow_cnn-small,GeoTessera_v2,global_so2sat,shallow_cnn,scnn_32-64,small,7,6,0
v2-cultural-shallow_cnn-small,GeoTessera_v2,global_so2sat,shallow_cnn,scnn_32-64,small,7,7,380
v2-cultural-shallow_cnn-small,GeoTessera_v2,global_so2sat,shallow_cnn,scnn_32-64,small,7,8,5
v2-cultural-shallow_cnn-small,GeoTessera_v2,global_so2sat,shallow_cnn,scnn_32-64,small,7,9,3
v2-cultural-shallow_cnn-small,GeoTessera_v2,global_so2sat,shallow_cnn,scnn_32-64,small,7,10,65
v2-cultural-shallow_cnn-small,GeoTessera_v2,global_so2sat,shallow_cnn,scnn_32-64,small,7,11,0
v2-cultural-shallow_cnn-small,GeoTessera_v2,global_so2sat,shallow_cnn,scnn_32-64,small,7,12,0
v2-cultural-shallow_cnn-small,GeoTessera_v2,global_so2sat,shallow_cnn,scnn_32-64,small,7,13,0
v2-cultural-shallow_cnn-small,GeoTessera_v2,global_so2sat,shallow_cnn,scnn_32-64,small,7,14,0
v2-cultural-shallow_cnn-small,GeoTessera_v2,global_so2sat,shallow_cnn,scnn_32-64,small,7,15,0
v2-cultural-shallow_cnn-small,GeoTessera_v2,global_so2sat,shallow_cnn,scnn_32-64,small,7,16,3
v2-cultural-shallow_cnn-small,GeoTessera_v2,global_so2sat,shallow_cnn,scnn_32-64,small,7,17,0
v2-cultural-shallow_cnn-small,GeoTessera_v2,global_so2sat,shallow_cnn,scnn_32-64,small,8,1,18
v2-cultural-shallow_cnn-small,GeoTessera_v2,global_so2sat,shallow_cnn,scnn_32-64,small,8,2,4
v2-cultural-shallow_cnn-small,GeoTessera_v2,global_so2sat,shallow_cnn,scnn_32-64,small,8,3,14
v2-cultural-shallow_cnn-small,GeoTessera_v2,global_so2sat,shallow_cnn,scnn_32-64,small,8,4,48
v2-cultural-shallow_cnn-small,GeoTessera_v2,global_so2sat,shallow_cnn,scnn_32-64,small,8,5,20
v2-cultural-shallow_cnn-small,GeoTessera_v2,global_so2sat,shallow_cnn,scnn_32-64,small,8,6,3
v2-cultural-shallow_cnn-small,GeoTessera_v2,global_so2sat,shallow_cnn,scnn_32-64,small,8,7,119
v2-cultural-shallow_cnn-small,GeoTessera_v2,global_so2sat,shallow_cnn,scnn_32-64,small,8,8,2821
v2-cultural-shallow_cnn-small,GeoTessera_v2,global_so2sat,shallow_cnn,scnn_32-64,small,8,9,91
v2-cultural-shallow_cnn-small,GeoTessera_v2,global_so2sat,shallow_cnn,scnn_32-64,small,8,10,328
v2-cultural-shallow_cnn-small,GeoTessera_v2,global_so2sat,shallow_cnn,scnn_32-64,small,8,11,0
v2-cultural-shallow_cnn-small,GeoTessera_v2,global_so2sat,shallow_cnn,scnn_32-64,small,8,12,0
v2-cultural-shallow_cnn-small,GeoTessera_v2,global_so2sat,shallow_cnn,scnn_32-64,small,8,13,2
v2-cultural-shallow_cnn-small,GeoTessera_v2,global_so2sat,shallow_cnn,scnn_32-64,small,8,14,4
v2-cultural-shallow_cnn-small,GeoTessera_v2,global_so2sat,shallow_cnn,scnn_32-64,small,8,15,0
v2-cultural-shallow_cnn-small,GeoTessera_v2,global_so2sat,shallow_cnn,scnn_32-64,small,8,16,24
v2-cultural-shallow_cnn-small,GeoTessera_v2,global_so2sat,shallow_cnn,scnn_32-64,small,8,17,0
v2-cultural-shallow_cnn-small,GeoTessera_v2,global_so2sat,shallow_cnn,scnn_32-64,small,9,1,0
v2-cultural-shallow_cnn-small,GeoTessera_v2,global_so2sat,shallow_cnn,scnn_32-64,small,9,2,0
v2-cultural-shallow_cnn-small,GeoTessera_v2,global_so2sat,shallow_cnn,scnn_32-64,small,9,3,6
v2-cultural-shallow_cnn-small,GeoTessera_v2,global_so2sat,shallow_cnn,scnn_32-64,small,9,4,4
v2-cultural-shallow_cnn-small,GeoTessera_v2,global_so2sat,shallow_cnn,scnn_32-64,small,9,5,4
v2-cultural-shallow_cnn-small,GeoTessera_v2,global_so2sat,shallow_cnn,scnn_32-64,small,9,6,592
v2-cultural-shallow_cnn-small,GeoTessera_v2,global_so2sat,shallow_cnn,scnn_32-64,small,9,7,24
v2-cultural-shallow_cnn-small,GeoTessera_v2,global_so2sat,shallow_cnn,scnn_32-64,small,9,8,32
v2-cultural-shallow_cnn-small,GeoTessera_v2,global_so2sat,shallow_cnn,scnn_32-64,small,9,9,1168
v2-cultural-shallow_cnn-small,GeoTessera_v2,global_so2sat,shallow_cnn,scnn_32-64,small,9,10,89
v2-cultural-shallow_cnn-small,GeoTessera_v2,global_so2sat,shallow_cnn,scnn_32-64,small,9,11,2
v2-cultural-shallow_cnn-small,GeoTessera_v2,global_so2sat,shallow_cnn,scnn_32-64,small,9,12,21
v2-cultural-shallow_cnn-small,GeoTessera_v2,global_so2sat,shallow_cnn,scnn_32-64,small,9,13,9
v2-cultural-shallow_cnn-small,GeoTessera_v2,global_so2sat,shallow_cnn,scnn_32-64,small,9,14,27
v2-cultural-shallow_cnn-small,GeoTessera_v2,global_so2sat,shallow_cnn,scnn_32-64,small,9,15,0
v2-cultural-shallow_cnn-small,GeoTessera_v2,global_so2sat,shallow_cnn,scnn_32-64,small,9,16,34
v2-cultural-shallow_cnn-small,GeoTessera_v2,global_so2sat,shallow_cnn,scnn_32-64,small,9,17,1
v2-cultural-shallow_cnn-small,GeoTessera_v2,global_so2sat,shallow_cnn,scnn_32-64,small,10,1,0
v2-cultural-shallow_cnn-small,GeoTessera_v2,global_so2sat,shallow_cnn,scnn_32-64,small,10,2,2
v2-cultural-shallow_cnn-small,GeoTessera_v2,global_so2sat,shallow_cnn,scnn_32-64,small,10,3,0
v2-cultural-shallow_cnn-small,GeoTessera_v2,global_so2sat,shallow_cnn,scnn_32-64,small,10,4,69
v2-cultural-shallow_cnn-small,GeoTessera_v2,global_so2sat,shallow_cnn,scnn_32-64,small,10,5,12
v2-cultural-shallow_cnn-small,GeoTessera_v2,global_so2sat,shallow_cnn,scnn_32-64,small,10,6,2
v2-cultural-shallow_cnn-small,GeoTessera_v2,global_so2sat,shallow_cnn,scnn_32-64,small,10,7,4
v2-cultural-shallow_cnn-small,GeoTessera_v2,global_so2sat,shallow_cnn,scnn_32-64,small,10,8,167
v2-cultural-shallow_cnn-small,GeoTessera_v2,global_so2sat,shallow_cnn,scnn_32-64,small,10,9,25
v2-cultural-shallow_cnn-small,GeoTessera_v2,global_so2sat,shallow_cnn,scnn_32-64,small,10,10,556
v2-cultural-shallow_cnn-small,GeoTessera_v2,global_so2sat,shallow_cnn,scnn_32-64,small,10,11,0
v2-cultural-shallow_cnn-small,GeoTessera_v2,global_so2sat,shallow_cnn,scnn_32-64,small,10,12,0
v2-cultural-shallow_cnn-small,GeoTessera_v2,global_so2sat,shallow_cnn,scnn_32-64,small,10,13,0
v2-cultural-shallow_cnn-small,GeoTessera_v2,global_so2sat,shallow_cnn,scnn_32-64,small,10,14,32
v2-cultural-shallow_cnn-small,GeoTessera_v2,global_so2sat,shallow_cnn,scnn_32-64,small,10,15,5
v2-cultural-shallow_cnn-small,GeoTessera_v2,global_so2sat,shallow_cnn,scnn_32-64,small,10,16,34
v2-cultural-shallow_cnn-small,GeoTessera_v2,global_so2sat,shallow_cnn,scnn_32-64,small,10,17,0
v2-cultural-shallow_cnn-small,GeoTessera_v2,global_so2sat,shallow_cnn,scnn_32-64,small,11,1,0
v2-cultural-shallow_cnn-small,GeoTessera_v2,global_so2sat,shallow_cnn,scnn_32-64,small,11,2,0
v2-cultural-shallow_cnn-small,GeoTessera_v2,global_so2sat,shallow_cnn,scnn_32-64,small,11,3,0
v2-cultural-shallow_cnn-small,GeoTessera_v2,global_so2sat,shallow_cnn,scnn_32-64,small,11,4,0
v2-cultural-shallow_cnn-small,GeoTessera_v2,global_so2sat,shallow_cnn,scnn_32-64,small,11,5,0
v2-cultural-shallow_cnn-small,GeoTessera_v2,global_so2sat,shallow_cnn,scnn_32-64,small,11,6,0
v2-cultural-shallow_cnn-small,GeoTessera_v2,global_so2sat,shallow_cnn,scnn_32-64,small,11,7,3
v2-cultural-shallow_cnn-small,GeoTessera_v2,global_so2sat,shallow_cnn,scnn_32-64,small,11,8,0
v2-cultural-shallow_cnn-small,GeoTessera_v2,global_so2sat,shallow_cnn,scnn_32-64,small,11,9,37
v2-cultural-shallow_cnn-small,GeoTessera_v2,global_so2sat,shallow_cnn,scnn_32-64,small,11,10,224
v2-cultural-shallow_cnn-small,GeoTessera_v2,global_so2sat,shallow_cnn,scnn_32-64,small,11,11,1578
v2-cultural-shallow_cnn-small,GeoTessera_v2,global_so2sat,shallow_cnn,scnn_32-64,small,11,12,170
v2-cultural-shallow_cnn-small,GeoTessera_v2,global_so2sat,shallow_cnn,scnn_32-64,small,11,13,98
v2-cultural-shallow_cnn-small,GeoTessera_v2,global_so2sat,shallow_cnn,scnn_32-64,small,11,14,257
v2-cultural-shallow_cnn-small,GeoTessera_v2,global_so2sat,shallow_cnn,scnn_32-64,small,11,15,0
v2-cultural-shallow_cnn-small,GeoTessera_v2,global_so2sat,shallow_cnn,scnn_32-64,small,11,16,1
v2-cultural-shallow_cnn-small,GeoTessera_v2,global_so2sat,shallow_cnn,scnn_32-64,small,11,17,0
v2-cultural-shallow_cnn-small,GeoTessera_v2,global_so2sat,shallow_cnn,scnn_32-64,small,12,1,0
v2-cultural-shallow_cnn-small,GeoTessera_v2,global_so2sat,shallow_cnn,scnn_32-64,small,12,2,0
v2-cultural-shallow_cnn-small,GeoTessera_v2,global_so2sat,shallow_cnn,scnn_32-64,small,12,3,3
v2-cultural-shallow_cnn-small,GeoTessera_v2,global_so2sat,shallow_cnn,scnn_32-64,small,12,4,6
v2-cultural-shallow_cnn-small,GeoTessera_v2,global_so2sat,shallow_cnn,scnn_32-64,small,12,5,0
v2-cultural-shallow_cnn-small,GeoTessera_v2,global_so2sat,shallow_cnn,scnn_32-64,small,12,6,12
v2-cultural-shallow_cnn-small,GeoTessera_v2,global_so2sat,shallow_cnn,scnn_32-64,small,12,7,0
v2-cultural-shallow_cnn-small,GeoTessera_v2,global_so2sat,shallow_cnn,scnn_32-64,small,12,8,0
v2-cultural-shallow_cnn-small,GeoTessera_v2,global_so2sat,shallow_cnn,scnn_32-64,small,12,9,16
v2-cultural-shallow_cnn-small,GeoTessera_v2,global_so2sat,shallow_cnn,scnn_32-64,small,12,10,1
v2-cultural-shallow_cnn-small,GeoTessera_v2,global_so2sat,shallow_cnn,scnn_32-64,small,12,11,18
v2-cultural-shallow_cnn-small,GeoTessera_v2,global_so2sat,shallow_cnn,scnn_32-64,small,12,12,221
v2-cultural-shallow_cnn-small,GeoTessera_v2,global_so2sat,shallow_cnn,scnn_32-64,small,12,13,139
v2-cultural-shallow_cnn-small,GeoTessera_v2,global_so2sat,shallow_cnn,scnn_32-64,small,12,14,14
v2-cultural-shallow_cnn-small,GeoTessera_v2,global_so2sat,shallow_cnn,scnn_32-64,small,12,15,0
v2-cultural-shallow_cnn-small,GeoTessera_v2,global_so2sat,shallow_cnn,scnn_32-64,small,12,16,3
v2-cultural-shallow_cnn-small,GeoTessera_v2,global_so2sat,shallow_cnn,scnn_32-64,small,12,17,0
v2-cultural-shallow_cnn-small,GeoTessera_v2,global_so2sat,shallow_cnn,scnn_32-64,small,13,1,0
v2-cultural-shallow_cnn-small,GeoTessera_v2,global_so2sat,shallow_cnn,scnn_32-64,small,13,2,0
v2-cultural-shallow_cnn-small,GeoTessera_v2,global_so2sat,shallow_cnn,scnn_32-64,small,13,3,0
v2-cultural-shallow_cnn-small,GeoTessera_v2,global_so2sat,shallow_cnn,scnn_32-64,small,13,4,0
v2-cultural-shallow_cnn-small,GeoTessera_v2,global_so2sat,shallow_cnn,scnn_32-64,small,13,5,0
v2-cultural-shallow_cnn-small,GeoTessera_v2,global_so2sat,shallow_cnn,scnn_32-64,small,13,6,0
v2-cultural-shallow_cnn-small,GeoTessera_v2,global_so2sat,shallow_cnn,scnn_32-64,small,13,7,0
v2-cultural-shallow_cnn-small,GeoTessera_v2,global_so2sat,shallow_cnn,scnn_32-64,small,13,8,0
v2-cultural-shallow_cnn-small,GeoTessera_v2,global_so2sat,shallow_cnn,scnn_32-64,small,13,9,0
v2-cultural-shallow_cnn-small,GeoTessera_v2,global_so2sat,shallow_cnn,scnn_32-64,small,13,10,11
v2-cultural-shallow_cnn-small,GeoTessera_v2,global_so2sat,shallow_cnn,scnn_32-64,small,13,11,5
v2-cultural-shallow_cnn-small,GeoTessera_v2,global_so2sat,shallow_cnn,scnn_32-64,small,13,12,10
v2-cultural-shallow_cnn-small,GeoTessera_v2,global_so2sat,shallow_cnn,scnn_32-64,small,13,13,123
v2-cultural-shallow_cnn-small,GeoTessera_v2,global_so2sat,shallow_cnn,scnn_32-64,small,13,14,832
v2-cultural-shallow_cnn-small,GeoTessera_v2,global_so2sat,shallow_cnn,scnn_32-64,small,13,15,0
v2-cultural-shallow_cnn-small,GeoTessera_v2,global_so2sat,shallow_cnn,scnn_32-64,small,13,16,185
v2-cultural-shallow_cnn-small,GeoTessera_v2,global_so2sat,shallow_cnn,scnn_32-64,small,13,17,0
v2-cultural-shallow_cnn-small,GeoTessera_v2,global_so2sat,shallow_cnn,scnn_32-64,small,14,1,0
v2-cultural-shallow_cnn-small,GeoTessera_v2,global_so2sat,shallow_cnn,scnn_32-64,small,14,2,0
v2-cultural-shallow_cnn-small,GeoTessera_v2,global_so2sat,shallow_cnn,scnn_32-64,small,14,3,0
v2-cultural-shallow_cnn-small,GeoTessera_v2,global_so2sat,shallow_cnn,scnn_32-64,small,14,4,96
v2-cultural-shallow_cnn-small,GeoTessera_v2,global_so2sat,shallow_cnn,scnn_32-64,small,14,5,0
v2-cultural-shallow_cnn-small,GeoTessera_v2,global_so2sat,shallow_cnn,scnn_32-64,small,14,6,31
v2-cultural-shallow_cnn-small,GeoTessera_v2,global_so2sat,shallow_cnn,scnn_32-64,small,14,7,0
v2-cultural-shallow_cnn-small,GeoTessera_v2,global_so2sat,shallow_cnn,scnn_32-64,small,14,8,0
v2-cultural-shallow_cnn-small,GeoTessera_v2,global_so2sat,shallow_cnn,scnn_32-64,small,14,9,115
v2-cultural-shallow_cnn-small,GeoTessera_v2,global_so2sat,shallow_cnn,scnn_32-64,small,14,10,63
v2-cultural-shallow_cnn-small,GeoTessera_v2,global_so2sat,shallow_cnn,scnn_32-64,small,14,11,3
v2-cultural-shallow_cnn-small,GeoTessera_v2,global_so2sat,shallow_cnn,scnn_32-64,small,14,12,43
v2-cultural-shallow_cnn-small,GeoTessera_v2,global_so2sat,shallow_cnn,scnn_32-64,small,14,13,40
v2-cultural-shallow_cnn-small,GeoTessera_v2,global_so2sat,shallow_cnn,scnn_32-64,small,14,14,1909
v2-cultural-shallow_cnn-small,GeoTessera_v2,global_so2sat,shallow_cnn,scnn_32-64,small,14,15,84
v2-cultural-shallow_cnn-small,GeoTessera_v2,global_so2sat,shallow_cnn,scnn_32-64,small,14,16,51
v2-cultural-shallow_cnn-small,GeoTessera_v2,global_so2sat,shallow_cnn,scnn_32-64,small,14,17,0
v2-cultural-shallow_cnn-small,GeoTessera_v2,global_so2sat,shallow_cnn,scnn_32-64,small,15,1,0
v2-cultural-shallow_cnn-small,GeoTessera_v2,global_so2sat,shallow_cnn,scnn_32-64,small,15,2,0
v2-cultural-shallow_cnn-small,GeoTessera_v2,global_so2sat,shallow_cnn,scnn_32-64,small,15,3,0
v2-cultural-shallow_cnn-small,GeoTessera_v2,global_so2sat,shallow_cnn,scnn_32-64,small,15,4,0
v2-cultural-shallow_cnn-small,GeoTessera_v2,global_so2sat,shallow_cnn,scnn_32-64,small,15,5,0
v2-cultural-shallow_cnn-small,GeoTessera_v2,global_so2sat,shallow_cnn,scnn_32-64,small,15,6,0
v2-cultural-shallow_cnn-small,GeoTessera_v2,global_so2sat,shallow_cnn,scnn_32-64,small,15,7,0
v2-cultural-shallow_cnn-small,GeoTessera_v2,global_so2sat,shallow_cnn,scnn_32-64,small,15,8,38
v2-cultural-shallow_cnn-small,GeoTessera_v2,global_so2sat,shallow_cnn,scnn_32-64,small,15,9,0
v2-cultural-shallow_cnn-small,GeoTessera_v2,global_so2sat,shallow_cnn,scnn_32-64,small,15,10,76
v2-cultural-shallow_cnn-small,GeoTessera_v2,global_so2sat,shallow_cnn,scnn_32-64,small,15,11,0
v2-cultural-shallow_cnn-small,GeoTessera_v2,global_so2sat,shallow_cnn,scnn_32-64,small,15,12,0
v2-cultural-shallow_cnn-small,GeoTessera_v2,global_so2sat,shallow_cnn,scnn_32-64,small,15,13,0
v2-cultural-shallow_cnn-small,GeoTessera_v2,global_so2sat,shallow_cnn,scnn_32-64,small,15,14,0
v2-cultural-shallow_cnn-small,GeoTessera_v2,global_so2sat,shallow_cnn,scnn_32-64,small,15,15,90
v2-cultural-shallow_cnn-small,GeoTessera_v2,global_so2sat,shallow_cnn,scnn_32-64,small,15,16,1
v2-cultural-shallow_cnn-small,GeoTessera_v2,global_so2sat,shallow_cnn,scnn_32-64,small,15,17,0
v2-cultural-shallow_cnn-small,GeoTessera_v2,global_so2sat,shallow_cnn,scnn_32-64,small,16,1,1
v2-cultural-shallow_cnn-small,GeoTessera_v2,global_so2sat,shallow_cnn,scnn_32-64,small,16,2,0
v2-cultural-shallow_cnn-small,GeoTessera_v2,global_so2sat,shallow_cnn,scnn_32-64,small,16,3,0
v2-cultural-shallow_cnn-small,GeoTessera_v2,global_so2sat,shallow_cnn,scnn_32-64,small,16,4,0
v2-cultural-shallow_cnn-small,GeoTessera_v2,global_so2sat,shallow_cnn,scnn_32-64,small,16,5,0
v2-cultural-shallow_cnn-small,GeoTessera_v2,global_so2sat,shallow_cnn,scnn_32-64,small,16,6,2
v2-cultural-shallow_cnn-small,GeoTessera_v2,global_so2sat,shallow_cnn,scnn_32-64,small,16,7,0
v2-cultural-shallow_cnn-small,GeoTessera_v2,global_so2sat,shallow_cnn,scnn_32-64,small,16,8,2
v2-cultural-shallow_cnn-small,GeoTessera_v2,global_so2sat,shallow_cnn,scnn_32-64,small,16,9,14
v2-cultural-shallow_cnn-small,GeoTessera_v2,global_so2sat,shallow_cnn,scnn_32-64,small,16,10,30
v2-cultural-shallow_cnn-small,GeoTessera_v2,global_so2sat,shallow_cnn,scnn_32-64,small,16,11,1
v2-cultural-shallow_cnn-small,GeoTessera_v2,global_so2sat,shallow_cnn,scnn_32-64,small,16,12,0
v2-cultural-shallow_cnn-small,GeoTessera_v2,global_so2sat,shallow_cnn,scnn_32-64,small,16,13,26
v2-cultural-shallow_cnn-small,GeoTessera_v2,global_so2sat,shallow_cnn,scnn_32-64,small,16,14,39
v2-cultural-shallow_cnn-small,GeoTessera_v2,global_so2sat,shallow_cnn,scnn_32-64,small,16,15,19
v2-cultural-shallow_cnn-small,GeoTessera_v2,global_so2sat,shallow_cnn,scnn_32-64,small,16,16,437
v2-cultural-shallow_cnn-small,GeoTessera_v2,global_so2sat,shallow_cnn,scnn_32-64,small,16,17,0
v2-cultural-shallow_cnn-small,GeoTessera_v2,global_so2sat,shallow_cnn,scnn_32-64,small,17,1,0
v2-cultural-shallow_cnn-small,GeoTessera_v2,global_so2sat,shallow_cnn,scnn_32-64,small,17,2,0
v2-cultural-shallow_cnn-small,GeoTessera_v2,global_so2sat,shallow_cnn,scnn_32-64,small,17,3,0
v2-cultural-shallow_cnn-small,GeoTessera_v2,global_so2sat,shallow_cnn,scnn_32-64,small,17,4,9
v2-cultural-shallow_cnn-small,GeoTessera_v2,global_so2sat,shallow_cnn,scnn_32-64,small,17,5,1
v2-cultural-shallow_cnn-small,GeoTessera_v2,global_so2sat,shallow_cnn,scnn_32-64,small,17,6,0
v2-cultural-shallow_cnn-small,GeoTessera_v2,global_so2sat,shallow_cnn,scnn_32-64,small,17,7,2
v2-cultural-shallow_cnn-small,GeoTessera_v2,global_so2sat,shallow_cnn,scnn_32-64,small,17,8,3
v2-cultural-shallow_cnn-small,GeoTessera_v2,global_so2sat,shallow_cnn,scnn_32-64,small,17,9,4
v2-cultural-shallow_cnn-small,GeoTessera_v2,global_so2sat,shallow_cnn,scnn_32-64,small,17,10,4
v2-cultural-shallow_cnn-small,GeoTessera_v2,global_so2sat,shallow_cnn,scnn_32-64,small,17,11,0
v2-cultural-shallow_cnn-small,GeoTessera_v2,global_so2sat,shallow_cnn,scnn_32-64,small,17,12,0
v2-cultural-shallow_cnn-small,GeoTessera_v2,global_so2sat,shallow_cnn,scnn_32-64,small,17,13,0
v2-cultural-shallow_cnn-small,GeoTessera_v2,global_so2sat,shallow_cnn,scnn_32-64,small,17,14,12
v2-cultural-shallow_cnn-small,GeoTessera_v2,global_so2sat,shallow_cnn,scnn_32-64,small,17,15,0
v2-cultural-shallow_cnn-small,GeoTessera_v2,global_so2sat,shallow_cnn,scnn_32-64,small,17,16,4
v2-cultural-shallow_cnn-small,GeoTessera_v2,global_so2sat,shallow_cnn,scnn_32-64,small,17,17,2165
v2-origtest-mobilenet-nano,GeoTessera_v2,grid_orig_test,mobilenet,mobilenetv3_small_050,nano,1,1,205
v2-origtest-mobilenet-nano,GeoTessera_v2,grid_orig_test,mobilenet,mobilenetv3_small_050,nano,1,2,6
v2-origtest-mobilenet-nano,GeoTessera_v2,grid_orig_test,mobilenet,mobilenetv3_small_050,nano,1,3,0
v2-origtest-mobilenet-nano,GeoTessera_v2,grid_orig_test,mobilenet,mobilenetv3_small_050,nano,1,4,43
v2-origtest-mobilenet-nano,GeoTessera_v2,grid_orig_test,mobilenet,mobilenetv3_small_050,nano,1,5,0
v2-origtest-mobilenet-nano,GeoTessera_v2,grid_orig_test,mobilenet,mobilenetv3_small_050,nano,1,6,0
v2-origtest-mobilenet-nano,GeoTessera_v2,grid_orig_test,mobilenet,mobilenetv3_small_050,nano,1,7,1
v2-origtest-mobilenet-nano,GeoTessera_v2,grid_orig_test,mobilenet,mobilenetv3_small_050,nano,1,8,8
v2-origtest-mobilenet-nano,GeoTessera_v2,grid_orig_test,mobilenet,mobilenetv3_small_050,nano,1,9,0
v2-origtest-mobilenet-nano,GeoTessera_v2,grid_orig_test,mobilenet,mobilenetv3_small_050,nano,1,10,3
v2-origtest-mobilenet-nano,GeoTessera_v2,grid_orig_test,mobilenet,mobilenetv3_small_050,nano,1,11,0
v2-origtest-mobilenet-nano,GeoTessera_v2,grid_orig_test,mobilenet,mobilenetv3_small_050,nano,1,12,0
v2-origtest-mobilenet-nano,GeoTessera_v2,grid_orig_test,mobilenet,mobilenetv3_small_050,nano,1,13,0
v2-origtest-mobilenet-nano,GeoTessera_v2,grid_orig_test,mobilenet,mobilenetv3_small_050,nano,1,14,0
v2-origtest-mobilenet-nano,GeoTessera_v2,grid_orig_test,mobilenet,mobilenetv3_small_050,nano,1,15,0
v2-origtest-mobilenet-nano,GeoTessera_v2,grid_orig_test,mobilenet,mobilenetv3_small_050,nano,1,16,0
v2-origtest-mobilenet-nano,GeoTessera_v2,grid_orig_test,mobilenet,mobilenetv3_small_050,nano,1,17,0
v2-origtest-mobilenet-nano,GeoTessera_v2,grid_orig_test,mobilenet,mobilenetv3_small_050,nano,2,1,76
v2-origtest-mobilenet-nano,GeoTessera_v2,grid_orig_test,mobilenet,mobilenetv3_small_050,nano,2,2,882
v2-origtest-mobilenet-nano,GeoTessera_v2,grid_orig_test,mobilenet,mobilenetv3_small_050,nano,2,3,32
v2-origtest-mobilenet-nano,GeoTessera_v2,grid_orig_test,mobilenet,mobilenetv3_small_050,nano,2,4,22
v2-origtest-mobilenet-nano,GeoTessera_v2,grid_orig_test,mobilenet,mobilenetv3_small_050,nano,2,5,58
v2-origtest-mobilenet-nano,GeoTessera_v2,grid_orig_test,mobilenet,mobilenetv3_small_050,nano,2,6,1
v2-origtest-mobilenet-nano,GeoTessera_v2,grid_orig_test,mobilenet,mobilenetv3_small_050,nano,2,7,81
v2-origtest-mobilenet-nano,GeoTessera_v2,grid_orig_test,mobilenet,mobilenetv3_small_050,nano,2,8,91
v2-origtest-mobilenet-nano,GeoTessera_v2,grid_orig_test,mobilenet,mobilenetv3_small_050,nano,2,9,0
v2-origtest-mobilenet-nano,GeoTessera_v2,grid_orig_test,mobilenet,mobilenetv3_small_050,nano,2,10,8
v2-origtest-mobilenet-nano,GeoTessera_v2,grid_orig_test,mobilenet,mobilenetv3_small_050,nano,2,11,0
v2-origtest-mobilenet-nano,GeoTessera_v2,grid_orig_test,mobilenet,mobilenetv3_small_050,nano,2,12,0
v2-origtest-mobilenet-nano,GeoTessera_v2,grid_orig_test,mobilenet,mobilenetv3_small_050,nano,2,13,0
v2-origtest-mobilenet-nano,GeoTessera_v2,grid_orig_test,mobilenet,mobilenetv3_small_050,nano,2,14,0
v2-origtest-mobilenet-nano,GeoTessera_v2,grid_orig_test,mobilenet,mobilenetv3_small_050,nano,2,15,0
v2-origtest-mobilenet-nano,GeoTessera_v2,grid_orig_test,mobilenet,mobilenetv3_small_050,nano,2,16,0
v2-origtest-mobilenet-nano,GeoTessera_v2,grid_orig_test,mobilenet,mobilenetv3_small_050,nano,2,17,0
v2-origtest-mobilenet-nano,GeoTessera_v2,grid_orig_test,mobilenet,mobilenetv3_small_050,nano,3,1,10
v2-origtest-mobilenet-nano,GeoTessera_v2,grid_orig_test,mobilenet,mobilenetv3_small_050,nano,3,2,65
v2-origtest-mobilenet-nano,GeoTessera_v2,grid_orig_test,mobilenet,mobilenetv3_small_050,nano,3,3,1843
v2-origtest-mobilenet-nano,GeoTessera_v2,grid_orig_test,mobilenet,mobilenetv3_small_050,nano,3,4,0
v2-origtest-mobilenet-nano,GeoTessera_v2,grid_orig_test,mobilenet,mobilenetv3_small_050,nano,3,5,11
v2-origtest-mobilenet-nano,GeoTessera_v2,grid_orig_test,mobilenet,mobilenetv3_small_050,nano,3,6,236
v2-origtest-mobilenet-nano,GeoTessera_v2,grid_orig_test,mobilenet,mobilenetv3_small_050,nano,3,7,242
v2-origtest-mobilenet-nano,GeoTessera_v2,grid_orig_test,mobilenet,mobilenetv3_small_050,nano,3,8,31
v2-origtest-mobilenet-nano,GeoTessera_v2,grid_orig_test,mobilenet,mobilenetv3_small_050,nano,3,9,4
v2-origtest-mobilenet-nano,GeoTessera_v2,grid_orig_test,mobilenet,mobilenetv3_small_050,nano,3,10,23
v2-origtest-mobilenet-nano,GeoTessera_v2,grid_orig_test,mobilenet,mobilenetv3_small_050,nano,3,11,0
v2-origtest-mobilenet-nano,GeoTessera_v2,grid_orig_test,mobilenet,mobilenetv3_small_050,nano,3,12,0
v2-origtest-mobilenet-nano,GeoTessera_v2,grid_orig_test,mobilenet,mobilenetv3_small_050,nano,3,13,0
v2-origtest-mobilenet-nano,GeoTessera_v2,grid_orig_test,mobilenet,mobilenetv3_small_050,nano,3,14,0
v2-origtest-mobilenet-nano,GeoTessera_v2,grid_orig_test,mobilenet,mobilenetv3_small_050,nano,3,15,0
v2-origtest-mobilenet-nano,GeoTessera_v2,grid_orig_test,mobilenet,mobilenetv3_small_050,nano,3,16,0
v2-origtest-mobilenet-nano,GeoTessera_v2,grid_orig_test,mobilenet,mobilenetv3_small_050,nano,3,17,0
v2-origtest-mobilenet-nano,GeoTessera_v2,grid_orig_test,mobilenet,mobilenetv3_small_050,nano,4,1,27
v2-origtest-mobilenet-nano,GeoTessera_v2,grid_orig_test,mobilenet,mobilenetv3_small_050,nano,4,2,15
v2-origtest-mobilenet-nano,GeoTessera_v2,grid_orig_test,mobilenet,mobilenetv3_small_050,nano,4,3,0
v2-origtest-mobilenet-nano,GeoTessera_v2,grid_orig_test,mobilenet,mobilenetv3_small_050,nano,4,4,709
v2-origtest-mobilenet-nano,GeoTessera_v2,grid_orig_test,mobilenet,mobilenetv3_small_050,nano,4,5,46
v2-origtest-mobilenet-nano,GeoTessera_v2,grid_orig_test,mobilenet,mobilenetv3_small_050,nano,4,6,5
v2-origtest-mobilenet-nano,GeoTessera_v2,grid_orig_test,mobilenet,mobilenetv3_small_050,nano,4,7,1
v2-origtest-mobilenet-nano,GeoTessera_v2,grid_orig_test,mobilenet,mobilenetv3_small_050,nano,4,8,5
v2-origtest-mobilenet-nano,GeoTessera_v2,grid_orig_test,mobilenet,mobilenetv3_small_050,nano,4,9,2
v2-origtest-mobilenet-nano,GeoTessera_v2,grid_orig_test,mobilenet,mobilenetv3_small_050,nano,4,10,45
v2-origtest-mobilenet-nano,GeoTessera_v2,grid_orig_test,mobilenet,mobilenetv3_small_050,nano,4,11,0
v2-origtest-mobilenet-nano,GeoTessera_v2,grid_orig_test,mobilenet,mobilenetv3_small_050,nano,4,12,1
v2-origtest-mobilenet-nano,GeoTessera_v2,grid_orig_test,mobilenet,mobilenetv3_small_050,nano,4,13,0
v2-origtest-mobilenet-nano,GeoTessera_v2,grid_orig_test,mobilenet,mobilenetv3_small_050,nano,4,14,0
v2-origtest-mobilenet-nano,GeoTessera_v2,grid_orig_test,mobilenet,mobilenetv3_small_050,nano,4,15,0
v2-origtest-mobilenet-nano,GeoTessera_v2,grid_orig_test,mobilenet,mobilenetv3_small_050,nano,4,16,1
v2-origtest-mobilenet-nano,GeoTessera_v2,grid_orig_test,mobilenet,mobilenetv3_small_050,nano,4,17,0
v2-origtest-mobilenet-nano,GeoTessera_v2,grid_orig_test,mobilenet,mobilenetv3_small_050,nano,5,1,11
v2-origtest-mobilenet-nano,GeoTessera_v2,grid_orig_test,mobilenet,mobilenetv3_small_050,nano,5,2,18
v2-origtest-mobilenet-nano,GeoTessera_v2,grid_orig_test,mobilenet,mobilenetv3_small_050,nano,5,3,47
v2-origtest-mobilenet-nano,GeoTessera_v2,grid_orig_test,mobilenet,mobilenetv3_small_050,nano,5,4,102
v2-origtest-mobilenet-nano,GeoTessera_v2,grid_orig_test,mobilenet,mobilenetv3_small_050,nano,5,5,481
v2-origtest-mobilenet-nano,GeoTessera_v2,grid_orig_test,mobilenet,mobilenetv3_small_050,nano,5,6,42
v2-origtest-mobilenet-nano,GeoTessera_v2,grid_orig_test,mobilenet,mobilenetv3_small_050,nano,5,7,1
v2-origtest-mobilenet-nano,GeoTessera_v2,grid_orig_test,mobilenet,mobilenetv3_small_050,nano,5,8,15
v2-origtest-mobilenet-nano,GeoTessera_v2,grid_orig_test,mobilenet,mobilenetv3_small_050,nano,5,9,33
v2-origtest-mobilenet-nano,GeoTessera_v2,grid_orig_test,mobilenet,mobilenetv3_small_050,nano,5,10,13
v2-origtest-mobilenet-nano,GeoTessera_v2,grid_orig_test,mobilenet,mobilenetv3_small_050,nano,5,11,0
v2-origtest-mobilenet-nano,GeoTessera_v2,grid_orig_test,mobilenet,mobilenetv3_small_050,nano,5,12,0
v2-origtest-mobilenet-nano,GeoTessera_v2,grid_orig_test,mobilenet,mobilenetv3_small_050,nano,5,13,0
v2-origtest-mobilenet-nano,GeoTessera_v2,grid_orig_test,mobilenet,mobilenetv3_small_050,nano,5,14,0
v2-origtest-mobilenet-nano,GeoTessera_v2,grid_orig_test,mobilenet,mobilenetv3_small_050,nano,5,15,0
v2-origtest-mobilenet-nano,GeoTessera_v2,grid_orig_test,mobilenet,mobilenetv3_small_050,nano,5,16,0
v2-origtest-mobilenet-nano,GeoTessera_v2,grid_orig_test,mobilenet,mobilenetv3_small_050,nano,5,17,0
v2-origtest-mobilenet-nano,GeoTessera_v2,grid_orig_test,mobilenet,mobilenetv3_small_050,nano,6,1,3
v2-origtest-mobilenet-nano,GeoTessera_v2,grid_orig_test,mobilenet,mobilenetv3_small_050,nano,6,2,0
v2-origtest-mobilenet-nano,GeoTessera_v2,grid_orig_test,mobilenet,mobilenetv3_small_050,nano,6,3,213
v2-origtest-mobilenet-nano,GeoTessera_v2,grid_orig_test,mobilenet,mobilenetv3_small_050,nano,6,4,9
v2-origtest-mobilenet-nano,GeoTessera_v2,grid_orig_test,mobilenet,mobilenetv3_small_050,nano,6,5,80
v2-origtest-mobilenet-nano,GeoTessera_v2,grid_orig_test,mobilenet,mobilenetv3_small_050,nano,6,6,1357
v2-origtest-mobilenet-nano,GeoTessera_v2,grid_orig_test,mobilenet,mobilenetv3_small_050,nano,6,7,11
v2-origtest-mobilenet-nano,GeoTessera_v2,grid_orig_test,mobilenet,mobilenetv3_small_050,nano,6,8,22
v2-origtest-mobilenet-nano,GeoTessera_v2,grid_orig_test,mobilenet,mobilenetv3_small_050,nano,6,9,235
v2-origtest-mobilenet-nano,GeoTessera_v2,grid_orig_test,mobilenet,mobilenetv3_small_050,nano,6,10,2
v2-origtest-mobilenet-nano,GeoTessera_v2,grid_orig_test,mobilenet,mobilenetv3_small_050,nano,6,11,0
v2-origtest-mobilenet-nano,GeoTessera_v2,grid_orig_test,mobilenet,mobilenetv3_small_050,nano,6,12,0
v2-origtest-mobilenet-nano,GeoTessera_v2,grid_orig_test,mobilenet,mobilenetv3_small_050,nano,6,13,0
v2-origtest-mobilenet-nano,GeoTessera_v2,grid_orig_test,mobilenet,mobilenetv3_small_050,nano,6,14,1
v2-origtest-mobilenet-nano,GeoTessera_v2,grid_orig_test,mobilenet,mobilenetv3_small_050,nano,6,15,0
v2-origtest-mobilenet-nano,GeoTessera_v2,grid_orig_test,mobilenet,mobilenetv3_small_050,nano,6,16,0
v2-origtest-mobilenet-nano,GeoTessera_v2,grid_orig_test,mobilenet,mobilenetv3_small_050,nano,6,17,3
v2-origtest-mobilenet-nano,GeoTessera_v2,grid_orig_test,mobilenet,mobilenetv3_small_050,nano,7,1,2
v2-origtest-mobilenet-nano,GeoTessera_v2,grid_orig_test,mobilenet,mobilenetv3_small_050,nano,7,2,38
v2-origtest-mobilenet-nano,GeoTessera_v2,grid_orig_test,mobilenet,mobilenetv3_small_050,nano,7,3,8
v2-origtest-mobilenet-nano,GeoTessera_v2,grid_orig_test,mobilenet,mobilenetv3_small_050,nano,7,4,3
v2-origtest-mobilenet-nano,GeoTessera_v2,grid_orig_test,mobilenet,mobilenetv3_small_050,nano,7,5,1
v2-origtest-mobilenet-nano,GeoTessera_v2,grid_orig_test,mobilenet,mobilenetv3_small_050,nano,7,6,0
v2-origtest-mobilenet-nano,GeoTessera_v2,grid_orig_test,mobilenet,mobilenetv3_small_050,nano,7,7,423
v2-origtest-mobilenet-nano,GeoTessera_v2,grid_orig_test,mobilenet,mobilenetv3_small_050,nano,7,8,7
v2-origtest-mobilenet-nano,GeoTessera_v2,grid_orig_test,mobilenet,mobilenetv3_small_050,nano,7,9,3
v2-origtest-mobilenet-nano,GeoTessera_v2,grid_orig_test,mobilenet,mobilenetv3_small_050,nano,7,10,18
v2-origtest-mobilenet-nano,GeoTessera_v2,grid_orig_test,mobilenet,mobilenetv3_small_050,nano,7,11,0
v2-origtest-mobilenet-nano,GeoTessera_v2,grid_orig_test,mobilenet,mobilenetv3_small_050,nano,7,12,0
v2-origtest-mobilenet-nano,GeoTessera_v2,grid_orig_test,mobilenet,mobilenetv3_small_050,nano,7,13,0
v2-origtest-mobilenet-nano,GeoTessera_v2,grid_orig_test,mobilenet,mobilenetv3_small_050,nano,7,14,0
v2-origtest-mobilenet-nano,GeoTessera_v2,grid_orig_test,mobilenet,mobilenetv3_small_050,nano,7,15,0
v2-origtest-mobilenet-nano,GeoTessera_v2,grid_orig_test,mobilenet,mobilenetv3_small_050,nano,7,16,0
v2-origtest-mobilenet-nano,GeoTessera_v2,grid_orig_test,mobilenet,mobilenetv3_small_050,nano,7,17,0
v2-origtest-mobilenet-nano,GeoTessera_v2,grid_orig_test,mobilenet,mobilenetv3_small_050,nano,8,1,23
v2-origtest-mobilenet-nano,GeoTessera_v2,grid_orig_test,mobilenet,mobilenetv3_small_050,nano,8,2,12
v2-origtest-mobilenet-nano,GeoTessera_v2,grid_orig_test,mobilenet,mobilenetv3_small_050,nano,8,3,10
v2-origtest-mobilenet-nano,GeoTessera_v2,grid_orig_test,mobilenet,mobilenetv3_small_050,nano,8,4,7
v2-origtest-mobilenet-nano,GeoTessera_v2,grid_orig_test,mobilenet,mobilenetv3_small_050,nano,8,5,16
v2-origtest-mobilenet-nano,GeoTessera_v2,grid_orig_test,mobilenet,mobilenetv3_small_050,nano,8,6,4
v2-origtest-mobilenet-nano,GeoTessera_v2,grid_orig_test,mobilenet,mobilenetv3_small_050,nano,8,7,6
v2-origtest-mobilenet-nano,GeoTessera_v2,grid_orig_test,mobilenet,mobilenetv3_small_050,nano,8,8,3203
v2-origtest-mobilenet-nano,GeoTessera_v2,grid_orig_test,mobilenet,mobilenetv3_small_050,nano,8,9,14
v2-origtest-mobilenet-nano,GeoTessera_v2,grid_orig_test,mobilenet,mobilenetv3_small_050,nano,8,10,185
v2-origtest-mobilenet-nano,GeoTessera_v2,grid_orig_test,mobilenet,mobilenetv3_small_050,nano,8,11,0
v2-origtest-mobilenet-nano,GeoTessera_v2,grid_orig_test,mobilenet,mobilenetv3_small_050,nano,8,12,1
v2-origtest-mobilenet-nano,GeoTessera_v2,grid_orig_test,mobilenet,mobilenetv3_small_050,nano,8,13,0
v2-origtest-mobilenet-nano,GeoTessera_v2,grid_orig_test,mobilenet,mobilenetv3_small_050,nano,8,14,6
v2-origtest-mobilenet-nano,GeoTessera_v2,grid_orig_test,mobilenet,mobilenetv3_small_050,nano,8,15,9
v2-origtest-mobilenet-nano,GeoTessera_v2,grid_orig_test,mobilenet,mobilenetv3_small_050,nano,8,16,0
v2-origtest-mobilenet-nano,GeoTessera_v2,grid_orig_test,mobilenet,mobilenetv3_small_050,nano,8,17,0
v2-origtest-mobilenet-nano,GeoTessera_v2,grid_orig_test,mobilenet,mobilenetv3_small_050,nano,9,1,2
v2-origtest-mobilenet-nano,GeoTessera_v2,grid_orig_test,mobilenet,mobilenetv3_small_050,nano,9,2,0
v2-origtest-mobilenet-nano,GeoTessera_v2,grid_orig_test,mobilenet,mobilenetv3_small_050,nano,9,3,16
v2-origtest-mobilenet-nano,GeoTessera_v2,grid_orig_test,mobilenet,mobilenetv3_small_050,nano,9,4,0
v2-origtest-mobilenet-nano,GeoTessera_v2,grid_orig_test,mobilenet,mobilenetv3_small_050,nano,9,5,22
v2-origtest-mobilenet-nano,GeoTessera_v2,grid_orig_test,mobilenet,mobilenetv3_small_050,nano,9,6,102
v2-origtest-mobilenet-nano,GeoTessera_v2,grid_orig_test,mobilenet,mobilenetv3_small_050,nano,9,7,3
v2-origtest-mobilenet-nano,GeoTessera_v2,grid_orig_test,mobilenet,mobilenetv3_small_050,nano,9,8,15
v2-origtest-mobilenet-nano,GeoTessera_v2,grid_orig_test,mobilenet,mobilenetv3_small_050,nano,9,9,1821
v2-origtest-mobilenet-nano,GeoTessera_v2,grid_orig_test,mobilenet,mobilenetv3_small_050,nano,9,10,0
v2-origtest-mobilenet-nano,GeoTessera_v2,grid_orig_test,mobilenet,mobilenetv3_small_050,nano,9,11,8
v2-origtest-mobilenet-nano,GeoTessera_v2,grid_orig_test,mobilenet,mobilenetv3_small_050,nano,9,12,10
v2-origtest-mobilenet-nano,GeoTessera_v2,grid_orig_test,mobilenet,mobilenetv3_small_050,nano,9,13,2
v2-origtest-mobilenet-nano,GeoTessera_v2,grid_orig_test,mobilenet,mobilenetv3_small_050,nano,9,14,5
v2-origtest-mobilenet-nano,GeoTessera_v2,grid_orig_test,mobilenet,mobilenetv3_small_050,nano,9,15,0
v2-origtest-mobilenet-nano,GeoTessera_v2,grid_orig_test,mobilenet,mobilenetv3_small_050,nano,9,16,0
v2-origtest-mobilenet-nano,GeoTessera_v2,grid_orig_test,mobilenet,mobilenetv3_small_050,nano,9,17,7
v2-origtest-mobilenet-nano,GeoTessera_v2,grid_orig_test,mobilenet,mobilenetv3_small_050,nano,10,1,5
v2-origtest-mobilenet-nano,GeoTessera_v2,grid_orig_test,mobilenet,mobilenetv3_small_050,nano,10,2,0
v2-origtest-mobilenet-nano,GeoTessera_v2,grid_orig_test,mobilenet,mobilenetv3_small_050,nano,10,3,1
v2-origtest-mobilenet-nano,GeoTessera_v2,grid_orig_test,mobilenet,mobilenetv3_small_050,nano,10,4,13
v2-origtest-mobilenet-nano,GeoTessera_v2,grid_orig_test,mobilenet,mobilenetv3_small_050,nano,10,5,10
v2-origtest-mobilenet-nano,GeoTessera_v2,grid_orig_test,mobilenet,mobilenetv3_small_050,nano,10,6,1
v2-origtest-mobilenet-nano,GeoTessera_v2,grid_orig_test,mobilenet,mobilenetv3_small_050,nano,10,7,0
v2-origtest-mobilenet-nano,GeoTessera_v2,grid_orig_test,mobilenet,mobilenetv3_small_050,nano,10,8,181
v2-origtest-mobilenet-nano,GeoTessera_v2,grid_orig_test,mobilenet,mobilenetv3_small_050,nano,10,9,6
v2-origtest-mobilenet-nano,GeoTessera_v2,grid_orig_test,mobilenet,mobilenetv3_small_050,nano,10,10,634
v2-origtest-mobilenet-nano,GeoTessera_v2,grid_orig_test,mobilenet,mobilenetv3_small_050,nano,10,11,0
v2-origtest-mobilenet-nano,GeoTessera_v2,grid_orig_test,mobilenet,mobilenetv3_small_050,nano,10,12,0
v2-origtest-mobilenet-nano,GeoTessera_v2,grid_orig_test,mobilenet,mobilenetv3_small_050,nano,10,13,20
v2-origtest-mobilenet-nano,GeoTessera_v2,grid_orig_test,mobilenet,mobilenetv3_small_050,nano,10,14,10
v2-origtest-mobilenet-nano,GeoTessera_v2,grid_orig_test,mobilenet,mobilenetv3_small_050,nano,10,15,20
v2-origtest-mobilenet-nano,GeoTessera_v2,grid_orig_test,mobilenet,mobilenetv3_small_050,nano,10,16,5
v2-origtest-mobilenet-nano,GeoTessera_v2,grid_orig_test,mobilenet,mobilenetv3_small_050,nano,10,17,2
v2-origtest-mobilenet-nano,GeoTessera_v2,grid_orig_test,mobilenet,mobilenetv3_small_050,nano,11,1,0
v2-origtest-mobilenet-nano,GeoTessera_v2,grid_orig_test,mobilenet,mobilenetv3_small_050,nano,11,2,0
v2-origtest-mobilenet-nano,GeoTessera_v2,grid_orig_test,mobilenet,mobilenetv3_small_050,nano,11,3,0
v2-origtest-mobilenet-nano,GeoTessera_v2,grid_orig_test,mobilenet,mobilenetv3_small_050,nano,11,4,12
v2-origtest-mobilenet-nano,GeoTessera_v2,grid_orig_test,mobilenet,mobilenetv3_small_050,nano,11,5,0
v2-origtest-mobilenet-nano,GeoTessera_v2,grid_orig_test,mobilenet,mobilenetv3_small_050,nano,11,6,0
v2-origtest-mobilenet-nano,GeoTessera_v2,grid_orig_test,mobilenet,mobilenetv3_small_050,nano,11,7,0
v2-origtest-mobilenet-nano,GeoTessera_v2,grid_orig_test,mobilenet,mobilenetv3_small_050,nano,11,8,0
v2-origtest-mobilenet-nano,GeoTessera_v2,grid_orig_test,mobilenet,mobilenetv3_small_050,nano,11,9,18
v2-origtest-mobilenet-nano,GeoTessera_v2,grid_orig_test,mobilenet,mobilenetv3_small_050,nano,11,10,0
v2-origtest-mobilenet-nano,GeoTessera_v2,grid_orig_test,mobilenet,mobilenetv3_small_050,nano,11,11,2238
v2-origtest-mobilenet-nano,GeoTessera_v2,grid_orig_test,mobilenet,mobilenetv3_small_050,nano,11,12,97
v2-origtest-mobilenet-nano,GeoTessera_v2,grid_orig_test,mobilenet,mobilenetv3_small_050,nano,11,13,1
v2-origtest-mobilenet-nano,GeoTessera_v2,grid_orig_test,mobilenet,mobilenetv3_small_050,nano,11,14,1
v2-origtest-mobilenet-nano,GeoTessera_v2,grid_orig_test,mobilenet,mobilenetv3_small_050,nano,11,15,1
v2-origtest-mobilenet-nano,GeoTessera_v2,grid_orig_test,mobilenet,mobilenetv3_small_050,nano,11,16,0
v2-origtest-mobilenet-nano,GeoTessera_v2,grid_orig_test,mobilenet,mobilenetv3_small_050,nano,11,17,0
v2-origtest-mobilenet-nano,GeoTessera_v2,grid_orig_test,mobilenet,mobilenetv3_small_050,nano,12,1,0
v2-origtest-mobilenet-nano,GeoTessera_v2,grid_orig_test,mobilenet,mobilenetv3_small_050,nano,12,2,0
v2-origtest-mobilenet-nano,GeoTessera_v2,grid_orig_test,mobilenet,mobilenetv3_small_050,nano,12,3,0
v2-origtest-mobilenet-nano,GeoTessera_v2,grid_orig_test,mobilenet,mobilenetv3_small_050,nano,12,4,0
v2-origtest-mobilenet-nano,GeoTessera_v2,grid_orig_test,mobilenet,mobilenetv3_small_050,nano,12,5,0
v2-origtest-mobilenet-nano,GeoTessera_v2,grid_orig_test,mobilenet,mobilenetv3_small_050,nano,12,6,1
v2-origtest-mobilenet-nano,GeoTessera_v2,grid_orig_test,mobilenet,mobilenetv3_small_050,nano,12,7,0
v2-origtest-mobilenet-nano,GeoTessera_v2,grid_orig_test,mobilenet,mobilenetv3_small_050,nano,12,8,1
v2-origtest-mobilenet-nano,GeoTessera_v2,grid_orig_test,mobilenet,mobilenetv3_small_050,nano,12,9,24
v2-origtest-mobilenet-nano,GeoTessera_v2,grid_orig_test,mobilenet,mobilenetv3_small_050,nano,12,10,0
v2-origtest-mobilenet-nano,GeoTessera_v2,grid_orig_test,mobilenet,mobilenetv3_small_050,nano,12,11,12
v2-origtest-mobilenet-nano,GeoTessera_v2,grid_orig_test,mobilenet,mobilenetv3_small_050,nano,12,12,275
v2-origtest-mobilenet-nano,GeoTessera_v2,grid_orig_test,mobilenet,mobilenetv3_small_050,nano,12,13,83
v2-origtest-mobilenet-nano,GeoTessera_v2,grid_orig_test,mobilenet,mobilenetv3_small_050,nano,12,14,29
v2-origtest-mobilenet-nano,GeoTessera_v2,grid_orig_test,mobilenet,mobilenetv3_small_050,nano,12,15,0
v2-origtest-mobilenet-nano,GeoTessera_v2,grid_orig_test,mobilenet,mobilenetv3_small_050,nano,12,16,1
v2-origtest-mobilenet-nano,GeoTessera_v2,grid_orig_test,mobilenet,mobilenetv3_small_050,nano,12,17,0
v2-origtest-mobilenet-nano,GeoTessera_v2,grid_orig_test,mobilenet,mobilenetv3_small_050,nano,13,1,0
v2-origtest-mobilenet-nano,GeoTessera_v2,grid_orig_test,mobilenet,mobilenetv3_small_050,nano,13,2,0
v2-origtest-mobilenet-nano,GeoTessera_v2,grid_orig_test,mobilenet,mobilenetv3_small_050,nano,13,3,0
v2-origtest-mobilenet-nano,GeoTessera_v2,grid_orig_test,mobilenet,mobilenetv3_small_050,nano,13,4,0
v2-origtest-mobilenet-nano,GeoTessera_v2,grid_orig_test,mobilenet,mobilenetv3_small_050,nano,13,5,0
v2-origtest-mobilenet-nano,GeoTessera_v2,grid_orig_test,mobilenet,mobilenetv3_small_050,nano,13,6,0
v2-origtest-mobilenet-nano,GeoTessera_v2,grid_orig_test,mobilenet,mobilenetv3_small_050,nano,13,7,0
v2-origtest-mobilenet-nano,GeoTessera_v2,grid_orig_test,mobilenet,mobilenetv3_small_050,nano,13,8,2
v2-origtest-mobilenet-nano,GeoTessera_v2,grid_orig_test,mobilenet,mobilenetv3_small_050,nano,13,9,0
v2-origtest-mobilenet-nano,GeoTessera_v2,grid_orig_test,mobilenet,mobilenetv3_small_050,nano,13,10,0
v2-origtest-mobilenet-nano,GeoTessera_v2,grid_orig_test,mobilenet,mobilenetv3_small_050,nano,13,11,7
v2-origtest-mobilenet-nano,GeoTessera_v2,grid_orig_test,mobilenet,mobilenetv3_small_050,nano,13,12,6
v2-origtest-mobilenet-nano,GeoTessera_v2,grid_orig_test,mobilenet,mobilenetv3_small_050,nano,13,13,1077
v2-origtest-mobilenet-nano,GeoTessera_v2,grid_orig_test,mobilenet,mobilenetv3_small_050,nano,13,14,7
v2-origtest-mobilenet-nano,GeoTessera_v2,grid_orig_test,mobilenet,mobilenetv3_small_050,nano,13,15,20
v2-origtest-mobilenet-nano,GeoTessera_v2,grid_orig_test,mobilenet,mobilenetv3_small_050,nano,13,16,47
v2-origtest-mobilenet-nano,GeoTessera_v2,grid_orig_test,mobilenet,mobilenetv3_small_050,nano,13,17,0
v2-origtest-mobilenet-nano,GeoTessera_v2,grid_orig_test,mobilenet,mobilenetv3_small_050,nano,14,1,0
v2-origtest-mobilenet-nano,GeoTessera_v2,grid_orig_test,mobilenet,mobilenetv3_small_050,nano,14,2,0
v2-origtest-mobilenet-nano,GeoTessera_v2,grid_orig_test,mobilenet,mobilenetv3_small_050,nano,14,3,0
v2-origtest-mobilenet-nano,GeoTessera_v2,grid_orig_test,mobilenet,mobilenetv3_small_050,nano,14,4,18
v2-origtest-mobilenet-nano,GeoTessera_v2,grid_orig_test,mobilenet,mobilenetv3_small_050,nano,14,5,0
v2-origtest-mobilenet-nano,GeoTessera_v2,grid_orig_test,mobilenet,mobilenetv3_small_050,nano,14,6,6
v2-origtest-mobilenet-nano,GeoTessera_v2,grid_orig_test,mobilenet,mobilenetv3_small_050,nano,14,7,0
v2-origtest-mobilenet-nano,GeoTessera_v2,grid_orig_test,mobilenet,mobilenetv3_small_050,nano,14,8,0
v2-origtest-mobilenet-nano,GeoTessera_v2,grid_orig_test,mobilenet,mobilenetv3_small_050,nano,14,9,37
v2-origtest-mobilenet-nano,GeoTessera_v2,grid_orig_test,mobilenet,mobilenetv3_small_050,nano,14,10,27
v2-origtest-mobilenet-nano,GeoTessera_v2,grid_orig_test,mobilenet,mobilenetv3_small_050,nano,14,11,3
v2-origtest-mobilenet-nano,GeoTessera_v2,grid_orig_test,mobilenet,mobilenetv3_small_050,nano,14,12,21
v2-origtest-mobilenet-nano,GeoTessera_v2,grid_orig_test,mobilenet,mobilenetv3_small_050,nano,14,13,5
v2-origtest-mobilenet-nano,GeoTessera_v2,grid_orig_test,mobilenet,mobilenetv3_small_050,nano,14,14,2233
v2-origtest-mobilenet-nano,GeoTessera_v2,grid_orig_test,mobilenet,mobilenetv3_small_050,nano,14,15,1
v2-origtest-mobilenet-nano,GeoTessera_v2,grid_orig_test,mobilenet,mobilenetv3_small_050,nano,14,16,81
v2-origtest-mobilenet-nano,GeoTessera_v2,grid_orig_test,mobilenet,mobilenetv3_small_050,nano,14,17,3
v2-origtest-mobilenet-nano,GeoTessera_v2,grid_orig_test,mobilenet,mobilenetv3_small_050,nano,15,1,0
v2-origtest-mobilenet-nano,GeoTessera_v2,grid_orig_test,mobilenet,mobilenetv3_small_050,nano,15,2,0
v2-origtest-mobilenet-nano,GeoTessera_v2,grid_orig_test,mobilenet,mobilenetv3_small_050,nano,15,3,0
v2-origtest-mobilenet-nano,GeoTessera_v2,grid_orig_test,mobilenet,mobilenetv3_small_050,nano,15,4,0
v2-origtest-mobilenet-nano,GeoTessera_v2,grid_orig_test,mobilenet,mobilenetv3_small_050,nano,15,5,0
v2-origtest-mobilenet-nano,GeoTessera_v2,grid_orig_test,mobilenet,mobilenetv3_small_050,nano,15,6,0
v2-origtest-mobilenet-nano,GeoTessera_v2,grid_orig_test,mobilenet,mobilenetv3_small_050,nano,15,7,0
v2-origtest-mobilenet-nano,GeoTessera_v2,grid_orig_test,mobilenet,mobilenetv3_small_050,nano,15,8,12
v2-origtest-mobilenet-nano,GeoTessera_v2,grid_orig_test,mobilenet,mobilenetv3_small_050,nano,15,9,0
v2-origtest-mobilenet-nano,GeoTessera_v2,grid_orig_test,mobilenet,mobilenetv3_small_050,nano,15,10,3
v2-origtest-mobilenet-nano,GeoTessera_v2,grid_orig_test,mobilenet,mobilenetv3_small_050,nano,15,11,0
v2-origtest-mobilenet-nano,GeoTessera_v2,grid_orig_test,mobilenet,mobilenetv3_small_050,nano,15,12,0
v2-origtest-mobilenet-nano,GeoTessera_v2,grid_orig_test,mobilenet,mobilenetv3_small_050,nano,15,13,0
v2-origtest-mobilenet-nano,GeoTessera_v2,grid_orig_test,mobilenet,mobilenetv3_small_050,nano,15,14,0
v2-origtest-mobilenet-nano,GeoTessera_v2,grid_orig_test,mobilenet,mobilenetv3_small_050,nano,15,15,189
v2-origtest-mobilenet-nano,GeoTessera_v2,grid_orig_test,mobilenet,mobilenetv3_small_050,nano,15,16,1
v2-origtest-mobilenet-nano,GeoTessera_v2,grid_orig_test,mobilenet,mobilenetv3_small_050,nano,15,17,0
v2-origtest-mobilenet-nano,GeoTessera_v2,grid_orig_test,mobilenet,mobilenetv3_small_050,nano,16,1,0
v2-origtest-mobilenet-nano,GeoTessera_v2,grid_orig_test,mobilenet,mobilenetv3_small_050,nano,16,2,0
v2-origtest-mobilenet-nano,GeoTessera_v2,grid_orig_test,mobilenet,mobilenetv3_small_050,nano,16,3,0
v2-origtest-mobilenet-nano,GeoTessera_v2,grid_orig_test,mobilenet,mobilenetv3_small_050,nano,16,4,0
v2-origtest-mobilenet-nano,GeoTessera_v2,grid_orig_test,mobilenet,mobilenetv3_small_050,nano,16,5,0
v2-origtest-mobilenet-nano,GeoTessera_v2,grid_orig_test,mobilenet,mobilenetv3_small_050,nano,16,6,0
v2-origtest-mobilenet-nano,GeoTessera_v2,grid_orig_test,mobilenet,mobilenetv3_small_050,nano,16,7,0
v2-origtest-mobilenet-nano,GeoTessera_v2,grid_orig_test,mobilenet,mobilenetv3_small_050,nano,16,8,0
v2-origtest-mobilenet-nano,GeoTessera_v2,grid_orig_test,mobilenet,mobilenetv3_small_050,nano,16,9,22
v2-origtest-mobilenet-nano,GeoTessera_v2,grid_orig_test,mobilenet,mobilenetv3_small_050,nano,16,10,5
v2-origtest-mobilenet-nano,GeoTessera_v2,grid_orig_test,mobilenet,mobilenetv3_small_050,nano,16,11,0
v2-origtest-mobilenet-nano,GeoTessera_v2,grid_orig_test,mobilenet,mobilenetv3_small_050,nano,16,12,0
v2-origtest-mobilenet-nano,GeoTessera_v2,grid_orig_test,mobilenet,mobilenetv3_small_050,nano,16,13,81
v2-origtest-mobilenet-nano,GeoTessera_v2,grid_orig_test,mobilenet,mobilenetv3_small_050,nano,16,14,9
v2-origtest-mobilenet-nano,GeoTessera_v2,grid_orig_test,mobilenet,mobilenetv3_small_050,nano,16,15,73
v2-origtest-mobilenet-nano,GeoTessera_v2,grid_orig_test,mobilenet,mobilenetv3_small_050,nano,16,16,381
v2-origtest-mobilenet-nano,GeoTessera_v2,grid_orig_test,mobilenet,mobilenetv3_small_050,nano,16,17,0
v2-origtest-mobilenet-nano,GeoTessera_v2,grid_orig_test,mobilenet,mobilenetv3_small_050,nano,17,1,1
v2-origtest-mobilenet-nano,GeoTessera_v2,grid_orig_test,mobilenet,mobilenetv3_small_050,nano,17,2,0
v2-origtest-mobilenet-nano,GeoTessera_v2,grid_orig_test,mobilenet,mobilenetv3_small_050,nano,17,3,0
v2-origtest-mobilenet-nano,GeoTessera_v2,grid_orig_test,mobilenet,mobilenetv3_small_050,nano,17,4,0
v2-origtest-mobilenet-nano,GeoTessera_v2,grid_orig_test,mobilenet,mobilenetv3_small_050,nano,17,5,1
v2-origtest-mobilenet-nano,GeoTessera_v2,grid_orig_test,mobilenet,mobilenetv3_small_050,nano,17,6,0
v2-origtest-mobilenet-nano,GeoTessera_v2,grid_orig_test,mobilenet,mobilenetv3_small_050,nano,17,7,0
v2-origtest-mobilenet-nano,GeoTessera_v2,grid_orig_test,mobilenet,mobilenetv3_small_050,nano,17,8,4
v2-origtest-mobilenet-nano,GeoTessera_v2,grid_orig_test,mobilenet,mobilenetv3_small_050,nano,17,9,4
v2-origtest-mobilenet-nano,GeoTessera_v2,grid_orig_test,mobilenet,mobilenetv3_small_050,nano,17,10,3
v2-origtest-mobilenet-nano,GeoTessera_v2,grid_orig_test,mobilenet,mobilenetv3_small_050,nano,17,11,0
v2-origtest-mobilenet-nano,GeoTessera_v2,grid_orig_test,mobilenet,mobilenetv3_small_050,nano,17,12,0
v2-origtest-mobilenet-nano,GeoTessera_v2,grid_orig_test,mobilenet,mobilenetv3_small_050,nano,17,13,0
v2-origtest-mobilenet-nano,GeoTessera_v2,grid_orig_test,mobilenet,mobilenetv3_small_050,nano,17,14,15
v2-origtest-mobilenet-nano,GeoTessera_v2,grid_orig_test,mobilenet,mobilenetv3_small_050,nano,17,15,0
v2-origtest-mobilenet-nano,GeoTessera_v2,grid_orig_test,mobilenet,mobilenetv3_small_050,nano,17,16,1
v2-origtest-mobilenet-nano,GeoTessera_v2,grid_orig_test,mobilenet,mobilenetv3_small_050,nano,17,17,2175
v2-origtest-mobilenet-small,GeoTessera_v2,grid_orig_test,mobilenet,mobilenetv3_small_100,small,1,1,196
v2-origtest-mobilenet-small,GeoTessera_v2,grid_orig_test,mobilenet,mobilenetv3_small_100,small,1,2,11
v2-origtest-mobilenet-small,GeoTessera_v2,grid_orig_test,mobilenet,mobilenetv3_small_100,small,1,3,1
v2-origtest-mobilenet-small,GeoTessera_v2,grid_orig_test,mobilenet,mobilenetv3_small_100,small,1,4,42
v2-origtest-mobilenet-small,GeoTessera_v2,grid_orig_test,mobilenet,mobilenetv3_small_100,small,1,5,1
v2-origtest-mobilenet-small,GeoTessera_v2,grid_orig_test,mobilenet,mobilenetv3_small_100,small,1,6,0
v2-origtest-mobilenet-small,GeoTessera_v2,grid_orig_test,mobilenet,mobilenetv3_small_100,small,1,7,1
v2-origtest-mobilenet-small,GeoTessera_v2,grid_orig_test,mobilenet,mobilenetv3_small_100,small,1,8,6
v2-origtest-mobilenet-small,GeoTessera_v2,grid_orig_test,mobilenet,mobilenetv3_small_100,small,1,9,0
v2-origtest-mobilenet-small,GeoTessera_v2,grid_orig_test,mobilenet,mobilenetv3_small_100,small,1,10,8
v2-origtest-mobilenet-small,GeoTessera_v2,grid_orig_test,mobilenet,mobilenetv3_small_100,small,1,11,0
v2-origtest-mobilenet-small,GeoTessera_v2,grid_orig_test,mobilenet,mobilenetv3_small_100,small,1,12,0
v2-origtest-mobilenet-small,GeoTessera_v2,grid_orig_test,mobilenet,mobilenetv3_small_100,small,1,13,0
v2-origtest-mobilenet-small,GeoTessera_v2,grid_orig_test,mobilenet,mobilenetv3_small_100,small,1,14,0
v2-origtest-mobilenet-small,GeoTessera_v2,grid_orig_test,mobilenet,mobilenetv3_small_100,small,1,15,0
v2-origtest-mobilenet-small,GeoTessera_v2,grid_orig_test,mobilenet,mobilenetv3_small_100,small,1,16,0
v2-origtest-mobilenet-small,GeoTessera_v2,grid_orig_test,mobilenet,mobilenetv3_small_100,small,1,17,0
v2-origtest-mobilenet-small,GeoTessera_v2,grid_orig_test,mobilenet,mobilenetv3_small_100,small,2,1,38
v2-origtest-mobilenet-small,GeoTessera_v2,grid_orig_test,mobilenet,mobilenetv3_small_100,small,2,2,886
v2-origtest-mobilenet-small,GeoTessera_v2,grid_orig_test,mobilenet,mobilenetv3_small_100,small,2,3,41
v2-origtest-mobilenet-small,GeoTessera_v2,grid_orig_test,mobilenet,mobilenetv3_small_100,small,2,4,20
v2-origtest-mobilenet-small,GeoTessera_v2,grid_orig_test,mobilenet,mobilenetv3_small_100,small,2,5,66
v2-origtest-mobilenet-small,GeoTessera_v2,grid_orig_test,mobilenet,mobilenetv3_small_100,small,2,6,4
v2-origtest-mobilenet-small,GeoTessera_v2,grid_orig_test,mobilenet,mobilenetv3_small_100,small,2,7,97
v2-origtest-mobilenet-small,GeoTessera_v2,grid_orig_test,mobilenet,mobilenetv3_small_100,small,2,8,84
v2-origtest-mobilenet-small,GeoTessera_v2,grid_orig_test,mobilenet,mobilenetv3_small_100,small,2,9,0
v2-origtest-mobilenet-small,GeoTessera_v2,grid_orig_test,mobilenet,mobilenetv3_small_100,small,2,10,15
v2-origtest-mobilenet-small,GeoTessera_v2,grid_orig_test,mobilenet,mobilenetv3_small_100,small,2,11,0
v2-origtest-mobilenet-small,GeoTessera_v2,grid_orig_test,mobilenet,mobilenetv3_small_100,small,2,12,0
v2-origtest-mobilenet-small,GeoTessera_v2,grid_orig_test,mobilenet,mobilenetv3_small_100,small,2,13,0
v2-origtest-mobilenet-small,GeoTessera_v2,grid_orig_test,mobilenet,mobilenetv3_small_100,small,2,14,0
v2-origtest-mobilenet-small,GeoTessera_v2,grid_orig_test,mobilenet,mobilenetv3_small_100,small,2,15,0
v2-origtest-mobilenet-small,GeoTessera_v2,grid_orig_test,mobilenet,mobilenetv3_small_100,small,2,16,0
v2-origtest-mobilenet-small,GeoTessera_v2,grid_orig_test,mobilenet,mobilenetv3_small_100,small,2,17,0
v2-origtest-mobilenet-small,GeoTessera_v2,grid_orig_test,mobilenet,mobilenetv3_small_100,small,3,1,9
v2-origtest-mobilenet-small,GeoTessera_v2,grid_orig_test,mobilenet,mobilenetv3_small_100,small,3,2,72
v2-origtest-mobilenet-small,GeoTessera_v2,grid_orig_test,mobilenet,mobilenetv3_small_100,small,3,3,1973
v2-origtest-mobilenet-small,GeoTessera_v2,grid_orig_test,mobilenet,mobilenetv3_small_100,small,3,4,2
v2-origtest-mobilenet-small,GeoTessera_v2,grid_orig_test,mobilenet,mobilenetv3_small_100,small,3,5,37
v2-origtest-mobilenet-small,GeoTessera_v2,grid_orig_test,mobilenet,mobilenetv3_small_100,small,3,6,225
v2-origtest-mobilenet-small,GeoTessera_v2,grid_orig_test,mobilenet,mobilenetv3_small_100,small,3,7,128
v2-origtest-mobilenet-small,GeoTessera_v2,grid_orig_test,mobilenet,mobilenetv3_small_100,small,3,8,12
v2-origtest-mobilenet-small,GeoTessera_v2,grid_orig_test,mobilenet,mobilenetv3_small_100,small,3,9,4
v2-origtest-mobilenet-small,GeoTessera_v2,grid_orig_test,mobilenet,mobilenetv3_small_100,small,3,10,1
v2-origtest-mobilenet-small,GeoTessera_v2,grid_orig_test,mobilenet,mobilenetv3_small_100,small,3,11,0
v2-origtest-mobilenet-small,GeoTessera_v2,grid_orig_test,mobilenet,mobilenetv3_small_100,small,3,12,0
v2-origtest-mobilenet-small,GeoTessera_v2,grid_orig_test,mobilenet,mobilenetv3_small_100,small,3,13,0
v2-origtest-mobilenet-small,GeoTessera_v2,grid_orig_test,mobilenet,mobilenetv3_small_100,small,3,14,2
v2-origtest-mobilenet-small,GeoTessera_v2,grid_orig_test,mobilenet,mobilenetv3_small_100,small,3,15,0
v2-origtest-mobilenet-small,GeoTessera_v2,grid_orig_test,mobilenet,mobilenetv3_small_100,small,3,16,0
v2-origtest-mobilenet-small,GeoTessera_v2,grid_orig_test,mobilenet,mobilenetv3_small_100,small,3,17,0
v2-origtest-mobilenet-small,GeoTessera_v2,grid_orig_test,mobilenet,mobilenetv3_small_100,small,4,1,23
v2-origtest-mobilenet-small,GeoTessera_v2,grid_orig_test,mobilenet,mobilenetv3_small_100,small,4,2,14
v2-origtest-mobilenet-small,GeoTessera_v2,grid_orig_test,mobilenet,mobilenetv3_small_100,small,4,3,0
v2-origtest-mobilenet-small,GeoTessera_v2,grid_orig_test,mobilenet,mobilenetv3_small_100,small,4,4,708
v2-origtest-mobilenet-small,GeoTessera_v2,grid_orig_test,mobilenet,mobilenetv3_small_100,small,4,5,71
v2-origtest-mobilenet-small,GeoTessera_v2,grid_orig_test,mobilenet,mobilenetv3_small_100,small,4,6,2
v2-origtest-mobilenet-small,GeoTessera_v2,grid_orig_test,mobilenet,mobilenetv3_small_100,small,4,7,1
v2-origtest-mobilenet-small,GeoTessera_v2,grid_orig_test,mobilenet,mobilenetv3_small_100,small,4,8,2
v2-origtest-mobilenet-small,GeoTessera_v2,grid_orig_test,mobilenet,mobilenetv3_small_100,small,4,9,1
v2-origtest-mobilenet-small,GeoTessera_v2,grid_orig_test,mobilenet,mobilenetv3_small_100,small,4,10,33
v2-origtest-mobilenet-small,GeoTessera_v2,grid_orig_test,mobilenet,mobilenetv3_small_100,small,4,11,0
v2-origtest-mobilenet-small,GeoTessera_v2,grid_orig_test,mobilenet,mobilenetv3_small_100,small,4,12,1
v2-origtest-mobilenet-small,GeoTessera_v2,grid_orig_test,mobilenet,mobilenetv3_small_100,small,4,13,1
v2-origtest-mobilenet-small,GeoTessera_v2,grid_orig_test,mobilenet,mobilenetv3_small_100,small,4,14,0
v2-origtest-mobilenet-small,GeoTessera_v2,grid_orig_test,mobilenet,mobilenetv3_small_100,small,4,15,0
v2-origtest-mobilenet-small,GeoTessera_v2,grid_orig_test,mobilenet,mobilenetv3_small_100,small,4,16,0
v2-origtest-mobilenet-small,GeoTessera_v2,grid_orig_test,mobilenet,mobilenetv3_small_100,small,4,17,0
v2-origtest-mobilenet-small,GeoTessera_v2,grid_orig_test,mobilenet,mobilenetv3_small_100,small,5,1,8
v2-origtest-mobilenet-small,GeoTessera_v2,grid_orig_test,mobilenet,mobilenetv3_small_100,small,5,2,10
v2-origtest-mobilenet-small,GeoTessera_v2,grid_orig_test,mobilenet,mobilenetv3_small_100,small,5,3,57
v2-origtest-mobilenet-small,GeoTessera_v2,grid_orig_test,mobilenet,mobilenetv3_small_100,small,5,4,77
v2-origtest-mobilenet-small,GeoTessera_v2,grid_orig_test,mobilenet,mobilenetv3_small_100,small,5,5,554
v2-origtest-mobilenet-small,GeoTessera_v2,grid_orig_test,mobilenet,mobilenetv3_small_100,small,5,6,16
v2-origtest-mobilenet-small,GeoTessera_v2,grid_orig_test,mobilenet,mobilenetv3_small_100,small,5,7,1
v2-origtest-mobilenet-small,GeoTessera_v2,grid_orig_test,mobilenet,mobilenetv3_small_100,small,5,8,7
v2-origtest-mobilenet-small,GeoTessera_v2,grid_orig_test,mobilenet,mobilenetv3_small_100,small,5,9,25
v2-origtest-mobilenet-small,GeoTessera_v2,grid_orig_test,mobilenet,mobilenetv3_small_100,small,5,10,7
v2-origtest-mobilenet-small,GeoTessera_v2,grid_orig_test,mobilenet,mobilenetv3_small_100,small,5,11,0
v2-origtest-mobilenet-small,GeoTessera_v2,grid_orig_test,mobilenet,mobilenetv3_small_100,small,5,12,1
v2-origtest-mobilenet-small,GeoTessera_v2,grid_orig_test,mobilenet,mobilenetv3_small_100,small,5,13,0
v2-origtest-mobilenet-small,GeoTessera_v2,grid_orig_test,mobilenet,mobilenetv3_small_100,small,5,14,0
v2-origtest-mobilenet-small,GeoTessera_v2,grid_orig_test,mobilenet,mobilenetv3_small_100,small,5,15,0
v2-origtest-mobilenet-small,GeoTessera_v2,grid_orig_test,mobilenet,mobilenetv3_small_100,small,5,16,0
v2-origtest-mobilenet-small,GeoTessera_v2,grid_orig_test,mobilenet,mobilenetv3_small_100,small,5,17,0
v2-origtest-mobilenet-small,GeoTessera_v2,grid_orig_test,mobilenet,mobilenetv3_small_100,small,6,1,5
v2-origtest-mobilenet-small,GeoTessera_v2,grid_orig_test,mobilenet,mobilenetv3_small_100,small,6,2,6
v2-origtest-mobilenet-small,GeoTessera_v2,grid_orig_test,mobilenet,mobilenetv3_small_100,small,6,3,270
v2-origtest-mobilenet-small,GeoTessera_v2,grid_orig_test,mobilenet,mobilenetv3_small_100,small,6,4,7
v2-origtest-mobilenet-small,GeoTessera_v2,grid_orig_test,mobilenet,mobilenetv3_small_100,small,6,5,185
v2-origtest-mobilenet-small,GeoTessera_v2,grid_orig_test,mobilenet,mobilenetv3_small_100,small,6,6,1280
v2-origtest-mobilenet-small,GeoTessera_v2,grid_orig_test,mobilenet,mobilenetv3_small_100,small,6,7,2
v2-origtest-mobilenet-small,GeoTessera_v2,grid_orig_test,mobilenet,mobilenetv3_small_100,small,6,8,19
v2-origtest-mobilenet-small,GeoTessera_v2,grid_orig_test,mobilenet,mobilenetv3_small_100,small,6,9,149
v2-origtest-mobilenet-small,GeoTessera_v2,grid_orig_test,mobilenet,mobilenetv3_small_100,small,6,10,2
v2-origtest-mobilenet-small,GeoTessera_v2,grid_orig_test,mobilenet,mobilenetv3_small_100,small,6,11,0
v2-origtest-mobilenet-small,GeoTessera_v2,grid_orig_test,mobilenet,mobilenetv3_small_100,small,6,12,0
v2-origtest-mobilenet-small,GeoTessera_v2,grid_orig_test,mobilenet,mobilenetv3_small_100,small,6,13,3
v2-origtest-mobilenet-small,GeoTessera_v2,grid_orig_test,mobilenet,mobilenetv3_small_100,small,6,14,7
v2-origtest-mobilenet-small,GeoTessera_v2,grid_orig_test,mobilenet,mobilenetv3_small_100,small,6,15,0
v2-origtest-mobilenet-small,GeoTessera_v2,grid_orig_test,mobilenet,mobilenetv3_small_100,small,6,16,0
v2-origtest-mobilenet-small,GeoTessera_v2,grid_orig_test,mobilenet,mobilenetv3_small_100,small,6,17,1
v2-origtest-mobilenet-small,GeoTessera_v2,grid_orig_test,mobilenet,mobilenetv3_small_100,small,7,1,2
v2-origtest-mobilenet-small,GeoTessera_v2,grid_orig_test,mobilenet,mobilenetv3_small_100,small,7,2,32
v2-origtest-mobilenet-small,GeoTessera_v2,grid_orig_test,mobilenet,mobilenetv3_small_100,small,7,3,14
v2-origtest-mobilenet-small,GeoTessera_v2,grid_orig_test,mobilenet,mobilenetv3_small_100,small,7,4,3
v2-origtest-mobilenet-small,GeoTessera_v2,grid_orig_test,mobilenet,mobilenetv3_small_100,small,7,5,3
v2-origtest-mobilenet-small,GeoTessera_v2,grid_orig_test,mobilenet,mobilenetv3_small_100,small,7,6,0
v2-origtest-mobilenet-small,GeoTessera_v2,grid_orig_test,mobilenet,mobilenetv3_small_100,small,7,7,435
v2-origtest-mobilenet-small,GeoTessera_v2,grid_orig_test,mobilenet,mobilenetv3_small_100,small,7,8,8
v2-origtest-mobilenet-small,GeoTessera_v2,grid_orig_test,mobilenet,mobilenetv3_small_100,small,7,9,0
v2-origtest-mobilenet-small,GeoTessera_v2,grid_orig_test,mobilenet,mobilenetv3_small_100,small,7,10,6
v2-origtest-mobilenet-small,GeoTessera_v2,grid_orig_test,mobilenet,mobilenetv3_small_100,small,7,11,0
v2-origtest-mobilenet-small,GeoTessera_v2,grid_orig_test,mobilenet,mobilenetv3_small_100,small,7,12,0
v2-origtest-mobilenet-small,GeoTessera_v2,grid_orig_test,mobilenet,mobilenetv3_small_100,small,7,13,0
v2-origtest-mobilenet-small,GeoTessera_v2,grid_orig_test,mobilenet,mobilenetv3_small_100,small,7,14,0
v2-origtest-mobilenet-small,GeoTessera_v2,grid_orig_test,mobilenet,mobilenetv3_small_100,small,7,15,0
v2-origtest-mobilenet-small,GeoTessera_v2,grid_orig_test,mobilenet,mobilenetv3_small_100,small,7,16,0
v2-origtest-mobilenet-small,GeoTessera_v2,grid_orig_test,mobilenet,mobilenetv3_small_100,small,7,17,0
v2-origtest-mobilenet-small,GeoTessera_v2,grid_orig_test,mobilenet,mobilenetv3_small_100,small,8,1,23
v2-origtest-mobilenet-small,GeoTessera_v2,grid_orig_test,mobilenet,mobilenetv3_small_100,small,8,2,8
v2-origtest-mobilenet-small,GeoTessera_v2,grid_orig_test,mobilenet,mobilenetv3_small_100,small,8,3,20
v2-origtest-mobilenet-small,GeoTessera_v2,grid_orig_test,mobilenet,mobilenetv3_small_100,small,8,4,2
v2-origtest-mobilenet-small,GeoTessera_v2,grid_orig_test,mobilenet,mobilenetv3_small_100,small,8,5,18
v2-origtest-mobilenet-small,GeoTessera_v2,grid_orig_test,mobilenet,mobilenetv3_small_100,small,8,6,5
v2-origtest-mobilenet-small,GeoTessera_v2,grid_orig_test,mobilenet,mobilenetv3_small_100,small,8,7,19
v2-origtest-mobilenet-small,GeoTessera_v2,grid_orig_test,mobilenet,mobilenetv3_small_100,small,8,8,3083
v2-origtest-mobilenet-small,GeoTessera_v2,grid_orig_test,mobilenet,mobilenetv3_small_100,small,8,9,10
v2-origtest-mobilenet-small,GeoTessera_v2,grid_orig_test,mobilenet,mobilenetv3_small_100,small,8,10,286
v2-origtest-mobilenet-small,GeoTessera_v2,grid_orig_test,mobilenet,mobilenetv3_small_100,small,8,11,0
v2-origtest-mobilenet-small,GeoTessera_v2,grid_orig_test,mobilenet,mobilenetv3_small_100,small,8,12,0
v2-origtest-mobilenet-small,GeoTessera_v2,grid_orig_test,mobilenet,mobilenetv3_small_100,small,8,13,0
v2-origtest-mobilenet-small,GeoTessera_v2,grid_orig_test,mobilenet,mobilenetv3_small_100,small,8,14,5
v2-origtest-mobilenet-small,GeoTessera_v2,grid_orig_test,mobilenet,mobilenetv3_small_100,small,8,15,15
v2-origtest-mobilenet-small,GeoTessera_v2,grid_orig_test,mobilenet,mobilenetv3_small_100,small,8,16,0
v2-origtest-mobilenet-small,GeoTessera_v2,grid_orig_test,mobilenet,mobilenetv3_small_100,small,8,17,2
v2-origtest-mobilenet-small,GeoTessera_v2,grid_orig_test,mobilenet,mobilenetv3_small_100,small,9,1,0
v2-origtest-mobilenet-small,GeoTessera_v2,grid_orig_test,mobilenet,mobilenetv3_small_100,small,9,2,0
v2-origtest-mobilenet-small,GeoTessera_v2,grid_orig_test,mobilenet,mobilenetv3_small_100,small,9,3,34
v2-origtest-mobilenet-small,GeoTessera_v2,grid_orig_test,mobilenet,mobilenetv3_small_100,small,9,4,12
v2-origtest-mobilenet-small,GeoTessera_v2,grid_orig_test,mobilenet,mobilenetv3_small_100,small,9,5,36
v2-origtest-mobilenet-small,GeoTessera_v2,grid_orig_test,mobilenet,mobilenetv3_small_100,small,9,6,92
v2-origtest-mobilenet-small,GeoTessera_v2,grid_orig_test,mobilenet,mobilenetv3_small_100,small,9,7,3
v2-origtest-mobilenet-small,GeoTessera_v2,grid_orig_test,mobilenet,mobilenetv3_small_100,small,9,8,10
v2-origtest-mobilenet-small,GeoTessera_v2,grid_orig_test,mobilenet,mobilenetv3_small_100,small,9,9,1792
v2-origtest-mobilenet-small,GeoTessera_v2,grid_orig_test,mobilenet,mobilenetv3_small_100,small,9,10,2
v2-origtest-mobilenet-small,GeoTessera_v2,grid_orig_test,mobilenet,mobilenetv3_small_100,small,9,11,11
v2-origtest-mobilenet-small,GeoTessera_v2,grid_orig_test,mobilenet,mobilenetv3_small_100,small,9,12,13
v2-origtest-mobilenet-small,GeoTessera_v2,grid_orig_test,mobilenet,mobilenetv3_small_100,small,9,13,0
v2-origtest-mobilenet-small,GeoTessera_v2,grid_orig_test,mobilenet,mobilenetv3_small_100,small,9,14,5
v2-origtest-mobilenet-small,GeoTessera_v2,grid_orig_test,mobilenet,mobilenetv3_small_100,small,9,15,0
v2-origtest-mobilenet-small,GeoTessera_v2,grid_orig_test,mobilenet,mobilenetv3_small_100,small,9,16,1
v2-origtest-mobilenet-small,GeoTessera_v2,grid_orig_test,mobilenet,mobilenetv3_small_100,small,9,17,2
v2-origtest-mobilenet-small,GeoTessera_v2,grid_orig_test,mobilenet,mobilenetv3_small_100,small,10,1,2
v2-origtest-mobilenet-small,GeoTessera_v2,grid_orig_test,mobilenet,mobilenetv3_small_100,small,10,2,0
v2-origtest-mobilenet-small,GeoTessera_v2,grid_orig_test,mobilenet,mobilenetv3_small_100,small,10,3,1
v2-origtest-mobilenet-small,GeoTessera_v2,grid_orig_test,mobilenet,mobilenetv3_small_100,small,10,4,7
v2-origtest-mobilenet-small,GeoTessera_v2,grid_orig_test,mobilenet,mobilenetv3_small_100,small,10,5,8
v2-origtest-mobilenet-small,GeoTessera_v2,grid_orig_test,mobilenet,mobilenetv3_small_100,small,10,6,3
v2-origtest-mobilenet-small,GeoTessera_v2,grid_orig_test,mobilenet,mobilenetv3_small_100,small,10,7,0
v2-origtest-mobilenet-small,GeoTessera_v2,grid_orig_test,mobilenet,mobilenetv3_small_100,small,10,8,134
v2-origtest-mobilenet-small,GeoTessera_v2,grid_orig_test,mobilenet,mobilenetv3_small_100,small,10,9,9
v2-origtest-mobilenet-small,GeoTessera_v2,grid_orig_test,mobilenet,mobilenetv3_small_100,small,10,10,693
v2-origtest-mobilenet-small,GeoTessera_v2,grid_orig_test,mobilenet,mobilenetv3_small_100,small,10,11,0
v2-origtest-mobilenet-small,GeoTessera_v2,grid_orig_test,mobilenet,mobilenetv3_small_100,small,10,12,0
v2-origtest-mobilenet-small,GeoTessera_v2,grid_orig_test,mobilenet,mobilenetv3_small_100,small,10,13,19
v2-origtest-mobilenet-small,GeoTessera_v2,grid_orig_test,mobilenet,mobilenetv3_small_100,small,10,14,13
v2-origtest-mobilenet-small,GeoTessera_v2,grid_orig_test,mobilenet,mobilenetv3_small_100,small,10,15,4
v2-origtest-mobilenet-small,GeoTessera_v2,grid_orig_test,mobilenet,mobilenetv3_small_100,small,10,16,13
v2-origtest-mobilenet-small,GeoTessera_v2,grid_orig_test,mobilenet,mobilenetv3_small_100,small,10,17,2
v2-origtest-mobilenet-small,GeoTessera_v2,grid_orig_test,mobilenet,mobilenetv3_small_100,small,11,1,0
v2-origtest-mobilenet-small,GeoTessera_v2,grid_orig_test,mobilenet,mobilenetv3_small_100,small,11,2,0
v2-origtest-mobilenet-small,GeoTessera_v2,grid_orig_test,mobilenet,mobilenetv3_small_100,small,11,3,0
v2-origtest-mobilenet-small,GeoTessera_v2,grid_orig_test,mobilenet,mobilenetv3_small_100,small,11,4,0
v2-origtest-mobilenet-small,GeoTessera_v2,grid_orig_test,mobilenet,mobilenetv3_small_100,small,11,5,2
v2-origtest-mobilenet-small,GeoTessera_v2,grid_orig_test,mobilenet,mobilenetv3_small_100,small,11,6,2
v2-origtest-mobilenet-small,GeoTessera_v2,grid_orig_test,mobilenet,mobilenetv3_small_100,small,11,7,0
v2-origtest-mobilenet-small,GeoTessera_v2,grid_orig_test,mobilenet,mobilenetv3_small_100,small,11,8,0
v2-origtest-mobilenet-small,GeoTessera_v2,grid_orig_test,mobilenet,mobilenetv3_small_100,small,11,9,32
v2-origtest-mobilenet-small,GeoTessera_v2,grid_orig_test,mobilenet,mobilenetv3_small_100,small,11,10,0
v2-origtest-mobilenet-small,GeoTessera_v2,grid_orig_test,mobilenet,mobilenetv3_small_100,small,11,11,2226
v2-origtest-mobilenet-small,GeoTessera_v2,grid_orig_test,mobilenet,mobilenetv3_small_100,small,11,12,88
v2-origtest-mobilenet-small,GeoTessera_v2,grid_orig_test,mobilenet,mobilenetv3_small_100,small,11,13,17
v2-origtest-mobilenet-small,GeoTessera_v2,grid_orig_test,mobilenet,mobilenetv3_small_100,small,11,14,0
v2-origtest-mobilenet-small,GeoTessera_v2,grid_orig_test,mobilenet,mobilenetv3_small_100,small,11,15,1
v2-origtest-mobilenet-small,GeoTessera_v2,grid_orig_test,mobilenet,mobilenetv3_small_100,small,11,16,0
v2-origtest-mobilenet-small,GeoTessera_v2,grid_orig_test,mobilenet,mobilenetv3_small_100,small,11,17,0
v2-origtest-mobilenet-small,GeoTessera_v2,grid_orig_test,mobilenet,mobilenetv3_small_100,small,12,1,0
v2-origtest-mobilenet-small,GeoTessera_v2,grid_orig_test,mobilenet,mobilenetv3_small_100,small,12,2,0
v2-origtest-mobilenet-small,GeoTessera_v2,grid_orig_test,mobilenet,mobilenetv3_small_100,small,12,3,0
v2-origtest-mobilenet-small,GeoTessera_v2,grid_orig_test,mobilenet,mobilenetv3_small_100,small,12,4,0
v2-origtest-mobilenet-small,GeoTessera_v2,grid_orig_test,mobilenet,mobilenetv3_small_100,small,12,5,0
v2-origtest-mobilenet-small,GeoTessera_v2,grid_orig_test,mobilenet,mobilenetv3_small_100,small,12,6,4
v2-origtest-mobilenet-small,GeoTessera_v2,grid_orig_test,mobilenet,mobilenetv3_small_100,small,12,7,0
v2-origtest-mobilenet-small,GeoTessera_v2,grid_orig_test,mobilenet,mobilenetv3_small_100,small,12,8,0
v2-origtest-mobilenet-small,GeoTessera_v2,grid_orig_test,mobilenet,mobilenetv3_small_100,small,12,9,10
v2-origtest-mobilenet-small,GeoTessera_v2,grid_orig_test,mobilenet,mobilenetv3_small_100,small,12,10,0
v2-origtest-mobilenet-small,GeoTessera_v2,grid_orig_test,mobilenet,mobilenetv3_small_100,small,12,11,15
v2-origtest-mobilenet-small,GeoTessera_v2,grid_orig_test,mobilenet,mobilenetv3_small_100,small,12,12,280
v2-origtest-mobilenet-small,GeoTessera_v2,grid_orig_test,mobilenet,mobilenetv3_small_100,small,12,13,90
v2-origtest-mobilenet-small,GeoTessera_v2,grid_orig_test,mobilenet,mobilenetv3_small_100,small,12,14,27
v2-origtest-mobilenet-small,GeoTessera_v2,grid_orig_test,mobilenet,mobilenetv3_small_100,small,12,15,0
v2-origtest-mobilenet-small,GeoTessera_v2,grid_orig_test,mobilenet,mobilenetv3_small_100,small,12,16,0
v2-origtest-mobilenet-small,GeoTessera_v2,grid_orig_test,mobilenet,mobilenetv3_small_100,small,12,17,0
v2-origtest-mobilenet-small,GeoTessera_v2,grid_orig_test,mobilenet,mobilenetv3_small_100,small,13,1,0
v2-origtest-mobilenet-small,GeoTessera_v2,grid_orig_test,mobilenet,mobilenetv3_small_100,small,13,2,0
v2-origtest-mobilenet-small,GeoTessera_v2,grid_orig_test,mobilenet,mobilenetv3_small_100,small,13,3,0
v2-origtest-mobilenet-small,GeoTessera_v2,grid_orig_test,mobilenet,mobilenetv3_small_100,small,13,4,0
v2-origtest-mobilenet-small,GeoTessera_v2,grid_orig_test,mobilenet,mobilenetv3_small_100,small,13,5,0
v2-origtest-mobilenet-small,GeoTessera_v2,grid_orig_test,mobilenet,mobilenetv3_small_100,small,13,6,0
v2-origtest-mobilenet-small,GeoTessera_v2,grid_orig_test,mobilenet,mobilenetv3_small_100,small,13,7,0
v2-origtest-mobilenet-small,GeoTessera_v2,grid_orig_test,mobilenet,mobilenetv3_small_100,small,13,8,0
v2-origtest-mobilenet-small,GeoTessera_v2,grid_orig_test,mobilenet,mobilenetv3_small_100,small,13,9,2
v2-origtest-mobilenet-small,GeoTessera_v2,grid_orig_test,mobilenet,mobilenetv3_small_100,small,13,10,0
v2-origtest-mobilenet-small,GeoTessera_v2,grid_orig_test,mobilenet,mobilenetv3_small_100,small,13,11,0
v2-origtest-mobilenet-small,GeoTessera_v2,grid_orig_test,mobilenet,mobilenetv3_small_100,small,13,12,6
v2-origtest-mobilenet-small,GeoTessera_v2,grid_orig_test,mobilenet,mobilenetv3_small_100,small,13,13,1070
v2-origtest-mobilenet-small,GeoTessera_v2,grid_orig_test,mobilenet,mobilenetv3_small_100,small,13,14,7
v2-origtest-mobilenet-small,GeoTessera_v2,grid_orig_test,mobilenet,mobilenetv3_small_100,small,13,15,2
v2-origtest-mobilenet-small,GeoTessera_v2,grid_orig_test,mobilenet,mobilenetv3_small_100,small,13,16,79
v2-origtest-mobilenet-small,GeoTessera_v2,grid_orig_test,mobilenet,mobilenetv3_small_100,small,13,17,0
v2-origtest-mobilenet-small,GeoTessera_v2,grid_orig_test,mobilenet,mobilenetv3_small_100,small,14,1,0
v2-origtest-mobilenet-small,GeoTessera_v2,grid_orig_test,mobilenet,mobilenetv3_small_100,small,14,2,0
v2-origtest-mobilenet-small,GeoTessera_v2,grid_orig_test,mobilenet,mobilenetv3_small_100,small,14,3,0
v2-origtest-mobilenet-small,GeoTessera_v2,grid_orig_test,mobilenet,mobilenetv3_small_100,small,14,4,38
v2-origtest-mobilenet-small,GeoTessera_v2,grid_orig_test,mobilenet,mobilenetv3_small_100,small,14,5,0
v2-origtest-mobilenet-small,GeoTessera_v2,grid_orig_test,mobilenet,mobilenetv3_small_100,small,14,6,0
v2-origtest-mobilenet-small,GeoTessera_v2,grid_orig_test,mobilenet,mobilenetv3_small_100,small,14,7,0
v2-origtest-mobilenet-small,GeoTessera_v2,grid_orig_test,mobilenet,mobilenetv3_small_100,small,14,8,0
v2-origtest-mobilenet-small,GeoTessera_v2,grid_orig_test,mobilenet,mobilenetv3_small_100,small,14,9,16
v2-origtest-mobilenet-small,GeoTessera_v2,grid_orig_test,mobilenet,mobilenetv3_small_100,small,14,10,19
v2-origtest-mobilenet-small,GeoTessera_v2,grid_orig_test,mobilenet,mobilenetv3_small_100,small,14,11,2
v2-origtest-mobilenet-small,GeoTessera_v2,grid_orig_test,mobilenet,mobilenetv3_small_100,small,14,12,23
v2-origtest-mobilenet-small,GeoTessera_v2,grid_orig_test,mobilenet,mobilenetv3_small_100,small,14,13,21
v2-origtest-mobilenet-small,GeoTessera_v2,grid_orig_test,mobilenet,mobilenetv3_small_100,small,14,14,2307
v2-origtest-mobilenet-small,GeoTessera_v2,grid_orig_test,mobilenet,mobilenetv3_small_100,small,14,15,1
v2-origtest-mobilenet-small,GeoTessera_v2,grid_orig_test,mobilenet,mobilenetv3_small_100,small,14,16,8
v2-origtest-mobilenet-small,GeoTessera_v2,grid_orig_test,mobilenet,mobilenetv3_small_100,small,14,17,0
v2-origtest-mobilenet-small,GeoTessera_v2,grid_orig_test,mobilenet,mobilenetv3_small_100,small,15,1,0
v2-origtest-mobilenet-small,GeoTessera_v2,grid_orig_test,mobilenet,mobilenetv3_small_100,small,15,2,0
v2-origtest-mobilenet-small,GeoTessera_v2,grid_orig_test,mobilenet,mobilenetv3_small_100,small,15,3,0
v2-origtest-mobilenet-small,GeoTessera_v2,grid_orig_test,mobilenet,mobilenetv3_small_100,small,15,4,0
v2-origtest-mobilenet-small,GeoTessera_v2,grid_orig_test,mobilenet,mobilenetv3_small_100,small,15,5,0
v2-origtest-mobilenet-small,GeoTessera_v2,grid_orig_test,mobilenet,mobilenetv3_small_100,small,15,6,0
v2-origtest-mobilenet-small,GeoTessera_v2,grid_orig_test,mobilenet,mobilenetv3_small_100,small,15,7,0
v2-origtest-mobilenet-small,GeoTessera_v2,grid_orig_test,mobilenet,mobilenetv3_small_100,small,15,8,14
v2-origtest-mobilenet-small,GeoTessera_v2,grid_orig_test,mobilenet,mobilenetv3_small_100,small,15,9,0
v2-origtest-mobilenet-small,GeoTessera_v2,grid_orig_test,mobilenet,mobilenetv3_small_100,small,15,10,2
v2-origtest-mobilenet-small,GeoTessera_v2,grid_orig_test,mobilenet,mobilenetv3_small_100,small,15,11,0
v2-origtest-mobilenet-small,GeoTessera_v2,grid_orig_test,mobilenet,mobilenetv3_small_100,small,15,12,0
v2-origtest-mobilenet-small,GeoTessera_v2,grid_orig_test,mobilenet,mobilenetv3_small_100,small,15,13,0
v2-origtest-mobilenet-small,GeoTessera_v2,grid_orig_test,mobilenet,mobilenetv3_small_100,small,15,14,0
v2-origtest-mobilenet-small,GeoTessera_v2,grid_orig_test,mobilenet,mobilenetv3_small_100,small,15,15,188
v2-origtest-mobilenet-small,GeoTessera_v2,grid_orig_test,mobilenet,mobilenetv3_small_100,small,15,16,1
v2-origtest-mobilenet-small,GeoTessera_v2,grid_orig_test,mobilenet,mobilenetv3_small_100,small,15,17,0
v2-origtest-mobilenet-small,GeoTessera_v2,grid_orig_test,mobilenet,mobilenetv3_small_100,small,16,1,0
v2-origtest-mobilenet-small,GeoTessera_v2,grid_orig_test,mobilenet,mobilenetv3_small_100,small,16,2,0
v2-origtest-mobilenet-small,GeoTessera_v2,grid_orig_test,mobilenet,mobilenetv3_small_100,small,16,3,0
v2-origtest-mobilenet-small,GeoTessera_v2,grid_orig_test,mobilenet,mobilenetv3_small_100,small,16,4,0
v2-origtest-mobilenet-small,GeoTessera_v2,grid_orig_test,mobilenet,mobilenetv3_small_100,small,16,5,0
v2-origtest-mobilenet-small,GeoTessera_v2,grid_orig_test,mobilenet,mobilenetv3_small_100,small,16,6,0
v2-origtest-mobilenet-small,GeoTessera_v2,grid_orig_test,mobilenet,mobilenetv3_small_100,small,16,7,0
v2-origtest-mobilenet-small,GeoTessera_v2,grid_orig_test,mobilenet,mobilenetv3_small_100,small,16,8,0
v2-origtest-mobilenet-small,GeoTessera_v2,grid_orig_test,mobilenet,mobilenetv3_small_100,small,16,9,18
v2-origtest-mobilenet-small,GeoTessera_v2,grid_orig_test,mobilenet,mobilenetv3_small_100,small,16,10,4
v2-origtest-mobilenet-small,GeoTessera_v2,grid_orig_test,mobilenet,mobilenetv3_small_100,small,16,11,1
v2-origtest-mobilenet-small,GeoTessera_v2,grid_orig_test,mobilenet,mobilenetv3_small_100,small,16,12,0
v2-origtest-mobilenet-small,GeoTessera_v2,grid_orig_test,mobilenet,mobilenetv3_small_100,small,16,13,53
v2-origtest-mobilenet-small,GeoTessera_v2,grid_orig_test,mobilenet,mobilenetv3_small_100,small,16,14,16
v2-origtest-mobilenet-small,GeoTessera_v2,grid_orig_test,mobilenet,mobilenetv3_small_100,small,16,15,71
v2-origtest-mobilenet-small,GeoTessera_v2,grid_orig_test,mobilenet,mobilenetv3_small_100,small,16,16,408
v2-origtest-mobilenet-small,GeoTessera_v2,grid_orig_test,mobilenet,mobilenetv3_small_100,small,16,17,0
v2-origtest-mobilenet-small,GeoTessera_v2,grid_orig_test,mobilenet,mobilenetv3_small_100,small,17,1,1
v2-origtest-mobilenet-small,GeoTessera_v2,grid_orig_test,mobilenet,mobilenetv3_small_100,small,17,2,0
v2-origtest-mobilenet-small,GeoTessera_v2,grid_orig_test,mobilenet,mobilenetv3_small_100,small,17,3,9
v2-origtest-mobilenet-small,GeoTessera_v2,grid_orig_test,mobilenet,mobilenetv3_small_100,small,17,4,0
v2-origtest-mobilenet-small,GeoTessera_v2,grid_orig_test,mobilenet,mobilenetv3_small_100,small,17,5,0
v2-origtest-mobilenet-small,GeoTessera_v2,grid_orig_test,mobilenet,mobilenetv3_small_100,small,17,6,0
v2-origtest-mobilenet-small,GeoTessera_v2,grid_orig_test,mobilenet,mobilenetv3_small_100,small,17,7,0
v2-origtest-mobilenet-small,GeoTessera_v2,grid_orig_test,mobilenet,mobilenetv3_small_100,small,17,8,3
v2-origtest-mobilenet-small,GeoTessera_v2,grid_orig_test,mobilenet,mobilenetv3_small_100,small,17,9,0
v2-origtest-mobilenet-small,GeoTessera_v2,grid_orig_test,mobilenet,mobilenetv3_small_100,small,17,10,4
v2-origtest-mobilenet-small,GeoTessera_v2,grid_orig_test,mobilenet,mobilenetv3_small_100,small,17,11,8
v2-origtest-mobilenet-small,GeoTessera_v2,grid_orig_test,mobilenet,mobilenetv3_small_100,small,17,12,1
v2-origtest-mobilenet-small,GeoTessera_v2,grid_orig_test,mobilenet,mobilenetv3_small_100,small,17,13,0
v2-origtest-mobilenet-small,GeoTessera_v2,grid_orig_test,mobilenet,mobilenetv3_small_100,small,17,14,4
v2-origtest-mobilenet-small,GeoTessera_v2,grid_orig_test,mobilenet,mobilenetv3_small_100,small,17,15,0
v2-origtest-mobilenet-small,GeoTessera_v2,grid_orig_test,mobilenet,mobilenetv3_small_100,small,17,16,2
v2-origtest-mobilenet-small,GeoTessera_v2,grid_orig_test,mobilenet,mobilenetv3_small_100,small,17,17,2172
v2-origtest-shallow_cnn-nano,GeoTessera_v2,grid_orig_test,shallow_cnn,scnn_16-32,nano,1,1,195
v2-origtest-shallow_cnn-nano,GeoTessera_v2,grid_orig_test,shallow_cnn,scnn_16-32,nano,1,2,14
v2-origtest-shallow_cnn-nano,GeoTessera_v2,grid_orig_test,shallow_cnn,scnn_16-32,nano,1,3,0
v2-origtest-shallow_cnn-nano,GeoTessera_v2,grid_orig_test,shallow_cnn,scnn_16-32,nano,1,4,41
v2-origtest-shallow_cnn-nano,GeoTessera_v2,grid_orig_test,shallow_cnn,scnn_16-32,nano,1,5,5
v2-origtest-shallow_cnn-nano,GeoTessera_v2,grid_orig_test,shallow_cnn,scnn_16-32,nano,1,6,0
v2-origtest-shallow_cnn-nano,GeoTessera_v2,grid_orig_test,shallow_cnn,scnn_16-32,nano,1,7,1
v2-origtest-shallow_cnn-nano,GeoTessera_v2,grid_orig_test,shallow_cnn,scnn_16-32,nano,1,8,8
v2-origtest-shallow_cnn-nano,GeoTessera_v2,grid_orig_test,shallow_cnn,scnn_16-32,nano,1,9,0
v2-origtest-shallow_cnn-nano,GeoTessera_v2,grid_orig_test,shallow_cnn,scnn_16-32,nano,1,10,2
v2-origtest-shallow_cnn-nano,GeoTessera_v2,grid_orig_test,shallow_cnn,scnn_16-32,nano,1,11,0
v2-origtest-shallow_cnn-nano,GeoTessera_v2,grid_orig_test,shallow_cnn,scnn_16-32,nano,1,12,0
v2-origtest-shallow_cnn-nano,GeoTessera_v2,grid_orig_test,shallow_cnn,scnn_16-32,nano,1,13,0
v2-origtest-shallow_cnn-nano,GeoTessera_v2,grid_orig_test,shallow_cnn,scnn_16-32,nano,1,14,0
v2-origtest-shallow_cnn-nano,GeoTessera_v2,grid_orig_test,shallow_cnn,scnn_16-32,nano,1,15,0
v2-origtest-shallow_cnn-nano,GeoTessera_v2,grid_orig_test,shallow_cnn,scnn_16-32,nano,1,16,0
v2-origtest-shallow_cnn-nano,GeoTessera_v2,grid_orig_test,shallow_cnn,scnn_16-32,nano,1,17,0
v2-origtest-shallow_cnn-nano,GeoTessera_v2,grid_orig_test,shallow_cnn,scnn_16-32,nano,2,1,67
v2-origtest-shallow_cnn-nano,GeoTessera_v2,grid_orig_test,shallow_cnn,scnn_16-32,nano,2,2,790
v2-origtest-shallow_cnn-nano,GeoTessera_v2,grid_orig_test,shallow_cnn,scnn_16-32,nano,2,3,32
v2-origtest-shallow_cnn-nano,GeoTessera_v2,grid_orig_test,shallow_cnn,scnn_16-32,nano,2,4,44
v2-origtest-shallow_cnn-nano,GeoTessera_v2,grid_orig_test,shallow_cnn,scnn_16-32,nano,2,5,58
v2-origtest-shallow_cnn-nano,GeoTessera_v2,grid_orig_test,shallow_cnn,scnn_16-32,nano,2,6,3
v2-origtest-shallow_cnn-nano,GeoTessera_v2,grid_orig_test,shallow_cnn,scnn_16-32,nano,2,7,169
v2-origtest-shallow_cnn-nano,GeoTessera_v2,grid_orig_test,shallow_cnn,scnn_16-32,nano,2,8,38
v2-origtest-shallow_cnn-nano,GeoTessera_v2,grid_orig_test,shallow_cnn,scnn_16-32,nano,2,9,10
v2-origtest-shallow_cnn-nano,GeoTessera_v2,grid_orig_test,shallow_cnn,scnn_16-32,nano,2,10,39
v2-origtest-shallow_cnn-nano,GeoTessera_v2,grid_orig_test,shallow_cnn,scnn_16-32,nano,2,11,0
v2-origtest-shallow_cnn-nano,GeoTessera_v2,grid_orig_test,shallow_cnn,scnn_16-32,nano,2,12,0
v2-origtest-shallow_cnn-nano,GeoTessera_v2,grid_orig_test,shallow_cnn,scnn_16-32,nano,2,13,0
v2-origtest-shallow_cnn-nano,GeoTessera_v2,grid_orig_test,shallow_cnn,scnn_16-32,nano,2,14,0
v2-origtest-shallow_cnn-nano,GeoTessera_v2,grid_orig_test,shallow_cnn,scnn_16-32,nano,2,15,1
v2-origtest-shallow_cnn-nano,GeoTessera_v2,grid_orig_test,shallow_cnn,scnn_16-32,nano,2,16,0
v2-origtest-shallow_cnn-nano,GeoTessera_v2,grid_orig_test,shallow_cnn,scnn_16-32,nano,2,17,0
v2-origtest-shallow_cnn-nano,GeoTessera_v2,grid_orig_test,shallow_cnn,scnn_16-32,nano,3,1,13
v2-origtest-shallow_cnn-nano,GeoTessera_v2,grid_orig_test,shallow_cnn,scnn_16-32,nano,3,2,68
v2-origtest-shallow_cnn-nano,GeoTessera_v2,grid_orig_test,shallow_cnn,scnn_16-32,nano,3,3,1930
v2-origtest-shallow_cnn-nano,GeoTessera_v2,grid_orig_test,shallow_cnn,scnn_16-32,nano,3,4,5
v2-origtest-shallow_cnn-nano,GeoTessera_v2,grid_orig_test,shallow_cnn,scnn_16-32,nano,3,5,4
v2-origtest-shallow_cnn-nano,GeoTessera_v2,grid_orig_test,shallow_cnn,scnn_16-32,nano,3,6,163
v2-origtest-shallow_cnn-nano,GeoTessera_v2,grid_orig_test,shallow_cnn,scnn_16-32,nano,3,7,226
v2-origtest-shallow_cnn-nano,GeoTessera_v2,grid_orig_test,shallow_cnn,scnn_16-32,nano,3,8,18
v2-origtest-shallow_cnn-nano,GeoTessera_v2,grid_orig_test,shallow_cnn,scnn_16-32,nano,3,9,12
v2-origtest-shallow_cnn-nano,GeoTessera_v2,grid_orig_test,shallow_cnn,scnn_16-32,nano,3,10,20
v2-origtest-shallow_cnn-nano,GeoTessera_v2,grid_orig_test,shallow_cnn,scnn_16-32,nano,3,11,0
v2-origtest-shallow_cnn-nano,GeoTessera_v2,grid_orig_test,shallow_cnn,scnn_16-32,nano,3,12,0
v2-origtest-shallow_cnn-nano,GeoTessera_v2,grid_orig_test,shallow_cnn,scnn_16-32,nano,3,13,2
v2-origtest-shallow_cnn-nano,GeoTessera_v2,grid_orig_test,shallow_cnn,scnn_16-32,nano,3,14,2
v2-origtest-shallow_cnn-nano,GeoTessera_v2,grid_orig_test,shallow_cnn,scnn_16-32,nano,3,15,0
v2-origtest-shallow_cnn-nano,GeoTessera_v2,grid_orig_test,shallow_cnn,scnn_16-32,nano,3,16,2
v2-origtest-shallow_cnn-nano,GeoTessera_v2,grid_orig_test,shallow_cnn,scnn_16-32,nano,3,17,0
v2-origtest-shallow_cnn-nano,GeoTessera_v2,grid_orig_test,shallow_cnn,scnn_16-32,nano,4,1,27
v2-origtest-shallow_cnn-nano,GeoTessera_v2,grid_orig_test,shallow_cnn,scnn_16-32,nano,4,2,23
v2-origtest-shallow_cnn-nano,GeoTessera_v2,grid_orig_test,shallow_cnn,scnn_16-32,nano,4,3,5
v2-origtest-shallow_cnn-nano,GeoTessera_v2,grid_orig_test,shallow_cnn,scnn_16-32,nano,4,4,658
v2-origtest-shallow_cnn-nano,GeoTessera_v2,grid_orig_test,shallow_cnn,scnn_16-32,nano,4,5,68
v2-origtest-shallow_cnn-nano,GeoTessera_v2,grid_orig_test,shallow_cnn,scnn_16-32,nano,4,6,1
v2-origtest-shallow_cnn-nano,GeoTessera_v2,grid_orig_test,shallow_cnn,scnn_16-32,nano,4,7,2
v2-origtest-shallow_cnn-nano,GeoTessera_v2,grid_orig_test,shallow_cnn,scnn_16-32,nano,4,8,1
v2-origtest-shallow_cnn-nano,GeoTessera_v2,grid_orig_test,shallow_cnn,scnn_16-32,nano,4,9,7
v2-origtest-shallow_cnn-nano,GeoTessera_v2,grid_orig_test,shallow_cnn,scnn_16-32,nano,4,10,62
v2-origtest-shallow_cnn-nano,GeoTessera_v2,grid_orig_test,shallow_cnn,scnn_16-32,nano,4,11,0
v2-origtest-shallow_cnn-nano,GeoTessera_v2,grid_orig_test,shallow_cnn,scnn_16-32,nano,4,12,1
v2-origtest-shallow_cnn-nano,GeoTessera_v2,grid_orig_test,shallow_cnn,scnn_16-32,nano,4,13,2
v2-origtest-shallow_cnn-nano,GeoTessera_v2,grid_orig_test,shallow_cnn,scnn_16-32,nano,4,14,0
v2-origtest-shallow_cnn-nano,GeoTessera_v2,grid_orig_test,shallow_cnn,scnn_16-32,nano,4,15,0
v2-origtest-shallow_cnn-nano,GeoTessera_v2,grid_orig_test,shallow_cnn,scnn_16-32,nano,4,16,0
v2-origtest-shallow_cnn-nano,GeoTessera_v2,grid_orig_test,shallow_cnn,scnn_16-32,nano,4,17,0
v2-origtest-shallow_cnn-nano,GeoTessera_v2,grid_orig_test,shallow_cnn,scnn_16-32,nano,5,1,7
v2-origtest-shallow_cnn-nano,GeoTessera_v2,grid_orig_test,shallow_cnn,scnn_16-32,nano,5,2,43
v2-origtest-shallow_cnn-nano,GeoTessera_v2,grid_orig_test,shallow_cnn,scnn_16-32,nano,5,3,48
v2-origtest-shallow_cnn-nano,GeoTessera_v2,grid_orig_test,shallow_cnn,scnn_16-32,nano,5,4,136
v2-origtest-shallow_cnn-nano,GeoTessera_v2,grid_orig_test,shallow_cnn,scnn_16-32,nano,5,5,415
v2-origtest-shallow_cnn-nano,GeoTessera_v2,grid_orig_test,shallow_cnn,scnn_16-32,nano,5,6,26
v2-origtest-shallow_cnn-nano,GeoTessera_v2,grid_orig_test,shallow_cnn,scnn_16-32,nano,5,7,5
v2-origtest-shallow_cnn-nano,GeoTessera_v2,grid_orig_test,shallow_cnn,scnn_16-32,nano,5,8,10
v2-origtest-shallow_cnn-nano,GeoTessera_v2,grid_orig_test,shallow_cnn,scnn_16-32,nano,5,9,61
v2-origtest-shallow_cnn-nano,GeoTessera_v2,grid_orig_test,shallow_cnn,scnn_16-32,nano,5,10,11
v2-origtest-shallow_cnn-nano,GeoTessera_v2,grid_orig_test,shallow_cnn,scnn_16-32,nano,5,11,0
v2-origtest-shallow_cnn-nano,GeoTessera_v2,grid_orig_test,shallow_cnn,scnn_16-32,nano,5,12,1
v2-origtest-shallow_cnn-nano,GeoTessera_v2,grid_orig_test,shallow_cnn,scnn_16-32,nano,5,13,0
v2-origtest-shallow_cnn-nano,GeoTessera_v2,grid_orig_test,shallow_cnn,scnn_16-32,nano,5,14,0
v2-origtest-shallow_cnn-nano,GeoTessera_v2,grid_orig_test,shallow_cnn,scnn_16-32,nano,5,15,0
v2-origtest-shallow_cnn-nano,GeoTessera_v2,grid_orig_test,shallow_cnn,scnn_16-32,nano,5,16,0
v2-origtest-shallow_cnn-nano,GeoTessera_v2,grid_orig_test,shallow_cnn,scnn_16-32,nano,5,17,0
v2-origtest-shallow_cnn-nano,GeoTessera_v2,grid_orig_test,shallow_cnn,scnn_16-32,nano,6,1,0
v2-origtest-shallow_cnn-nano,GeoTessera_v2,grid_orig_test,shallow_cnn,scnn_16-32,nano,6,2,0
v2-origtest-shallow_cnn-nano,GeoTessera_v2,grid_orig_test,shallow_cnn,scnn_16-32,nano,6,3,442
v2-origtest-shallow_cnn-nano,GeoTessera_v2,grid_orig_test,shallow_cnn,scnn_16-32,nano,6,4,31
v2-origtest-shallow_cnn-nano,GeoTessera_v2,grid_orig_test,shallow_cnn,scnn_16-32,nano,6,5,41
v2-origtest-shallow_cnn-nano,GeoTessera_v2,grid_orig_test,shallow_cnn,scnn_16-32,nano,6,6,1200
v2-origtest-shallow_cnn-nano,GeoTessera_v2,grid_orig_test,shallow_cnn,scnn_16-32,nano,6,7,8
v2-origtest-shallow_cnn-nano,GeoTessera_v2,grid_orig_test,shallow_cnn,scnn_16-32,nano,6,8,11
v2-origtest-shallow_cnn-nano,GeoTessera_v2,grid_orig_test,shallow_cnn,scnn_16-32,nano,6,9,140
v2-origtest-shallow_cnn-nano,GeoTessera_v2,grid_orig_test,shallow_cnn,scnn_16-32,nano,6,10,22
v2-origtest-shallow_cnn-nano,GeoTessera_v2,grid_orig_test,shallow_cnn,scnn_16-32,nano,6,11,0
v2-origtest-shallow_cnn-nano,GeoTessera_v2,grid_orig_test,shallow_cnn,scnn_16-32,nano,6,12,0
v2-origtest-shallow_cnn-nano,GeoTessera_v2,grid_orig_test,shallow_cnn,scnn_16-32,nano,6,13,27
v2-origtest-shallow_cnn-nano,GeoTessera_v2,grid_orig_test,shallow_cnn,scnn_16-32,nano,6,14,13
v2-origtest-shallow_cnn-nano,GeoTessera_v2,grid_orig_test,shallow_cnn,scnn_16-32,nano,6,15,0
v2-origtest-shallow_cnn-nano,GeoTessera_v2,grid_orig_test,shallow_cnn,scnn_16-32,nano,6,16,1
v2-origtest-shallow_cnn-nano,GeoTessera_v2,grid_orig_test,shallow_cnn,scnn_16-32,nano,6,17,0
v2-origtest-shallow_cnn-nano,GeoTessera_v2,grid_orig_test,shallow_cnn,scnn_16-32,nano,7,1,2
v2-origtest-shallow_cnn-nano,GeoTessera_v2,grid_orig_test,shallow_cnn,scnn_16-32,nano,7,2,43
v2-origtest-shallow_cnn-nano,GeoTessera_v2,grid_orig_test,shallow_cnn,scnn_16-32,nano,7,3,9
v2-origtest-shallow_cnn-nano,GeoTessera_v2,grid_orig_test,shallow_cnn,scnn_16-32,nano,7,4,1
v2-origtest-shallow_cnn-nano,GeoTessera_v2,grid_orig_test,shallow_cnn,scnn_16-32,nano,7,5,3
v2-origtest-shallow_cnn-nano,GeoTessera_v2,grid_orig_test,shallow_cnn,scnn_16-32,nano,7,6,0
v2-origtest-shallow_cnn-nano,GeoTessera_v2,grid_orig_test,shallow_cnn,scnn_16-32,nano,7,7,401
v2-origtest-shallow_cnn-nano,GeoTessera_v2,grid_orig_test,shallow_cnn,scnn_16-32,nano,7,8,12
v2-origtest-shallow_cnn-nano,GeoTessera_v2,grid_orig_test,shallow_cnn,scnn_16-32,nano,7,9,4
v2-origtest-shallow_cnn-nano,GeoTessera_v2,grid_orig_test,shallow_cnn,scnn_16-32,nano,7,10,28
v2-origtest-shallow_cnn-nano,GeoTessera_v2,grid_orig_test,shallow_cnn,scnn_16-32,nano,7,11,0
v2-origtest-shallow_cnn-nano,GeoTessera_v2,grid_orig_test,shallow_cnn,scnn_16-32,nano,7,12,0
v2-origtest-shallow_cnn-nano,GeoTessera_v2,grid_orig_test,shallow_cnn,scnn_16-32,nano,7,13,0
v2-origtest-shallow_cnn-nano,GeoTessera_v2,grid_orig_test,shallow_cnn,scnn_16-32,nano,7,14,0
v2-origtest-shallow_cnn-nano,GeoTessera_v2,grid_orig_test,shallow_cnn,scnn_16-32,nano,7,15,0
v2-origtest-shallow_cnn-nano,GeoTessera_v2,grid_orig_test,shallow_cnn,scnn_16-32,nano,7,16,0
v2-origtest-shallow_cnn-nano,GeoTessera_v2,grid_orig_test,shallow_cnn,scnn_16-32,nano,7,17,0
v2-origtest-shallow_cnn-nano,GeoTessera_v2,grid_orig_test,shallow_cnn,scnn_16-32,nano,8,1,28
v2-origtest-shallow_cnn-nano,GeoTessera_v2,grid_orig_test,shallow_cnn,scnn_16-32,nano,8,2,4
v2-origtest-shallow_cnn-nano,GeoTessera_v2,grid_orig_test,shallow_cnn,scnn_16-32,nano,8,3,35
v2-origtest-shallow_cnn-nano,GeoTessera_v2,grid_orig_test,shallow_cnn,scnn_16-32,nano,8,4,10
v2-origtest-shallow_cnn-nano,GeoTessera_v2,grid_orig_test,shallow_cnn,scnn_16-32,nano,8,5,20
v2-origtest-shallow_cnn-nano,GeoTessera_v2,grid_orig_test,shallow_cnn,scnn_16-32,nano,8,6,7
v2-origtest-shallow_cnn-nano,GeoTessera_v2,grid_orig_test,shallow_cnn,scnn_16-32,nano,8,7,64
v2-origtest-shallow_cnn-nano,GeoTessera_v2,grid_orig_test,shallow_cnn,scnn_16-32,nano,8,8,2921
v2-origtest-shallow_cnn-nano,GeoTessera_v2,grid_orig_test,shallow_cnn,scnn_16-32,nano,8,9,38
v2-origtest-shallow_cnn-nano,GeoTessera_v2,grid_orig_test,shallow_cnn,scnn_16-32,nano,8,10,341
v2-origtest-shallow_cnn-nano,GeoTessera_v2,grid_orig_test,shallow_cnn,scnn_16-32,nano,8,11,0
v2-origtest-shallow_cnn-nano,GeoTessera_v2,grid_orig_test,shallow_cnn,scnn_16-32,nano,8,12,0
v2-origtest-shallow_cnn-nano,GeoTessera_v2,grid_orig_test,shallow_cnn,scnn_16-32,nano,8,13,13
v2-origtest-shallow_cnn-nano,GeoTessera_v2,grid_orig_test,shallow_cnn,scnn_16-32,nano,8,14,4
v2-origtest-shallow_cnn-nano,GeoTessera_v2,grid_orig_test,shallow_cnn,scnn_16-32,nano,8,15,11
v2-origtest-shallow_cnn-nano,GeoTessera_v2,grid_orig_test,shallow_cnn,scnn_16-32,nano,8,16,0
v2-origtest-shallow_cnn-nano,GeoTessera_v2,grid_orig_test,shallow_cnn,scnn_16-32,nano,8,17,0
v2-origtest-shallow_cnn-nano,GeoTessera_v2,grid_orig_test,shallow_cnn,scnn_16-32,nano,9,1,5
v2-origtest-shallow_cnn-nano,GeoTessera_v2,grid_orig_test,shallow_cnn,scnn_16-32,nano,9,2,0
v2-origtest-shallow_cnn-nano,GeoTessera_v2,grid_orig_test,shallow_cnn,scnn_16-32,nano,9,3,40
v2-origtest-shallow_cnn-nano,GeoTessera_v2,grid_orig_test,shallow_cnn,scnn_16-32,nano,9,4,5
v2-origtest-shallow_cnn-nano,GeoTessera_v2,grid_orig_test,shallow_cnn,scnn_16-32,nano,9,5,29
v2-origtest-shallow_cnn-nano,GeoTessera_v2,grid_orig_test,shallow_cnn,scnn_16-32,nano,9,6,142
v2-origtest-shallow_cnn-nano,GeoTessera_v2,grid_orig_test,shallow_cnn,scnn_16-32,nano,9,7,4
v2-origtest-shallow_cnn-nano,GeoTessera_v2,grid_orig_test,shallow_cnn,scnn_16-32,nano,9,8,3
v2-origtest-shallow_cnn-nano,GeoTessera_v2,grid_orig_test,shallow_cnn,scnn_16-32,nano,9,9,1687
v2-origtest-shallow_cnn-nano,GeoTessera_v2,grid_orig_test,shallow_cnn,scnn_16-32,nano,9,10,32
v2-origtest-shallow_cnn-nano,GeoTessera_v2,grid_orig_test,shallow_cnn,scnn_16-32,nano,9,11,6
v2-origtest-shallow_cnn-nano,GeoTessera_v2,grid_orig_test,shallow_cnn,scnn_16-32,nano,9,12,6
v2-origtest-shallow_cnn-nano,GeoTessera_v2,grid_orig_test,shallow_cnn,scnn_16-32,nano,9,13,41
v2-origtest-shallow_cnn-nano,GeoTessera_v2,grid_orig_test,shallow_cnn,scnn_16-32,nano,9,14,6
v2-origtest-shallow_cnn-nano,GeoTessera_v2,grid_orig_test,shallow_cnn,scnn_16-32,nano,9,15,0
v2-origtest-shallow_cnn-nano,GeoTessera_v2,grid_orig_test,shallow_cnn,scnn_16-32,nano,9,16,7
v2-origtest-shallow_cnn-nano,GeoTessera_v2,grid_orig_test,shallow_cnn,scnn_16-32,nano,9,17,0
v2-origtest-shallow_cnn-nano,GeoTessera_v2,grid_orig_test,shallow_cnn,scnn_16-32,nano,10,1,1
v2-origtest-shallow_cnn-nano,GeoTessera_v2,grid_orig_test,shallow_cnn,scnn_16-32,nano,10,2,7
v2-origtest-shallow_cnn-nano,GeoTessera_v2,grid_orig_test,shallow_cnn,scnn_16-32,nano,10,3,1
v2-origtest-shallow_cnn-nano,GeoTessera_v2,grid_orig_test,shallow_cnn,scnn_16-32,nano,10,4,47
v2-origtest-shallow_cnn-nano,GeoTessera_v2,grid_orig_test,shallow_cnn,scnn_16-32,nano,10,5,2
v2-origtest-shallow_cnn-nano,GeoTessera_v2,grid_orig_test,shallow_cnn,scnn_16-32,nano,10,6,1
v2-origtest-shallow_cnn-nano,GeoTessera_v2,grid_orig_test,shallow_cnn,scnn_16-32,nano,10,7,1
v2-origtest-shallow_cnn-nano,GeoTessera_v2,grid_orig_test,shallow_cnn,scnn_16-32,nano,10,8,176
v2-origtest-shallow_cnn-nano,GeoTessera_v2,grid_orig_test,shallow_cnn,scnn_16-32,nano,10,9,15
v2-origtest-shallow_cnn-nano,GeoTessera_v2,grid_orig_test,shallow_cnn,scnn_16-32,nano,10,10,603
v2-origtest-shallow_cnn-nano,GeoTessera_v2,grid_orig_test,shallow_cnn,scnn_16-32,nano,10,11,0
v2-origtest-shallow_cnn-nano,GeoTessera_v2,grid_orig_test,shallow_cnn,scnn_16-32,nano,10,12,0
v2-origtest-shallow_cnn-nano,GeoTessera_v2,grid_orig_test,shallow_cnn,scnn_16-32,nano,10,13,12
v2-origtest-shallow_cnn-nano,GeoTessera_v2,grid_orig_test,shallow_cnn,scnn_16-32,nano,10,14,6
v2-origtest-shallow_cnn-nano,GeoTessera_v2,grid_orig_test,shallow_cnn,scnn_16-32,nano,10,15,12
v2-origtest-shallow_cnn-nano,GeoTessera_v2,grid_orig_test,shallow_cnn,scnn_16-32,nano,10,16,24
v2-origtest-shallow_cnn-nano,GeoTessera_v2,grid_orig_test,shallow_cnn,scnn_16-32,nano,10,17,0
v2-origtest-shallow_cnn-nano,GeoTessera_v2,grid_orig_test,shallow_cnn,scnn_16-32,nano,11,1,0
v2-origtest-shallow_cnn-nano,GeoTessera_v2,grid_orig_test,shallow_cnn,scnn_16-32,nano,11,2,0
v2-origtest-shallow_cnn-nano,GeoTessera_v2,grid_orig_test,shallow_cnn,scnn_16-32,nano,11,3,0
v2-origtest-shallow_cnn-nano,GeoTessera_v2,grid_orig_test,shallow_cnn,scnn_16-32,nano,11,4,0
v2-origtest-shallow_cnn-nano,GeoTessera_v2,grid_orig_test,shallow_cnn,scnn_16-32,nano,11,5,0
v2-origtest-shallow_cnn-nano,GeoTessera_v2,grid_orig_test,shallow_cnn,scnn_16-32,nano,11,6,0
v2-origtest-shallow_cnn-nano,GeoTessera_v2,grid_orig_test,shallow_cnn,scnn_16-32,nano,11,7,0
v2-origtest-shallow_cnn-nano,GeoTessera_v2,grid_orig_test,shallow_cnn,scnn_16-32,nano,11,8,0
v2-origtest-shallow_cnn-nano,GeoTessera_v2,grid_orig_test,shallow_cnn,scnn_16-32,nano,11,9,48
v2-origtest-shallow_cnn-nano,GeoTessera_v2,grid_orig_test,shallow_cnn,scnn_16-32,nano,11,10,0
v2-origtest-shallow_cnn-nano,GeoTessera_v2,grid_orig_test,shallow_cnn,scnn_16-32,nano,11,11,1952
v2-origtest-shallow_cnn-nano,GeoTessera_v2,grid_orig_test,shallow_cnn,scnn_16-32,nano,11,12,255
v2-origtest-shallow_cnn-nano,GeoTessera_v2,grid_orig_test,shallow_cnn,scnn_16-32,nano,11,13,112
v2-origtest-shallow_cnn-nano,GeoTessera_v2,grid_orig_test,shallow_cnn,scnn_16-32,nano,11,14,1
v2-origtest-shallow_cnn-nano,GeoTessera_v2,grid_orig_test,shallow_cnn,scnn_16-32,nano,11,15,0
v2-origtest-shallow_cnn-nano,GeoTessera_v2,grid_orig_test,shallow_cnn,scnn_16-32,nano,11,16,0
v2-origtest-shallow_cnn-nano,GeoTessera_v2,grid_orig_test,shallow_cnn,scnn_16-32,nano,11,17,0
v2-origtest-shallow_cnn-nano,GeoTessera_v2,grid_orig_test,shallow_cnn,scnn_16-32,nano,12,1,0
v2-origtest-shallow_cnn-nano,GeoTessera_v2,grid_orig_test,shallow_cnn,scnn_16-32,nano,12,2,0
v2-origtest-shallow_cnn-nano,GeoTessera_v2,grid_orig_test,shallow_cnn,scnn_16-32,nano,12,3,0
v2-origtest-shallow_cnn-nano,GeoTessera_v2,grid_orig_test,shallow_cnn,scnn_16-32,nano,12,4,0
v2-origtest-shallow_cnn-nano,GeoTessera_v2,grid_orig_test,shallow_cnn,scnn_16-32,nano,12,5,0
v2-origtest-shallow_cnn-nano,GeoTessera_v2,grid_orig_test,shallow_cnn,scnn_16-32,nano,12,6,1
v2-origtest-shallow_cnn-nano,GeoTessera_v2,grid_orig_test,shallow_cnn,scnn_16-32,nano,12,7,0
v2-origtest-shallow_cnn-nano,GeoTessera_v2,grid_orig_test,shallow_cnn,scnn_16-32,nano,12,8,0
v2-origtest-shallow_cnn-nano,GeoTessera_v2,grid_orig_test,shallow_cnn,scnn_16-32,nano,12,9,35
v2-origtest-shallow_cnn-nano,GeoTessera_v2,grid_orig_test,shallow_cnn,scnn_16-32,nano,12,10,0
v2-origtest-shallow_cnn-nano,GeoTessera_v2,grid_orig_test,shallow_cnn,scnn_16-32,nano,12,11,13
v2-origtest-shallow_cnn-nano,GeoTessera_v2,grid_orig_test,shallow_cnn,scnn_16-32,nano,12,12,251
v2-origtest-shallow_cnn-nano,GeoTessera_v2,grid_orig_test,shallow_cnn,scnn_16-32,nano,12,13,91
v2-origtest-shallow_cnn-nano,GeoTessera_v2,grid_orig_test,shallow_cnn,scnn_16-32,nano,12,14,35
v2-origtest-shallow_cnn-nano,GeoTessera_v2,grid_orig_test,shallow_cnn,scnn_16-32,nano,12,15,0
v2-origtest-shallow_cnn-nano,GeoTessera_v2,grid_orig_test,shallow_cnn,scnn_16-32,nano,12,16,0
v2-origtest-shallow_cnn-nano,GeoTessera_v2,grid_orig_test,shallow_cnn,scnn_16-32,nano,12,17,0
v2-origtest-shallow_cnn-nano,GeoTessera_v2,grid_orig_test,shallow_cnn,scnn_16-32,nano,13,1,0
v2-origtest-shallow_cnn-nano,GeoTessera_v2,grid_orig_test,shallow_cnn,scnn_16-32,nano,13,2,0
v2-origtest-shallow_cnn-nano,GeoTessera_v2,grid_orig_test,shallow_cnn,scnn_16-32,nano,13,3,0
v2-origtest-shallow_cnn-nano,GeoTessera_v2,grid_orig_test,shallow_cnn,scnn_16-32,nano,13,4,0
v2-origtest-shallow_cnn-nano,GeoTessera_v2,grid_orig_test,shallow_cnn,scnn_16-32,nano,13,5,0
v2-origtest-shallow_cnn-nano,GeoTessera_v2,grid_orig_test,shallow_cnn,scnn_16-32,nano,13,6,0
v2-origtest-shallow_cnn-nano,GeoTessera_v2,grid_orig_test,shallow_cnn,scnn_16-32,nano,13,7,0
v2-origtest-shallow_cnn-nano,GeoTessera_v2,grid_orig_test,shallow_cnn,scnn_16-32,nano,13,8,0
v2-origtest-shallow_cnn-nano,GeoTessera_v2,grid_orig_test,shallow_cnn,scnn_16-32,nano,13,9,0
v2-origtest-shallow_cnn-nano,GeoTessera_v2,grid_orig_test,shallow_cnn,scnn_16-32,nano,13,10,0
v2-origtest-shallow_cnn-nano,GeoTessera_v2,grid_orig_test,shallow_cnn,scnn_16-32,nano,13,11,3
v2-origtest-shallow_cnn-nano,GeoTessera_v2,grid_orig_test,shallow_cnn,scnn_16-32,nano,13,12,4
v2-origtest-shallow_cnn-nano,GeoTessera_v2,grid_orig_test,shallow_cnn,scnn_16-32,nano,13,13,1025
v2-origtest-shallow_cnn-nano,GeoTessera_v2,grid_orig_test,shallow_cnn,scnn_16-32,nano,13,14,12
v2-origtest-shallow_cnn-nano,GeoTessera_v2,grid_orig_test,shallow_cnn,scnn_16-32,nano,13,15,0
v2-origtest-shallow_cnn-nano,GeoTessera_v2,grid_orig_test,shallow_cnn,scnn_16-32,nano,13,16,122
v2-origtest-shallow_cnn-nano,GeoTessera_v2,grid_orig_test,shallow_cnn,scnn_16-32,nano,13,17,0
v2-origtest-shallow_cnn-nano,GeoTessera_v2,grid_orig_test,shallow_cnn,scnn_16-32,nano,14,1,0
v2-origtest-shallow_cnn-nano,GeoTessera_v2,grid_orig_test,shallow_cnn,scnn_16-32,nano,14,2,0
v2-origtest-shallow_cnn-nano,GeoTessera_v2,grid_orig_test,shallow_cnn,scnn_16-32,nano,14,3,0
v2-origtest-shallow_cnn-nano,GeoTessera_v2,grid_orig_test,shallow_cnn,scnn_16-32,nano,14,4,92
v2-origtest-shallow_cnn-nano,GeoTessera_v2,grid_orig_test,shallow_cnn,scnn_16-32,nano,14,5,0
v2-origtest-shallow_cnn-nano,GeoTessera_v2,grid_orig_test,shallow_cnn,scnn_16-32,nano,14,6,0
v2-origtest-shallow_cnn-nano,GeoTessera_v2,grid_orig_test,shallow_cnn,scnn_16-32,nano,14,7,0
v2-origtest-shallow_cnn-nano,GeoTessera_v2,grid_orig_test,shallow_cnn,scnn_16-32,nano,14,8,1
v2-origtest-shallow_cnn-nano,GeoTessera_v2,grid_orig_test,shallow_cnn,scnn_16-32,nano,14,9,90
v2-origtest-shallow_cnn-nano,GeoTessera_v2,grid_orig_test,shallow_cnn,scnn_16-32,nano,14,10,46
v2-origtest-shallow_cnn-nano,GeoTessera_v2,grid_orig_test,shallow_cnn,scnn_16-32,nano,14,11,2
v2-origtest-shallow_cnn-nano,GeoTessera_v2,grid_orig_test,shallow_cnn,scnn_16-32,nano,14,12,14
v2-origtest-shallow_cnn-nano,GeoTessera_v2,grid_orig_test,shallow_cnn,scnn_16-32,nano,14,13,29
v2-origtest-shallow_cnn-nano,GeoTessera_v2,grid_orig_test,shallow_cnn,scnn_16-32,nano,14,14,2108
v2-origtest-shallow_cnn-nano,GeoTessera_v2,grid_orig_test,shallow_cnn,scnn_16-32,nano,14,15,1
v2-origtest-shallow_cnn-nano,GeoTessera_v2,grid_orig_test,shallow_cnn,scnn_16-32,nano,14,16,51
v2-origtest-shallow_cnn-nano,GeoTessera_v2,grid_orig_test,shallow_cnn,scnn_16-32,nano,14,17,1
v2-origtest-shallow_cnn-nano,GeoTessera_v2,grid_orig_test,shallow_cnn,scnn_16-32,nano,15,1,0
v2-origtest-shallow_cnn-nano,GeoTessera_v2,grid_orig_test,shallow_cnn,scnn_16-32,nano,15,2,0
v2-origtest-shallow_cnn-nano,GeoTessera_v2,grid_orig_test,shallow_cnn,scnn_16-32,nano,15,3,0
v2-origtest-shallow_cnn-nano,GeoTessera_v2,grid_orig_test,shallow_cnn,scnn_16-32,nano,15,4,0
v2-origtest-shallow_cnn-nano,GeoTessera_v2,grid_orig_test,shallow_cnn,scnn_16-32,nano,15,5,0
v2-origtest-shallow_cnn-nano,GeoTessera_v2,grid_orig_test,shallow_cnn,scnn_16-32,nano,15,6,0
v2-origtest-shallow_cnn-nano,GeoTessera_v2,grid_orig_test,shallow_cnn,scnn_16-32,nano,15,7,0
v2-origtest-shallow_cnn-nano,GeoTessera_v2,grid_orig_test,shallow_cnn,scnn_16-32,nano,15,8,7
v2-origtest-shallow_cnn-nano,GeoTessera_v2,grid_orig_test,shallow_cnn,scnn_16-32,nano,15,9,0
v2-origtest-shallow_cnn-nano,GeoTessera_v2,grid_orig_test,shallow_cnn,scnn_16-32,nano,15,10,12
v2-origtest-shallow_cnn-nano,GeoTessera_v2,grid_orig_test,shallow_cnn,scnn_16-32,nano,15,11,0
v2-origtest-shallow_cnn-nano,GeoTessera_v2,grid_orig_test,shallow_cnn,scnn_16-32,nano,15,12,0
v2-origtest-shallow_cnn-nano,GeoTessera_v2,grid_orig_test,shallow_cnn,scnn_16-32,nano,15,13,0
v2-origtest-shallow_cnn-nano,GeoTessera_v2,grid_orig_test,shallow_cnn,scnn_16-32,nano,15,14,0
v2-origtest-shallow_cnn-nano,GeoTessera_v2,grid_orig_test,shallow_cnn,scnn_16-32,nano,15,15,185
v2-origtest-shallow_cnn-nano,GeoTessera_v2,grid_orig_test,shallow_cnn,scnn_16-32,nano,15,16,1
v2-origtest-shallow_cnn-nano,GeoTessera_v2,grid_orig_test,shallow_cnn,scnn_16-32,nano,15,17,0
v2-origtest-shallow_cnn-nano,GeoTessera_v2,grid_orig_test,shallow_cnn,scnn_16-32,nano,16,1,0
v2-origtest-shallow_cnn-nano,GeoTessera_v2,grid_orig_test,shallow_cnn,scnn_16-32,nano,16,2,0
v2-origtest-shallow_cnn-nano,GeoTessera_v2,grid_orig_test,shallow_cnn,scnn_16-32,nano,16,3,0
v2-origtest-shallow_cnn-nano,GeoTessera_v2,grid_orig_test,shallow_cnn,scnn_16-32,nano,16,4,0
v2-origtest-shallow_cnn-nano,GeoTessera_v2,grid_orig_test,shallow_cnn,scnn_16-32,nano,16,5,0
v2-origtest-shallow_cnn-nano,GeoTessera_v2,grid_orig_test,shallow_cnn,scnn_16-32,nano,16,6,0
v2-origtest-shallow_cnn-nano,GeoTessera_v2,grid_orig_test,shallow_cnn,scnn_16-32,nano,16,7,0
v2-origtest-shallow_cnn-nano,GeoTessera_v2,grid_orig_test,shallow_cnn,scnn_16-32,nano,16,8,0
v2-origtest-shallow_cnn-nano,GeoTessera_v2,grid_orig_test,shallow_cnn,scnn_16-32,nano,16,9,15
v2-origtest-shallow_cnn-nano,GeoTessera_v2,grid_orig_test,shallow_cnn,scnn_16-32,nano,16,10,15
v2-origtest-shallow_cnn-nano,GeoTessera_v2,grid_orig_test,shallow_cnn,scnn_16-32,nano,16,11,0
v2-origtest-shallow_cnn-nano,GeoTessera_v2,grid_orig_test,shallow_cnn,scnn_16-32,nano,16,12,0
v2-origtest-shallow_cnn-nano,GeoTessera_v2,grid_orig_test,shallow_cnn,scnn_16-32,nano,16,13,10
v2-origtest-shallow_cnn-nano,GeoTessera_v2,grid_orig_test,shallow_cnn,scnn_16-32,nano,16,14,29
v2-origtest-shallow_cnn-nano,GeoTessera_v2,grid_orig_test,shallow_cnn,scnn_16-32,nano,16,15,79
v2-origtest-shallow_cnn-nano,GeoTessera_v2,grid_orig_test,shallow_cnn,scnn_16-32,nano,16,16,423
v2-origtest-shallow_cnn-nano,GeoTessera_v2,grid_orig_test,shallow_cnn,scnn_16-32,nano,16,17,0
v2-origtest-shallow_cnn-nano,GeoTessera_v2,grid_orig_test,shallow_cnn,scnn_16-32,nano,17,1,0
v2-origtest-shallow_cnn-nano,GeoTessera_v2,grid_orig_test,shallow_cnn,scnn_16-32,nano,17,2,0
v2-origtest-shallow_cnn-nano,GeoTessera_v2,grid_orig_test,shallow_cnn,scnn_16-32,nano,17,3,0
v2-origtest-shallow_cnn-nano,GeoTessera_v2,grid_orig_test,shallow_cnn,scnn_16-32,nano,17,4,8
v2-origtest-shallow_cnn-nano,GeoTessera_v2,grid_orig_test,shallow_cnn,scnn_16-32,nano,17,5,1
v2-origtest-shallow_cnn-nano,GeoTessera_v2,grid_orig_test,shallow_cnn,scnn_16-32,nano,17,6,0
v2-origtest-shallow_cnn-nano,GeoTessera_v2,grid_orig_test,shallow_cnn,scnn_16-32,nano,17,7,0
v2-origtest-shallow_cnn-nano,GeoTessera_v2,grid_orig_test,shallow_cnn,scnn_16-32,nano,17,8,0
v2-origtest-shallow_cnn-nano,GeoTessera_v2,grid_orig_test,shallow_cnn,scnn_16-32,nano,17,9,3
v2-origtest-shallow_cnn-nano,GeoTessera_v2,grid_orig_test,shallow_cnn,scnn_16-32,nano,17,10,2
v2-origtest-shallow_cnn-nano,GeoTessera_v2,grid_orig_test,shallow_cnn,scnn_16-32,nano,17,11,0
v2-origtest-shallow_cnn-nano,GeoTessera_v2,grid_orig_test,shallow_cnn,scnn_16-32,nano,17,12,0
v2-origtest-shallow_cnn-nano,GeoTessera_v2,grid_orig_test,shallow_cnn,scnn_16-32,nano,17,13,0
v2-origtest-shallow_cnn-nano,GeoTessera_v2,grid_orig_test,shallow_cnn,scnn_16-32,nano,17,14,6
v2-origtest-shallow_cnn-nano,GeoTessera_v2,grid_orig_test,shallow_cnn,scnn_16-32,nano,17,15,0
v2-origtest-shallow_cnn-nano,GeoTessera_v2,grid_orig_test,shallow_cnn,scnn_16-32,nano,17,16,7
v2-origtest-shallow_cnn-nano,GeoTessera_v2,grid_orig_test,shallow_cnn,scnn_16-32,nano,17,17,2177
v2-origtest-shallow_cnn-small,GeoTessera_v2,grid_orig_test,shallow_cnn,scnn_32-64,small,1,1,192
v2-origtest-shallow_cnn-small,GeoTessera_v2,grid_orig_test,shallow_cnn,scnn_32-64,small,1,2,9
v2-origtest-shallow_cnn-small,GeoTessera_v2,grid_orig_test,shallow_cnn,scnn_32-64,small,1,3,1
v2-origtest-shallow_cnn-small,GeoTessera_v2,grid_orig_test,shallow_cnn,scnn_32-64,small,1,4,36
v2-origtest-shallow_cnn-small,GeoTessera_v2,grid_orig_test,shallow_cnn,scnn_32-64,small,1,5,10
v2-origtest-shallow_cnn-small,GeoTessera_v2,grid_orig_test,shallow_cnn,scnn_32-64,small,1,6,0
v2-origtest-shallow_cnn-small,GeoTessera_v2,grid_orig_test,shallow_cnn,scnn_32-64,small,1,7,1
v2-origtest-shallow_cnn-small,GeoTessera_v2,grid_orig_test,shallow_cnn,scnn_32-64,small,1,8,12
v2-origtest-shallow_cnn-small,GeoTessera_v2,grid_orig_test,shallow_cnn,scnn_32-64,small,1,9,0
v2-origtest-shallow_cnn-small,GeoTessera_v2,grid_orig_test,shallow_cnn,scnn_32-64,small,1,10,5
v2-origtest-shallow_cnn-small,GeoTessera_v2,grid_orig_test,shallow_cnn,scnn_32-64,small,1,11,0
v2-origtest-shallow_cnn-small,GeoTessera_v2,grid_orig_test,shallow_cnn,scnn_32-64,small,1,12,0
v2-origtest-shallow_cnn-small,GeoTessera_v2,grid_orig_test,shallow_cnn,scnn_32-64,small,1,13,0
v2-origtest-shallow_cnn-small,GeoTessera_v2,grid_orig_test,shallow_cnn,scnn_32-64,small,1,14,0
v2-origtest-shallow_cnn-small,GeoTessera_v2,grid_orig_test,shallow_cnn,scnn_32-64,small,1,15,0
v2-origtest-shallow_cnn-small,GeoTessera_v2,grid_orig_test,shallow_cnn,scnn_32-64,small,1,16,0
v2-origtest-shallow_cnn-small,GeoTessera_v2,grid_orig_test,shallow_cnn,scnn_32-64,small,1,17,0
v2-origtest-shallow_cnn-small,GeoTessera_v2,grid_orig_test,shallow_cnn,scnn_32-64,small,2,1,36
v2-origtest-shallow_cnn-small,GeoTessera_v2,grid_orig_test,shallow_cnn,scnn_32-64,small,2,2,859
v2-origtest-shallow_cnn-small,GeoTessera_v2,grid_orig_test,shallow_cnn,scnn_32-64,small,2,3,21
v2-origtest-shallow_cnn-small,GeoTessera_v2,grid_orig_test,shallow_cnn,scnn_32-64,small,2,4,21
v2-origtest-shallow_cnn-small,GeoTessera_v2,grid_orig_test,shallow_cnn,scnn_32-64,small,2,5,102
v2-origtest-shallow_cnn-small,GeoTessera_v2,grid_orig_test,shallow_cnn,scnn_32-64,small,2,6,4
v2-origtest-shallow_cnn-small,GeoTessera_v2,grid_orig_test,shallow_cnn,scnn_32-64,small,2,7,133
v2-origtest-shallow_cnn-small,GeoTessera_v2,grid_orig_test,shallow_cnn,scnn_32-64,small,2,8,42
v2-origtest-shallow_cnn-small,GeoTessera_v2,grid_orig_test,shallow_cnn,scnn_32-64,small,2,9,4
v2-origtest-shallow_cnn-small,GeoTessera_v2,grid_orig_test,shallow_cnn,scnn_32-64,small,2,10,29
v2-origtest-shallow_cnn-small,GeoTessera_v2,grid_orig_test,shallow_cnn,scnn_32-64,small,2,11,0
v2-origtest-shallow_cnn-small,GeoTessera_v2,grid_orig_test,shallow_cnn,scnn_32-64,small,2,12,0
v2-origtest-shallow_cnn-small,GeoTessera_v2,grid_orig_test,shallow_cnn,scnn_32-64,small,2,13,0
v2-origtest-shallow_cnn-small,GeoTessera_v2,grid_orig_test,shallow_cnn,scnn_32-64,small,2,14,0
v2-origtest-shallow_cnn-small,GeoTessera_v2,grid_orig_test,shallow_cnn,scnn_32-64,small,2,15,0
v2-origtest-shallow_cnn-small,GeoTessera_v2,grid_orig_test,shallow_cnn,scnn_32-64,small,2,16,0
v2-origtest-shallow_cnn-small,GeoTessera_v2,grid_orig_test,shallow_cnn,scnn_32-64,small,2,17,0
v2-origtest-shallow_cnn-small,GeoTessera_v2,grid_orig_test,shallow_cnn,scnn_32-64,small,3,1,0
v2-origtest-shallow_cnn-small,GeoTessera_v2,grid_orig_test,shallow_cnn,scnn_32-64,small,3,2,66
v2-origtest-shallow_cnn-small,GeoTessera_v2,grid_orig_test,shallow_cnn,scnn_32-64,small,3,3,1937
v2-origtest-shallow_cnn-small,GeoTessera_v2,grid_orig_test,shallow_cnn,scnn_32-64,small,3,4,6
v2-origtest-shallow_cnn-small,GeoTessera_v2,grid_orig_test,shallow_cnn,scnn_32-64,small,3,5,8
v2-origtest-shallow_cnn-small,GeoTessera_v2,grid_orig_test,shallow_cnn,scnn_32-64,small,3,6,67
v2-origtest-shallow_cnn-small,GeoTessera_v2,grid_orig_test,shallow_cnn,scnn_32-64,small,3,7,338
v2-origtest-shallow_cnn-small,GeoTessera_v2,grid_orig_test,shallow_cnn,scnn_32-64,small,3,8,13
v2-origtest-shallow_cnn-small,GeoTessera_v2,grid_orig_test,shallow_cnn,scnn_32-64,small,3,9,13
v2-origtest-shallow_cnn-small,GeoTessera_v2,grid_orig_test,shallow_cnn,scnn_32-64,small,3,10,11
v2-origtest-shallow_cnn-small,GeoTessera_v2,grid_orig_test,shallow_cnn,scnn_32-64,small,3,11,0
v2-origtest-shallow_cnn-small,GeoTessera_v2,grid_orig_test,shallow_cnn,scnn_32-64,small,3,12,1
v2-origtest-shallow_cnn-small,GeoTessera_v2,grid_orig_test,shallow_cnn,scnn_32-64,small,3,13,5
v2-origtest-shallow_cnn-small,GeoTessera_v2,grid_orig_test,shallow_cnn,scnn_32-64,small,3,14,0
v2-origtest-shallow_cnn-small,GeoTessera_v2,grid_orig_test,shallow_cnn,scnn_32-64,small,3,15,0
v2-origtest-shallow_cnn-small,GeoTessera_v2,grid_orig_test,shallow_cnn,scnn_32-64,small,3,16,0
v2-origtest-shallow_cnn-small,GeoTessera_v2,grid_orig_test,shallow_cnn,scnn_32-64,small,3,17,0
v2-origtest-shallow_cnn-small,GeoTessera_v2,grid_orig_test,shallow_cnn,scnn_32-64,small,4,1,28
v2-origtest-shallow_cnn-small,GeoTessera_v2,grid_orig_test,shallow_cnn,scnn_32-64,small,4,2,11
v2-origtest-shallow_cnn-small,GeoTessera_v2,grid_orig_test,shallow_cnn,scnn_32-64,small,4,3,7
v2-origtest-shallow_cnn-small,GeoTessera_v2,grid_orig_test,shallow_cnn,scnn_32-64,small,4,4,686
v2-origtest-shallow_cnn-small,GeoTessera_v2,grid_orig_test,shallow_cnn,scnn_32-64,small,4,5,40
v2-origtest-shallow_cnn-small,GeoTessera_v2,grid_orig_test,shallow_cnn,scnn_32-64,small,4,6,4
v2-origtest-shallow_cnn-small,GeoTessera_v2,grid_orig_test,shallow_cnn,scnn_32-64,small,4,7,1
v2-origtest-shallow_cnn-small,GeoTessera_v2,grid_orig_test,shallow_cnn,scnn_32-64,small,4,8,4
v2-origtest-shallow_cnn-small,GeoTessera_v2,grid_orig_test,shallow_cnn,scnn_32-64,small,4,9,9
v2-origtest-shallow_cnn-small,GeoTessera_v2,grid_orig_test,shallow_cnn,scnn_32-64,small,4,10,65
v2-origtest-shallow_cnn-small,GeoTessera_v2,grid_orig_test,shallow_cnn,scnn_32-64,small,4,11,0
v2-origtest-shallow_cnn-small,GeoTessera_v2,grid_orig_test,shallow_cnn,scnn_32-64,small,4,12,0
v2-origtest-shallow_cnn-small,GeoTessera_v2,grid_orig_test,shallow_cnn,scnn_32-64,small,4,13,0
v2-origtest-shallow_cnn-small,GeoTessera_v2,grid_orig_test,shallow_cnn,scnn_32-64,small,4,14,0
v2-origtest-shallow_cnn-small,GeoTessera_v2,grid_orig_test,shallow_cnn,scnn_32-64,small,4,15,0
v2-origtest-shallow_cnn-small,GeoTessera_v2,grid_orig_test,shallow_cnn,scnn_32-64,small,4,16,2
v2-origtest-shallow_cnn-small,GeoTessera_v2,grid_orig_test,shallow_cnn,scnn_32-64,small,4,17,0
v2-origtest-shallow_cnn-small,GeoTessera_v2,grid_orig_test,shallow_cnn,scnn_32-64,small,5,1,5
v2-origtest-shallow_cnn-small,GeoTessera_v2,grid_orig_test,shallow_cnn,scnn_32-64,small,5,2,10
v2-origtest-shallow_cnn-small,GeoTessera_v2,grid_orig_test,shallow_cnn,scnn_32-64,small,5,3,59
v2-origtest-shallow_cnn-small,GeoTessera_v2,grid_orig_test,shallow_cnn,scnn_32-64,small,5,4,106
v2-origtest-shallow_cnn-small,GeoTessera_v2,grid_orig_test,shallow_cnn,scnn_32-64,small,5,5,482
v2-origtest-shallow_cnn-small,GeoTessera_v2,grid_orig_test,shallow_cnn,scnn_32-64,small,5,6,25
v2-origtest-shallow_cnn-small,GeoTessera_v2,grid_orig_test,shallow_cnn,scnn_32-64,small,5,7,0
v2-origtest-shallow_cnn-small,GeoTessera_v2,grid_orig_test,shallow_cnn,scnn_32-64,small,5,8,9
v2-origtest-shallow_cnn-small,GeoTessera_v2,grid_orig_test,shallow_cnn,scnn_32-64,small,5,9,63
v2-origtest-shallow_cnn-small,GeoTessera_v2,grid_orig_test,shallow_cnn,scnn_32-64,small,5,10,2
v2-origtest-shallow_cnn-small,GeoTessera_v2,grid_orig_test,shallow_cnn,scnn_32-64,small,5,11,0
v2-origtest-shallow_cnn-small,GeoTessera_v2,grid_orig_test,shallow_cnn,scnn_32-64,small,5,12,2
v2-origtest-shallow_cnn-small,GeoTessera_v2,grid_orig_test,shallow_cnn,scnn_32-64,small,5,13,0
v2-origtest-shallow_cnn-small,GeoTessera_v2,grid_orig_test,shallow_cnn,scnn_32-64,small,5,14,0
v2-origtest-shallow_cnn-small,GeoTessera_v2,grid_orig_test,shallow_cnn,scnn_32-64,small,5,15,0
v2-origtest-shallow_cnn-small,GeoTessera_v2,grid_orig_test,shallow_cnn,scnn_32-64,small,5,16,0
v2-origtest-shallow_cnn-small,GeoTessera_v2,grid_orig_test,shallow_cnn,scnn_32-64,small,5,17,0
v2-origtest-shallow_cnn-small,GeoTessera_v2,grid_orig_test,shallow_cnn,scnn_32-64,small,6,1,1
v2-origtest-shallow_cnn-small,GeoTessera_v2,grid_orig_test,shallow_cnn,scnn_32-64,small,6,2,1
v2-origtest-shallow_cnn-small,GeoTessera_v2,grid_orig_test,shallow_cnn,scnn_32-64,small,6,3,316
v2-origtest-shallow_cnn-small,GeoTessera_v2,grid_orig_test,shallow_cnn,scnn_32-64,small,6,4,12
v2-origtest-shallow_cnn-small,GeoTessera_v2,grid_orig_test,shallow_cnn,scnn_32-64,small,6,5,70
v2-origtest-shallow_cnn-small,GeoTessera_v2,grid_orig_test,shallow_cnn,scnn_32-64,small,6,6,1218
v2-origtest-shallow_cnn-small,GeoTessera_v2,grid_orig_test,shallow_cnn,scnn_32-64,small,6,7,22
v2-origtest-shallow_cnn-small,GeoTessera_v2,grid_orig_test,shallow_cnn,scnn_32-64,small,6,8,25
v2-origtest-shallow_cnn-small,GeoTessera_v2,grid_orig_test,shallow_cnn,scnn_32-64,small,6,9,238
v2-origtest-shallow_cnn-small,GeoTessera_v2,grid_orig_test,shallow_cnn,scnn_32-64,small,6,10,13
v2-origtest-shallow_cnn-small,GeoTessera_v2,grid_orig_test,shallow_cnn,scnn_32-64,small,6,11,0
v2-origtest-shallow_cnn-small,GeoTessera_v2,grid_orig_test,shallow_cnn,scnn_32-64,small,6,12,1
v2-origtest-shallow_cnn-small,GeoTessera_v2,grid_orig_test,shallow_cnn,scnn_32-64,small,6,13,9
v2-origtest-shallow_cnn-small,GeoTessera_v2,grid_orig_test,shallow_cnn,scnn_32-64,small,6,14,6
v2-origtest-shallow_cnn-small,GeoTessera_v2,grid_orig_test,shallow_cnn,scnn_32-64,small,6,15,1
v2-origtest-shallow_cnn-small,GeoTessera_v2,grid_orig_test,shallow_cnn,scnn_32-64,small,6,16,1
v2-origtest-shallow_cnn-small,GeoTessera_v2,grid_orig_test,shallow_cnn,scnn_32-64,small,6,17,2
v2-origtest-shallow_cnn-small,GeoTessera_v2,grid_orig_test,shallow_cnn,scnn_32-64,small,7,1,2
v2-origtest-shallow_cnn-small,GeoTessera_v2,grid_orig_test,shallow_cnn,scnn_32-64,small,7,2,47
v2-origtest-shallow_cnn-small,GeoTessera_v2,grid_orig_test,shallow_cnn,scnn_32-64,small,7,3,7
v2-origtest-shallow_cnn-small,GeoTessera_v2,grid_orig_test,shallow_cnn,scnn_32-64,small,7,4,1
v2-origtest-shallow_cnn-small,GeoTessera_v2,grid_orig_test,shallow_cnn,scnn_32-64,small,7,5,1
v2-origtest-shallow_cnn-small,GeoTessera_v2,grid_orig_test,shallow_cnn,scnn_32-64,small,7,6,0
v2-origtest-shallow_cnn-small,GeoTessera_v2,grid_orig_test,shallow_cnn,scnn_32-64,small,7,7,405
v2-origtest-shallow_cnn-small,GeoTessera_v2,grid_orig_test,shallow_cnn,scnn_32-64,small,7,8,7
v2-origtest-shallow_cnn-small,GeoTessera_v2,grid_orig_test,shallow_cnn,scnn_32-64,small,7,9,3
v2-origtest-shallow_cnn-small,GeoTessera_v2,grid_orig_test,shallow_cnn,scnn_32-64,small,7,10,30
v2-origtest-shallow_cnn-small,GeoTessera_v2,grid_orig_test,shallow_cnn,scnn_32-64,small,7,11,0
v2-origtest-shallow_cnn-small,GeoTessera_v2,grid_orig_test,shallow_cnn,scnn_32-64,small,7,12,0
v2-origtest-shallow_cnn-small,GeoTessera_v2,grid_orig_test,shallow_cnn,scnn_32-64,small,7,13,0
v2-origtest-shallow_cnn-small,GeoTessera_v2,grid_orig_test,shallow_cnn,scnn_32-64,small,7,14,0
v2-origtest-shallow_cnn-small,GeoTessera_v2,grid_orig_test,shallow_cnn,scnn_32-64,small,7,15,0
v2-origtest-shallow_cnn-small,GeoTessera_v2,grid_orig_test,shallow_cnn,scnn_32-64,small,7,16,0
v2-origtest-shallow_cnn-small,GeoTessera_v2,grid_orig_test,shallow_cnn,scnn_32-64,small,7,17,0
v2-origtest-shallow_cnn-small,GeoTessera_v2,grid_orig_test,shallow_cnn,scnn_32-64,small,8,1,11
v2-origtest-shallow_cnn-small,GeoTessera_v2,grid_orig_test,shallow_cnn,scnn_32-64,small,8,2,9
v2-origtest-shallow_cnn-small,GeoTessera_v2,grid_orig_test,shallow_cnn,scnn_32-64,small,8,3,24
v2-origtest-shallow_cnn-small,GeoTessera_v2,grid_orig_test,shallow_cnn,scnn_32-64,small,8,4,13
v2-origtest-shallow_cnn-small,GeoTessera_v2,grid_orig_test,shallow_cnn,scnn_32-64,small,8,5,37
v2-origtest-shallow_cnn-small,GeoTessera_v2,grid_orig_test,shallow_cnn,scnn_32-64,small,8,6,10
v2-origtest-shallow_cnn-small,GeoTessera_v2,grid_orig_test,shallow_cnn,scnn_32-64,small,8,7,42
v2-origtest-shallow_cnn-small,GeoTessera_v2,grid_orig_test,shallow_cnn,scnn_32-64,small,8,8,2962
v2-origtest-shallow_cnn-small,GeoTessera_v2,grid_orig_test,shallow_cnn,scnn_32-64,small,8,9,39
v2-origtest-shallow_cnn-small,GeoTessera_v2,grid_orig_test,shallow_cnn,scnn_32-64,small,8,10,332
v2-origtest-shallow_cnn-small,GeoTessera_v2,grid_orig_test,shallow_cnn,scnn_32-64,small,8,11,0
v2-origtest-shallow_cnn-small,GeoTessera_v2,grid_orig_test,shallow_cnn,scnn_32-64,small,8,12,1
v2-origtest-shallow_cnn-small,GeoTessera_v2,grid_orig_test,shallow_cnn,scnn_32-64,small,8,13,3
v2-origtest-shallow_cnn-small,GeoTessera_v2,grid_orig_test,shallow_cnn,scnn_32-64,small,8,14,6
v2-origtest-shallow_cnn-small,GeoTessera_v2,grid_orig_test,shallow_cnn,scnn_32-64,small,8,15,3
v2-origtest-shallow_cnn-small,GeoTessera_v2,grid_orig_test,shallow_cnn,scnn_32-64,small,8,16,4
v2-origtest-shallow_cnn-small,GeoTessera_v2,grid_orig_test,shallow_cnn,scnn_32-64,small,8,17,0
v2-origtest-shallow_cnn-small,GeoTessera_v2,grid_orig_test,shallow_cnn,scnn_32-64,small,9,1,3
v2-origtest-shallow_cnn-small,GeoTessera_v2,grid_orig_test,shallow_cnn,scnn_32-64,small,9,2,0
v2-origtest-shallow_cnn-small,GeoTessera_v2,grid_orig_test,shallow_cnn,scnn_32-64,small,9,3,17
v2-origtest-shallow_cnn-small,GeoTessera_v2,grid_orig_test,shallow_cnn,scnn_32-64,small,9,4,15
v2-origtest-shallow_cnn-small,GeoTessera_v2,grid_orig_test,shallow_cnn,scnn_32-64,small,9,5,28
v2-origtest-shallow_cnn-small,GeoTessera_v2,grid_orig_test,shallow_cnn,scnn_32-64,small,9,6,54
v2-origtest-shallow_cnn-small,GeoTessera_v2,grid_orig_test,shallow_cnn,scnn_32-64,small,9,7,0
v2-origtest-shallow_cnn-small,GeoTessera_v2,grid_orig_test,shallow_cnn,scnn_32-64,small,9,8,6
v2-origtest-shallow_cnn-small,GeoTessera_v2,grid_orig_test,shallow_cnn,scnn_32-64,small,9,9,1844
v2-origtest-shallow_cnn-small,GeoTessera_v2,grid_orig_test,shallow_cnn,scnn_32-64,small,9,10,3
v2-origtest-shallow_cnn-small,GeoTessera_v2,grid_orig_test,shallow_cnn,scnn_32-64,small,9,11,2
v2-origtest-shallow_cnn-small,GeoTessera_v2,grid_orig_test,shallow_cnn,scnn_32-64,small,9,12,7
v2-origtest-shallow_cnn-small,GeoTessera_v2,grid_orig_test,shallow_cnn,scnn_32-64,small,9,13,28
v2-origtest-shallow_cnn-small,GeoTessera_v2,grid_orig_test,shallow_cnn,scnn_32-64,small,9,14,6
v2-origtest-shallow_cnn-small,GeoTessera_v2,grid_orig_test,shallow_cnn,scnn_32-64,small,9,15,0
v2-origtest-shallow_cnn-small,GeoTessera_v2,grid_orig_test,shallow_cnn,scnn_32-64,small,9,16,0
v2-origtest-shallow_cnn-small,GeoTessera_v2,grid_orig_test,shallow_cnn,scnn_32-64,small,9,17,0
v2-origtest-shallow_cnn-small,GeoTessera_v2,grid_orig_test,shallow_cnn,scnn_32-64,small,10,1,1
v2-origtest-shallow_cnn-small,GeoTessera_v2,grid_orig_test,shallow_cnn,scnn_32-64,small,10,2,2
v2-origtest-shallow_cnn-small,GeoTessera_v2,grid_orig_test,shallow_cnn,scnn_32-64,small,10,3,0
v2-origtest-shallow_cnn-small,GeoTessera_v2,grid_orig_test,shallow_cnn,scnn_32-64,small,10,4,58
v2-origtest-shallow_cnn-small,GeoTessera_v2,grid_orig_test,shallow_cnn,scnn_32-64,small,10,5,9
v2-origtest-shallow_cnn-small,GeoTessera_v2,grid_orig_test,shallow_cnn,scnn_32-64,small,10,6,2
v2-origtest-shallow_cnn-small,GeoTessera_v2,grid_orig_test,shallow_cnn,scnn_32-64,small,10,7,0
v2-origtest-shallow_cnn-small,GeoTessera_v2,grid_orig_test,shallow_cnn,scnn_32-64,small,10,8,153
v2-origtest-shallow_cnn-small,GeoTessera_v2,grid_orig_test,shallow_cnn,scnn_32-64,small,10,9,13
v2-origtest-shallow_cnn-small,GeoTessera_v2,grid_orig_test,shallow_cnn,scnn_32-64,small,10,10,609
v2-origtest-shallow_cnn-small,GeoTessera_v2,grid_orig_test,shallow_cnn,scnn_32-64,small,10,11,0
v2-origtest-shallow_cnn-small,GeoTessera_v2,grid_orig_test,shallow_cnn,scnn_32-64,small,10,12,0
v2-origtest-shallow_cnn-small,GeoTessera_v2,grid_orig_test,shallow_cnn,scnn_32-64,small,10,13,37
v2-origtest-shallow_cnn-small,GeoTessera_v2,grid_orig_test,shallow_cnn,scnn_32-64,small,10,14,2
v2-origtest-shallow_cnn-small,GeoTessera_v2,grid_orig_test,shallow_cnn,scnn_32-64,small,10,15,4
v2-origtest-shallow_cnn-small,GeoTessera_v2,grid_orig_test,shallow_cnn,scnn_32-64,small,10,16,18
v2-origtest-shallow_cnn-small,GeoTessera_v2,grid_orig_test,shallow_cnn,scnn_32-64,small,10,17,0
v2-origtest-shallow_cnn-small,GeoTessera_v2,grid_orig_test,shallow_cnn,scnn_32-64,small,11,1,0
v2-origtest-shallow_cnn-small,GeoTessera_v2,grid_orig_test,shallow_cnn,scnn_32-64,small,11,2,0
v2-origtest-shallow_cnn-small,GeoTessera_v2,grid_orig_test,shallow_cnn,scnn_32-64,small,11,3,0
v2-origtest-shallow_cnn-small,GeoTessera_v2,grid_orig_test,shallow_cnn,scnn_32-64,small,11,4,0
v2-origtest-shallow_cnn-small,GeoTessera_v2,grid_orig_test,shallow_cnn,scnn_32-64,small,11,5,0
v2-origtest-shallow_cnn-small,GeoTessera_v2,grid_orig_test,shallow_cnn,scnn_32-64,small,11,6,0
v2-origtest-shallow_cnn-small,GeoTessera_v2,grid_orig_test,shallow_cnn,scnn_32-64,small,11,7,0
v2-origtest-shallow_cnn-small,GeoTessera_v2,grid_orig_test,shallow_cnn,scnn_32-64,small,11,8,0
v2-origtest-shallow_cnn-small,GeoTessera_v2,grid_orig_test,shallow_cnn,scnn_32-64,small,11,9,36
v2-origtest-shallow_cnn-small,GeoTessera_v2,grid_orig_test,shallow_cnn,scnn_32-64,small,11,10,0
v2-origtest-shallow_cnn-small,GeoTessera_v2,grid_orig_test,shallow_cnn,scnn_32-64,small,11,11,2124
v2-origtest-shallow_cnn-small,GeoTessera_v2,grid_orig_test,shallow_cnn,scnn_32-64,small,11,12,64
v2-origtest-shallow_cnn-small,GeoTessera_v2,grid_orig_test,shallow_cnn,scnn_32-64,small,11,13,143
v2-origtest-shallow_cnn-small,GeoTessera_v2,grid_orig_test,shallow_cnn,scnn_32-64,small,11,14,1
v2-origtest-shallow_cnn-small,GeoTessera_v2,grid_orig_test,shallow_cnn,scnn_32-64,small,11,15,0
v2-origtest-shallow_cnn-small,GeoTessera_v2,grid_orig_test,shallow_cnn,scnn_32-64,small,11,16,0
v2-origtest-shallow_cnn-small,GeoTessera_v2,grid_orig_test,shallow_cnn,scnn_32-64,small,11,17,0
v2-origtest-shallow_cnn-small,GeoTessera_v2,grid_orig_test,shallow_cnn,scnn_32-64,small,12,1,0
v2-origtest-shallow_cnn-small,GeoTessera_v2,grid_orig_test,shallow_cnn,scnn_32-64,small,12,2,0
v2-origtest-shallow_cnn-small,GeoTessera_v2,grid_orig_test,shallow_cnn,scnn_32-64,small,12,3,0
v2-origtest-shallow_cnn-small,GeoTessera_v2,grid_orig_test,shallow_cnn,scnn_32-64,small,12,4,1
v2-origtest-shallow_cnn-small,GeoTessera_v2,grid_orig_test,shallow_cnn,scnn_32-64,small,12,5,0
v2-origtest-shallow_cnn-small,GeoTessera_v2,grid_orig_test,shallow_cnn,scnn_32-64,small,12,6,4
v2-origtest-shallow_cnn-small,GeoTessera_v2,grid_orig_test,shallow_cnn,scnn_32-64,small,12,7,0
v2-origtest-shallow_cnn-small,GeoTessera_v2,grid_orig_test,shallow_cnn,scnn_32-64,small,12,8,0
v2-origtest-shallow_cnn-small,GeoTessera_v2,grid_orig_test,shallow_cnn,scnn_32-64,small,12,9,29
v2-origtest-shallow_cnn-small,GeoTessera_v2,grid_orig_test,shallow_cnn,scnn_32-64,small,12,10,0
v2-origtest-shallow_cnn-small,GeoTessera_v2,grid_orig_test,shallow_cnn,scnn_32-64,small,12,11,16
v2-origtest-shallow_cnn-small,GeoTessera_v2,grid_orig_test,shallow_cnn,scnn_32-64,small,12,12,235
v2-origtest-shallow_cnn-small,GeoTessera_v2,grid_orig_test,shallow_cnn,scnn_32-64,small,12,13,109
v2-origtest-shallow_cnn-small,GeoTessera_v2,grid_orig_test,shallow_cnn,scnn_32-64,small,12,14,32
v2-origtest-shallow_cnn-small,GeoTessera_v2,grid_orig_test,shallow_cnn,scnn_32-64,small,12,15,0
v2-origtest-shallow_cnn-small,GeoTessera_v2,grid_orig_test,shallow_cnn,scnn_32-64,small,12,16,0
v2-origtest-shallow_cnn-small,GeoTessera_v2,grid_orig_test,shallow_cnn,scnn_32-64,small,12,17,0
v2-origtest-shallow_cnn-small,GeoTessera_v2,grid_orig_test,shallow_cnn,scnn_32-64,small,13,1,0
v2-origtest-shallow_cnn-small,GeoTessera_v2,grid_orig_test,shallow_cnn,scnn_32-64,small,13,2,0
v2-origtest-shallow_cnn-small,GeoTessera_v2,grid_orig_test,shallow_cnn,scnn_32-64,small,13,3,0
v2-origtest-shallow_cnn-small,GeoTessera_v2,grid_orig_test,shallow_cnn,scnn_32-64,small,13,4,0
v2-origtest-shallow_cnn-small,GeoTessera_v2,grid_orig_test,shallow_cnn,scnn_32-64,small,13,5,0
v2-origtest-shallow_cnn-small,GeoTessera_v2,grid_orig_test,shallow_cnn,scnn_32-64,small,13,6,0
v2-origtest-shallow_cnn-small,GeoTessera_v2,grid_orig_test,shallow_cnn,scnn_32-64,small,13,7,0
v2-origtest-shallow_cnn-small,GeoTessera_v2,grid_orig_test,shallow_cnn,scnn_32-64,small,13,8,0
v2-origtest-shallow_cnn-small,GeoTessera_v2,grid_orig_test,shallow_cnn,scnn_32-64,small,13,9,0
v2-origtest-shallow_cnn-small,GeoTessera_v2,grid_orig_test,shallow_cnn,scnn_32-64,small,13,10,0
v2-origtest-shallow_cnn-small,GeoTessera_v2,grid_orig_test,shallow_cnn,scnn_32-64,small,13,11,4
v2-origtest-shallow_cnn-small,GeoTessera_v2,grid_orig_test,shallow_cnn,scnn_32-64,small,13,12,5
v2-origtest-shallow_cnn-small,GeoTessera_v2,grid_orig_test,shallow_cnn,scnn_32-64,small,13,13,1045
v2-origtest-shallow_cnn-small,GeoTessera_v2,grid_orig_test,shallow_cnn,scnn_32-64,small,13,14,15
v2-origtest-shallow_cnn-small,GeoTessera_v2,grid_orig_test,shallow_cnn,scnn_32-64,small,13,15,3
v2-origtest-shallow_cnn-small,GeoTessera_v2,grid_orig_test,shallow_cnn,scnn_32-64,small,13,16,94
v2-origtest-shallow_cnn-small,GeoTessera_v2,grid_orig_test,shallow_cnn,scnn_32-64,small,13,17,0
v2-origtest-shallow_cnn-small,GeoTessera_v2,grid_orig_test,shallow_cnn,scnn_32-64,small,14,1,0
v2-origtest-shallow_cnn-small,GeoTessera_v2,grid_orig_test,shallow_cnn,scnn_32-64,small,14,2,0
v2-origtest-shallow_cnn-small,GeoTessera_v2,grid_orig_test,shallow_cnn,scnn_32-64,small,14,3,0
v2-origtest-shallow_cnn-small,GeoTessera_v2,grid_orig_test,shallow_cnn,scnn_32-64,small,14,4,109
v2-origtest-shallow_cnn-small,GeoTessera_v2,grid_orig_test,shallow_cnn,scnn_32-64,small,14,5,0
v2-origtest-shallow_cnn-small,GeoTessera_v2,grid_orig_test,shallow_cnn,scnn_32-64,small,14,6,8
v2-origtest-shallow_cnn-small,GeoTessera_v2,grid_orig_test,shallow_cnn,scnn_32-64,small,14,7,0
v2-origtest-shallow_cnn-small,GeoTessera_v2,grid_orig_test,shallow_cnn,scnn_32-64,small,14,8,2
v2-origtest-shallow_cnn-small,GeoTessera_v2,grid_orig_test,shallow_cnn,scnn_32-64,small,14,9,64
v2-origtest-shallow_cnn-small,GeoTessera_v2,grid_orig_test,shallow_cnn,scnn_32-64,small,14,10,19
v2-origtest-shallow_cnn-small,GeoTessera_v2,grid_orig_test,shallow_cnn,scnn_32-64,small,14,11,3
v2-origtest-shallow_cnn-small,GeoTessera_v2,grid_orig_test,shallow_cnn,scnn_32-64,small,14,12,22
v2-origtest-shallow_cnn-small,GeoTessera_v2,grid_orig_test,shallow_cnn,scnn_32-64,small,14,13,21
v2-origtest-shallow_cnn-small,GeoTessera_v2,grid_orig_test,shallow_cnn,scnn_32-64,small,14,14,2092
v2-origtest-shallow_cnn-small,GeoTessera_v2,grid_orig_test,shallow_cnn,scnn_32-64,small,14,15,3
v2-origtest-shallow_cnn-small,GeoTessera_v2,grid_orig_test,shallow_cnn,scnn_32-64,small,14,16,70
v2-origtest-shallow_cnn-small,GeoTessera_v2,grid_orig_test,shallow_cnn,scnn_32-64,small,14,17,22
v2-origtest-shallow_cnn-small,GeoTessera_v2,grid_orig_test,shallow_cnn,scnn_32-64,small,15,1,0
v2-origtest-shallow_cnn-small,GeoTessera_v2,grid_orig_test,shallow_cnn,scnn_32-64,small,15,2,0
v2-origtest-shallow_cnn-small,GeoTessera_v2,grid_orig_test,shallow_cnn,scnn_32-64,small,15,3,0
v2-origtest-shallow_cnn-small,GeoTessera_v2,grid_orig_test,shallow_cnn,scnn_32-64,small,15,4,0
v2-origtest-shallow_cnn-small,GeoTessera_v2,grid_orig_test,shallow_cnn,scnn_32-64,small,15,5,0
v2-origtest-shallow_cnn-small,GeoTessera_v2,grid_orig_test,shallow_cnn,scnn_32-64,small,15,6,0
v2-origtest-shallow_cnn-small,GeoTessera_v2,grid_orig_test,shallow_cnn,scnn_32-64,small,15,7,0
v2-origtest-shallow_cnn-small,GeoTessera_v2,grid_orig_test,shallow_cnn,scnn_32-64,small,15,8,7
v2-origtest-shallow_cnn-small,GeoTessera_v2,grid_orig_test,shallow_cnn,scnn_32-64,small,15,9,0
v2-origtest-shallow_cnn-small,GeoTessera_v2,grid_orig_test,shallow_cnn,scnn_32-64,small,15,10,3
v2-origtest-shallow_cnn-small,GeoTessera_v2,grid_orig_test,shallow_cnn,scnn_32-64,small,15,11,0
v2-origtest-shallow_cnn-small,GeoTessera_v2,grid_orig_test,shallow_cnn,scnn_32-64,small,15,12,0
v2-origtest-shallow_cnn-small,GeoTessera_v2,grid_orig_test,shallow_cnn,scnn_32-64,small,15,13,0
v2-origtest-shallow_cnn-small,GeoTessera_v2,grid_orig_test,shallow_cnn,scnn_32-64,small,15,14,0
v2-origtest-shallow_cnn-small,GeoTessera_v2,grid_orig_test,shallow_cnn,scnn_32-64,small,15,15,194
v2-origtest-shallow_cnn-small,GeoTessera_v2,grid_orig_test,shallow_cnn,scnn_32-64,small,15,16,1
v2-origtest-shallow_cnn-small,GeoTessera_v2,grid_orig_test,shallow_cnn,scnn_32-64,small,15,17,0
v2-origtest-shallow_cnn-small,GeoTessera_v2,grid_orig_test,shallow_cnn,scnn_32-64,small,16,1,0
v2-origtest-shallow_cnn-small,GeoTessera_v2,grid_orig_test,shallow_cnn,scnn_32-64,small,16,2,0
v2-origtest-shallow_cnn-small,GeoTessera_v2,grid_orig_test,shallow_cnn,scnn_32-64,small,16,3,0
v2-origtest-shallow_cnn-small,GeoTessera_v2,grid_orig_test,shallow_cnn,scnn_32-64,small,16,4,0
v2-origtest-shallow_cnn-small,GeoTessera_v2,grid_orig_test,shallow_cnn,scnn_32-64,small,16,5,0
v2-origtest-shallow_cnn-small,GeoTessera_v2,grid_orig_test,shallow_cnn,scnn_32-64,small,16,6,2
v2-origtest-shallow_cnn-small,GeoTessera_v2,grid_orig_test,shallow_cnn,scnn_32-64,small,16,7,0
v2-origtest-shallow_cnn-small,GeoTessera_v2,grid_orig_test,shallow_cnn,scnn_32-64,small,16,8,0
v2-origtest-shallow_cnn-small,GeoTessera_v2,grid_orig_test,shallow_cnn,scnn_32-64,small,16,9,14
v2-origtest-shallow_cnn-small,GeoTessera_v2,grid_orig_test,shallow_cnn,scnn_32-64,small,16,10,6
v2-origtest-shallow_cnn-small,GeoTessera_v2,grid_orig_test,shallow_cnn,scnn_32-64,small,16,11,0
v2-origtest-shallow_cnn-small,GeoTessera_v2,grid_orig_test,shallow_cnn,scnn_32-64,small,16,12,0
v2-origtest-shallow_cnn-small,GeoTessera_v2,grid_orig_test,shallow_cnn,scnn_32-64,small,16,13,70
v2-origtest-shallow_cnn-small,GeoTessera_v2,grid_orig_test,shallow_cnn,scnn_32-64,small,16,14,8
v2-origtest-shallow_cnn-small,GeoTessera_v2,grid_orig_test,shallow_cnn,scnn_32-64,small,16,15,102
v2-origtest-shallow_cnn-small,GeoTessera_v2,grid_orig_test,shallow_cnn,scnn_32-64,small,16,16,369
v2-origtest-shallow_cnn-small,GeoTessera_v2,grid_orig_test,shallow_cnn,scnn_32-64,small,16,17,0
v2-origtest-shallow_cnn-small,GeoTessera_v2,grid_orig_test,shallow_cnn,scnn_32-64,small,17,1,0
v2-origtest-shallow_cnn-small,GeoTessera_v2,grid_orig_test,shallow_cnn,scnn_32-64,small,17,2,0
v2-origtest-shallow_cnn-small,GeoTessera_v2,grid_orig_test,shallow_cnn,scnn_32-64,small,17,3,0
v2-origtest-shallow_cnn-small,GeoTessera_v2,grid_orig_test,shallow_cnn,scnn_32-64,small,17,4,0
v2-origtest-shallow_cnn-small,GeoTessera_v2,grid_orig_test,shallow_cnn,scnn_32-64,small,17,5,1
v2-origtest-shallow_cnn-small,GeoTessera_v2,grid_orig_test,shallow_cnn,scnn_32-64,small,17,6,1
v2-origtest-shallow_cnn-small,GeoTessera_v2,grid_orig_test,shallow_cnn,scnn_32-64,small,17,7,0
v2-origtest-shallow_cnn-small,GeoTessera_v2,grid_orig_test,shallow_cnn,scnn_32-64,small,17,8,2
v2-origtest-shallow_cnn-small,GeoTessera_v2,grid_orig_test,shallow_cnn,scnn_32-64,small,17,9,3
v2-origtest-shallow_cnn-small,GeoTessera_v2,grid_orig_test,shallow_cnn,scnn_32-64,small,17,10,1
v2-origtest-shallow_cnn-small,GeoTessera_v2,grid_orig_test,shallow_cnn,scnn_32-64,small,17,11,0
v2-origtest-shallow_cnn-small,GeoTessera_v2,grid_orig_test,shallow_cnn,scnn_32-64,small,17,12,0
v2-origtest-shallow_cnn-small,GeoTessera_v2,grid_orig_test,shallow_cnn,scnn_32-64,small,17,13,0
v2-origtest-shallow_cnn-small,GeoTessera_v2,grid_orig_test,shallow_cnn,scnn_32-64,small,17,14,6
v2-origtest-shallow_cnn-small,GeoTessera_v2,grid_orig_test,shallow_cnn,scnn_32-64,small,17,15,0
v2-origtest-shallow_cnn-small,GeoTessera_v2,grid_orig_test,shallow_cnn,scnn_32-64,small,17,16,6
v2-origtest-shallow_cnn-small,GeoTessera_v2,grid_orig_test,shallow_cnn,scnn_32-64,small,17,17,2184
