SMOD_ID,JRC_NAME_MAIN,ISO,CNTRY_NAME,minx,miny,maxx,maxy
30_2602,Deqing,CHN,China,111.73983542900004,23.12167807700007,111.83009891200004,23.171783825000034
30_4854,San Pedro Sacatepéquez [San Marcos],GTM,Guatemala,-91.84086396599997,14.938215392000075,-91.72072392199999,14.979190651000067
30_10829,Vigan,PHL,Philippines,120.34449678600004,17.534102591000078,120.43359769000006,17.599996271000066
30_11154,Botoșani,ROU,Romania,26.619818791000057,47.72319773500004,26.69953061900003,47.760762260000035
30_11430,Sharurah,SAU,Saudi Arabia,47.092895963000046,17.476453114000037,47.13662905600006,17.509394817000043
30_12735,Quốc Oai,VNM,Vietnam,105.56044286000008,20.95700878400004,105.64736300100009,21.03173298200005
30_8009,N/A,IND,India,86.28968407100007,25.400587717000064,86.33908242600006,25.442627741000024
30_798,Abaetetuba,BRA,Brazil,-48.895007126999985,-1.7389532939999413,-48.85482754199995,-1.7065969729999324
30_2413,Gaodu,CHN,China,118.30080499500002,34.893394011000055,118.41220562400008,34.98933425100006
30_10910,Surigao City,PHL,Philippines,125.46136825400004,9.771907763000058,125.50543640000001,9.804440632000023
30_4152,Mota,ETH,Ethiopia,37.86333183700003,11.066071101000034,37.89491773000003,11.090509487000077
30_9634,Aungpan,MMR,Myanmar,96.61813853600006,20.641662577000034,96.65585913500007,20.674845119000054
30_8392,Kandi,IND,India,88.00698789500007,23.940976634000037,88.07736528800007,23.974458912000046
30_2405,Yingshan,CHN,China,116.21975163700006,32.62033291400007,116.31553580800005,32.68077293500005
30_4377,Asassa,ETH,Ethiopia,39.17876447900005,7.091747920000046,39.20969463500006,7.116082677000065
30_193,Puerto Madryn,ARG,Argentina,-65.07602376899996,-42.79178094799994,-65.00357349399997,-42.71906663999994
30_11488,Al Rahad,SDN,Sudan,30.619014219000064,12.705258310000033,30.660761784000044,12.746083458000044
30_13044,Mpumalanga,ZAF,South Africa,30.587460502000056,-29.838985073999936,30.660952421000047,-29.779228058999934
30_1235,Golmud,CHN,China,94.86157670100005,36.380930711000076,94.92534634200007,36.44240823600006
30_11214,Murom,RUS,Russia,41.979934824000054,55.533221463000075,42.09465584600008,55.60328829300005
30_182,Reconquista,ARG,Argentina,-59.68312433199998,-29.182393627999943,-59.63050112099995,-29.105753705999973
30_8885,Como,ITA,Italy,9.016178827000033,45.73693482600004,9.156414157000029,45.820320207000066
30_11419,Abu Arish,SAU,Saudi Arabia,42.80768744100004,16.949691965000056,42.86012768000006,16.99082466300007
30_9141,Ruiru,KEN,Kenya,36.922339822000026,-1.164656516999969,36.97229964700006,-1.1403915989999405
30_1741,Shizhu,CHN,China,108.08097230300007,29.96708142500006,108.16510306300006,30.02688108700005
30_320,La Louvière,BEL,Belgium,4.100672459000066,50.44506704200006,4.286412557000062,50.521746661000066
30_3568,Adrar,DZA,Algeria,-0.3230764829999657,27.856969607000053,-0.2584611859999768,27.899354221000067
30_1629,Xinjiang,CHN,China,111.19343661500005,35.59211462600007,111.29179065500006,35.635860345000026
30_9241,Qabilat Alturki,LBY,Libya,14.294055763000074,32.50812797200007,14.418586019000031,32.62896625900004
30_11018,Tǒktaedonggok,PRK,North Korea,124.40695704100006,40.03221781900004,124.45719202300006,40.085914167000055
30_1698,Tang,CHN,China,114.82043261900003,38.694852179000065,115.01640699100005,38.765938335000044
30_7861,N/A,IND,India,85.85359053600007,26.335206475000064,85.94292014500007,26.402675755000075
30_4351,Shakiso,ETH,Ethiopia,38.89499262000004,5.754046793000043,38.91569697800003,5.786460522000027
30_5237,Kotabaru,IDN,Indonesia,116.18746789500005,-3.2761941289999754,116.25508565100006,-3.219545496999956
30_12554,Waterbury,USA,United States,-73.10011265499998,41.52379013500007,-72.96618382799994,41.605020952000075
30_9654,Pyu,MMR,Myanmar,96.42267903200008,18.465715686000067,96.46966301100008,18.50698134000004
30_12028,Kilis,TUR,Turkey,37.08565361900003,36.70609140800008,37.16312046500008,36.73247838000003
30_7441,Tiruvethipuram,IND,India,79.52544912800005,12.631779355000049,79.55584101900007,12.688928953000072
30_1667,Liangping,CHN,China,107.74069087900006,30.64276243000006,107.81922935900008,30.685586667000052
30_991,Angra Dos Reis,BRA,Brazil,-44.33196035799995,-23.02148790299998,-44.27807980999995,-22.954710186999932
30_7822,Shahpur Paton,IND,India,85.34737086100006,25.602430756000047,85.41547709600007,25.63608381000006
30_3229,Kingombe,COD,Democratic Republic of the Congo,26.63726024400006,-2.604576384999973,26.657648117000065,-2.572213013999942
30_2883,Shaxi,CHN,China,120.99737953900001,31.53500414000007,121.11328995600002,31.603770311000062
30_6545,N/A,IND,India,78.12233286000003,22.096050954000077,78.19080794100006,22.129359321000038
30_9138,Ruaka,KEN,Kenya,36.733198569000024,-1.2374517589999527,36.802985328000034,-1.180833173999929
30_5979,Hodal,IND,India,77.35203041600005,27.873922698000058,77.40264277100005,27.90783189800004
30_8299,Byasanagar,IND,India,86.09624139000005,20.932103880000057,86.17950661300006,20.973612931000048
30_4662,Worcester,GBR,United Kingdom,-2.2625983819999647,52.16234087700008,-2.1674592509999684,52.230365223000035
30_8616,Ahar,IRN,Iran,47.03927808900005,38.464004583000076,47.09660560000003,38.49950151200005
30_5849,Lonavala,IND,India,73.37605718400005,18.72988167500006,73.43797790700006,18.779430261000073
30_3656,Zarumilla,ECU,Ecuador,-80.28435591699997,-3.510894640999936,-80.20230949299997,-3.4623341109999615
30_106,Waku Kungo,AGO,Angola,15.089392192000048,-11.38383160899997,15.141228455000032,-11.343085578999933
30_7236,Nautanwa,IND,India,83.40214862000005,27.408076202000075,83.45702451700004,27.450394912000036
30_4565,Lagny-Sur-Marne,FRA,France,2.669000823000033,48.83564549600004,2.798230338000053,48.89245249000004
30_884,Formosa,BRA,Brazil,-47.35531229199995,-15.569570907999946,-47.290558586999964,-15.52034817799995
30_2550,Mishan,CHN,China,131.82542931700004,45.52404844100005,131.94465705900006,45.57955508200007
30_11158,Buzău,ROU,Romania,26.765907964000064,45.12684296200007,26.862399697000058,45.17297658700005
30_12580,Hazorasp,UZB,Uzbekistan,61.00020447000003,41.28933673900008,61.156510352000055,41.334399407000035
30_4050,Aykel,ETH,Ethiopia,37.04690973100003,12.533819965000077,37.079472519000035,12.566471508000063
30_3322,Jamundí,COL,Colombia,-76.55608539599996,3.243823333000023,-76.52574281899996,3.2761941290000323
30_1590,Huailai,CHN,China,115.473636897,40.37256344200006,115.57037430600008,40.42636087200003
30_10376,Esteli,NIC,Nicaragua,-86.37647925999994,13.064606621000053,-86.33898108999995,13.11362403000004
30_995,Barbacena,BRA,Brazil,-43.80890639399996,-21.239375263999932,-43.74180704799994,-21.197837935999928
30_6765,Panna,IND,India,80.16524802800006,24.695137462000048,80.20707394300007,24.737085627000056
30_7039,Kadiri,IND,India,78.14350400900008,14.086593648000076,78.18417727100007,14.127508633000048
30_795,Maraba,BRA,Brazil,-49.15538099099996,-5.397541592999971,-49.10374097799996,-5.357034815999953
30_11085,Kowon,PRK,North Korea,127.22859993600002,39.42475559700006,127.26374595800007,39.451513317000035
30_9210,Jinhae-Gu,KOR,South Korea,128.60613578400012,35.11150128300005,128.72238519000007,35.16387967700007
30_8909,Vicenza,ITA,Italy,11.469036501000062,45.514799313000026,11.584704272000067,45.57955508200007
30_4780,Akim Oda,GHA,Ghana,-1.0010974389999774,5.8999142040000265,-0.9510253169999601,5.948539922000066
30_10074,Omo,NGA,Nigeria,6.94209237900003,6.49164212200003,6.982301100000029,6.532180899000025
30_11285,Nazran,RUS,Russia,44.73587857100006,43.19228230300007,44.83725297400008,43.246971819000066
30_2615,阳山县,CHN,China,112.6102192300001,24.451943523000068,112.66182836200005,24.48547687000007
30_2054,Qixian,CHN,China,114.6734422940001,34.527463011000066,114.80100746700009,34.59711723300006
30_3008,Daishan,CHN,China,122.13617622100003,30.223461992000068,122.26727050700003,30.27476837000006
30_11739,Jablah,SYR,Syria,35.90705147500006,35.329828518000056,35.966097965000074,35.40848058900008
30_2187,Shuangyang,CHN,China,125.62131832300008,43.50243238100006,125.70636602600007,43.53895956900004
30_8614,Baneh,IRN,Iran,45.856183970000075,35.97738755800003,45.91626038800007,36.012447320000035
30_8208,Purnea,IND,India,87.50200206500006,25.762314889000038,87.58809996000008,25.804403225000044
30_12094,Mpanda,TZA,Tanzania,31.058016157000054,-6.361926394999955,31.09868120400006,-6.321392812999932
30_5467,Malout,IND,India,74.47707081700008,30.163617341000077,74.52765088400008,30.206362116000037
30_12003,Günyurdu,TUR,Turkey,35.038541112000075,36.96130866900006,35.08695298200007,36.98772875700007
30_3777,Biba,EGY,Egypt,30.958193253000047,28.909994076000032,31.004700222000054,28.94402915300003
30_9950,Eripa,NGA,Nigeria,4.717307163000044,7.911299778000057,4.747648862000062,7.951887319000036
30_1905,Tangyin,CHN,China,114.31544093500008,35.88100337800006,114.41086517300005,35.95985987300003
30_8831,Al-Manathera,IRQ,Iraq,44.45284754700003,31.879027481000037,44.49702429000007,31.930672696000045
30_772,Toledo,BRA,Brazil,-53.764366834999976,-24.77064802899997,-53.69858179999994,-24.70352666599996
30_2176,Pingyu,CHN,China,114.5974268010001,32.939976983000065,114.6628695180001,32.97455912800007
30_1536,Chengcheng,CHN,China,109.89562725800005,35.13768889500005,109.96633348500006,35.19880566000006
30_3148,Kimpese,COD,Democratic Republic of the Congo,14.409850616000028,-5.575783825999963,14.470014645000049,-5.551476860999969
30_1181,Coronel,CHL,Chile,-73.18788540499997,-37.04057927799994,-73.12521503499994,-36.934892024999954
30_10116,Okwuohia,NGA,Nigeria,7.3352641630000335,5.583886233000044,7.3754823310000575,5.624398914000039
30_1971,Jia,CHN,China,113.1819576040001,33.95364630300003,113.27008457200009,34.03180753400005
30_3323,Quibdó,COL,Colombia,-76.66494322499994,5.673015559000021,-76.63158441999997,5.713530627000068
30_346,Pobè,BEN,Benin,2.646158961000026,6.9538602110000625,2.676371945000028,6.99441379700005
30_8079,Chakradharpur,IND,India,85.60338376600004,22.66270447100004,85.64533078700003,22.69606452900007
30_8655,Andimeshk,IRN,Iran,48.32641343700004,32.42185243700004,48.37896024400004,32.49949901400004
30_9316,Tiflet,MAR,Morocco,-6.338643288999947,33.87551212000005,-6.304646452999975,33.91023509000007
23_4425,Barguna,BGD,Bangladesh,90.09737301700005,22.137686881000036,90.15960008400003,22.170998995000048
30_10976,Wałbrzych,POL,Poland,16.22714242400002,50.73285312000007,16.343972457000064,50.82892649100006
30_2920,黄宅镇,CHN,China,119.97923680600002,29.420967934000032,120.06666668800005,29.514751484000044
30_8997,Matsue,JPN,Japan,133.02407446200004,35.42596274700003,133.10802138000008,35.50465014500003
30_1296,Guyuan,CHN,China,106.23494821300005,35.98615194900003,106.31060475100008,36.03874599000005
30_5181,Sukorejo,IDN,Indonesia,112.54742530800002,-8.15484824999993,112.62333339600002,-8.08989650899997
30_5112,Klampok,IDN,Indonesia,109.41441910900005,-7.489278518999981,109.47834408100005,-7.4243662779999795
30_11384,Al Qurayyat,SAU,Saudi Arabia,37.30470227500007,31.303059162000068,37.39271100900004,31.354583782000077
30_10351,Gombi,NGA,Nigeria,12.725305409000043,10.14611031800007,12.755732178000073,10.178657490000035
30_2058,Linghai,CHN,China,121.29025310000009,41.12720724700006,121.38399164500004,41.190239768000026
30_5459,Kathua,IND,India,75.49002553100007,32.36147809400006,75.56547730800008,32.40460107000007
30_12669,Biruaca,VEN,Venezuela,-67.54128563699999,7.813895903000059,-67.49951733699999,7.854479787000059
30_10970,Gorzów Wielkopolski,POL,Poland,15.164412661000028,52.70761661600005,15.284434541000053,52.76618690600003
30_1953,Xunxian,CHN,China,114.48151820500004,35.618360977000066,114.58449316200006,35.69711949300006
30_12149,Gulu,UGA,Uganda,32.281220043000076,2.750215555000068,32.32143180500003,2.7906720740000424
30_2814,Guangde,CHN,China,119.37113099600003,30.856955578000054,119.47651082100003,30.925535524000054
30_6858,Wani,IND,India,78.93304897100006,20.028277356000046,78.97195357600003,20.069693249000068
30_7605,Maharajganj,IND,India,84.48234782500003,26.090755024000032,84.52878439200003,26.116034085000024
30_12041,Akçakale,TUR,Turkey,38.92292639100003,36.66212068300007,38.97736504900007,36.74127479500004
30_3111,Banyo,CMR,Cameroon,11.784220793000031,6.734893808000038,11.824425354000027,6.759221517000071
23_20501,N/A,CHN,China,119.3471194660001,36.012447320000035,119.42276038300008,36.073816022000074
30_324,Mechelen,BEL,Belgium,4.4375501170000575,51.00204254100004,4.547737879000067,51.10795286100006
22_4934,华林镇,CHN,China,115.84967590500003,29.31017504500005,116.01861555400001,29.429492356000026
30_5138,Demak,IDN,Indonesia,110.61693556100005,-6.921418307999943,110.71715929500004,-6.8565370589999475
30_1672,Luoxiong,CHN,China,104.28854147500005,24.862962422000066,104.34853073800008,24.921721572000024
30_8256,Dalkola,IND,India,87.79723074900005,25.86333643200004,87.87856174200004,25.97281343800006
30_5505,Shihi Village,IND,India,72.36684727900007,23.790347154000074,72.41190430000006,23.815447447000054
23_80522,Ceel Afweyn,SOM,Somalia,47.212507337000034,9.918315323000058,47.22402700200007,9.93458436800006
30_4513,Dasgahbur,ETH,Ethiopia,43.549658832000034,8.211684336000076,43.580333471000074,8.23604361100007
30_765,Altamira,BRA,Brazil,-52.244619299999954,-3.2276380839999774,-52.19366367799995,-3.179082927999957
30_680,Keochia,BGD,Bangladesh,92.02201262000005,22.137686881000036,92.13034698200005,22.204314112000077
30_9502,Teziutlán,MEX,Mexico,-97.41566755899998,19.79642490300006,-97.33591504199995,19.84609668400003
30_2065,Biyang,CHN,China,113.28687885000011,32.706680524000035,113.36205558400002,32.74986615000006
30_11041,Kujang,PRK,North Korea,126.00749524800005,39.84440492200008,126.0824367680001,39.90698779100006
30_2132,Xupu,CHN,China,110.56214607400005,27.882399621000047,110.61598018800004,27.941745126000058
30_4768,Kintampo,GHA,Ghana,-1.7467497349999803,8.008712462000062,-1.7066367809999292,8.081777824000028
30_9230,Zahlé,LBN,Lebanon,35.80738915200004,33.78005137500003,35.93290747900005,33.85815263100005
30_4544,Pau,FRA,France,-0.43781139799995117,43.27432343900006,-0.30400707099994406,43.33816171900003
30_9678,Thaton,MMR,Myanmar,97.34509245800007,16.90856270000006,97.40398818300008,16.941465837000067
30_10119,Umuellem,NGA,Nigeria,7.36814410900007,5.948539922000066,7.418470034000052,6.005272009000066
30_2522,Qichun,CHN,China,115.3895014100001,30.223461992000068,115.45194323700002,30.266216603000032
30_5025,Tanjung Enim,IDN,Indonesia,103.77535188000007,-3.8022786119999523,103.81768996100004,-3.729429194999966
30_1204,Tacheng/Sawesek,CHN,China,82.94313891100006,46.731337361000044,83.01890913500006,46.777969736000045
30_2923,Kuitan,CHN,China,115.9467687020001,23.046532787000046,116.01109073000009,23.096627871000067
30_2527,Changfeng,CHN,China,117.12564777000011,32.45635890800003,117.19916770400005,32.49949901400004
30_6237,Gokak,IND,India,74.79673304900007,16.144172712000056,74.86003196700005,16.18523979500003
30_1534,Dajie,CHN,China,102.71772998600005,24.25919239600006,102.78338076600005,24.359744285000033
30_7765,Tekari,IND,India,84.82147853900005,24.921721572000024,84.86045019500006,24.95530300300004
30_12685,Cúa,VEN,Venezuela,-66.91323010699995,10.129837207000037,-66.86767869799996,10.203068702000053
30_10859,Santiago,PHL,Philippines,121.52276974400002,16.66185870700002,121.59772982600009,16.702967563000072
30_2706,Yongfeng,CHN,China,115.39765700800001,27.306536339000047,115.45699828200009,27.348840326000072
30_6591,Shorapur,IND,India,76.74216456800008,16.505675702000076,76.81169077000004,16.53855231700004
30_163,San Carlos De Bariloche,ARG,Argentina,-71.34444968899999,-41.17222816299994,-71.26040380399996,-41.127207246999944
30_11324,Miass,RUS,Russia,60.05898137200006,54.96435897400005,60.14890464800004,55.10380454600005
30_7018,Bodinayakkanur,IND,India,77.33648216400007,9.983393362000072,77.37557663500007,10.024069663000034
30_11064,Anak,PRK,North Korea,125.47473624300005,38.49950151200005,125.51926441100011,38.517252436000035
30_1792,Xianghe,CHN,China,116.9462752170001,39.72823618800004,117.05425660600008,39.78184340200005
30_6037,Bayana,IND,India,77.27298173800006,26.900727257000028,77.30870992400008,26.934523434000027
30_9228,Nabatieh,LBN,Lebanon,35.40540010800004,33.35530171700003,35.51037417600003,33.415932120000036
30_3231,Kabalo,COD,Democratic Republic of the Congo,26.91245619400007,-6.070111451999935,26.943240159000027,-6.03769135899995
30_7554,Gopalganj,IND,India,84.42577648300005,26.444851653000057,84.47151916900003,26.478596589000063
30_12759,Nga Sơn,VNM,Vietnam,105.90793695400004,19.887494359000073,106.02533136300008,20.036560202000032
30_204,Pilar,ARG,Argentina,-58.93203805099995,-34.483940265999934,-58.81533651799998,-34.396920412999975
23_58123,Tasouj,IRN,Iran,52.69215273700007,29.25905522800008,52.70846953400007,29.27609409200005
30_5584,Kapadvanj,IND,India,73.05408512600007,23.004792296000062,73.09680872000007,23.038184296000054
30_5891,Sinnar,IND,India,73.95397421500007,19.83781764300005,74.02173510600005,19.895774389000053
30_8782,Al Baaj,IRQ,Iraq,41.697554696000054,36.02997940000006,41.73460446400003,36.05628027200004
30_1675,Pingshan,CHN,China,114.13910290600006,38.21570890700008,114.24343481000005,38.277752931000066
30_475,Bangala,BGD,Bangladesh,89.33726959700004,24.26757056400004,89.43970634000004,24.351363803000027
30_12635,El Vigía,VEN,Venezuela,-71.69194201799996,8.593379815000048,-71.62880871799996,8.63399425800003
23_24837,Dongjiao,CHN,China,119.14579084800005,25.240886235000062,119.20896168000002,25.29130964700005
30_12271,Fairfield,USA,United States,-122.08465031899999,38.233433744000024,-121.97558813499995,38.29548344600005
30_2691,Fengcheng,CHN,China,115.72956157500005,28.145309462000057,115.82345339500012,28.213196768000046
30_11876,Savannakhet,THA,Thailand,104.68921374000007,16.522113743000034,104.76366472800004,16.587871251000024
30_5788,Vadkhal,IND,India,73.01782962500005,18.672081991000027,73.06721346300003,18.721624116000044
30_12300,Medford,USA,United States,-122.93350721799999,42.26531787700003,-122.79939624299999,42.39224390800007
30_785,Tucuruí,BRA,Brazil,-49.69581270899994,-3.79418411599994,-49.65556338499994,-3.737523459999977
30_824,Taquaralto,BRA,Brazil,-48.32867446299997,-10.357689751999942,-48.27827959899997,-10.292582620999951
30_9248,Marj,LBY,Libya,20.798428907000073,32.47361401400008,20.85759702100006,32.50812797200007
30_3367,Facatativá,COL,Colombia,-74.36722405099994,4.781945853000025,-74.32450285999994,4.830537454000023
30_1190,Curicó,CHL,Chile,-71.27538654699998,-35.006782474999966,-71.18690030499994,-34.96316453899993
30_1954,Lushan,CHN,China,112.85128723300011,33.719324511000025,112.96619004600007,33.77137511600006
30_9908,Sagamu,NGA,Nigeria,3.607714008000073,6.807878343000027,3.6681114380000395,6.864647029000025
30_3800,Bush,EGY,Egypt,31.117226568000035,29.13129794200006,31.15138024500004,29.156844582000076
30_11560,Tivaouane,SEN,Senegal,-16.827924406999955,14.930020699000067,-16.79655352499998,14.970995360000074
30_7878,Lohardaga,IND,India,84.66216076800004,23.41406250800003,84.71032475600003,23.47256877600006
30_5081,Malangbong,IDN,Indonesia,107.94394367500007,-7.067413654999939,108.06657334800008,-7.018746594999925
30_3209,Kabongo,COD,Democratic Republic of the Congo,25.563196731000062,-7.367571077999969,25.593282878000025,-7.3188916969999696
30_7972,Barhiya,IND,India,86.00392138400008,25.240886235000062,86.04176134500005,25.324929677000057
30_9005,Iwakuni,JPN,Japan,132.16584025500003,34.10999590900008,132.2613527200001,34.231676450000066
23_77700,Sergiyev Posad,RUS,Russia,38.10023100900003,56.26619229700003,38.20125434900007,56.346827861000065
30_9213,Geoje-Si,KOR,South Korea,128.54185528300002,34.875954867000075,128.65745749100006,34.92827648300005
30_9412,Ocotlán,MEX,Mexico,-102.79391454099999,20.326565196000047,-102.74896887399996,20.376301055000056
30_10782,Tumbes,PER,Peru,-80.46763773599997,-3.591831015999958,-80.41637957499995,-3.551362488999928
30_12593,Urgut,UZB,Uzbekistan,67.21819559500005,39.38016794400005,67.30018328800003,39.44259364900006
30_5087,Majalengka,IDN,Indonesia,108.19246336700007,-6.8565370589999475,108.28492082900004,-6.815987997999969
30_2457,Hengshanxian,CHN,China,112.83767109400003,27.205031688000076,112.89140452800007,27.28961645700008
30_10568,Char Bagh,PAK,Pakistan,72.38929902000007,34.78878001500004,72.45657407700008,34.849798761000045
30_2725,Nanxiong,CHN,China,114.26986664300011,25.09806296800008,114.34155321900005,25.14846392800007
30_9971,Omu Aran,NGA,Nigeria,5.090299422000044,8.122371877000035,5.120611575000055,8.154848250000043
30_3970,Asosa,ETH,Ethiopia,34.531663138000056,10.048476381000057,34.563496119000035,10.081019768000033
30_10109,Ikolo,NGA,Nigeria,7.304638410000052,6.678130967000072,7.354738811000061,6.718675595000036
30_3780,Naj Al Shaykh Hasan Abu Sabir,EGY,Egypt,30.732368523000048,27.585856215000035,30.807640245000073,27.628200866000043
30_989,Resende,BRA,Brazil,-44.50933008599998,-22.495950343999937,-44.427705841999966,-22.445939039999928
30_3151,Kisantu,COD,Democratic Republic of the Congo,15.043661610000072,-5.154516204999936,15.083789377000073,-5.114015480999967
30_11741,Tartus,SYR,Syria,35.859025289000044,34.841080755000064,35.94038973000005,34.936997973000075
30_8458,Pandua,IND,India,88.24992347400007,23.038184296000054,88.30956153400007,23.096627871000067
30_12021,Kırıkhan,TUR,Turkey,36.33161000000007,36.47754647000005,36.38246410700003,36.521477686000026
30_8894,Massa,ITA,Italy,10.021521391000022,43.98709115200006,10.156285126000057,44.08786483400007
30_1624,Wangjiazhai,CHN,China,104.78269257400007,26.655819275000056,104.85382080200009,26.714916668000058
30_2107,Taikang,CHN,China,114.81280891200004,34.01443603000007,114.89947659200004,34.09261836400003
30_9619,Labutta,MMR,Myanmar,94.73659922600007,16.135959686000035,94.78480968700006,16.160599154000067
30_447,Bangasonahat,BGD,Bangladesh,89.72515833000006,25.989659483000025,89.83171969800009,26.13288794400006
30_9615,Kyaukme,MMR,Myanmar,97.01031731900008,22.52095857300003,97.05949783800008,22.562642785000037
30_9182,Gwangju-Si,KOR,South Korea,127.17927134100012,37.32268298500003,127.27855986600002,37.43740107800005
30_10329,Zinna,NGA,Nigeria,11.733080451000035,8.975222431000077,11.773459681000077,9.007726685000023
30_439,Meherpur,BGD,Bangladesh,88.60410357600006,23.748517426000035,88.67088459800004,23.823814621000054
30_9312,Oued Zem,MAR,Morocco,-6.592568571999948,32.84490236200003,-6.536585289999948,32.879470498000046
30_1919,Longshan,CHN,China,109.39694952900004,29.438017048000063,109.46217676700007,29.489170896000076
30_226,Old Reynella,AUS,Australia,138.44904779500007,-35.15514906399994,138.59490875300003,-35.05913555899997
30_744,Ji-Paraná,BRA,Brazil,-61.98331805999999,-10.911312683999938,-61.89250740399996,-10.854304217999982
30_1756,Yima,CHN,China,111.81827209100004,34.72777826300006,111.88980802000009,34.77134921100003
30_3587,Khemis Miliana,DZA,Algeria,2.1780342740000265,36.240479152000034,2.2466117250000366,36.27558313000003
30_11201,Kolomna,RUS,Russia,38.715618591000066,55.04402041900005,38.836833012000056,55.12373985500005
30_563,Shibchar,BGD,Bangladesh,90.12308660700006,23.272016740000026,90.21772370800005,23.372278339000047
23_80471,Buulo Mareer,SOM,Somalia,44.51192544700007,1.6257070750000366,44.532107187000065,1.6418849530000443
30_1146,Repentigny,CAN,Canada,-73.53198170699994,45.699889505000044,-73.39069663199996,45.79251993200006
30_4053,Seka,ETH,Ethiopia,36.707266685000036,7.586653830000046,36.74868046000006,7.610998973000051
30_8734,Ardakan,IRN,Iran,53.98116783900008,32.21491794100007,54.04439729300003,32.335608035000064
30_5213,Negara,IDN,Indonesia,114.56585385500011,-8.374090391999971,114.66066379100005,-8.34160712199997
30_1991,Fengqiu,CHN,China,114.3818078380001,35.00678247500008,114.45376992400008,35.085316840000075
30_3820,Nazlet Al Khalayfa,EGY,Egypt,30.99585057400003,27.255779623000024,31.127585159000034,27.28961645700008
30_9933,Ede,NGA,Nigeria,4.424964910000028,7.667806365000047,4.484903591000034,7.757081000000028
30_11079,Jongphyong,PRK,North Korea,127.37240900500001,39.77290778100007,127.41941423000003,39.79971594700004
30_5681,Bilimora,IND,India,72.95042497800006,20.74951594600003,73.01531226300006,20.78270748500006
30_930,Itu,BRA,Brazil,-47.327490754999985,-23.305434077999962,-47.26440145299995,-23.246955827999955
30_6766,Mannarkkad,IND,India,76.40878015900006,10.968325333000053,76.52240506600003,11.017196665000029
30_10445,N/A,NPL,Nepal,85.98678331000008,26.655819275000056,86.04142354300006,26.69803051300005
30_564,Hossainpur,BGD,Bangladesh,90.61582702300007,24.40164985900003,90.70661943800008,24.468709772000068
30_10936,Mendi,PNG,Papua New Guinea,143.6479166890001,-6.1592705719999685,143.67198964300007,-6.126848414999927
30_10857,Calumpit,PHL,Philippines,120.75461188500003,14.872661186000073,120.83614086600005,14.930020699000067
30_4845,Volos,GRC,Greece,22.86542603600003,39.34450550300005,22.980669586000033,39.38908462000006
30_8448,Bethuadahari,IND,India,88.36523103300004,23.589610938000078,88.40735986800007,23.623058838000077
22_4237,尤集镇,CHN,China,117.4216404230001,33.87551212000005,117.67971629300007,34.07524216300004
30_12956,Rada'A,YEM,Yemen,44.81845743900004,14.397618421000061,44.86018289000003,14.422180013000059
30_2358,Huinan,CHN,China,125.98563716400008,42.664551765000056,126.09281014900012,42.70997958700008
30_5216,Kuala Kapuas,IDN,Indonesia,114.36120311100001,-3.0415146969999682,114.40482034500008,-2.984870925999928
30_3140,Yagoua,CMR,Cameroon,15.209413221000034,10.325135542000055,15.250218258000075,10.357689752000056
30_9830,Bintulu,MYS,Malaysia,113.02579977500011,3.1467133120000312,113.1140491330001,3.2033603960000505
30_2612,Shanggao,CHN,China,114.89092606700001,28.213196768000046,114.98352538500001,28.272611574000052
30_12882,Abs,YEM,Yemen,43.18216896000007,15.955305882000062,43.203710165000075,16.012779859000034
30_11820,Blitta-Gare,TGO,Togo,0.9741790870000386,8.317245348000029,0.9942907090000404,8.333486466000068
30_7476,Mangalagiri,IND,India,80.53024053100006,16.38240735900007,80.59404762400004,16.439928868000038
30_12706,Tucupita,VEN,Venezuela,-62.07403806699995,9.040232058000072,-62.03034916799999,9.080865354000025
30_12069,Yüksekova,TUR,Turkey,44.24671366300004,37.552185233000046,44.30762284300005,37.596350647000065
30_800,Arapongas,BRA,Brazil,-51.466423377999945,-23.43913541699993,-51.40375374599995,-23.38063477199995
30_3831,Kafr Al Hawi,EGY,Egypt,31.95860321400005,30.762688402000038,32.027938498000026,30.82267255900007
30_11291,Grozny,RUS,Russia,45.638274196000054,43.265205724000054,45.759911388000035,43.35640582100007
30_4736,Chelmsford,GBR,United Kingdom,0.43077182000007497,51.69691055700008,0.5250742950000244,51.76467554200008
30_9338,Errachidia,MAR,Morocco,-4.462891211999931,31.91345640800006,-4.396098061999965,31.947890202000053
30_4735,Basildon,GBR,United Kingdom,0.402814764000027,51.55182536800004,0.5238704310000344,51.590498068000045
30_786,Três Lagoas,BRA,Brazil,-51.740064605999976,-20.815901802999974,-51.653330220999976,-20.76611136799994
30_4864,Santa Lucía Cotzumalguapa,GTM,Guatemala,-91.04311440399994,14.315753892000032,-91.00241564899994,14.364871236000056
30_5308,Atambua,IDN,Indonesia,124.87383719000002,-9.121500412999978,124.90926077900008,-9.080865353999968
30_932,Passos,BRA,Brazil,-46.639164722999965,-20.75781356999994,-46.58559012099994,-20.691437424999947
30_7484,Bapatla,IND,India,80.44936304000004,15.889629041000035,80.49431044800008,15.922466437000026
30_5362,Bandipora,IND,India,74.59194571200004,34.39692041300003,74.67064105800006,34.46653356300004
30_7837,Islampur,IND,India,85.18381846500006,25.131662731000063,85.23353646900006,25.165266004000046
30_1718,Zhijin,CHN,China,105.73683042700009,26.647377739000035,105.80489829900006,26.69803051300005
30_11269,Georgiyevsk,RUS,Russia,43.37479461400005,44.10619418500005,43.502577802000076,44.17953276900005
30_9157,Mandera,KEN,Kenya,41.82697123600008,3.899414843000045,41.87768207700003,3.9479845640000235
30_8529,N/A,IND,India,91.39772517600005,26.26775211300003,91.49897507200006,26.402675755000075
30_104,N'Dalatando,AGO,Angola,14.888178656000036,-9.316573490999929,14.938476557000058,-9.284058439999967
30_13108,Gweru,ZWE,Zimbabwe,29.736241594000035,-19.49851763399994,29.830302634000077,-19.432344516999933
30_9437,Silao,MEX,Mexico,-101.45523612499994,20.92380259500004,-101.40663441199996,20.96531077000003
30_11995,Niğde,TUR,Turkey,34.63269084900003,37.94118020900004,34.724094851000075,37.994284658000026
30_2523,Yangxin,CHN,China,115.11132997000004,29.83044753000007,115.22985001500001,29.881676937000066
30_481,Mahmudpur,BGD,Bangladesh,89.68845000000005,24.938511853000023,89.78468366700008,25.022476307000034
30_5147,Juwana,IDN,Indonesia,111.10925369500006,-6.759221516999958,111.19511437500006,-6.678130966999959
30_8947,Acireale,ITA,Italy,15.047577154000066,37.54335332900007,15.175541310000028,37.631690064000054
30_715,Achotnica,BLR,Belarus,28.510195775000057,55.483201646000055,28.60070356500006,55.533221463000075
30_9184,Pyeongtaek-Si,KOR,South Korea,127.06089616400004,36.98772875700007,127.18481225800008,37.01415229200006
23_62367,Pyeongtaek-Si,KOR,South Korea,127.06089616400004,36.98772875700007,127.18481225800008,37.01415229200006
30_5345,Kotaraja,IDN,Indonesia,140.65653433500006,-2.628849121999963,140.70813558200007,-2.588394659999949
30_5693,Pardi,IND,India,72.91567918600003,20.500667468000074,72.97497073300008,20.533838329000048
30_3869,Al Arish,EGY,Egypt,33.74955387800003,31.11422642000008,33.843157166000026,31.157130452000047
30_2253,Dawu,CHN,China,114.08744054100009,31.53500414000007,114.15563477600006,31.59517349200007
30_8746,Quchan,IRN,Iran,58.48061146900005,37.08463193700004,58.55248257900007,37.12869421500005
30_6667,Siruguppa,IND,India,76.87822609600005,15.610593287000029,76.93309736000003,15.651618800000051
30_477,Islampur-ইসলামপুর,BGD,Bangladesh,89.73204137500005,25.064466710000033,89.81222722500007,25.18206895900005
30_8834,Ash Shamiya,IRQ,Iraq,44.56263155900007,31.947890202000053,44.62828261400006,31.98232886900007
30_12599,Gulistan,UZB,Uzbekistan,68.73880376600005,40.47120436300003,68.82160735000008,40.52503134600005
30_1693,Kaizhou,CHN,China,108.34815759400004,31.14854905900006,108.44341461500005,31.20862498200006
30_11330,Orsk,RUS,Russia,58.41896014400004,51.21395264500006,58.55264197500003,51.27180858600008
30_851,Catanduva,BRA,Brazil,-49.002232180999954,-21.17291767399996,-48.936332096999934,-21.114776607999943
30_12787,An Chau,VNM,Vietnam,105.29019769000007,10.414662734000046,105.41614315200007,10.487919568000052
23_56164,Arambagh,IND,India,87.77001904400004,22.862911286000042,87.81915665600008,22.90463512900004
30_2649,Yangxi,CHN,China,111.59439345100009,21.73817380400004,111.65305142500006,21.79640960100005
30_4739,Maidstone,GBR,United Kingdom,0.4680104150000375,51.23323498100007,0.5751367460000552,51.29109986000003
30_6236,Ambah,IND,India,78.20002562400003,26.681145306000076,78.24651360100006,26.714916668000058
30_10554,Pabbi,PAK,Pakistan,71.75081020900006,33.97969703700005,71.82926314200006,34.03180753400005
30_4905,Villanueva,HND,Honduras,-88.00562577499994,15.266101823000042,-87.94014097299998,15.339903076000041
30_11228,Bataysk,RUS,Russia,39.658236447000036,47.09546893100003,39.79386396000007,47.160923368000056
30_5302,Raha,IDN,Indonesia,122.70632327300007,-4.862932594999961,122.73995288800006,-4.806241486999966
30_1649,Wenxi,CHN,China,111.17131465700004,35.321091178000074,111.26913858500006,35.390999857000054
30_7432,Kavali,IND,India,79.96785715500005,14.897243120000041,80.00408149300006,14.930020699000067
30_630,বিশ্বনাথ - Biswanath,BGD,Bangladesh,91.69211673200004,24.76225710600005,91.82694062800005,24.84617604300007
30_11143,Baia Mare,ROU,Romania,23.513264579000065,47.638714195000034,23.628150237000057,47.67625618000005
30_1122,Sarnia,CAN,Canada,-82.48482304599997,42.92820627700007,-82.33622506499995,43.03742770100007
30_12434,Bloomington,USA,United States,-89.04188852499999,40.44429692500006,-88.89556191699995,40.551950900000065
30_10048,Ogwashi Uku,NGA,Nigeria,6.508820237000066,6.167376230000059,6.549184427000057,6.207905231000041
30_9146,Meru,KEN,Kenya,37.626188296000066,0.016175358000054985,37.676086431000044,0.0647014380000428
30_1148,Trois-Rivières,CAN,Canada,-72.63184867099994,46.30301674300006,-72.46359419799995,46.39602356800003
30_13078,Kapiri Mposhi,ZMB,Zambia,28.660125846000028,-13.996590529999935,28.704551854000044,-13.922961633999932
30_6352,Majalgaon,IND,India,76.18398775200006,19.142957401000047,76.22533030400007,19.17602036900007
30_12067,Doğubayazıt,TUR,Turkey,44.045227917000034,39.53180961100003,44.107410214000026,39.567508015000044
30_2567,Chaling,CHN,China,113.50659741100003,26.75713621500006,113.5863270110001,26.816253580000023
30_6275,Ujhani,IND,India,78.98144775800006,27.984142336000048,79.03228008700006,28.00958369400007
30_235,Campbelltown,AUS,Australia,150.76908173000004,-34.11868518599994,150.87142004400005,-34.014436029999956
30_5324,Nabire,IDN,Indonesia,135.4819978700001,-3.3652158969999277,135.5405456860001,-3.3328439889999686
30_1841,Xixia,CHN,China,111.44734186400007,33.27737173000003,111.52645794600005,33.36396222700006
30_10097,Madalla,NGA,Nigeria,7.200005430000033,9.080865354000025,7.290815076000058,9.121500413000035
30_2385,Yangluo,CHN,China,114.53297194900006,30.64276243000006,114.60207752100007,30.71985122700005
30_9392,Navojoa,MEX,Mexico,-109.48315081399994,27.04438757400004,-109.40810360899997,27.103562072000045
23_61752,N/A,KEN,Kenya,40.21392877200003,3.389495099000044,40.234322177000024,3.405681363000042
30_9155,Hagadera Refugee Camp,KEN,Kenya,40.36009632500003,-0.008087678999970649,40.390029895000055,0.016175358000054985
30_11670,Yambio,SSD,South Sudan,28.36264099300007,4.547104818000037,28.432821236000052,4.587592518000065
30_2770,Xinfeng,CHN,China,114.1653800900001,24.033060861000024,114.2306876670001,24.07492561500004
30_836,Ourinhos,BRA,Brazil,-49.909844300999964,-23.02148790299998,-49.84302699999995,-22.94636385499996
22_12248,Chak 11 Gajjiani,PAK,Pakistan,72.81460036600004,29.83044753000007,73.11205420500005,30.043969210000057
30_2019,Weishi,CHN,China,114.13842167300004,34.37082110800003,114.23932491000005,34.457830725000065
30_1500,Longjiang,CHN,China,123.10625890200004,47.31064594700007,123.22069355700012,47.35746646800004
30_7050,Palani,IND,India,77.50459047400005,10.430941459000053,77.56758894800004,10.471639700000026
30_6018,Sheopur,IND,India,76.67351625800006,25.652911688000074,76.71215788700005,25.686570146000065
30_6656,Parasia,IND,India,78.71597608700006,22.179327492000027,78.77407895400006,22.204314112000077
30_12245,Las Piedras,URY,Uruguay,-56.24549892899995,-34.77134921099997,-56.18934451499996,-34.675504537999984
30_1495,Banzeng,CHN,China,106.13338886400004,30.831242880000048,106.20170488400004,30.88267088300006
30_9336,Sefrou,MAR,Morocco,-4.857911394999974,33.80608214100005,-4.81283373399998,33.84079447200003
30_10230,Dambarta,NGA,Nigeria,8.504568525000025,12.411390728000072,8.52547867100003,12.452198017000057
30_663,Brac Poultry Farm,BGD,Bangladesh,91.52084532300006,22.712745717000075,91.61552513100008,22.82953572100007
30_12752,Hưng Yên,VNM,Vietnam,106.03311045700008,20.633367372000066,106.09262331400004,20.699733838000043
30_2793,Huangqiao,CHN,China,120.11666521500001,32.19768144100004,120.26990473400008,32.266634846000045
30_9664,Tangyan,MMR,Myanmar,98.37525898700005,22.479279146000067,98.42084290700006,22.512622306000026
30_5688,Bardoli,IND,India,73.07652071800004,21.089861665000058,73.14689569100005,21.147999010000035
30_11290,Berezniki,RUS,Russia,56.71411266900003,59.38698956500008,56.86656996100004,59.43899518900008
30_3426,Palma Soriano,CUB,Cuba,-76.02186263999994,20.193965973000047,-75.97283148399998,20.243685626000058
30_10912,Valencia,PHL,Philippines,125.0758612090001,7.895065190000025,125.13060291900001,7.927534610000066
30_2209,Guangshui,CHN,China,113.78954268700011,31.586576972000046,113.85326925400011,31.655357528000025
30_1461,Anyue,CHN,China,105.31370242400004,30.08669439700003,105.39093361500005,30.12087957400007
30_7974,Bhurkunda,IND,India,85.31347728000009,23.631421320000072,85.38760264800004,23.69832849200003
30_7199,Shahganj,IND,India,82.66162605100004,26.04020311900007,82.70796422600006,26.090755024000032
30_4906,Comayagua,HND,Honduras,-87.66440471199996,14.430367441000044,-87.60952514599995,14.479494423000062
30_11996,Bafra,TUR,Turkey,35.87130780700005,41.55086283600008,35.93105349000007,41.577939773000026
30_2614,Fenyi,CHN,China,114.62056001300004,27.79764169300006,114.70738084900006,27.831541853000033
30_3537,Aalborg,DNK,Denmark,9.861916542000074,56.994176554000035,9.985738725000033,57.08553771100003
30_3243,N/A,COD,Democratic Republic of the Congo,27.43579664600003,-7.30266568899998,27.46680092400004,-7.262101654999981
30_1058,Simões Filho,BRA,Brazil,-38.41667384599998,-12.819575069999928,-38.35510583699994,-12.762414220999972
30_5319,Masohi,IDN,Indonesia,128.93505333200005,-3.3166581879999626,128.9756542130001,-3.2761941289999754
30_1084,Cabo De Santo Agostinho,BRA,Brazil,-35.069551030999946,-8.30912488499996,-35.007955643999935,-8.27664367899996
30_3185,Tshimbulu,COD,Democratic Republic of the Congo,22.849348416000055,-6.491642121999973,22.87940016700003,-6.467319455999927
30_1835,Qinyang,CHN,China,112.86096699400002,35.059135559000026,112.98903323400009,35.12023013500004
30_8863,Ashkelon,ISR,Israel,34.54535791200004,31.646758908000038,34.61351046800007,31.698355138000068
30_9975,Idanre,NGA,Nigeria,5.102919205000035,7.075525022000022,5.163015278000046,7.124194372000034
23_72828,Wandhi Ghund Wali,PAK,Pakistan,71.51112665600004,32.56853943600004,71.55298463100007,32.59443476300004
30_9006,Beppu,JPN,Japan,131.45299838900007,33.26871446400003,131.52897154900006,33.346641532000035
30_8968,Aqaba,JOR,Jordan,34.98548128900006,29.49769748700004,35.03816773400007,29.565920005000066
30_10162,Abiriba,NGA,Nigeria,7.726276134000045,5.68111848500007,7.746562148000066,5.713530627000068
30_10029,Obinomba,NGA,Nigeria,6.135954645000027,5.826978684000039,6.176269496000032,5.867497967000077
30_9735,Milange,MOZ,Mozambique,35.753432290000035,-16.11953402399996,35.78685879600005,-16.086684257999934
30_10274,Ningi,NGA,Nigeria,9.54878216700007,11.05792514500007,9.579887072000076,11.098655790000066
30_92,Cubal,AGO,Angola,14.225834579000036,-13.064606620999939,14.287254565000069,-13.023761622999928
30_11459,Shearia,SDN,Sudan,25.564823163000028,12.419551990000059,25.59718371200006,12.452198017000057
30_12401,Chesterfield,USA,United States,-90.60598272899995,38.55275921100008,-90.46872568699996,38.668201701000044
30_212,Tandil,ARG,Argentina,-59.16977679599995,-37.340327635999984,-59.09642898399994,-37.287398347999954
30_2079,Zhijiang,CHN,China,111.71532178400008,30.411635041000068,111.79797402200006,30.462978736000025
30_2779,Xinqiao,CHN,China,119.73035543800006,32.051220855000054,119.88514581300001,32.12013242900008
30_7471,N/A,IND,India,79.29520879400008,10.406523493000066,79.33681233700008,10.439080944000068
30_8994,Ōmuta,JPN,Japan,130.39170984300006,32.97455912800007,130.49688136300006,33.07833625100005
30_5050,Mekarjaya,IDN,Indonesia,105.81666959500006,-6.402461199999948,105.88192766600008,-6.353819580999925
30_1713,Renhuai,CHN,China,106.36464350600005,27.772219203000077,106.43819178700005,27.848493438000048
30_4181,Sodo,ETH,Ethiopia,37.741485123000075,6.824097705000042,37.77392753000004,6.8727570530000435
30_9275,Klaipėda,LTU,Lithuania,21.069732670000064,55.64334701400003,21.22398724800007,55.74355939800006
30_1011,Teresópolis,BRA,Brazil,-42.99252647399993,-22.445939039999928,-42.93695178899998,-22.38760118899995
30_2872,‎Jiaolin,CHN,China,116.12817198000005,24.602870365000058,116.18896728900006,24.695137462000048
30_2154,Xinchengzi,CHN,China,123.46079366400011,42.038900940000076,123.54483777100006,42.06605503000003
30_8600,Salmas,IRN,Iran,44.74614105200004,38.18026408900005,44.79111500700003,38.24229677000005
30_2989,Qingtian,CHN,China,120.25888946500004,28.11985592700006,120.32952256100009,28.15379448300007
30_11275,Водник,RUS,Russia,49.45100550500007,53.44184812000003,49.65802897200007,53.50078664200004
30_10145,Ishiagu,NGA,Nigeria,7.538400822000028,5.94043552200003,7.588456605000033,5.964748860000043
30_2802,Heping,CHN,China,114.90624068500006,24.426795739000056,114.95328298200002,24.468709772000068
30_1093,Mmopane,BWA,Botswana,25.793194878000065,-24.59448372999998,25.88212568800003,-24.54416840099998
30_8364,Rampur Hat,IND,India,87.76520696500006,24.158670717000064,87.80760658400004,24.200551088000054
30_1425,大英县,CHN,China,105.21908992800007,30.57425855300005,105.31245743700003,30.608508202000053
30_8603,Marand,IRN,Iran,45.72438352900008,38.41077146900005,45.81727206800008,38.455131375000065
30_4176,Shire,ETH,Ethiopia,38.26167426000006,14.086593648000076,38.303194681000036,14.119325412000023
30_1019,Teófilo Otoni,BRA,Brazil,-41.529844072999936,-17.896631900999978,-41.47365242899997,-17.83069663899994
30_7012,Cumbum,IND,India,77.26739088500005,9.723110739000049,77.30108253600008,9.755641785000023
30_6647,Laharpur,IND,India,80.88462371500003,27.695965229000024,80.92470645300006,27.721380974000056
30_6718,Bodhan,IND,India,77.87601261900005,18.639056975000074,77.91400142200007,18.680338628000072
30_12528,York,USA,United States,-76.82047903499995,39.92487254000008,-76.62663905899996,39.996429044000024
30_9596,Bhamo,MMR,Myanmar,97.20992083100003,24.234059150000064,97.25353008800005,24.26757056400004
30_4909,Choluteca,HND,Honduras,-87.21078069899994,13.277042448000032,-87.14156983899994,13.326076148000027
30_3125,Banki,CMR,Cameroon,14.136770156000068,11.237156284000037,14.157955062000042,11.269748322000055
30_8557,Pathar Kandi,IND,India,92.28138226800007,24.594483730000036,92.38634595200006,24.77064802900003
30_6935,Maihar,IND,India,80.71554661900007,24.242436689000044,80.78223694200005,24.28432753000004
30_8582,Senapati,IND,India,93.99404160700004,25.240886235000062,94.05417730000005,25.308119219000048
30_159,Yacuiba,ARG,Argentina,-63.69977652899996,-22.062745578999966,-63.653372177999984,-21.97117117399995
30_6875,Khaga,IND,India,81.08227858900005,25.745481141000027,81.14258500600005,25.787567210000077
23_76411,Zielona Góra,POL,Poland,15.466938825000057,51.91970775000004,15.527290296000047,51.96819567600005
30_8309,Rajmahal,IND,India,87.80974931600008,24.988887912000052,87.85531881900005,25.064466710000033
30_9010,Tottori,JPN,Japan,134.15532374300005,35.46967439200006,134.26622986100006,35.55712452600005
30_12844,Tan Phu,VNM,Vietnam,107.41478856000003,11.261600180000073,107.50499118700009,11.302341772000034
30_3155,Kenge,COD,Democratic Republic of the Congo,17.019239595000045,-4.846734949999927,17.069112094000047,-4.790044360999957
30_3601,Larbaa,DZA,Algeria,3.121469755000021,36.54784091500005,3.17818774400007,36.60057751700003
30_3314,Ipiales,COL,Colombia,-77.66207948299996,0.8168661890000521,-77.60211115799996,0.841130200000066
30_10890,Tabaco,PHL,Philippines,123.69346663300007,13.326076148000027,123.74679528700005,13.383286934000068
30_10207,Bichi,NGA,Nigeria,8.207175410000048,12.215549630000055,8.258089215000041,12.248185940000042
30_4994,Payakumbuh,IDN,Indonesia,100.59640337700006,-0.25880606799995576,100.66631989500007,-0.20219213799992986
30_12424,Peoria,USA,United States,-89.69713649899995,40.63273387600003,-89.52331147199999,40.80339597600005
30_11078,Hamju,PRK,North Korea,127.40968099100007,39.84440492200008,127.4657247780001,39.86228356000004
30_49,Chayab,AFG,Afghanistan,69.78809126700008,37.38444607800005,69.83288554900008,37.410921821000045
30_12337,Pueblo,USA,United States,-104.68691548299995,38.20684709500006,-104.54128666299994,38.32208226700004
30_523,Pirojpur,BGD,Bangladesh,89.98368152800003,24.552553757000055,90.05966235700004,24.64480674400005
30_6699,Sulthan Bathery,IND,India,76.22728730800003,11.644659402000059,76.27920633300005,11.677269413000033
30_11116,Braga,PRT,Portugal,-8.468975873999966,41.50574401800003,-8.376344694999943,41.56891365700005
30_2202,Anxiang,CHN,China,112.13398902400002,29.38687295300008,112.21006364300001,29.438017048000063
30_8453,N/A,IND,India,88.01312333500005,22.60433179000006,88.07216444800008,22.63768645300007
30_4701,Basingstoke,GBR,United Kingdom,-1.1498160539999276,51.22359344100005,-1.0432713069999409,51.300746616000026
30_7531,Gummidipundi,IND,India,80.08929158400008,13.375113647000035,80.14172306400008,13.440502915000025
30_12932,Jibla,YEM,Yemen,44.137661464000075,13.91478120000005,44.15991881100007,13.939322835000041
30_2315,Xinhe,CHN,China,113.891373036,30.64276243000006,113.9603250450001,30.70271837200005
30_12314,Mountain View,USA,United States,-106.46192179599996,31.844603412000026,-106.38244729099995,31.939281297000036
30_12223,Sloviansk,UKR,Ukraine,37.53397837700004,48.81671512500003,37.67247140200004,48.88298300200006
30_1977,Huanghua,CHN,China,117.29906938900001,38.33094935400004,117.38292396800011,38.39303036600006
30_11250,Nevinnomyssk,RUS,Russia,41.90034770800003,44.59269868200005,41.98683401100004,44.67546268400008
30_12360,Sachse,USA,United States,-96.63753838899999,32.957267417000025,-96.50332334599995,33.052387647000046
30_881,Araucária,BRA,Brazil,-49.434193119999975,-25.636083809999946,-49.35772514499996,-25.535135426999943
30_6541,Pipariya,IND,India,78.33121980600004,22.737768948000053,78.36565648200008,22.771135967000077
30_9447,Zitácuaro,MEX,Mexico,-100.39745685599996,19.41580284500003,-100.31871427399994,19.448886832000028
30_6683,Biswan,IND,India,80.97722277500003,27.47578909200007,81.01719467400005,27.509651451000025
30_12048,Bingöl,TUR,Turkey,40.479636156000026,38.87261739500008,40.52627168200007,38.90819041200007
30_2868,织里镇,CHN,China,120.21765770400009,30.83981349000004,120.2816073670001,30.899815868000076
30_4625,Torquay,GBR,United Kingdom,-3.5975492189999727,50.40674441300007,-3.504517157999942,50.502572454000074
30_5452,Dhire Kot,IND,India,75.00417305000008,31.543598864000046,75.07219176600006,31.59517349200007
30_9063,Ishinomaki,JPN,Japan,141.22773064900002,38.39303036600006,141.38796806300002,38.455131375000065
30_1344,Shifang,CHN,China,104.13290001300004,31.10564649300005,104.20394483600006,31.157130452000047
30_4790,Winneba,GHA,Ghana,-0.6603409619999638,5.324630136000053,-0.6002804109999715,5.397541593000028
30_10623,Oghi,PAK,Pakistan,72.98674578700007,34.48394026600005,73.06375681900005,34.54487450700003
30_801,Apucarana,BRA,Brazil,-51.50082564199994,-23.581249469999932,-51.412533103999976,-23.522724856999957
30_5517,Palitana,IND,India,71.80403305800007,21.505320140000038,71.84042801500004,21.54689069400007
30_8472,Chakdaha,IND,India,88.49556164200004,23.021487903000036,88.56851067300005,23.096627871000067
30_3904,Badajoz,ESP,Spain,-7.02975510899995,38.85483338900008,-6.935405965999962,38.89929653200005
30_955,Ribeirão Pires,BRA,Brazil,-46.43753429199995,-23.773614648999967,-46.35640826599996,-23.68160047799995
30_2963,濠江区,CHN,China,116.67314761500006,23.263662904000057,116.74531089300001,23.305434078000076
30_1544,Jiaocheng,CHN,China,112.03980933700007,37.49919970000008,112.19324566400007,37.569850219000045
30_6121,Bari,IND,India,77.59383810300005,26.630495376000056,77.63304804800003,26.655819275000056
30_12260,San Rafael,USA,United States,-122.60773724399996,37.905785243000025,-122.45770171299995,38.02969563800008
30_2747,Wengyuan,CHN,China,114.09318690300006,24.334603472000026,114.15192072800005,24.37650588100007
30_12691,Valle De La Pascua,VEN,Venezuela,-66.03265429599998,9.186520194000025,-65.97136647599996,9.235288025000045
30_2653,Jinhu,CHN,China,118.96379671700004,32.991852116000075,119.05622768600006,33.035090181000044
30_2006,高唐县,CHN,China,116.17777992000003,36.829259801000035,116.29763255700004,36.899675183000056
30_1169,Arica,CHL,Chile,-70.33199030799994,-18.498727905999942,-70.27625774699999,-18.43270588799993
30_11103,Paechon,PRK,North Korea,126.28836362000004,37.97658157300003,126.33054659600009,38.00313680100004
30_5422,Fazilka,IND,India,74.00142143600004,30.385967023000035,74.06415945500004,30.437305611000056
30_2692,Jishui,CHN,China,115.10677106000003,27.17120459800003,115.15532788300004,27.23886267000006
30_5764,Alibag,IND,India,72.85427995300006,18.622545385000024,72.90147303300006,18.672081991000027
30_1949,Laiji,CHN,China,113.3805727240001,34.41432165400005,113.51202396400004,34.49264413000003
30_6403,Tilhar,IND,India,79.72023669400005,27.950224063000064,79.76333453700005,27.975662389000036
30_10129,Avodim,NGA,Nigeria,7.424325784000075,5.462354594000033,7.464536352000039,5.486660159000053
30_11046,Musan,PRK,North Korea,129.19104247300004,42.210950214000036,129.29889895400004,42.25625538500003
30_4721,Bedford,GBR,United Kingdom,-0.5142036629999325,52.10406470800007,-0.40611814899995125,52.17205629800003
30_2794,Nanfeng,CHN,China,116.47500600900003,27.196574550000037,116.55560333300002,27.23040455900008
30_7049,Chintamani,IND,India,78.02731492700008,13.383286934000068,78.07119222500006,13.415981142000021
30_7790,Sursand,IND,India,85.67549711800007,26.62205454900004,85.73683558700003,26.681145306000076
30_9888,Idiroko,NGA,Nigeria,2.7252391240000406,6.6051538720000735,2.7653161700000624,6.653804808000075
30_7593,Birgunj,IND,India,84.83081958600008,26.96832345300004,84.87087824300005,26.993675992000078
30_6020,Shrirampur,IND,India,74.60754479600007,19.597796664000043,74.69037304500006,19.639169809000066
30_8678,Chalus,IRN,Iran,51.30272637600007,36.609368267000036,51.596927391000065,36.69729650700003
30_8904,Bolzano - Bozen,ITA,Italy,11.304738973000042,46.451855899000066,11.371355507000033,46.50770947600006
30_9663,Loikaw,MMR,Myanmar,97.18649646500006,19.639169809000066,97.23516717200005,19.705375297000046
30_9079,泉町黒須野,JPN,Japan,140.73947488900012,36.890871926000045,140.9366563950001,36.97011498200004
30_7397,Anpara,IND,India,82.73858700200003,24.158670717000064,82.82599191000008,24.217304701000046
30_3569,Mecheria,DZA,Algeria,-0.3016129909999563,33.52857383200006,-0.24575873299994555,33.56324394300003
30_13049,Ehlau-Hlau,ZAF,South Africa,31.10051988200007,-25.392180378999967,31.19221913100006,-25.28290519199993
30_10757,Bhai Pheru,PAK,Pakistan,73.90856441600005,31.18287639400006,73.96088307500008,31.217208433000053
30_12524,Columbia,USA,United States,-76.90396497399996,39.15738925200003,-76.72251348799995,39.246468900000025
30_6561,Pukhrayan,IND,India,79.79739387900008,26.19188372600007,79.86161129300007,26.242460563000066
30_7014,Shahpura,IND,India,80.68096485000007,23.171783825000034,80.71562001600006,23.18848732500004
30_5085,Tanjung Pandan,IDN,Indonesia,107.62467849200004,-2.7663980989999573,107.68682309000008,-2.709759561999931
30_4572,Valenciennes,FRA,France,3.4463420160000737,50.32056023700005,3.5674514760000307,50.39716554200004
30_2317,Panshi,CHN,China,126.0073959770001,42.91910775500003,126.09305902400001,42.96460538200006
30_3512,Erlangen,DEU,Germany,10.953773609000052,49.54746530800003,11.078228903000024,49.61409623800006
30_6557,Kalpi,IND,India,79.72964826100008,26.107607501000075,79.77235110500004,26.141315220000024
30_1310,Longnan,CHN,China,104.86139306300004,33.36396222700006,104.97111050400008,33.415932120000036
30_6836,Kothamangalam,IND,India,76.56151865600003,10.040340730000025,76.66106412200008,10.097291933000065
30_3028,Pingyang,CHN,China,120.53402804000007,27.653610636000053,120.58866254100008,27.704436894000025
30_7381,Tirukkovilur,IND,India,79.16013859500003,11.94635837800007,79.24547821200008,11.995294562000026
30_3218,Kakanda,COD,Democratic Republic of the Congo,26.378025786000023,-10.756585085999973,26.428901849000056,-10.724014737999937
30_2249,Huarong,CHN,China,112.51968120900005,29.506224349000036,112.61350470700006,29.54886274200004
30_7437,Vriddhachalam,IND,India,79.30442684800005,11.506083122000064,79.34626243300005,11.538686946000041
30_1749,Lucheng,CHN,China,113.16963769300003,36.31069304300007,113.30656405400009,36.36336906100007
30_7824,N/A,IND,India,85.38786677400003,25.64449763600004,85.47358325000005,25.711816359000068
30_11185,Obninsk,RUS,Russia,36.55897140400003,55.06394483200006,36.66125034700008,55.14367880400005
30_10500,Chitral,PAK,Pakistan,71.76723373800007,35.810933497000065,71.80480081500008,35.872243369000046
30_9344,Taourirt,MAR,Morocco,-2.923159577999968,34.38822030400007,-2.8774416939999696,34.42302278600005
30_7180,Rayachoti,IND,India,78.73123352600004,14.037499364000041,78.76695808500006,14.07841098800003
30_2590,Ruichang,CHN,China,115.62909363500012,29.651222689000065,115.69702961500002,29.702417427000057
30_11086,Hongwon,PRK,North Korea,127.9361582030001,39.996429044000024,128.03835495500005,40.06801362400006
30_5981,Dhar,IND,India,75.28473344600008,22.579317811000067,75.34562899000008,22.612670167000033
30_6507,Mau Ranipur,IND,India,79.11595530400007,25.224080197000035,79.15799579100008,25.27450095900008
30_11882,Hisor,TJK,Tajikistan,68.51259672100008,38.49950151200005,68.59711941500007,38.561636931000066
30_1436,威远县,CHN,China,104.63558254500003,29.49769748700004,104.70102791000005,29.54886274200004
30_12310,Olympia,USA,United States,-122.976079906,46.98333062900008,-122.74455924699998,47.06742616100007
30_3500,Göttingen,DEU,Germany,9.866311461000066,51.50350150100007,9.971023832000071,51.57116020500007
30_8377,N/A,IND,India,88.03329556300008,24.52739832900005,88.08619383000007,24.586097309000024
30_9453,Iguala,MEX,Mexico,-99.57130294899997,18.325440711000056,-99.50653849999998,18.374944554000024
30_6283,Aonla,IND,India,79.14211293300008,28.264122977000056,79.18233622200006,28.28958953800003
30_5241,Tenggarong,IDN,Indonesia,116.971243146,-0.46099961299995584,117.01169346900008,-0.38012198499995975
30_9749,Gurue,MOZ,Mozambique,36.96146473500005,-15.48753551599998,37.003200907000064,-15.454724841999962
30_704,Banja Luka,BIH,Bosnia and Herzegovina,17.153323226000055,44.74906761600005,17.252118464000034,44.85033137800008
30_13135,Mutare,ZWE,Zimbabwe,32.615786367000055,-19.010730723999927,32.69941339800005,-18.96115606799998
30_7354,Hata,IND,India,83.62543787700008,26.723360102000072,83.78296921000003,26.75713621500006
30_3750,Abu Sir Bana,EGY,Egypt,31.205023463000032,30.865527057000065,31.263345280000067,30.925535524000054
30_6821,Sangareddy,IND,India,78.06462831600004,17.575285068000028,78.11821541600006,17.641184476000035
30_6528,Basmat,IND,India,77.13678776200004,19.316566261000048,77.17264598700007,19.34137325000006
30_4386,Kobo,ETH,Ethiopia,39.61233461000006,12.133965576000037,39.64494152300006,12.166598048000026
30_7124,Iltifatganj,IND,India,82.54128793800004,26.55453643900006,82.61926964500003,26.630495376000056
30_4627,Exeter,GBR,United Kingdom,-3.5711708099999555,50.69444411100005,-3.464068309999959,50.74245718600008
30_12471,Florence,USA,United States,-84.71656471199998,38.94377011200004,-84.54479657399997,39.06835184300007
30_12312,Sunland Park,USA,United States,-106.60060029899995,31.80158014600005,-106.49593998099999,31.879027481000037
30_3380,Ciénaga,COL,Colombia,-74.33985928499999,10.976470340000049,-74.22001680599993,11.017196665000029
30_4825,Kissidougou,GIN,Guinea,-10.118636743999957,9.162137243000075,-10.07754571099997,9.22715987500004
30_11090,Sinpho,PRK,North Korea,128.0997754120001,40.014322553000056,128.22808502100008,40.05011484200003
30_10087,Oyigbo,NGA,Nigeria,7.099997275000021,4.862932595000075,7.160103682000056,4.90342736100007
30_8541,Marigaon,IND,India,92.30563625200006,26.242460563000066,92.39282605200003,26.26775211300003
30_5011,Bangko,IDN,Indonesia,102.25383131900008,-2.0948877229999425,102.29375862500007,-2.038259853999932
30_12060,Patnos,TUR,Turkey,42.81955301900007,39.21083196100005,42.89652332600008,39.25537919400006
30_2575,Wanzai,CHN,China,114.41781677600011,28.08592144100004,114.46657738100009,28.136824696000076
30_5920,Chiplun,IND,India,73.48920264000003,17.509394817000043,73.56933926100004,17.550575153000068
30_7163,Shahdol,IND,India,81.33475754600005,23.28037077500005,81.38734014100004,23.32214394400006
30_7778,Samarlakota,IND,India,82.12126007400008,17.01550593500002,82.18596773300004,17.06487220500003
30_33,Tarinkot,AFG,Afghanistan,65.85475690800007,32.59443476300004,65.90706572600004,32.637599918000035
30_9422,La Piedad De Cabadas,MEX,Mexico,-102.06009702099999,20.309987931000023,-102.00478953999999,20.384590958000047
30_12208,Nikopol,UKR,Ukraine,34.29039892900005,47.544902894000074,34.47281630900005,47.60118219900005
30_11768,Pala,TCD,Chad,14.88967814700004,9.349089701000025,14.940196835000052,9.373477621000063
30_9304,El Kelaa Des Sraghna,MAR,Morocco,-7.419316760999948,32.02538406800005,-7.37335907399995,32.08567419000008
30_12976,Shihr,YEM,Yemen,49.587170497000045,14.749767524000049,49.62235234600007,14.782536566000033
30_9243,Sabha,LBY,Libya,14.394974834000038,27.010578889000044,14.480046406000042,27.06129336500004
30_10533,Thul,PAK,Pakistan,68.75540954100006,28.221683830000075,68.79857727600006,28.264122977000056
30_2099,Dongping,CHN,China,116.38521911300006,35.90728559100006,116.48898662200008,35.994916706000026
30_599,N/A,BGD,Bangladesh,90.70919233100005,23.397348239000053,90.84994304800006,23.52272485700007
30_1509,Tongnan,CHN,China,105.79104494700005,30.137973841000075,105.85707038200007,30.206362116000037
30_5965,Suket,IND,India,75.92995860300005,24.602870365000058,76.02412734100005,24.66997113900004
30_2036,Yicheng,CHN,China,112.20277276400009,31.663956449000068,112.29100850400005,31.732758646000036
30_4588,Besançon,FRA,France,5.941998249000051,47.207694839000055,6.060982094000053,47.27320059500005
30_1069,Garanhuns,BRA,Brazil,-36.51129241099994,-8.910217260999957,-36.44997777699996,-8.869591279999952
30_7364,Dohrighat,IND,India,83.48392615100005,26.25089084800004,83.55550887800007,26.30147743300006
30_1574,Weixin,CHN,China,105.02253327700004,27.831541853000033,105.07013630700004,27.865446027000075
30_10113,Umu Lawlaw,NGA,Nigeria,7.316970740000045,5.810771286000033,7.35727097900002,5.859394020000025
30_1964,Longhu,CHN,China,113.65644707800004,34.57099432500007,113.735044087,34.64066229100007
30_12934,Al Milhi,YEM,Yemen,44.16724744000004,14.07841098800003,44.19051873800004,14.10295930600006
30_4857,Mazatenango,GTM,Guatemala,-91.53055869199994,14.504059471000062,-91.47756301799996,14.561381969000024
30_10622,Kot Addu,PAK,Pakistan,70.95284909000003,30.44586303500006,70.98954636000008,30.488654420000046
30_6946,Sirsilla,IND,India,78.78636389200005,18.358442672000024,78.82758631900003,18.40795012600006
30_1711,Fengdu,CHN,China,107.67344317300007,29.847522894000065,107.76175340900005,29.881676937000066
30_4708,High Wycombe,GBR,United Kingdom,-0.7931627059999755,51.57116020500007,-0.6855227749999244,51.667879851000066
30_1657,Bei'An,CHN,China,126.45082117400011,48.21232542800004,126.54446505600004,48.27830115300003
30_236,Penrith,AUS,Australia,150.63446881900006,-33.80608214099993,150.76365241100007,-33.71065056699996
30_10300,Katsiro,NGA,Nigeria,10.395243039000036,10.984615433000045,10.425876274000075,11.025342188000025
30_7424,Bhatpara,IND,India,81.92455122700005,21.713218356000027,81.96926119200003,21.771450301000073
30_1116,Red Deer,CAN,Canada,-113.88377309899994,52.230365223000035,-113.73480728599998,52.317881449000026
30_3681,Ibarra,ECU,Ecuador,-78.14689942999996,0.32350782200006734,-78.10682271299999,0.38012198500007344
30_1498,Hunyuan,CHN,China,113.65379585400001,39.67464457700004,113.72836052600007,39.719303170000046
30_12614,Rishtan,UZB,Uzbekistan,71.21654360700006,40.336707415000035,71.31695062200004,40.40842660800007
30_3948,Torrevieja,ESP,Spain,-0.7401756219999243,37.905785243000025,-0.6477024589999587,38.02969563800008
30_10120,Bori,NGA,Nigeria,7.358660701000076,4.660472598000069,7.388813225000035,4.684766599000056
30_2557,Linjiang,CHN,China,126.87883786800012,41.79470840500005,126.95965874900003,41.83086309000004
30_9586,Shwebo,MMR,Myanmar,95.66917858500005,22.545968525000035,95.74282490400003,22.595993605000047
30_5449,Tarn Taran Sahib,IND,India,74.89334572100006,31.423299877000034,74.97041914400006,31.483442066000066
30_8411,Bazarsau,IND,India,88.17547852000007,23.807080478000046,88.23873209100003,23.865653570000063
30_10365,Jaudiri,NGA,Nigeria,13.669900863000066,11.481631202000074,13.730275994000067,11.538686946000041
30_11887,Vahdat,TJK,Tajikistan,68.97534755800007,38.517252436000035,69.03878165400005,38.58827256200004
30_1080,Vitória De Santo Antão,BRA,Brazil,-35.32129586999997,-8.138609937999945,-35.268897212999946,-8.08989650899997
30_6803,Lalganj,IND,India,80.93858939500006,26.141315220000024,80.99577913400003,26.200312619000044
30_7453,Salempur,IND,India,83.90090453700003,26.26775211300003,83.97563495300005,26.30990934400006
30_12851,Bảo Lộc,VNM,Vietnam,107.75854945200007,11.522384853000062,107.83507723900004,11.571292219000043
30_5791,Kotputli,IND,India,76.15784117900006,27.68749381200007,76.21898209300008,27.729853388000038
30_8029,Jamui,IND,India,86.20644247300004,24.896537779000028,86.24188320300004,24.938511853000023
30_10694,Kahror Pakka,PAK,Pakistan,71.87211374800006,29.608567933000074,71.94118805600004,29.64269119100004
30_2848,Chun'An,CHN,China,118.99187333300006,29.582978358000048,119.11945937900009,29.651222689000065
30_2669,Wuwei,CHN,China,117.84800820300006,31.294472760000076,117.9450978640001,31.354583782000077
30_4664,Cheltenham,GBR,United Kingdom,-2.1318578629999365,51.87123907700004,-2.0365750239999443,51.91970775000004
30_9882,Magaria,NER,Niger,8.891871153000068,12.982919198000047,8.922469508000063,13.007424344000071
30_2379,Penglai,CHN,China,120.6961330790001,37.78195309800003,120.80910838500006,37.83501446400004
30_2901,长安镇,CHN,China,120.41632694000009,30.428748470000073,120.47980166600007,30.480095574000075
30_10617,Battagram,PAK,Pakistan,73.00332237200007,34.666793459000075,73.06922884700003,34.692927732000044
30_8819,Baqubah,IRQ,Iraq,44.571763814000064,33.71065056700007,44.67245303900006,33.762699188000056
30_9404,Agua Prieta,MEX,Mexico,-109.58044047899995,31.294472760000076,-109.49865337999995,31.354583782000077
30_10372,Chinandega,NIC,Nicaragua,-87.15036875499999,12.607288167000036,-87.10297528299998,12.656271441000058
30_9152,Wajir,KEN,Kenya,40.03212007600007,1.7146860340000671,40.07236100700004,1.7632206740000242
30_2616,Xiangshui,CHN,China,119.53629599300007,34.16213662000007,119.62194596000006,34.231676450000066
30_524,Noapara,BGD,Bangladesh,89.37789127700006,22.979750359000036,89.43769248600006,23.05488147500006
30_3059,Méagui,CIV,Côte d'Ivoire,-6.573557045999962,5.389440155000045,-6.543324724999934,5.421846155000026
30_3722,Mehallet Roh,EGY,Egypt,31.048012480000068,30.848384389000046,31.144414124000036,30.925535524000054
30_716,Zhodzina,BLR,Belarus,28.280839833000073,54.08196497600005,28.382641741000043,54.12147436300006
30_960,Pouso Alegre,BRA,Brazil,-45.968668554999965,-22.270953377999945,-45.909576485999935,-22.212643360999948
30_1592,Hejiang,CHN,China,105.80221863900005,28.79090454900006,105.89968230000005,28.833430597000074
30_1109,Langley,CAN,Canada,-122.78223585899997,49.07249909700005,-122.63213188999998,49.13889281300004
30_3778,Kafr Al Dayr,EGY,Egypt,31.237525996000045,30.300425362000055,31.317437381000047,30.351746966000064
30_8195,Kahalgaon,IND,India,87.21339555300005,25.240886235000062,87.27397862300006,25.27450095900008
30_6021,Kotdwar,IND,India,78.48069757300004,29.72801849800004,78.53256602400006,29.76215710500003
30_8598,Blanchardstown,IRL,Ireland,-6.452519759999973,53.363310038000066,-6.352297951999958,53.43202795000008
30_12046,Geyiktepe,TUR,Turkey,40.02582809900008,38.05625808800005,40.066614317000074,38.082824155000026
30_3775,Dundet,EGY,Egypt,31.298469648000037,30.677021246000038,31.40573598900005,30.73698523300004
30_8492,N/A,IND,India,88.64454281200005,22.64602560000003,88.75275605000007,22.712745717000075
30_7625,Bikramganj,IND,India,84.21878745700008,25.20727504100006,84.28269425600007,25.232483106000075
30_11470,Adiela,SDN,Sudan,26.986235804000046,11.326787790000026,27.007386024000027,11.343085579000046
30_2743,Xiongxiangcun,CHN,China,113.07142606500008,22.52095857300003,113.10709245200007,22.545968525000035
30_4464,Chiro,ETH,Ethiopia,40.85529959400003,9.056485166000073,40.885465949000036,9.097119166000027
30_12694,Anaco,VEN,Venezuela,-64.49775299599997,9.405995869000037,-64.42638087999995,9.454775435000045
30_8712,Bagh-E Zahra,IRN,Iran,50.80911475400006,28.94402915300003,50.87110407700004,28.99508970900007
30_671,Raujan,BGD,Bangladesh,91.88232286700008,22.479279146000067,91.96976386500006,22.554305559000056
30_6562,Rath,IND,India,79.54353062500007,25.577193325000053,79.58585584100007,25.610843682000052
30_7626,Garhwa,IND,India,83.77722778200007,24.150295269000026,83.82627997700007,24.175422239000056
30_12253,Santa Cruz,USA,United States,-122.06716630399995,36.94369719100007,-121.86872973999999,36.99653621900006
30_4814,Kamsar,GIN,Guinea,-14.623772661999965,10.642594729000052,-14.533484405999957,10.68330369000006
30_6489,Ilkal,IND,India,76.06840106000004,15.91425689600004,76.13299327900006,15.97993681500003
30_2673,Tianchang,CHN,China,118.97483056500005,32.65486818100004,119.05254835200003,32.72395382700006
30_12988,Uitenhage,ZAF,South Africa,25.357703257000026,-33.788727964999964,25.43122685900005,-33.727998784999954
30_529,Delduar,BGD,Bangladesh,89.88374156600008,24.11679556300004,90.02550379200005,24.19217459600003
30_2147,Zhecheng,CHN,China,115.26134024800001,34.04918038000005,115.34690438200005,34.10999590900008
30_9543,San Miguel De Cozumel,MEX,Mexico,-86.97309068999994,20.475791118000075,-86.91822901499995,20.517252556000074
30_1744,Yangcheng,CHN,China,112.36834398500002,35.46093134800003,112.44768415100009,35.50465014500003
30_7464,Neyveli,IND,India,79.45728847500004,11.53053585400005,79.56701392100007,11.62835494500007
30_11735,Västerhaninge,SWE,Sweden,18.099976904000073,59.12739336700008,18.256664931000046,59.27267884000008
30_3417,Sancti Spiritus,CUB,Cuba,-79.47001729299996,21.90458572500006,-79.42137608799999,21.979495190000023
30_12623,Quva,UZB,Uzbekistan,72.00965867200006,40.48017440500007,72.12268471300007,40.569899519000046
30_1201,Punta Arenas,CHL,Chile,-70.96420406299995,-53.18679308099996,-70.84787087499996,-53.10842670799997
30_867,Barretos,BRA,Brazil,-48.61168167699998,-20.591893931999948,-48.54383648099997,-20.52554535699994
30_8042,Mahespatti,IND,India,87.01926636900004,26.43641600500007,87.09409866200008,26.571414551000032
30_12100,Kahama,TZA,Tanzania,32.57235856400007,-3.858940896999968,32.63249812600003,-3.8022786119999523
30_10795,Huaraz,PER,Peru,-77.54723766699993,-9.544211523999934,-77.50926010099994,-9.495427094999968
30_5031,Tanjung Pinang,IDN,Indonesia,104.42574659100006,0.8977464520000353,104.49545079300003,0.94627493400003
30_11591,Honiara,SLB,Solomon Islands,159.91153851,-9.454775434999931,160.00675010100008,-9.42225543099994
30_9143,Thika,KEN,Kenya,37.04122729000005,-1.0837737579999498,37.12129482100005,-1.0271563229999288
30_9983,Tuga Nama,NGA,Nigeria,5.282093626000062,13.702128512000058,5.312681718000022,13.743017512000051
30_9825,Kluang,MYS,Malaysia,103.30901710900008,2.005901416000029,103.36116309800008,2.0706185410000444
30_9640,Letpadan,MMR,Myanmar,95.73437414400007,17.76477068500003,95.77824359200008,17.79773250100004
30_6832,Kamareddy,IND,India,78.31103785900007,18.30894063100004,78.35456769300004,18.341941391000034
30_2097,Shimen,CHN,China,111.32667701800005,29.565920005000066,111.44718133300006,29.608567933000074
30_1559,Qingxu,CHN,China,112.2559674470001,37.569850219000045,112.37830417000009,37.631690064000054
30_10553,Thana,PAK,Pakistan,72.05133621600004,34.623243235000075,72.11998596500007,34.666793459000075
30_9998,Egbe,NGA,Nigeria,5.4925900040000215,8.203564705000076,5.52299302800003,8.23604361100007
30_2613,Tongcheng,CHN,China,116.9261958400001,31.019863319000024,117.00961404500003,31.079908470000078
30_8131,Chaibasa,IND,India,85.78573912300004,22.52929503300004,85.82444960500004,22.562642785000037
30_2357,Baiyun,CHN,China,113.3777796820001,29.48064457600003,113.43808415300009,29.514751484000044
30_3013,Shuitou,CHN,China,120.29576494000003,27.611262261000036,120.36110518900011,27.653610636000053
30_11873,Yala,THA,Thailand,101.26041226300003,6.524073043000044,101.32457685600008,6.597045561000073
30_11022,Tongrim,PRK,North Korea,124.68022361800001,39.84440492200008,124.73742436700002,39.87122353400008
30_5280,Sengkang,IDN,Indonesia,120.01282087900006,-4.15846610899996,120.05732492800007,-4.085604730999933
30_11238,Vesyoloye,RUS,Russia,39.863707247000036,43.38377580800005,40.029124729000046,43.50243238100006
30_11771,Bongor,TCD,Chad,15.358396112000037,10.26816877400006,15.389363485000047,10.292582621000065
30_892,Sertãozinho,BRA,Brazil,-48.037188362999984,-21.156305053999972,-47.96594144699998,-21.106471449999958
30_1434,Yangling,CHN,China,108.04660260400004,34.24037045000006,108.12094316700006,34.292541553000035
30_2979,Zhangpu,CHN,China,117.57946455000001,24.091672970000047,117.65915284200003,24.158670717000064
30_2624,Suifenhe,CHN,China,131.1092731000001,44.37220849700003,131.2101688880001,44.418118406000076
30_3559,Maghnia,DZA,Algeria,-1.7820888389999254,34.83236309700004,-1.7031355359999338,34.85851711500004
30_3699,Shubra Khit,EGY,Egypt,30.685708100000056,31.002710189000027,30.74404623500004,31.03701761600007
30_4524,Turku,FIN,Finland,22.146410219000074,60.42219971900005,22.337653197000066,60.47479675300008
30_12248,Maldonado,URY,Uruguay,-54.99223430799998,-34.928276482999934,-54.92453767099994,-34.87595486699996
30_6000,Kosi Kalan,IND,India,77.41839477900004,27.75527212700007,77.45770265700008,27.81459127200003
30_11638,Las Anod,SOM,Somalia,47.34404696100006,8.463424747000033,47.37603622300003,8.487790036000035
30_8758,Torbate Heydariye,IRN,Iran,59.18637431900004,35.23373729600007,59.24295785100003,35.294881289000045
30_1851,Suiling,CHN,China,127.04619337600002,47.22640770700008,127.16481788800002,47.27320059500005
30_317,Kortrijk,BEL,Belgium,3.2036041170000544,50.80009683900005,3.3910288800000217,50.896221215000025
30_12468,Kenosha,USA,United States,-87.96126341999997,42.52834247200008,-87.79229282599994,42.63730101500005
30_5581,Fatehpur Shekhawati,IND,India,74.92945917100008,27.984142336000048,74.97989534500005,28.018064652000078
30_6613,Gadarwara,IND,India,78.75220830200004,22.88794500700004,78.80622848400003,22.938017719000072
30_9341,Guercif,MAR,Morocco,-3.368519355999979,34.214289466000025,-3.322964135999939,34.25775946300007
30_12263,Simi Valley,USA,United States,-118.81532967699997,34.24037045000006,-118.65453733899994,34.30123792400008
30_3870,Faris,EGY,Egypt,32.92286470600004,24.602870365000058,32.96930876000005,24.75386639800007
30_12678,San Juan De Los Morros,VEN,Venezuela,-67.39464571299999,9.88577815900004,-67.32414922199996,9.942719006000061
30_3153,Kibomango,COD,Democratic Republic of the Congo,15.443566599000064,-4.401356260999933,15.513227160000042,-4.336582654999972
30_10534,Tangi,PAK,Pakistan,71.63119365000006,34.25775946300007,71.71840945700006,34.318631682000046
30_5349,Auwoora,IND,India,74.06349183000003,34.46653356300004,74.20652230400003,34.518757777000076
30_13017,Lenasia,ZAF,South Africa,27.822322025000062,-26.34363931799993,27.880742911000027,-26.309909343999948
30_8845,Al Hai,IRQ,Iraq,46.016244276000066,32.145979332000024,46.06050130400007,32.18906365300006
23_58178,Neqab,IRN,Iran,57.38299115600006,36.69729650700003,57.43287295700003,36.714886687000046
30_584,Jhalokati,BGD,Bangladesh,90.16912074400005,22.629347498000072,90.24930495500007,22.66270447100004
30_3757,Kafr Al Arab,EGY,Egypt,31.269335025000032,30.968407427000045,31.331702329000052,31.03701761600007
30_6004,Jhalawar,IND,India,76.12897687100008,24.577711101000034,76.18930590600007,24.611257213000044
30_4685,Cudworth,GBR,United Kingdom,-1.5485035279999693,53.520439493000026,-1.4230225629999609,53.60891876100004
30_4718,Lincoln,GBR,United Kingdom,-0.6188118299999701,53.176994413000045,-0.4951212209999767,53.25540679300008
30_1525,Dazu,CHN,China,105.68743404900005,29.651222689000065,105.75805821500006,29.710950843000035
30_10824,Puno,PER,Peru,-70.04403753999998,-15.873211110999932,-69.99470063899997,-15.815752371999963
30_12508,Youngstown,USA,United States,-80.78381116799994,41.01020682800004,-80.56887435099998,41.17222816300006
30_9310,Fkih Ben Salah,MAR,Morocco,-6.709385624999925,32.48224203500007,-6.653140994999944,32.51675724200004
30_5303,Luwuk,IDN,Indonesia,122.77686181400009,-0.9948036769999362,122.88627609700006,-0.9139225849999661
30_2080,Yuanling,CHN,China,110.36574540300006,28.425450245000036,110.42528349200006,28.47641502500005
30_10919,Panabo,PHL,Philippines,125.66277433100004,7.2945527700000525,125.69568029000004,7.327004786000032
30_10697,Dina,PAK,Pakistan,73.56606342900005,33.017793995000034,73.63521621800004,33.052387647000046
30_3420,Manzanillo,CUB,Cuba,-77.16299369899997,20.318276479000076,-77.08249241299995,20.359721757000045
30_1619,Xuanhan,CHN,China,107.67502857500006,31.34599560500004,107.75204933900005,31.38035009200007
30_11200,Orekhovo-Zouïevo,RUS,Russia,38.91845748600008,55.78367066900006,39.02983345000007,55.83383097900003
30_2676,Ji'An,CHN,China,114.88110150300008,27.01903069800005,114.94549405700002,27.06974662300007
30_1140,Orléans,CAN,Canada,-75.56199080799996,45.43158254900004,-75.44219473699997,45.49630275100003
30_52,Rustaq,AFG,Afghanistan,69.77168885700007,37.11106814800007,69.85848824200008,37.163950974000045
30_1071,Santa Cruz Do Capibaribe,BRA,Brazil,-36.22598929099996,-7.976240580999956,-36.18495368199996,-7.927534609999952
30_6710,Zaheerabad,IND,India,77.58516485500007,17.65766076400007,77.64096885900005,17.690615066000078
30_2319,Guoyang,CHN,China,116.17017925100004,33.48524356200005,116.25505179100003,33.57191229000006
30_5227,Amuntai,IDN,Indonesia,115.20896329300001,-2.4751247729999477,115.29710051300003,-2.4023103849999643
30_3401,Uribia,COL,Colombia,-72.28463428299995,11.701727883000046,-72.25299274099996,11.726187181000057
30_570,Swarupkathi,BGD,Bangladesh,90.04578015800007,22.721086601000025,90.13991022700009,22.804506090000075
30_9935,Koko,NGA,Nigeria,4.495372416000066,11.408280298000022,4.535699714000032,11.449029902000063
30_6158,Jaysingpur,IND,India,74.53198085300005,16.760525638000047,74.58522172400006,16.793418949000056
30_12569,Lowell,USA,United States,-71.38092105599998,42.600973605000036,-71.26668170999994,42.67363633800005
30_12872,Prizren,XKO,Kosovo,20.67771953700003,42.19283154200008,20.77582095100007,42.247193380000056
30_10911,Koronadal,PHL,Philippines,124.82619650600009,6.459212000000036,124.88630060500009,6.515965238000035
30_7818,Bodhgaya,IND,India,84.94774663800007,24.678359699000055,85.01476375900006,24.745475905000035
30_2003,Nanzhang,CHN,China,111.80492211500007,31.74136027700007,111.87303081200008,31.80158014600005
30_1939,Beipiao,CHN,China,120.68831297000008,41.785670924000044,120.79218182500006,41.839902953000035
30_11623,Berbera,SOM,Somalia,44.99113004600008,10.422802056000023,45.022827921000044,10.447220511000069
30_2028,Yucheng,CHN,China,116.58560892700007,36.899675183000056,116.70331779000003,36.95250273900007
30_6772,Nanjanagudu,IND,India,76.65032724500008,12.101334632000032,76.70236352000006,12.150281620000044
30_11124,Encarnacion,PRY,Paraguay,-55.88452294799998,-27.374225657999943,-55.820102747999954,-27.31499664699993
30_928,Salto,BRA,Brazil,-47.33016997399994,-23.23024954799996,-47.253400392999936,-23.171783824999977
30_2888,Lvsigang,CHN,China,121.5072535170001,32.03399602400003,121.6841360630001,32.08567419000008
30_6715,Pattambi,IND,India,76.14198565600003,10.764727883000035,76.23914705900006,10.821729821000076
30_6068,Vasco Da Gama,IND,India,73.77761385900004,15.364505705000056,73.88627667600008,15.42191615300004
30_10110,Rubuchi,NGA,Nigeria,7.339560689000052,8.950844972000027,7.38962710900006,9.007726685000023
30_10223,Doma,NGA,Nigeria,8.336722983000072,8.38221137100004,8.377116362000038,8.414695939000069
30_7469,Panruti,IND,India,79.52225888100008,11.758800867000048,79.58291659200006,11.799570054000071
23_27425,Pinillos,COL,Colombia,-74.47323669899998,8.91021726100007,-74.45108505099995,8.926468138000075
30_3328,Buga,COL,Colombia,-76.31928004599996,3.8832251750000637,-76.27885913199998,3.9236995680000746
30_6955,Tadipatri,IND,India,77.96208801800003,14.897243120000041,78.03158942700009,14.938215392000075
30_80,Soyo,AGO,Angola,12.356164031000048,-6.151164961999939,12.386552216000041,-6.126848414999927
30_8985,Saga,JPN,Japan,130.24990044000003,33.234088632000066,130.33725438700003,33.28602932100006
30_11847,Surat Thani,THA,Thailand,99.28442300600005,9.097119166000027,99.41348988200008,9.170264822000036
30_12419,Lakeland,USA,United States,-82.02295782799996,27.958703253000067,-81.88157625199995,28.08592144100004
30_9418,Hidalgo Del Parral,MEX,Mexico,-105.72684437599997,26.909175942000047,-105.63622567999994,26.95987308800005
30_6728,Thanagaon,IND,India,81.19341003700004,27.357301859000074,81.34679200300008,27.51811765800005
30_10900,Tagbilaran,PHL,Philippines,123.8390001030001,9.601130071000057,123.90761679600007,9.690580905000047
30_12461,Lafayette,USA,United States,-86.95742562099997,40.35463453700004,-86.78842535699994,40.47120436300003
30_9249,Bayda,LBY,Libya,21.70614282500003,32.74122839300003,21.79764557900006,32.784420339000064
30_6627,Sandila,IND,India,80.46827815600005,27.052840349000064,80.52883250400004,27.078200123000045
30_8579,Kohima,IND,India,94.04489862200006,25.66132596400007,94.08505758200005,25.686570146000065
30_1307,Jiagedaqi,CHN,China,124.05465248400003,50.40674441300007,124.17628338500003,50.44506704200006
30_8774,Zabol,IRN,Iran,61.46268871700005,31.002710189000027,61.528565126000046,31.054173081000044
30_3046,Jinqing,CHN,China,121.48370555500003,28.47641502500005,121.55936939800006,28.53588570900007
30_1226,Fukang,CHN,China,87.95255291900008,44.133692180000025,88.01019975400004,44.161194942000066
30_1832,Maojian,CHN,China,110.79672887600009,32.585802674000035,110.88991085600009,32.62896625900004
30_3065,Sinfra,CIV,Côte d'Ivoire,-5.931282393999936,6.597045561000073,-5.891146477999939,6.637587625000037
30_4133,Debark,ETH,Ethiopia,37.882194414000026,13.129963996000072,37.91496286200004,13.162645174000033
30_3600,Bougara,DZA,Algeria,3.0742055540000592,36.53026505400004,3.132013529000062,36.582997146000025
30_1794,Qingzhen,CHN,China,106.41735008000006,26.503907756000046,106.50677817000008,26.579853960000037
30_12422,Evansville,USA,United States,-87.63149320199994,37.94118020900004,-87.42506594899999,38.02969563800008
30_8638,Kuhdasht,IRN,Iran,47.578912513000034,33.51124074300003,47.637730161000036,33.545908232000045
30_10652,Alipur,PAK,Pakistan,70.87959848900005,29.352782296000044,70.94827534700005,29.420967934000032
30_498,পাংশা,BGD,Bangladesh,89.37713153900006,23.773614649000024,89.44073473500004,23.857285369000067
30_4758,Berekum,GHA,Ghana,-2.607910841999967,7.416252506000035,-2.557583359999967,7.473050113000056
30_11110,Amora,PRT,Portugal,-9.141083218999938,38.55275921100008,-9.060375262999969,38.65043678200004
30_12218,Melitopol,UKR,Ukraine,35.31445726900006,46.80595635200007,35.418413419000046,46.88994863000005
30_2280,Fangcheng,CHN,China,108.33197104400006,21.72985513800006,108.39710485600006,21.79640960100005
30_3602,Meftah,DZA,Algeria,3.2019628800000532,36.59178714300003,3.283883367000044,36.68850198400003
30_4970,Stabat,IDN,Indonesia,98.42966710900004,3.729429195000023,98.49129613600007,3.7699008050000202
30_6636,Sindhanur,IND,India,76.73704924900005,15.750092872000039,76.77538084300005,15.791129108000064
30_2201,Qianjiang,CHN,China,112.835618909,30.385967023000035,112.9210997450001,30.45442074300007
30_813,Birigui,BRA,Brazil,-50.379415723999955,-21.314153691999934,-50.30116511899996,-21.264299798999957
30_1606,Mile,CHN,China,103.37732191800006,24.384886996000034,103.46203895400004,24.443560717000025
30_8818,Al Khalis,IRQ,Iraq,44.501989226000035,33.823437643000034,44.54395173900008,33.88419236300007
30_8391,Falakata,IND,India,89.16905246100004,26.49547046600003,89.22249190300005,26.546097737000025
30_4741,Colchester,GBR,United Kingdom,0.822722360000057,51.851856989000055,0.9444939900000691,51.91970775000004
30_6779,Nirmal,IND,India,78.31988717100006,19.060311015000025,78.37397019600007,19.118161832000055
30_6334,Hubballi,IND,India,75.09157505600007,15.323501939000039,75.16665585500004,15.389109442000063
30_1195,Los Ángeles,CHL,Chile,-72.40780564099998,-37.49037015099998,-72.31566909799994,-37.44622827899997
30_4947,Pécs,HUN,Hungary,18.15382770800005,46.024346870000045,18.295510540000066,46.11717864900004
30_577,Shariatpur,BGD,Bangladesh,90.29483173100004,23.180135476000032,90.38592614700008,23.24695582800007
30_2765,Qianjin Committee,CHN,China,113.12629231200003,22.079397893000078,113.20974730000012,22.129359321000038
30_176,Santa Rosa,ARG,Argentina,-64.33203135699995,-36.65332767099994,-64.24967010999995,-36.58299714599997
30_8972,Jerash,JOR,Jordan,35.87147831500005,32.25801459000007,35.922141992000036,32.30111896400007
30_287,Kayanza,BDI,Burundi,29.60769065100004,-2.9444117759999244,29.648029397000073,-2.9120448619999593
30_9490,Ciudad Valles,MEX,Mexico,-99.06804349799995,21.95452369900005,-98.96641064299996,22.029443189000062
30_2007,Shenxian,CHN,China,115.60206549400004,36.214155058000074,115.71761004000007,36.27558313000003
30_9119,Kisii,KEN,Kenya,34.734032230000025,-0.7117227719999732,34.794079847000035,-0.6470195949999606
30_11636,Erigavo,SOM,Somalia,47.35617527800008,10.601887847000057,47.37868086600008,10.62631172700003
30_4973,Lubuk Pakam,IDN,Indonesia,98.84990280400007,3.5351752690000353,98.91201623400008,3.6323002300000553
30_3161,Idiofa,COD,Democratic Republic of the Congo,19.561751679000054,-4.984419721999927,19.611904725000045,-4.935823849999963
30_12161,Mbale,UGA,Uganda,34.13767646200006,1.0675973080000745,34.19771925200007,1.1080384960000629
30_2031,Nong'An,CHN,China,125.10794256200006,44.40893535200007,125.21887610700003,44.47322801300004
30_2569,Changqi,CHN,China,110.65617125600005,21.488693186000035,110.75281261200007,21.58846578200007
30_463,Saghatta,BGD,Bangladesh,89.52797366500005,25.047669894000023,89.60349729500007,25.198872794000067
30_8665,Shoushtar,IRN,Iran,48.794613119000076,32.008161072000064,48.88304921000008,32.068446910000034
30_3103,Kumbo,CMR,Cameroon,10.65484114000003,6.17548193500005,10.705420158000038,6.2403292920000695
30_3771,Awlad Sarhan,EGY,Egypt,30.68302434700007,27.628200866000043,30.759785617000034,27.679022645000032
30_869,Itapoã,BRA,Brazil,-47.78672696199993,-15.782921606999935,-47.748915754999985,-15.733679263999932
30_3610,Tizi Ouzou,DZA,Algeria,4.006166286000052,36.68850198400003,4.074552167000036,36.750071588000026
30_6987,Gobichettipalayam,IND,India,77.39524836000004,11.416430039000034,77.46596585600008,11.47348074200005
30_3413,Managua,CUB,Cuba,-82.30766516799997,22.96305671600004,-82.25201144799996,22.979750359000036
30_9413,Cuauhtémoc,MEX,Mexico,-106.91395551799997,28.374494759000072,-106.81109318299997,28.433943729000077
30_758,Sinop,BRA,Brazil,-55.533259887999975,-11.905580807999968,-55.47758793599996,-11.81587837799998
30_2625,Fengxin,CHN,China,115.33604151200007,28.663365756000076,115.40179150000006,28.72287652700004
30_5156,Purworejo,IDN,Indonesia,111.56854075700005,-7.172865700999978,111.64117175200005,-7.116082676999952
30_9019,Hirosaki,JPN,Japan,140.4342584540001,40.56092498400005,140.52895053300006,40.64171201700003
30_731,Trinidad,BOL,Bolivia,-64.93430182499998,-14.85627382399997,-64.86709921299996,-14.807114586999944
30_1906,Fengquan,CHN,China,113.82820013700007,35.35604267100007,113.98401197300007,35.41722148900004
30_8016,Balia,IND,India,86.33161611700007,25.392180379000024,86.44968901000004,25.451036414000043
30_194,Trelew,ARG,Argentina,-65.37327285599997,-43.27432343899994,-65.26991673199996,-43.23785562899997
30_2507,Donggang,CHN,China,124.07722406800008,39.853344023000034,124.20333276400004,39.91592994700005
30_1279,Dingxi,CHN,China,104.57473322500005,35.54837789900006,104.64859076800008,35.60961183400008
30_144,Green Community West,ARE,United Arab Emirates,55.14243772700007,24.96369890400007,55.210726875000034,25.005681674000073
30_11834,Chiang Rai,THA,Thailand,99.79987810700004,19.85437589000003,99.86464369400005,19.953739220000045
30_1273,Lintao,CHN,China,103.81883687000004,35.34730426400006,103.88358734600007,35.41722148900004
30_8489,Mankachar,IND,India,89.85110713600005,25.526724519000027,89.91043443300003,25.62767020900003
30_9432,Lagos De Moreno,MEX,Mexico,-101.96178468599999,21.33908305400007,-101.88521919799996,21.380635577000078
30_12348,Greeley,USA,United States,-104.78599484699998,40.36359876600005,-104.65343515599994,40.45326562300005
23_79975,Jubayt,SDN,Sudan,36.82621944500005,18.936370847000035,36.84800225300006,18.961156068000037
30_3782,Ghayyadah Al Gharbiyah,EGY,Egypt,30.987773057000027,28.961048278000078,31.05149549600003,29.037647466000067
30_11850,N/A,THA,Thailand,100.71522377400004,14.004772074000073,100.80099985300006,14.062046003000034
30_993,Conselheiro Lafaiete,BRA,Brazil,-43.81810349999995,-20.691437424999947,-43.76016679999998,-20.641662576999977
30_2186,Shangzhi,CHN,China,127.927521651,45.18220497900006,128.0162929160001,45.23758701600008
30_763,Uruguaiana,BRA,Brazil,-57.11184309499998,-29.796300113999962,-57.04830952999998,-29.745087251999962
30_5552,Sujangarh,IND,India,74.44368785700004,27.679022645000032,74.49749181400006,27.721380974000056
30_2686,Suichuan,CHN,China,114.47666489000005,26.284614308000073,114.55039626900009,26.35207239500005
30_4322,Meki,ETH,Ethiopia,38.805232672000045,8.130490876000067,38.84733880600004,8.162967501000026
30_10883,Roxas City,PHL,Philippines,122.70412827400003,11.563140764000025,122.79065242500008,11.612050854000074
30_6878,Channapattana,IND,India,77.16043843800009,12.623615526000037,77.22885295400005,12.680764425000064
30_11883,Ghafurov,TJK,Tajikistan,69.67654503600005,40.20231070500006,69.77069457000005,40.25605739900004
30_12820,Trà Vinh City,VNM,Vietnam,106.28531187900006,9.90204658700003,106.38083651500006,9.983393362000072
30_4576,Troyes,FRA,France,4.012968570000055,48.250021986000036,4.131611665000037,48.33487687500008
30_6664,Kalpetta,IND,India,76.06742246500005,11.587595400000055,76.13218638000006,11.644659402000059
30_1401,Zalantun,CHN,China,122.68979529,47.96754722500003,122.77951829100004,48.04281770000006
30_7067,Phaphamau,IND,India,81.82650356100004,25.51831383600006,81.87966527000003,25.54354655800006
30_3179,Luiza,COD,Democratic Republic of the Congo,22.379103737000037,-7.221539022999934,22.419704399000068,-7.180977782999946
23_69054,Numai,NGA,Nigeria,6.7040301210000734,7.830129275000047,6.754128564000041,7.862596746000065
30_5344,Sentani,IDN,Indonesia,140.48349498000005,-2.588394659999949,140.54449492600008,-2.5479406919999406
30_2083,梁山县,CHN,China,116.07853365100004,35.679615074000026,116.19320439400008,35.758396348000076
30_10309,Gashua,NGA,Nigeria,11.017488008000043,12.860407284000075,11.058475919000045,12.884907831000021
30_9978,Ido Ekiti,NGA,Nigeria,5.148454269000069,7.830129275000047,5.1986341360000665,7.886947987000042
30_11450,Tulus,SDN,Sudan,24.519225276000043,11.082363272000066,24.540258665000067,11.098655790000066
30_12408,Huntsville,USA,United States,-86.68980693899994,34.64066229100007,-86.54876746699995,34.78006444000005
30_8663,Khorramshahr,IRN,Iran,48.12803542800003,30.403078752000056,48.218173756000056,30.462978736000025
30_9839,Lahad Datu,MYS,Malaysia,118.2777998250001,5.008718173000034,118.38963517400009,5.049216362000038
30_11725,Helsingborg,SWE,Sweden,12.66167626500004,55.98445400600008,12.782564587000024,56.08498842000006
30_15,Maymana,AFG,Afghanistan,64.75448872700008,35.90728559100006,64.81583051000007,35.933571088000065
30_8899,Reggio Nell'Emilia,ITA,Italy,10.587323144000038,44.666264514000034,10.67263534500006,44.721461685000065
30_2188,Shenqiu,CHN,China,115.03530498500004,33.346641532000035,115.1134084900001,33.433258023000064
30_60,Injerak,AFG,Afghanistan,69.05394674900003,34.57099432500007,69.10571899600006,34.623243235000075
30_11092,Munchon,PRK,North Korea,127.33297327600008,39.21974056000005,127.41404598700001,39.31776314500007
30_3418,Ciego De Ávila,CUB,Cuba,-78.80000488799999,21.821370557000023,-78.72119202299996,21.87129744200007
30_5041,Tanjungsari,IDN,Indonesia,105.16471840900005,-5.332731244999934,105.21572410100003,-5.211218880999979
30_7454,Renukut,IND,India,83.01272405000003,24.19217459600003,83.06472587400003,24.242436689000044
30_2172,Dancheng,CHN,China,115.14232063500003,33.623929271000065,115.23899708800002,33.67595809300008
30_10839,Subic,PHL,Philippines,120.21619058400006,14.839886938000063,120.27623050800003,14.913631671000076
30_4734,Eastbourne,GBR,United Kingdom,0.2390869890000431,50.75206197800003,0.3454823450000504,50.82892649100006
30_5329,Enarotali,IDN,Indonesia,136.363948251,-3.9398895349999634,136.39555915100004,-3.923699567999961
30_9661,Hlegu,MMR,Myanmar,96.18468104600004,17.081328735000056,96.24386497900008,17.114243458000033
30_7436,Palwancha,IND,India,80.65445010900004,17.567048287000034,80.73321930400004,17.632946548000064
30_8588,Duliajan,IND,India,95.29724997900007,27.323457200000064,95.36904961600004,27.391150439000057
30_10633,Badin,PAK,Pakistan,68.81549037100007,24.64480674400005,68.87128735000005,24.66997113900004
30_9866,Tchin-Tabaradene,NER,Niger,5.795151626000063,15.889629041000035,5.815886508000062,15.91425689600004
30_3219,Kikondja,COD,Democratic Republic of the Congo,26.398572432000037,-8.211684335999962,26.438737624000055,-8.17920619299997
30_11865,Udon Thani,THA,Thailand,102.74846292500007,17.352941948000023,102.83803555300005,17.451748330000044
30_3238,Kyolo,COD,Democratic Republic of the Congo,27.113772664000066,-8.049303706999979,27.134518582000055,-8.016830586999959
30_12660,San Carlos,VEN,Venezuela,-68.62132914599994,9.633656597000027,-68.54678069699997,9.682448635000071
30_6519,Karanja,IND,India,77.45604001000004,20.467499342000053,77.51057577000006,20.500667468000074
30_5593,Modasa,IND,India,73.27802913000005,23.44749345500003,73.32587793100004,23.50600535700005
30_4526,Tampere,FIN,Finland,23.554326008000032,61.44819524400003,23.845430829000065,61.533353412000054
23_108,Pastun Kot,AFG,Afghanistan,64.79792330500004,35.88100337800006,64.84788050900005,35.90728559100006
30_12610,Yangikurgan,UZB,Uzbekistan,71.09910216600008,40.534004081000035,71.18834515500004,40.64171201700003
30_5276,Bulukumba,IDN,Indonesia,120.11312986500002,-5.58388623299993,120.2501651560001,-5.519068170999958
30_4647,Runcorn,GBR,United Kingdom,-2.7842486939999276,53.31425070300003,-2.657485749999978,53.39275558700007
30_8747,Rafsanjan,IRN,Iran,55.96029475600005,30.377411584000072,56.024120534000076,30.437305611000056
30_4593,Annecy,FRA,France,6.066096833000074,45.875936230000036,6.16615616200005,45.940847731000076
30_1974,Baise,CHN,China,106.57421660600005,23.857285369000067,106.67340477500005,23.915867092000042
30_1493,Huyi,CHN,China,108.54991643400007,34.083930096000074,108.66477259300007,34.14475503600005
30_10998,Tychy,POL,Poland,18.950643726000067,50.08146117300004,19.09069492900005,50.157924843000046
30_10870,Calauan,PHL,Philippines,121.28288260300008,14.127508633000048,121.36009856600003,14.217531503000032
30_12840,Long Khanh,VNM,Vietnam,107.21892427000006,10.886879974000067,107.28208636500005,10.95203557700006
30_8552,Bishwanath Charaili,IND,India,93.12759895600004,26.69803051300005,93.17899002600006,26.77402569900005
30_7220,Aruppukkottai,IND,India,78.08058877000008,9.487296616000037,78.14096814000004,9.52794975200004
30_1172,Calama,CHL,Chile,-68.95917110299996,-22.495950343999937,-68.89374167399995,-22.429270130999953
30_12479,Charleston,USA,United States,-80.07463934799995,32.76714261200004,-79.90731180899996,32.98320546200006
30_11388,Sakaka,SAU,Saudi Arabia,40.17029186900004,29.907295374000057,40.25953185900005,30.001250991000063
30_3805,Kafr Ismail,EGY,Egypt,31.577531732000068,31.174294119000024,31.65625602600005,31.23437622000006
30_1128,Guelph,CAN,Canada,-80.32596768399998,43.49330187100003,-80.20102712699997,43.584630153000035
30_2349,Sangyuan Wangjia,CHN,China,120.22923908700011,37.596350647000065,120.36765901100011,37.693549233000056
30_12118,Ndiuka,TZA,Tanzania,35.65396066500006,-7.805779306999966,35.71459691100006,-7.76519723399997
30_9520,Ciudad Acuña,MEX,Mexico,-101.01237819599999,29.293134030000033,-100.89366260499997,29.34426030700007
30_4042,Jinka,ETH,Ethiopia,36.553530186000046,5.7621501590000435,36.593243984000026,5.794564065000031
23_72830,Bhakkar,PAK,Pakistan,71.04682217700008,31.59517349200007,71.09090956300008,31.655357528000025
30_9410,Apatzingán,MEX,Mexico,-102.38329666899995,19.060311015000025,-102.32615827099994,19.118161832000055
30_11262,Yessentuki,RUS,Russia,42.801712191000036,44.014568557000075,42.920533126000066,44.06953759800007
30_4942,Ouanaminthe,HTI,Haiti,-71.75014018299998,19.523335211000074,-71.69383965299994,19.564701067000044
30_4280,Morocho,ETH,Ethiopia,38.43499279700006,6.864647029000025,38.45625245700006,6.888977258000068
30_4981,Panyabungan,IDN,Indonesia,99.54514847900003,0.800690214000042,99.58506233200006,0.8896583960000726
23_57047,Dhekiajuli,IND,India,92.46208799300007,26.689587791000065,92.50914215700004,26.723360102000072
30_10742,Ghakhar Mandi,PAK,Pakistan,74.12979718200006,32.283876286000066,74.17409344600003,32.326985302000026
30_5539,Dholka,IND,India,72.42197235000003,22.712745717000075,72.48763968300005,22.76279392200007
30_9001,Yonago,JPN,Japan,133.23710120500004,35.40848058900008,133.4433870150001,35.49590567000007
30_5704,Palghar,IND,India,72.74980957700006,19.67227125100004,72.80055229700008,19.72192830000006
30_10638,Talagang,PAK,Pakistan,72.38459727800006,32.90539993800007,72.43789298400003,32.939976983000065
30_8454,Tufanganj,IND,India,89.62570667800009,26.284614308000073,89.69122307400005,26.343639318000044
30_10135,Itaja,NGA,Nigeria,7.4743549340000754,5.454252822000058,7.514503828000045,5.4785582620000355
30_549,Bhaluka,BGD,Bangladesh,90.35655161100004,24.359744285000033,90.42983782400006,24.50224481600003
30_5409,Phalodi,IND,India,72.34101599300004,27.103562072000045,72.39070575800008,27.145836832000043
30_10545,Bathkela,PAK,Pakistan,71.92932916400008,34.59711723300006,72.00629709300006,34.623243235000075
30_9487,Apizaco,MEX,Mexico,-98.16997632999994,19.390991539000026,-98.09755670399994,19.440615594000064
30_1147,Sherbrooke,CAN,Canada,-72.01765929099997,45.36688991400007,-71.81868112699993,45.43158254900004
30_11026,Kusong,PRK,North Korea,125.2129076760001,39.96959207000003,125.28202379200002,39.996429044000024
30_952,Bragança Paulista,BRA,Brazil,-46.57399807499996,-22.97975035899998,-46.50922719399995,-22.904635128999928
30_10022,Kabba,NGA,Nigeria,6.051400511000054,7.805779307000023,6.0917623150000395,7.846362889000034
30_10013,Isanlu Mopo,NGA,Nigeria,5.8146484140000325,8.252283446000035,5.854595312000072,8.292884154000035
30_1582,Zhenxiong,CHN,China,104.83997759100004,27.408076202000075,104.89368659600007,27.450394912000036
30_1394,Xingxian,CHN,China,111.04754020100006,38.455131375000065,111.20708276300007,38.48175222800006
30_5199,Paiton,IDN,Indonesia,113.45503679400008,-7.757080999999971,113.5941672350001,-7.692153277999978
30_9819,Muar,MYS,Malaysia,102.54201771700008,2.0220806040000525,102.61285331500005,2.0867979800000285
30_8755,Rooh Abad,IRN,Iran,59.39219701500008,36.416058486000054,59.45769500200004,36.459976605000065
30_11257,Kirova,RUS,Russia,44.45761089200005,48.46697736800007,44.668851621000044,48.53307530700005
30_461,Ishurdi,BGD,Bangladesh,89.02796428100004,24.033060861000024,89.16185895700005,24.12517017700003
30_1730,Tongzi,CHN,China,106.79852228500005,28.111371924000025,106.86323558900006,28.17076528900003
30_11266,Syzran,RUS,Russia,48.39030526800008,53.11821963600005,48.575939033000054,53.19659257200004
30_4958,Bireuen,IDN,Indonesia,96.65113970100003,5.170716771000059,96.74193776600004,5.227420005000056
30_8732,Marvdasht,IRN,Iran,52.77706816700004,29.85606099000006,52.845618580000064,29.907295374000057
30_12439,Champaign,USA,United States,-88.32846551399996,40.05906401300007,-88.16347571799997,40.15753397100008
30_3333,Cartago,COL,Colombia,-75.95327600299998,4.717159103000029,-75.89217967599996,4.76574894700002
30_5178,Tegalsari,IDN,Indonesia,112.52716226500002,-8.252283445999979,112.68629083200005,-8.162967500999969
30_3284,Butusande,COD,Democratic Republic of the Congo,29.41807255300006,-1.1727448409999397,29.44811235000003,-1.1403915989999405
30_11288,Almetyevsk,RUS,Russia,52.220333700000026,54.864863341000046,52.369597326000076,54.91459990900006
30_6299,Chikhli,IND,India,76.23109634900004,20.33485408200005,76.27769587100005,20.359721757000045
30_3093,Kribi,CMR,Cameroon,9.895902749000072,2.920136557000035,9.936068164000062,2.976779051000051
30_12665,Puerto Ayacucho,VEN,Venezuela,-67.63435386099997,5.624398914000039,-67.57313580299996,5.673015559000021
30_8718,Yasuj,IRN,Iran,51.54860042000007,30.625634743000035,51.62243134400006,30.694152376000034
30_11432,Jubail,SAU,Saudi Arabia,49.549411202000044,26.96832345300004,49.70178578300005,27.052840349000064
30_3637,El Khroub,DZA,Algeria,6.681877617000055,36.240479152000034,6.750765917000024,36.27558313000003
30_12486,Kalamazoo,USA,United States,-85.67590602499996,42.18377293300006,-85.50833020099998,42.31970304500004
30_8422,Khanakul,IND,India,87.80891249000007,22.63768645300007,87.90053717200004,22.75445207000007
30_6349,Faridpur,IND,India,79.52084266700007,28.196223411000062,79.55713824200006,28.221683830000075
30_11732,Uppsala,SWE,Sweden,17.555969938000032,59.82474415300004,17.71324693400004,59.897905354000045
30_4951,Miskolc,HUN,Hungary,20.67526777300003,48.05222937000008,20.831676894000054,48.13696309300008
30_5082,Sumuradem,IDN,Indonesia,107.86052056900007,-6.33760609899997,108.00489121100009,-6.264647840999942
30_3018,Fuding,CHN,China,120.16258415100003,27.272697552000068,120.23394837600006,27.357301859000074
30_9583,Pakokku,MMR,Myanmar,95.03226603200005,21.314153692000048,95.12567528300008,21.36401402900003
30_10302,Misau,NGA,Nigeria,10.442659727000034,11.302341772000034,10.483425436000061,11.326787790000026
30_11666,Wau,SSD,South Sudan,27.953548444000035,7.667806365000047,28.014080859000046,7.740848711000069
30_5569,Churu,IND,India,74.93647832100004,28.272611574000052,74.98674266100005,28.323548543000072
30_3597,Ain Oussara,DZA,Algeria,2.8890735700000505,35.41722148900004,2.934392371000058,35.46967439200006
30_3505,Ulm,DEU,Germany,9.907095705000074,48.363173446000076,10.048809687000073,48.43865942900004
30_6074,Sherkot,IND,India,78.55777414100004,29.31017504500005,78.59173634200005,29.34426030700007
30_5944,Sangamner,IND,India,74.17033339500006,19.539881068000057,74.23335626000005,19.622620064000046
30_3213,Lubao,COD,Democratic Republic of the Congo,25.722858581000025,-5.397541592999971,25.773307843000055,-5.365136088999975
30_8744,Sabzevar,IRN,Iran,57.63833699200006,36.18783429400003,57.714797333000035,36.240479152000034
30_2639,Guangning,CHN,China,112.39973129700002,23.614696559000038,112.45521080700007,23.656509984000024
30_18,Sar-E Pol,AFG,Afghanistan,65.91091411800005,36.18783429400003,65.96329549400008,36.24925459100007
30_8467,Badkulla,IND,India,88.49650695000008,23.288725010000064,88.54546699700006,23.32214394400006
30_4635,Newport,GBR,United Kingdom,-3.036988178999934,51.54215908400005,-2.8737981299999547,51.619510545000026
30_13,N/A,AFG,Afghanistan,64.63968471000004,36.02997940000006,64.68522164900003,36.06504796300004
30_3462,Osnabrück,DEU,Germany,7.963995093000051,52.240086113000075,8.123419136000052,52.317881449000026
30_5803,Shahapur,IND,India,73.28866185300006,19.424073601000032,73.34160954900005,19.46542978900004
30_2961,Pinghe,CHN,China,117.27959056100008,24.351363803000027,117.3662373410001,24.426795739000056
30_2940,Tinglin,CHN,China,121.29502712300007,30.79696333100003,121.36845300700008,30.899815868000076
30_8424,Panskura,IND,India,87.70446111000007,22.354269454000075,87.82945879400006,22.479279146000067
30_6670,Areecode,IND,India,76.02420445100006,11.212713181000026,76.07734664300006,11.261600180000073
30_11946,Akhisar,TUR,Turkey,27.808609886000056,38.89929653200005,27.86179928000007,38.94377011200004
30_7723,N/A,IND,India,84.91918694200007,25.63608381000006,85.01493646400007,25.66132596400007
30_3082,Abengourou,CIV,Côte d'Ivoire,-3.5172291649999465,6.710566566000068,-3.4770392619999484,6.751112229000057
30_2576,Zhangpu,CHN,China,110.64965155900006,21.37232471300007,110.73698441700009,21.447128962000022
30_11101,Omong-Ri,PRK,North Korea,128.8776901330001,40.39946014700007,128.94434357700004,40.44429692500006
30_9963,Mokwa,NGA,Nigeria,5.039705234000053,9.284058440000024,5.09022060500007,9.308444620000046
30_7339,Mubarakpur,IND,India,83.27356327500007,26.073903469000072,83.32688224200007,26.099181147000024
23_26111,Tshimbalanga,COD,Democratic Republic of the Congo,23.064095568000027,-9.739376109999967,23.09499147200006,-9.723110738999935
30_3944,Cartagena,ESP,Spain,-1.0492946519999578,37.587516777000076,-0.9455182579999359,37.658198767000044
30_11939,Çorlu,TUR,Turkey,27.77823673900008,41.136210506000054,27.873449204000053,41.17222816300006
30_9434,Uriangato,MEX,Mexico,-101.21553298899994,20.111113309000075,-101.15287405899994,20.16082289700006
30_6274,Bhatkal,IND,India,74.49365463600003,13.98022777600005,74.57005786300005,14.053863678000027
30_10656,Khushab,PAK,Pakistan,72.32723139900008,32.283876286000066,72.36902070300005,32.30974076700005
30_6724,Tanduru,IND,India,77.54260325100006,17.237693498000056,77.61232396200006,17.29531428000007
30_2257,Xi,CHN,China,114.69915019700011,32.326985302000026,114.78605144300002,32.37872635200006
30_1644,Shangluo,CHN,China,109.89321221900008,33.84079447200003,109.98702132100004,33.89287293900003
30_2071,平阴县,CHN,China,116.40509879100011,36.24925459100007,116.48985709100009,36.31947144900005
30_12742,Đại Nghĩa,VNM,Vietnam,105.73230197400005,20.633367372000066,105.83917241600005,20.74951594600003
30_7683,Bairgania,IND,India,85.20806165000005,26.689587791000065,85.33187376700005,26.77402569900005
30_11020,Ryongchon,PRK,North Korea,124.41721707600004,39.942759039000066,124.47992425200005,39.996429044000024
30_9400,Tecoman,MEX,Mexico,-103.90430061199999,18.88680461100006,-103.85346940499994,18.936370847000035
30_1417,Rongxian,CHN,China,104.37987060000006,29.429492356000026,104.44513745000006,29.472118528000067
30_890,Botucatu,BRA,Brazil,-48.47004487099997,-22.929671777999943,-48.41756539399995,-22.84622311399994
30_2764,Wanqingsha,CHN,China,113.43757942400009,22.671044196000025,113.55723311100007,22.729427678000036
30_10560,Thatta,PAK,Pakistan,67.87771826800008,24.728695564000077,67.93919382000007,24.76225710600005
30_12997,Botshabelo,ZAF,South Africa,26.66499671400004,-29.293134029999976,26.746536425000045,-29.233498947999976
30_10010,Oka-Akoko,NGA,Nigeria,5.777327182000022,7.448707936000062,5.827544216000035,7.473050113000056
30_9996,Emure,NGA,Nigeria,5.446148096000059,7.416252506000035,5.486392151000075,7.448707936000062
30_8275,Sahibganj,IND,India,87.61620804900008,25.224080197000035,87.66619242600007,25.249289585000042
30_3288,Ndalama,COD,Democratic Republic of the Congo,29.713938986000073,-7.083636443999978,29.744336557000054,-7.059302341999967
30_1550,Tongliang,CHN,China,106.03325489300005,29.813373270000056,106.12645585900003,29.864599363000025
30_7879,Gumla,IND,India,84.52183341700004,23.013140001000068,84.57359151600008,23.063230360000034
30_11817,Kpalimé,TGO,Togo,0.6113906190000193,6.888977258000068,0.6514956240000629,6.937639152000031
30_12053,Muş,TUR,Turkey,41.47905559700007,38.73039194200004,41.532082365000065,38.77482597000005
30_2965,Jinyun,CHN,China,120.04265542300004,28.60386777800005,120.11742170500008,28.680367526000055
23_73232,Tanveer Abad,PAK,Pakistan,72.26331449400004,32.275255412000035,72.31187853000006,32.30111896400007
30_1801,Bazhou,CHN,China,116.33267402100012,39.07725368800004,116.46363770200003,39.14848361300005
30_2655,Quanjiao,CHN,China,118.22255560400004,32.051220855000054,118.30407269200009,32.12013242900008
30_9904,Eruwa Titun,NGA,Nigeria,3.410580322000044,7.513621561000036,3.460896026000057,7.5623092150000275
30_12011,Yumurtalık,TUR,Turkey,35.74779124100007,36.75886876100003,35.82162588400007,36.78526255300005
30_6920,Kottarakara,IND,India,76.74365307100004,8.95897072200006,76.82728377500007,9.03210561000003
23_72,Qeysar,AFG,Afghanistan,64.25099738800003,35.66211210000006,64.30959263400007,35.705872244000034
30_9652,Pyapon,MMR,Myanmar,95.66308833700003,16.267383755000026,95.70929899900005,16.308460651000075
30_6455,Ranebennur,IND,India,75.61410607700003,14.602330094000024,75.65657813000007,14.635090690000027
30_12571,Lawrence,USA,United States,-71.22226621499993,42.67363633800005,-71.11252797899994,42.746330776000036
30_12492,Fayetteville,USA,United States,-79.02341491899995,34.99805818800007,-78.85398221099996,35.094044636000035
30_2142,Zhenxiabo,CHN,China,123.72245575900001,42.310637633000056,123.82653541000002,42.36503742200006
30_10765,Allahabad,PAK,Pakistan,74.02828832100005,30.856955578000054,74.11471004600008,30.899815868000076
30_11043,Sukchon,PRK,North Korea,125.59509844100012,39.40691925400006,125.65199553000002,39.42475559700006
30_162,San Rafael,ARG,Argentina,-68.37833813599997,-34.640662290999956,-68.26358438499994,-34.58840925299995
30_7532,Thiruvarur,IND,India,79.60206794000004,10.748442373000046,79.65649800500006,10.797299913000074
30_12051,Kızıltepe,TUR,Turkey,40.55403961800005,37.172766129000024,40.617401433000055,37.20803061300006
30_9408,Lázaro Cárdenas,MEX,Mexico,-102.24556894199998,17.95433292200005,-102.18231179599996,18.012041126000042
30_2483,Rongxian,CHN,China,110.50076658800003,22.821192316000065,110.58262823600006,22.896289970000055
30_4805,Somanya,GHA,Ghana,-0.030039014999942992,6.078216592000047,0.07009498700006134,6.167376230000059
30_12008,Tokat,TUR,Turkey,36.50580335300003,40.29189740400005,36.570935356000064,40.35463453700004
30_9251,Tobruk,LBY,Libya,23.894401670000036,32.042608287000064,24.014621111000054,32.111517409000044
23_3432,Uttar Baghoil,BGD,Bangladesh,89.03906879200008,24.11679556300004,89.08853929900005,24.150295269000026
30_5591,Rajsamand,IND,India,73.81740156300003,24.95530300300004,73.92174928200006,25.081264402000045
30_8672,Saveh,IRN,Iran,50.31481450500007,34.99805818800007,50.389287300000035,35.050409168000044
30_24,Girishk,AFG,Afghanistan,64.54512610500007,31.80158014600005,64.58552980200005,31.835998153000048
30_11374,Yuzhno-Sakhalinsk,RUS,Russia,142.677148815,46.88061374900008,142.77238802800002,47.00201428200006
30_10750,Renala Khurd,PAK,Pakistan,73.57863501400004,30.856955578000054,73.62382185300004,30.891243231000033
30_2687,Shuikoucun,CHN,China,113.6146471190001,24.77064802900003,113.66760938300001,24.82099809500005
30_10856,Gapan,PHL,Philippines,120.87703139100006,15.290701137000042,120.98799120900003,15.372706827000059
30_5653,Hansi,IND,India,75.93211353200007,29.08021186900004,75.99111675600005,29.122782930000028
30_7402,Bagaha,IND,India,84.04434467900006,27.086653864000027,84.11829792900005,27.15429251100005
30_9460,Capulhuac De Mirafuentes,MEX,Mexico,-99.49810016399994,19.151222906000044,-99.40091604199995,19.200819254000066
30_7481,Tindivanam,IND,India,79.63591180600008,12.207390793000059,79.67487394900007,12.248185940000042
30_12515,Manassas,USA,United States,-77.56373810099996,38.72150638000005,-77.42313077299997,38.80149136700004
30_10597,Tando Muhammad Khan,PAK,Pakistan,68.51603700900006,25.106462580000027,68.55663317200003,25.14846392800007
30_1777,播州区,CHN,China,106.80293740000008,27.509651451000025,106.88535738800005,27.628200866000043
30_2454,Dongfang,CHN,China,108.60762039900004,19.076839034000045,108.69653260800004,19.167754390000027
30_12834,Gia Kiệm,VNM,Vietnam,107.14621849900004,11.009051227000043,107.20310577700008,11.066071101000034
30_12470,Racine,USA,United States,-87.92097895099994,42.655467686000065,-87.73970710699996,42.809964501000024
30_7771,N/A,IND,India,85.47593329500006,26.360505704000047,85.53414800400003,26.402675755000075
30_11912,Qafsa,TUN,Tunisia,8.746992892000037,34.37952053600003,8.835217593000039,34.44912822800006
30_11979,Manavgat,TUR,Turkey,31.366826502000038,36.75886876100003,31.48134576600006,36.81165976200003
30_6102,Pachora,IND,India,75.31978343000003,20.649957954000058,75.37431200700007,20.674845119000054
30_3546,Baní,DOM,Dominican Republic,-70.35621720399996,18.25119506900006,-70.30880067499999,18.30894063100004
30_8619,Marivan,IRN,Iran,46.15137428500003,35.50465014500003,46.214338921000035,35.53963163000003
30_9286,Guelmim,MAR,Morocco,-10.082030104999944,28.969558239000037,-10.037126383999976,29.003600730000073
30_12531,Lancaster,USA,United States,-76.37770677499998,40.014322553000056,-76.19874284899998,40.11276828500007
30_1808,Yiyang,CHN,China,112.12315543300008,34.501348337000024,112.25423972700003,34.56228737600003
30_9651,Kyaiklat,MMR,Myanmar,95.70020174000007,16.423493489000066,95.74366349400003,16.46458293300003
30_4552,Limoges,FRA,France,1.211694643000044,45.80178611800005,1.3121772830000396,45.89447949800007
30_2295,微山县,CHN,China,117.07166791100008,34.78006444000005,117.1773276990001,34.841080755000064
30_5263,Waingapu,IDN,Indonesia,120.22897590800005,-9.674316440999974,120.30302906800011,-9.63365659699997
30_10898,Dipolog,PHL,Philippines,123.29866854700003,8.520278008000048,123.37030495800002,8.642117347000067
30_11803,Am Timan,TCD,Chad,20.267408928000066,11.025342188000025,20.298384362000036,11.05792514500007
30_12895,Sa'Dah,YEM,Yemen,43.712179510000055,16.90856270000006,43.76936215200004,16.966144632000066
30_2577,Guanyun,CHN,China,119.20601274,34.266454477000025,119.31418205400007,34.35342327300003
30_7756,Jeypore,IND,India,82.54977750900008,18.837243967000063,82.59107304500003,18.88680461100006
30_12814,Tan An,VNM,Vietnam,106.34933733800005,10.504199763000031,106.45055073200007,10.601887847000057
30_9566,Timbuktu,MLI,Mali,-3.0236676199999692,16.752302650000047,-2.992598336999947,16.793418949000056
30_8813,Hamdi Al Bajaji,IRQ,Iraq,44.21725210000005,33.424594909000064,44.309232251000026,33.537240868000026
30_2148,Gong'An,CHN,China,112.18307840000011,30.043969210000057,112.29708847600011,30.103786426000056
30_12026,Elbistan,TUR,Turkey,37.16561599700003,38.171403895000026,37.232317513000055,38.22457112300003
30_9194,Gangneung-Si,KOR,South Korea,128.85723028200005,37.73774621300004,128.972683404,37.79963863000006
30_9936,Argungu,NGA,Nigeria,4.518978100000027,12.72975309700007,4.559870240000066,12.762414221000029
30_1041,Linhares,BRA,Brazil,-40.083129636999956,-19.407532248999928,-40.03266782099996,-19.349642564999954
30_6434,Itarsi,IND,India,77.74637325600008,22.58765561200005,77.79122991600008,22.63768645300007
30_5021,Lahat,IDN,Indonesia,103.51855160300005,-3.8022786119999523,103.58908664200004,-3.7699008049999634
30_7882,Keotiranway,IND,India,85.92060291000007,26.259321364000073,86.00210777800004,26.343639318000044
30_10090,Alesa,NGA,Nigeria,7.10947417400007,4.781945853000025,7.139524084000072,4.798142906000066
30_4747,Margate,GBR,United Kingdom,1.3257371660000672,51.32004236800003,1.4462587270000427,51.397255295000036
30_10418,Zwolle,NLD,Netherlands,6.030481940000072,52.47362321400004,6.149546441000041,52.54182391200004
30_3620,Barika,DZA,Algeria,5.334123590000047,35.35604267100007,5.391477877000057,35.40848058900008
30_12973,Al Mutadarririn,YEM,Yemen,49.016853526000034,14.454930413000056,49.07670156300003,14.520436748000066
30_11714,São Tomé,STP,São Tomé and Príncipe,6.71510801200003,0.31542009400004645,6.745051950000061,0.3639464960000396
30_2145,宁阳县,CHN,China,116.75214326600008,35.73213266700003,116.84769875000006,35.793419663000066
30_7769,Masaurhi,IND,India,85.01329096300003,25.341741021000075,85.05249601700007,25.36695970100004
30_10641,Dhudial,PAK,Pakistan,73.17894360800005,34.37952053600003,73.28742790600006,34.48394026600005
30_5756,Narnaul,IND,India,76.07960162800003,28.018064652000078,76.15173587100008,28.09440468100007
30_1113,Midnapore,CAN,Canada,-114.13577769999995,50.86737623600004,-114.00815808399994,50.92507277700008
30_11751,As Suwayda,SYR,Syria,36.54506623800006,32.67213770200004,36.60728225100007,32.732590952000066
30_8084,Sultanganj,IND,India,86.69630851000005,25.224080197000035,86.77434791100006,25.257693156000073
30_5067,Citeko Kaler,IDN,Indonesia,107.33743977100005,-6.678130966999959,107.43218452400004,-6.58893730099993
30_4926,Jacmel,HTI,Haiti,-72.57729924799997,18.218200893000073,-72.48210936899994,18.27594226900004
22_16865,Jondor,UZB,Uzbekistan,64.04105530300006,39.64785461100007,64.29401951400007,39.835466256000075
30_8338,Jajpur,IND,India,86.29722011900003,20.824200817000076,86.34923773200006,20.857398617000058
30_2689,Taihe,CHN,China,114.8281528550001,26.765580838000062,114.9136952660001,26.824699872000053
30_13001,Bronville,ZAF,South Africa,26.77453550300004,-28.009583693999957,26.852577689000043,-27.941745125999944
30_7359,Muhammadabad,IND,India,83.34721456100004,26.014930269000047,83.40051925200004,26.065478037000048
30_8272,Gangtok,IND,India,88.58062534400005,27.264238465000062,88.63145762400006,27.357301859000074
30_5113,Gombong,IDN,Indonesia,109.46223633700004,-7.651575385999934,109.55380579500007,-7.57042402899998
30_2077,Xiping,CHN,China,113.97532884800012,33.35530171700003,114.04935219100003,33.424594909000064
30_906,Itapetininga,BRA,Brazil,-48.084362976999955,-23.61469655899998,-48.00875027999996,-23.556166279999957
30_10024,Ekogboro,NGA,Nigeria,6.075573062000046,5.778357023000069,6.125781602000075,5.810771286000033
30_11906,San Fernando,TTO,Trinidad and Tobago,-61.49307409199997,10.235618099000021,-61.407259720999946,10.333273973000075
30_12673,Calabozo,VEN,Venezuela,-67.45525790299996,8.885841466000045,-67.37668714799997,8.950844972000027
30_8974,Ar Ramtha,JOR,Jordan,35.98422436200008,32.53401672100006,36.03506948000006,32.57717089800008
30_2240,Jieshou,CHN,China,115.3218325900001,33.234088632000066,115.42619311300007,33.294687235000026
30_8587,Thoubal,IND,India,93.92283978800003,24.602870365000058,94.02868026600004,24.66997113900004
30_7696,Tanuku,IND,India,81.65450102200003,16.727634497000054,81.70421714000008,16.76874876200003
30_4700,Doncaster,GBR,United Kingdom,-1.2010882669999319,53.471313628000075,-1.0360291829999255,53.56958626100004
30_4925,Léogâne,HTI,Haiti,-72.65546863299994,18.440958110000054,-72.60659177599996,18.523488663000023
30_12144,Masaka,UGA,Uganda,31.71967161500004,-0.3558587559999751,31.77952305900004,-0.29924464699996633
30_5949,Dadri,IND,India,77.46509124300007,28.49340535300007,77.58178753100003,28.578372553000065
30_11852,N/A,THA,Thailand,100.78787096100007,13.783909240000071,100.89245824700004,13.865700913000069
30_1494,Yuanping,CHN,China,112.67914092700005,38.70373649900006,112.7753077960001,38.757051114000035
30_10321,Bajoga,NGA,Nigeria,11.421001170000068,10.838016850000031,11.451846747000047,10.862448030000053
30_7939,N/A,IND,India,86.25729227000005,26.217171102000066,86.30584069700006,26.293045754000048
30_2611,Xuyi,CHN,China,118.47085727100011,32.97455912800007,118.58157444400001,33.035090181000044
30_430,Joypurhat,BGD,Bangladesh,88.97111897800005,25.081264402000045,89.06660431900008,25.114862411000047
30_2343,Hong'An,CHN,China,114.57039245600004,31.251545185000055,114.64287023100007,31.32023285100007
30_8285,Islampur,IND,India,88.16474286900007,26.242460563000066,88.21265384300006,26.276183094000032
30_12387,Mobile,USA,United States,-88.20975765099996,30.63419844300006,-88.02352244399998,30.771256702000073
30_1548,Yiliang,CHN,China,103.11713861900006,24.904932160000044,103.18945936300008,24.95530300300004
30_1825,Da'An,CHN,China,124.2526094960001,45.47780844700003,124.31599568700005,45.514799313000026
30_3548,La Vega,DOM,Dominican Republic,-70.56267643999996,19.192552801000033,-70.49405307899997,19.258688865000067
30_11827,Kara,TGO,Togo,1.1674030880000714,9.52794975200004,1.2177939990000368,9.568604740000069
30_9387,Guaymas,MEX,Mexico,-110.94998715199995,27.865446027000075,-110.85835926299995,27.958703253000067
30_7161,Handia,IND,India,82.15933369000004,25.299714322000057,82.39298865100005,25.37536637200003
30_1706,Xinle,CHN,China,114.62097281500007,38.304349313000046,114.74548557700007,38.375290896000024
30_964,Varginha,BRA,Brazil,-45.46328827299993,-21.596781344999954,-45.406259439999985,-21.521947817999944
30_12154,Lira,UGA,Uganda,32.86221994600004,2.2081458340000495,32.92245182100004,2.2728662290000443
30_12186,Brovary,UKR,Ukraine,30.709991288000026,50.48340111700003,30.854161710000028,50.531334841000046
30_12013,Kadirli,TUR,Turkey,36.059974115000045,37.34915054500004,36.12281014700005,37.39327093500003
30_3752,Nazlet Abu Haseiba,EGY,Egypt,30.744333835000077,28.382986696000046,30.818417708000027,28.425450245000036
30_10848,Balanga,PHL,Philippines,120.50717167300002,14.659662364000042,120.58124877600005,14.700617494000028
30_9815,Rawang,MYS,Malaysia,101.53797754900006,3.292379677000042,101.60203002000009,3.3652158970000414
30_11235,Maykop,RUS,Russia,40.04727997500004,44.57431264000007,40.14952468100006,44.638673261000065
30_258,Mingachevir,AZE,Azerbaijan,46.96948537800006,40.749484996000035,47.080191297000056,40.77643844100004
30_11189,Кстово,RUS,Russia,38.84269521300007,57.98323708800007,38.86462396400003,57.99348486200006
30_2422,Fengcheng,CHN,China,124.0130329210001,40.42636087200003,124.11507981700004,40.47120436300003
30_10369,Dikwa,NGA,Nigeria,13.898856558000034,12.019763927000042,13.929464634000055,12.04423414300004
30_8358,Malda,IND,India,88.11671461200007,24.972095022000076,88.16599915800003,25.039271813000028
30_5249,Sangatta,IDN,Indonesia,117.50141355900007,0.4690873940000415,117.55111593100003,0.5580532370000242
30_11988,Karaman,TUR,Turkey,33.18997746600007,37.155136206000066,33.26133134200006,37.20803061300006
23_74098,Haroonabad,PAK,Pakistan,73.11579210700006,29.591507943000067,73.16316024700006,29.625629015000072
30_2401,Zhuanghe,CHN,China,122.92291977200011,39.65678416800006,123.05387100100006,39.73716963900006
30_1111,Abbotsford,CAN,Canada,-122.39653413299999,49.02509508600008,-122.22252533199998,49.08198190400003
30_68,Mihtarlam,AFG,Afghanistan,70.18727074500003,34.65808272500004,70.22566887100004,34.692927732000044
30_11620,Buurhakaba,SOM,Somalia,44.064160163000054,2.7825807280000276,44.09449099200003,2.8149462410000297
30_1520,Yingshan,CHN,China,106.54103712200003,31.062751251000066,106.59095022100007,31.08848751800008
30_7340,Chunar,IND,India,82.84944766300003,25.081264402000045,82.93785922200004,25.14006322000006
30_319,Mons,BEL,Belgium,3.8081961040000465,50.39716554200004,4.00910269700006,50.48340111700003
30_1918,宁河区,CHN,China,117.75969367800008,39.29102461700006,117.86039717400001,39.353420474000075
30_1775,Zhao,CHN,China,114.71720250800001,37.71122683700003,114.82110256100009,37.78195309800003
30_608,Lakhai,BGD,Bangladesh,91.23814929300005,24.250814438000077,91.34200424200009,24.326223622000043
30_7494,Kurinjippadi,IND,India,79.57568795500003,11.546838128000047,79.61030037100005,11.587595400000055
30_7158,Thalaiyuthu,IND,India,77.71031165200003,8.772095928000056,77.77693483800005,8.82896701900006
30_1549,Naxi,CHN,China,105.33699728200008,28.75688844000007,105.39646578000009,28.79090454900006
30_1802,Chengde,CHN,China,118.12740189200008,40.749484996000035,118.20671310700004,40.79440967600004
30_755,Corumbá,BRA,Brazil,-57.68034095499996,-19.052047241999958,-57.585604700999966,-18.994205213999976
30_6369,Kaimganj,IND,India,79.31293208800008,27.535050813000055,79.35972300200007,27.568920091000052
30_3964,Girona,ESP,Spain,2.7709850400000278,41.94841856000005,2.8434646660000453,42.02985054000004
30_9536,Comitán,MEX,Mexico,-92.16938033999998,16.218095809000033,-92.10561072799999,16.267383755000026
30_3478,Paderborn,DEU,Germany,8.698563508000063,51.677555992000066,8.802706800000067,51.78404383800006
30_969,Caxias,BRA,Brazil,-43.38095139699993,-4.895328331999963,-43.32966214199996,-4.830537453999966
30_12165,Uzhhorod,UKR,Ukraine,22.242075887000055,48.58030766500008,22.343040983000037,48.65591341500004
30_1838,Mengzhou,CHN,China,112.70361684400007,34.88467426500006,112.83885807000001,34.936997973000075
30_1826,Huaxi,CHN,China,106.63896878300005,26.385807034000038,106.68753899300003,26.470160003000046
30_6589,N/A,IND,India,80.01907960100004,26.385807034000038,80.14042392800008,26.42798059200004
30_1814,Yunyang,CHN,China,110.77480228500008,32.801699332000055,110.84842572600007,32.86218579500007
30_1762,Gu'An,CHN,China,116.27475638700002,39.38908462000006,116.35224865700002,39.47827489000008
30_11952,Salihli,TUR,Turkey,28.121197762000065,38.47287820100007,28.185782541000037,38.49950151200005
30_5141,Wonokarto,IDN,Indonesia,110.86756650900008,-7.846362888999977,111.01259112700006,-7.732732655999939
30_12750,Phủ Lý,VNM,Vietnam,105.87899496700004,20.48408306400006,105.95226729000007,20.567011930000035
30_2866,Jiangshan,CHN,China,118.57138032600005,28.688868803000048,118.65779729500002,28.782400128000063
30_943,Poços De Caldas,BRA,Brazil,-46.60960603899997,-21.813050054999962,-46.50514703799996,-21.77145030099996
30_11955,Nazilli,TUR,Turkey,28.308373749000054,37.896937500000035,28.358872313000063,37.932330868000065
30_7955,Shaikhpura,IND,India,85.81351938700004,25.12326246200007,85.88779843200007,25.156864856000027
30_2480,Luchuan,CHN,China,110.22395620300006,22.26262281000004,110.29204250400005,22.354269454000075
30_12252,Santa Barbara,USA,United States,-119.85385472299998,34.38822030400007,-119.65841305199996,34.457830725000065
30_9510,Túxpam,MEX,Mexico,-97.46158056699994,20.92380259500004,-97.35786290599998,20.981915268000023
30_2069,Heishan,CHN,China,122.0453875180001,41.66822689300005,122.14694514500002,41.71338818700008
30_2053,齐河县,CHN,China,116.69513035900002,36.77646424300008,116.8233296520001,36.829259801000035
30_3607,Ghardaia,DZA,Algeria,3.625745302000041,32.464986305000025,3.7144485510000322,32.51675724200004
30_11942,Bandırma,TUR,Turkey,27.93380833300006,40.31878207600005,28.007005080000056,40.36359876600005
30_2467,Lingbi,CHN,China,117.5211865230001,33.50257468900003,117.6105477530001,33.56324394300003
30_3172,Lwebo,COD,Democratic Republic of the Congo,21.40982656600005,-5.365136088999975,21.430361282000035,-5.3408323939999605
30_8920,Rimini,ITA,Italy,12.50598806000005,44.023728746000074,12.632262682000032,44.11535965400003
30_12695,Las Delicias,VEN,Venezuela,-64.27236704499995,8.837091734000069,-64.24963630799994,8.861466290000067
30_5154,Blora,IDN,Indonesia,111.36037681100004,-7.00252467599995,111.50666963500004,-6.937639151999974
30_2778,Longnan,CHN,China,114.76748510200002,24.879749667000056,114.83592742500002,24.938511853000023
30_2721,Fogang,CHN,China,113.49652238200008,23.832182000000046,113.6036035080001,23.882390588000078
30_5066,Cipeuyeum,IDN,Indonesia,107.24152553900007,-6.848427140999945,107.38296406100005,-6.7511122289999435
30_9892,Ilaro,NGA,Nigeria,2.986667283000031,6.864647029000025,3.0468336580000255,6.913307966000048
30_8790,Qadiyah,IRQ,Iraq,43.12949861000004,36.29313734400006,43.23449861000006,36.407275983000034
30_1396,三台县,CHN,China,105.05840234000004,31.062751251000066,105.12003979500008,31.139967959000046
30_9326,Khenifra,MAR,Morocco,-5.68405813399994,32.91404372200003,-5.639221137999925,32.957267417000025
30_291,Ngozi,BDI,Burundi,29.797287658000073,-2.920136556999978,29.84734818100003,-2.895861537999963
30_2840,Changting,CHN,China,116.32550953100008,25.821240147000026,116.40483235700003,25.880176538000057
30_12808,Sóc Trăng,VNM,Vietnam,105.94585379500006,9.56047359400003,106.00624474300008,9.625524853000059
30_5166,Sintang,IDN,Indonesia,111.46172567900004,0.03235071700004255,111.52163687800004,0.0889644840000301
30_1881,Wuzhi,CHN,China,113.362043975,35.07658939500004,113.53174277900007,35.146418803000074
30_6922,Dharmavaram,IND,India,77.68939693200008,14.405805503000067,77.74381161800005,14.430367441000044
30_11748,`Uthman,SYR,Syria,36.08593898000004,32.60306716600007,36.12573436800005,32.646233892000055
30_11067,Sinchon,PRK,North Korea,125.46388955700002,38.339816848000055,125.51791454600004,38.36642177300007
30_10082,Doka Ashafa,NGA,Nigeria,7.112033044000043,11.449029902000063,7.1528244980000295,11.47348074200005
30_5833,Kairana,IND,India,77.18595861200004,29.378349884000045,77.22258169000008,29.41244378300007
30_5787,Neemuch,IND,India,74.83816172700006,24.443560717000025,74.89721756100005,24.48547687000007
30_11268,Balakovo,RUS,Russia,47.73437087000008,51.95849654800003,47.85641869900007,52.06522948300005
30_11989,Kırşehir,TUR,Turkey,34.12803016100003,39.12176922900005,34.18017312300003,39.17520179700006
30_10772,David,PAN,Panama,-82.45746787599995,8.365969477000021,-82.40511106799994,8.463424747000033
30_3389,Piedecuesta,COL,Colombia,-73.06473525499996,6.970081484000048,-73.03309783599997,7.01063560800003
30_6660,Yadgir,IND,India,77.11883943300006,16.735857079000027,77.15576895800007,16.776972022000052
30_12097,Bukoba,TZA,Tanzania,31.784400695000045,-1.3506903399999715,31.84434113100008,-1.310247765999975
30_11111,Barreiro,PRT,Portugal,-9.08715645899997,38.623792500000036,-9.004313297999943,38.68596827300007
30_5252,Bima,IDN,Indonesia,118.70205497600011,-8.487790035999978,118.78164807200005,-8.439060048999977
30_9238,Al Zawiyah,LBY,Libya,12.608225234000031,32.732590952000066,12.754177943000059,32.79305967700003
30_11139,Arad,ROU,Romania,21.267381742000055,46.13575196800008,21.378033850000065,46.21936071400006
30_11499,Ed Dueim,SDN,Sudan,32.28387456000007,13.98022777600005,32.325956201000054,14.021135496000056
30_10101,Lawmu Umunze,NGA,Nigeria,7.208295952000071,5.932331167000029,7.258287145000054,6.013376777000076
30_2346,Yueyang,CHN,China,113.07661620900001,29.122782930000028,113.16843824900002,29.165360663000058
30_11326,Kamensk-Uralsky,RUS,Russia,61.85391128500004,56.346827861000065,62.00011693400006,56.447709873000065
30_5095,Banjar,IDN,Indonesia,108.50190087300007,-7.400025134999964,108.58335776800004,-7.351344390999941
30_5583,Khanna,IND,India,76.18535862000004,30.677021246000038,76.26204793700003,30.728418086000033
30_11073,Rason,PRK,North Korea,130.26152034100005,42.210950214000036,130.33368738900003,42.26531787700003
30_1799,Ningjin,CHN,China,114.85440079800003,37.596350647000065,114.97825339600001,37.64936213900006
30_11375,Petropavlovsk-Kamchatsky,RUS,Russia,158.55790907800008,53.02032713600005,158.6997166120001,53.08884330700005
30_3905,Cádiz,ESP,Spain,-6.308854387999929,36.47754647000005,-6.205112511999971,36.54784091500005
30_11210,Kovrov,RUS,Russia,41.25270334000004,56.326663145000055,41.360171732000026,56.40734536300005
30_8945,Foggia,ITA,Italy,15.517615027000033,41.43357832700008,15.577298162000034,41.478678366000054
30_9958,Effon Alaiye,NGA,Nigeria,4.90613079600007,7.643459986000039,4.936637101000031,7.708384851000062
30_6266,Pandharpur,IND,India,75.29266561500003,17.649422548000075,75.35862046300008,17.690615066000078
30_1837,Shengfang,CHN,China,116.64377055600005,39.050549415000035,116.81155350200004,39.12176922900005
30_1857,Xichuan,CHN,China,111.44375358800005,33.104287742000054,111.55257807200007,33.15619940100004
30_9673,Thongwa,MMR,Myanmar,96.50871906200007,16.74407979700004,96.55745209200006,16.776972022000052
30_9428,San Francisco Del Rincón,MEX,Mexico,-101.89275376899997,20.99021778100007,-101.83015921999998,21.056644216000052
30_6399,Akot,IND,India,77.02914732000005,21.081557038000028,77.07347687800006,21.114776608000057
30_2955,芝英镇,CHN,China,120.11747544900004,28.935519987000077,120.2407733770001,29.05467242900005
30_4623,Wishaw,GBR,United Kingdom,-4.095510070999978,55.75358580300008,-3.8912100189999705,55.83383097900003
30_1936,Qinghe,CHN,China,115.60185729400007,37.02296090400006,115.72418275400003,37.102255693000075
30_2855,Caohu,CHN,China,120.57315818000006,31.449073315000078,120.68051068000011,31.543598864000046
30_13012,Sasolburg,ZAF,South Africa,27.80108638200005,-26.883830606999936,27.906475130000047,-26.790916135999964
30_9565,Socoura,MLI,Mali,-4.122998138999947,14.512248052000075,-4.072003694999978,14.553192693000028
30_4602,Mamoudzou,FRA,France,45.17964876100007,-12.81140893099996,45.23662148400007,-12.729753096999957
30_11091,Sinpyong,PRK,North Korea,129.28173335400004,40.938245177000056,129.35046215800003,40.98321776900008
30_4843,Larissa,GRC,Greece,22.377105716000074,39.59428633500005,22.46105780000005,39.665714157000025
30_12497,Cary,USA,United States,-78.88095258899995,35.74088686500005,-78.71909402899996,35.84596552700003
30_9859,Dogondoutchi,NER,Niger,4.011412280000059,13.620358658000043,4.0622765730000765,13.661242230000028
30_1710,Mancheng,CHN,China,115.25560303000009,38.89929653200005,115.37996468100005,39.01494960200006
30_1705,Liuzhi,CHN,China,105.41017072500006,26.19188372600007,105.49909322200006,26.26775211300003
30_12444,Stuart,USA,United States,-80.32304213799995,27.120471249000047,-80.16976903399996,27.28961645700008
30_2027,Shanhaiguan,CHN,China,119.69993283600002,39.97853728900003,119.7980853570001,40.02326996600004
30_11346,Rubtsovsk,RUS,Russia,81.15552368500005,51.47451623300003,81.25025080800003,51.56149240800005
30_10330,Geidam,NGA,Nigeria,11.909667803000048,12.876740880000057,11.94103814500005,12.909409293000067
30_3807,Al-Qobabat,EGY,Egypt,31.253085605000024,29.438017048000063,31.30474994800005,29.540334519000055
30_9488,Tulancingo,MEX,Mexico,-98.38816620799997,20.044843214000025,-98.32345264099996,20.119397822000053
30_619,Bholaganj,BGD,Bangladesh,91.70948467800008,25.072865447000027,91.78490258300008,25.165266004000046
30_9419,Zamora,MEX,Mexico,-102.31684914699997,19.96202057200003,-102.24094133999995,20.011712164000073
30_10907,Marawi,PHL,Philippines,124.24858915700008,7.9843584590000205,124.33434068000008,8.057422143000053
30_10317,Kaltungo,NGA,Nigeria,11.28727281700003,9.796307300000024,11.32806430900007,9.836974723000026
30_12987,Kwanobuhle 1,ZAF,South Africa,25.34971977400005,-33.84079447199997,25.41049843500008,-33.788727964999964
30_9356,Soaindrana,MDG,Madagascar,47.04176806100003,-21.53026192899995,47.126899964000074,-21.480379979999952
30_11987,Keskin,TUR,Turkey,33.58508610100006,39.665714157000025,33.63748220300005,39.692506716000025
30_4501,Fik',ETH,Ethiopia,42.28916947300007,8.130490876000067,42.309778720000054,8.146729063000066
30_1774,Jinzhou,CHN,China,114.97872617300004,38.00313680100004,115.10604476800006,38.065113041000075
30_11050,Sillyeonpo,PRK,North Korea,125.90639865900005,39.40691925400006,125.98839947600004,39.451513317000035
30_2722,Hunchun,CHN,China,130.3207580930001,42.837243571000045,130.42950878700003,42.90091221200004
30_925,Patos De Minas,BRA,Brazil,-46.54105373599998,-18.622545384999967,-46.47917775099995,-18.556505132999973
30_2924,Donghe,CHN,China,119.82655596200004,29.207945082000037,120.0080701600001,29.318695956000056
30_2010,Changli,CHN,China,119.11617743200009,39.665714157000025,119.2218705790001,39.72823618800004
30_331,Djougou,BEN,Benin,1.6408652050000683,9.682448635000071,1.6912491490000434,9.723110739000049
30_4384,Weldiya,ETH,Ethiopia,39.57267816900003,11.815878378000036,39.615307949000055,11.848496139000076
30_11371,Ussurijsk,RUS,Russia,131.8972700800001,43.77658793200004,132.01949904000003,43.84977504100004
30_457,Bheramara,BGD,Bangladesh,88.90738104800005,23.974458912000046,89.03466386200006,24.06655224900004
30_4578,Nimes,FRA,France,4.3024593710000545,43.79488157800006,4.4027832460000695,43.85892578000005
30_5272,Ruteng,IDN,Indonesia,120.43442425,-8.633994257999973,120.50475972200002,-8.58525712599993
30_3001,Honglai,CHN,China,118.45754028400006,25.005681674000073,118.541304491,25.114862411000047
30_5005,Pangkalan Kerinci,IDN,Indonesia,101.81458931200007,0.3639464960000396,101.87470219300008,0.4286485230000494
30_6043,Pithampur,IND,India,75.64965337300004,22.58765561200005,75.72588324600008,22.63768645300007
30_882,Jaú,BRA,Brazil,-48.59095592199998,-22.320940752999945,-48.51738243099993,-22.254292430999953
30_9919,Epe,NGA,Nigeria,3.947309432000054,6.572720934000074,4.0075420880000365,6.629479110000034
30_10676,Gujar Khan,PAK,Pakistan,73.28230311200008,33.24274460500004,73.32689228300006,33.27737173000003
30_2416,Hengyang,CHN,China,112.33627795100006,26.94297307900007,112.42771733500001,26.993675992000078
30_591,N/A,BGD,Bangladesh,90.80196906900005,23.882390588000078,90.92937702300009,23.974458912000046
30_7905,N/A,IND,India,85.88970336900007,25.804403225000044,85.95666438700005,25.88859693300003
30_8613,Miandoab,IRN,Iran,46.06862677200007,36.93489202500007,46.148905684000056,36.99653621900006
30_3163,Basankusu,COD,Democratic Republic of the Congo,19.778683341000033,1.205098226000075,19.81859995700006,1.2374517590000664
30_12581,Gijduvan,UZB,Uzbekistan,64.52513495300008,40.04116611100005,64.71668192200008,40.12172054000007
30_364,Koudougou,BFA,Burkina Faso,-2.408701272999963,12.231867592000071,-2.3276920939999286,12.28082379400007
30_3812,Al Halawat,EGY,Egypt,31.546446853000077,30.694152376000034,31.606476249000025,30.745552668000073
30_8922,Acilia,ITA,Italy,12.295503282000027,41.73145602200003,12.419610616000057,41.80374636200003
30_11207,Шахманово,RUS,Russia,39.56017808000007,54.62643908500007,39.69456478200004,54.705856804000064
30_6978,Udumalaippettai,IND,India,77.22352835400005,10.55304232100002,77.27394852200007,10.62631172700003
30_11936,Çanakkale,TUR,Turkey,26.384411099000033,40.085914167000055,26.448975506000068,40.175443338000036
30_7577,Karaikal,IND,India,79.81454502200006,10.90316836200003,79.86364702200007,10.984615433000045
30_2994,Nan'An,CHN,China,118.32583174600006,24.946907319000047,118.40564375100007,25.064466710000033
30_6959,Venjaramoodu,IND,India,76.87769114900004,8.609625392000055,76.92505537400007,8.739599660000067
30_5680,Kalka,IND,India,76.89372616400004,30.788394166000046,76.98086305500004,30.856955578000054
30_9093,Petropavl,KAZ,Kazakhstan,69.09344081000006,54.83503217300006,69.22457193700006,54.92454992100005
30_2720,Shuikou,CHN,China,112.72756536000009,22.412601984000048,112.80508265700007,22.49595034400005
30_5490,Kapurthala,IND,India,75.34831347600004,31.33740772500005,75.42719610900008,31.397529115000054
30_4570,Perpignan,FRA,France,2.8391469830000347,42.655467686000065,2.9486913620000337,42.746330776000036
30_6306,Barshi,IND,India,75.66485369200007,18.218200893000073,75.72524579700007,18.259443986000065
30_6944,Jagtial,IND,India,78.89178379200007,18.754655274000072,78.93785653200007,18.812465736000036
30_6258,Malkapur,IND,India,76.17980769200005,20.857398617000058,76.22664965100006,20.932103880000057
30_12702,Carúpano,VEN,Venezuela,-63.29676705099996,10.61817035100006,-63.21608283599994,10.67516173100006
30_8832,Al Madhatiyah,IRQ,Iraq,44.63594259900003,32.352854431000026,44.72412613600005,32.41322659800005
30_6785,Emmiganuru,IND,India,77.45221280200008,15.758299865000026,77.51932808600003,15.782921607000048
30_8738,Jahrom,IRN,Iran,53.52686768500007,28.47641502500005,53.60511141900008,28.561377036000067
30_3373,Zipaquirá,COL,Colombia,-74.01227509399996,5.008718173000034,-73.96056379199996,5.041116647000024
30_6835,Coonoor,IND,India,76.76131321200006,11.334936640000024,76.81316893800005,11.383831609000026
30_2140,Runan,CHN,China,114.30969079600004,32.98320546200006,114.4196460610001,33.026441928000054
30_1016,Nova Friburgo,BRA,Brazil,-42.56027490199995,-22.329272643999957,-42.501642370999946,-22.212643360999948
30_11108,Funchal,PRT,Portugal,-16.994922462999966,32.62896625900004,-16.871802120999973,32.68077293500005
30_1591,Huozhou,CHN,China,111.67800065600005,36.55662940900004,111.78183326800007,36.59178714300003
30_11253,Cherkessk,RUS,Russia,42.009552718000066,44.17953276900005,42.091484697000055,44.27125379100005
30_6390,Bisalpur,IND,India,79.78686394200008,28.272611574000052,79.83004449400005,28.306568527000024
30_10603,N/A,PAK,Pakistan,72.47999071000004,34.04049378900004,72.56579418100006,34.10999590900008
30_3057,Soubré,CIV,Côte d'Ivoire,-6.616127321999954,5.7621501590000435,-6.575916147999976,5.810771286000033
30_6492,Harihara,IND,India,75.76807503300006,14.479494423000062,75.82915369100004,14.545003533000056
30_2242,Fengxian,CHN,China,116.55115410500002,34.67550453800004,116.69040956800006,34.736491761000025
30_2464,Changning,CHN,China,112.35896812400006,26.385807034000038,112.45000745100003,26.444851653000057
30_6967,Siddipet,IND,India,78.81305242100007,18.078002189000074,78.87941984700007,18.11923265300004
30_14,Koh-I-Sayad,AFG,Afghanistan,64.84382878500003,36.214155058000074,64.88940842600005,36.31069304300007
30_10662,Bani Gala,PAK,Pakistan,73.15564852200004,33.71065056700007,73.21882688200003,33.75402359100008
30_3169,Boende,COD,Democratic Republic of the Congo,20.863673908000067,-0.29924464699996633,20.893625419000045,-0.27498149299992747
23_74056,Fort Abbas,PAK,Pakistan,72.84262726800006,29.182393628000057,72.88270760900008,29.207945082000037
30_773,Rivera,BRA,Brazil,-55.58603253399997,-30.94268341299994,-55.474948696999945,-30.85695557799994
30_1720,Qianxi,CHN,China,105.95835586100009,27.002127320000056,106.06058218800007,27.052840349000064
30_11192,Serpukhov,RUS,Russia,37.34437611000004,54.89470258600005,37.47486704600004,54.95440535900008
30_4278,Aletawendo,ETH,Ethiopia,38.41151503100008,6.588937301000044,38.432717499000034,6.613262234000047
30_11261,Kislovodsk,RUS,Russia,42.67864584300003,43.88638113700006,42.76031624800004,43.95046197800008
30_9588,Myingyan,MMR,Myanmar,95.36740823700006,21.422192592000044,95.41250077800004,21.488693186000035
30_10736,Jalalpur Jattan,PAK,Pakistan,74.18261398200008,32.62896625900004,74.23375707200006,32.66350278400006
30_458,Chuadanga,BGD,Bangladesh,88.79705159000008,23.614696559000038,88.87431575800008,23.656509984000024
30_11294,Neftekamsk,RUS,Russia,54.21452939200003,56.054818054000066,54.32244275000005,56.12522899800007
30_8570,Lakhipur,IND,India,92.93038681100006,24.76225710600005,93.05027470000005,24.84617604300007
30_2572,Dingyuan,CHN,China,117.63753450900003,32.49949901400004,117.74844007600007,32.55127745200008
30_5466,Faridkot,IND,India,74.69670751200005,30.64276243000006,74.78574208300006,30.70271837200005
30_582,Nikli,BGD,Bangladesh,90.86270562900006,24.27594894200007,90.95843668300006,24.368124978000026
30_3599,Hassi Bahbah,DZA,Algeria,3.016505154000072,35.050409168000044,3.051008998000043,35.094044636000035
30_2311,马口镇,CHN,China,113.80529971900012,30.548574318000078,113.87097556800006,30.57425855300005
30_3502,Würzburg,DEU,Germany,9.851835280000046,49.74745916200004,10.005521913000052,49.84280129200005
30_11147,Târgu Mureș,ROU,Romania,24.49311900500004,46.50770947600006,24.60447126500003,46.57289890900006
30_1662,Pingding,CHN,China,113.56275747900008,37.75542777700008,113.66598491500008,37.83501446400004
30_1543,通海县,CHN,China,102.66387382800008,24.100046959000053,102.81976581700008,24.158670717000064
30_4561,Amiens,FRA,France,2.245465060000072,49.86187804200006,2.362762971000052,49.94775786200006
30_4762,Sunyani,GHA,Ghana,-2.366776942999934,7.3107786650000435,-2.2664642459999413,7.38379799300003
30_10831,Lingayen,PHL,Philippines,120.193329102,15.99635807900006,120.30476678500008,16.05383656600003
30_7010,Balaghat,IND,India,80.16760633800004,21.788089651000064,80.24474522600008,21.854654410000023
30_9589,Magway,MMR,Myanmar,94.90733250200003,20.111113309000075,94.96232452500004,20.177394100000072
30_11431,Al Jubayl Industrial City,SAU,Saudi Arabia,49.51899504100004,27.04438757400004,49.60620239100007,27.17120459800003
30_996,Parnaíba,BRA,Brazil,-41.79028174499996,-2.9444117759999244,-41.72019699499998,-2.895861537999963
30_3403,Arauca,COL,Colombia,-70.77688442599998,7.059302342000024,-70.73525008299998,7.107971036000038
30_10026,Enwan,NGA,Nigeria,6.096775695000076,7.253989017000038,6.147119579000048,7.302665689000037
23_26188,Luputa,COD,Democratic Republic of the Congo,23.691530588000035,-7.189089919999958,23.742705040000033,-7.156641703999981
30_4730,Grimsby,GBR,United Kingdom,-0.1520403739999665,53.51061265000004,-0.013813721999952122,53.58925083300005
30_4950,Szeged,HUN,Hungary,20.092510189000052,46.21006852200003,20.205530558000078,46.293719288000034
30_1216,Kuqa,CHN,China,82.90255743500006,41.66822689300005,83.02223775500005,41.749525756000025
30_4752,Kutaisi,GEO,Georgia,42.65840248400008,42.229070826000054,42.730098585000064,42.28344431900007
30_3687,Abu Huminus,EGY,Egypt,30.280396678000045,31.071329714000058,30.373379795000062,31.11422642000008
30_2354,Lixin,CHN,China,116.12871373100006,33.095636924000075,116.22495850000007,33.18215957500007
30_2423,Wulian,CHN,China,119.16010652800003,35.72337883100005,119.23010516600004,35.793419663000066
30_3481,Darmstadt,DEU,Germany,8.573717501000033,49.84280129200005,8.692969998000024,49.919124984000064
30_3547,Puerto Plata,DOM,Dominican Republic,-70.74022969799995,19.763313665000055,-70.62878326099997,19.82953876700003
30_8457,Mahishadal,IND,India,87.87544401900004,22.162670685000023,88.00022158700006,22.21264336100006
30_10142,Malumfashi,NGA,Nigeria,7.592323471000043,11.76695452000007,7.63332213800004,11.807724170000029
30_6425,Chhibramau,IND,India,79.46564921300006,27.137381395000034,79.51927699700008,27.162748433000047
30_6463,Shahabad,IND,India,79.91782472000006,27.628200866000043,79.96084333100004,27.679022645000032
30_2356,Anqiu,CHN,China,119.11197225400008,36.42484136300004,119.22620642700008,36.512690693000025
30_9973,Ilawe-Ekiti,NGA,Nigeria,5.086308007000071,7.570424029000037,5.11646416800005,7.610998973000051
30_4998,Bangkinang,IDN,Indonesia,101.00605088500004,0.32350782200006734,101.04612074500005,0.3558587560000319
30_4192,Hossana,ETH,Ethiopia,37.83825364200004,7.529850547000024,37.90019896700005,7.578538900000069
30_7216,Gopiganj,IND,India,82.38590139600007,25.26609694700005,82.46731233800006,25.316524337000033
30_2171,京山市,CHN,China,113.06419141100002,31.011286608000034,113.15371024000001,31.054173081000044
30_8652,Malayer,IRN,Iran,48.786946079000074,34.266454477000025,48.84804156600006,34.327329070000076
30_1704,Taonan,CHN,China,122.7307414920001,45.30222476400007,122.83029841100006,45.35765035500003
30_5029,Prabumulih,IDN,Indonesia,104.20387212800006,-3.4542407819999426,104.28160961600008,-3.38949509899993
30_3230,Mukanga,COD,Democratic Republic of the Congo,26.90131644400003,-8.236043610999957,26.93178155700008,-8.211684335999962
30_4727,Crawley,GBR,United Kingdom,-0.24021450799995137,51.088689799000065,-0.1334349329999327,51.18503471300005
30_10095,Onne,NGA,Nigeria,7.148749776000045,4.66857056200007,7.179001250000056,4.709060923000038
30_7919,Anakapalle,IND,India,82.96409547800005,17.67413762700005,83.02813354100005,17.723571674000027
30_11983,Alanya,TUR,Turkey,31.969416301000024,36.50390407500004,32.07688917100006,36.56541827900003
30_10712,Sarai Alamgir,PAK,Pakistan,73.72787762600007,32.879470498000046,73.78347095800007,32.92268782300005
30_6294,Baheri,IND,India,79.45605160300005,28.75688844000007,79.53586762400005,28.84193659600004
30_7857,Tuni,IND,India,82.51958739800006,17.328243532000045,82.58010814600004,17.377641635000032
30_2167,Huantai,CHN,China,118.05029852000007,36.92608724200005,118.14762086400003,36.98772875700007
30_11314,Derbent,RUS,Russia,48.26533020800008,42.02985054000004,48.321986741000046,42.09321345600006
30_12042,Rize,TUR,Turkey,40.46775388000003,41.01020682800004,40.62084531000005,41.05519778100006
30_1473,Huize,CHN,China,103.20066658500008,26.377373024000065,103.32622941700004,26.43641600500007
30_7394,Ramanathapuram,IND,India,78.81582626500006,9.349089701000025,78.85720885200004,9.381607074000044
30_3467,Bremerhaven,DEU,Germany,8.502943478000077,53.49096146900007,8.628648471000076,53.60891876100004
30_1056,Alagoinhas,BRA,Brazil,-38.46032837499996,-12.158439785999974,-38.38804534099995,-12.10949222499994
30_3491,Heilbronn,DEU,Germany,9.162718723000069,49.110434343000065,9.25704494100006,49.24329226900005
30_1203,Artush,CHN,China,76.10406968300003,39.67464457700004,76.21154208300004,39.73716963900006
30_1714,Zhong,CHN,China,107.99046096700005,30.283320418000073,108.08615037600003,30.351746966000064
30_4737,St Leonards,GBR,United Kingdom,0.42537482000005866,50.82892649100006,0.6118743750000704,50.896221215000025
30_2388,Huadian,CHN,China,126.69721402300002,42.94640482600005,126.79379891400004,43.00101251900003
30_7711,Narasapuram,IND,India,81.63406257000008,16.40705863900007,81.71427303800004,16.45636477900007
30_8596,Cork,IRL,Ireland,-8.53859433699995,51.861547649000045,-8.376725249999936,51.92940379300006
30_4908,El Progreso,HND,Honduras,-87.82669848999996,15.364505705000056,-87.77781026499997,15.430118139000058
30_4931,Saint-Louis-Du-Nord,HTI,Haiti,-72.78575244199999,19.90405458300006,-72.67029501299999,19.953739220000045
30_12353,College Station,USA,United States,-96.39911272199998,30.548574318000078,-96.26418436999995,30.694152376000034
30_3769,Kafr Al Sharaqwah,EGY,Egypt,31.235725238000043,30.591382805000023,31.311748373000057,30.694152376000034
30_10417,Apeldoorn,NLD,Netherlands,5.9198730790000695,52.17205629800003,6.01802873500003,52.249807786000076
30_1943,Laohekou,CHN,China,111.63971049000008,32.352854431000026,111.71279754100004,32.42185243700004
30_7718,Palakollu,IND,India,81.70070515100008,16.505675702000076,81.75190890200008,16.55499142700006
30_631,N/A,BGD,Bangladesh,91.66814935400004,24.653194661000043,91.80673648500004,24.76225710600005
30_192,San Nicolás De Los Arroyos,ARG,Argentina,-60.25860452099994,-33.372623062999935,-60.16940529699997,-33.30334547399997
30_9929,Ejigbo,NGA,Nigeria,4.295604225000034,7.878830846000028,4.33590786000002,7.927534610000066
30_11742,Idlib,SYR,Syria,36.601467753000065,35.91604705900005,36.66971163300008,35.95109657900008
30_7594,Madhobani,IND,India,84.61601202700007,26.470160003000046,84.71516870100004,26.571414551000032
30_335,Whydah,BEN,Benin,2.0532340050000357,6.345712816000059,2.113369804000058,6.3862471310000615
30_1620,Hongtong,CHN,China,111.60660388000008,36.19660751200007,111.72973726000004,36.28436005100008
30_3246,Isiro,COD,Democratic Republic of the Congo,27.598412386000064,2.750215555000068,27.638702772000045,2.7987634410000624
30_6422,Hoshangabad,IND,India,77.70180060300004,22.721086601000025,77.76474252300005,22.771135967000077
30_2630,Diancheng,CHN,China,111.26645738900004,21.43050453500007,111.35247085000009,21.530261929000062
30_1538,岳池县,CHN,China,106.41460931800003,30.505772966000052,106.49413159400007,30.57425855300005
30_2757,戴南镇,CHN,China,120.0580170610001,32.67213770200004,120.19471103900003,32.758504223000045
30_9672,Kayan,MMR,Myanmar,96.54768425500004,16.89211195400003,96.58105062200008,16.91678827900006
30_2487,浠水县,CHN,China,115.22289209100006,30.411635041000068,115.29017523300001,30.480095574000075
30_10414,Maastricht,NLD,Netherlands,5.636949388000062,50.80970599500006,5.760350767000034,50.896221215000025
30_8551,Kailashahar,IND,India,91.97307878400005,24.28432753000004,92.05310568500005,24.37650588100007
30_11526,Sennar,SDN,Sudan,33.58571924300003,13.514073991000032,33.63791258400005,13.563126194000063
30_12756,Ninh Bình,VNM,Vietnam,105.94282236600009,20.218825043000038,106.03622806800007,20.285123301000056
30_9270,Batticaloa,LKA,Sri Lanka,81.66812596800008,7.651575386000047,81.76073602700006,7.748964826000076
30_9656,Twante,MMR,Myanmar,95.91177618800003,16.694745522000062,95.94762918800006,16.727634497000054
30_2236,Dangshan,CHN,China,116.28169742800003,34.39692041300003,116.40920875100005,34.457830725000065
30_9373,N/A,MDG,Madagascar,49.33263406700007,-18.04502047799997,49.37809718200003,-18.02028574299993
30_10612,Topi,PAK,Pakistan,72.56773439100004,34.05786730500006,72.66672018100007,34.083930096000074
30_10668,Rana Khemraj,PAK,Pakistan,69.70901831800006,25.35014702600006,69.75753093100008,25.40899527600004
30_2871,Jiande,CHN,China,119.24153203800006,29.41244378300007,119.32719260700003,29.52327889000003
30_508,Dhanbari,BGD,Bangladesh,89.84862056200006,24.636419041000067,89.98006728700005,24.728695564000077
30_12727,Việt Trì,VNM,Vietnam,105.36321991900007,21.297535012000026,105.48529177500006,21.355703525000024
30_1727,Changling,CHN,China,108.45273542300004,30.73698523300004,108.54252583800007,30.77982528900003
30_9858,Gaya,NER,Niger,3.4279174970000668,11.872960437000074,3.4686216700000614,11.905580808000025
30_9034,Hachinohe,JPN,Japan,141.44035047800003,40.48017440500007,141.57061328600003,40.56092498400005
30_10582,Shahdadpur,PAK,Pakistan,68.60003333200007,25.905438408000066,68.67004388200007,25.93912409400008
30_868,Lages,BRA,Brazil,-50.366165534999936,-27.848493437999934,-50.272721768999986,-27.772219202999963
30_2582,Shucheng,CHN,China,116.90503538700011,31.431890726000063,117.00453634300004,31.50922176000006
30_2899,揭西县,CHN,China,115.791560591,23.41406250800003,115.86233882900001,23.47256877600006
30_1241,Jinchang,CHN,China,102.14732073400006,38.464004583000076,102.23692206700008,38.53500500200005
30_4465,Filtu,ETH,Ethiopia,40.64925950500003,5.1059154550000585,40.66989900800007,5.122115547000021
30_700,Burgas,BGR,Bulgaria,27.391961820000063,42.446670090000055,27.49551234200004,42.53741963900006
30_7792,Dobhi,IND,India,84.76414718200004,24.519013612000037,84.91935896000007,24.577711101000034
30_1864,Xitao,CHN,China,113.10951004800006,35.00678247500008,113.30161392200012,35.094044636000035
30_7498,Narkatiaganj,IND,India,84.44278140500006,27.086653864000027,84.48403054500005,27.12892620100007
30_7479,Muhammadabad,IND,India,83.70602137200007,25.577193325000053,83.81972151500008,25.652911688000074
30_3143,Tshela,COD,Democratic Republic of the Congo,12.931354017000046,-5.033016969999949,12.972051734000047,-4.976320314999953
30_9431,Delicias,MEX,Mexico,-105.50306841999998,28.15379448300007,-105.42235045799998,28.213196768000046
30_7054,Mancherial,IND,India,79.40341320500005,18.85376356100005,79.46778191000004,18.928109419000066
30_4651,Telford,GBR,United Kingdom,-2.5524258939999527,52.62956777800008,-2.4142249389999506,52.72713683500007
30_12529,Niagara Falls,USA,United States,-79.15548554399999,43.06474437700007,-78.92973150299997,43.15583277500008
30_4560,Dunkirk,FRA,France,2.2390575660000422,50.99241875000007,2.4402542230000677,51.05980074400003
30_9041,Sanda,JPN,Japan,135.1722967190001,34.806212206000055,135.2629800730001,34.91083454900007
30_616,Chhatak Bazaar,BGD,Bangladesh,91.62979231900005,24.99728468400008,91.69166358700005,25.056068193000044
30_9814,Meru,MYS,Malaysia,101.40818043600007,3.09815960800006,101.48662759700005,3.1790829280000708
30_2320,Dengfeng,CHN,China,121.20643073000008,38.78371402000005,121.29743334200009,38.82816050500003
30_5568,Sangrur,IND,India,75.81209313500005,30.223461992000068,75.87492473800006,30.266216603000032
30_12971,Seiyun,YEM,Yemen,48.76025112900004,15.922466437000026,48.81383361800005,15.963516064000032
30_9200,Suncheon-Si,KOR,South Korea,127.46701381800005,34.919555342000024,127.55166294700007,34.99805818800007
30_5649,Kamrej,IND,India,72.93216788800004,21.23106744200004,73.02064628700003,21.30584426300004
30_7447,Arakkonam,IND,India,79.64603682000006,13.056437415000062,79.68986200300003,13.105454203000022
30_1408,Qiaogou,CHN,China,109.50348723700006,36.609368267000036,109.56120134000008,36.644535036000036
30_2481,Huaiyuan,CHN,China,117.14369031000001,32.939976983000065,117.28433676200007,32.991852116000075
30_12027,Giresun,TUR,Turkey,38.309103822000054,40.884293171000024,38.45160513800005,40.92925203300007
30_11194,Zhukovsky,RUS,Russia,38.026157933000036,55.543228215000056,38.17265133300003,55.633330932000035
30_5465,Gurdaspur,IND,India,75.36747375800007,32.01677241700003,75.43156727800005,32.068446910000034
30_172,Río Cuarto,ARG,Argentina,-64.39418748299994,-33.15619940099998,-64.30903789899997,-33.08698642699994
30_11230,Shakhty,RUS,Russia,40.13058554600008,47.648098754000046,40.292056795000065,47.75137018800007
30_4964,Langsa,IDN,Indonesia,97.93581356300007,4.458034937000036,97.99579262600008,4.5066179910000415
30_2972,Zhaoan,CHN,China,117.09672095400003,23.681600478000064,117.2324648450001,23.740152093000063
30_12045,Viranşehir,TUR,Turkey,39.732769681000036,37.21684770000007,39.78746227700003,37.252119923000066
30_5590,Nabha,IND,India,76.11847673800008,30.360301556000024,76.19237387900006,30.394522746000064
30_1840,Linzhou,CHN,China,113.77404173800005,36.02997940000006,113.85916780500008,36.100122406000025
30_6530,Koppala,IND,India,76.12033583600004,15.323501939000039,76.17505416600005,15.372706827000059
30_1807,Hailun,CHN,China,126.88752071100009,47.44178223700004,126.9969710580001,47.498020567000026
30_1978,夏津县,CHN,China,115.93515566300005,36.92608724200005,116.04720682000004,37.03176989900004
30_9169,Poipet,KHM,Cambodia,102.53625283800005,13.644888477000052,102.59938914700007,13.677596417000075
30_10853,Hagonoy,PHL,Philippines,120.67423381900005,14.790729121000027,120.8004209070001,14.856273824000027
30_11317,Salavat,RUS,Russia,55.85290074000005,53.32406091400003,55.96625799600008,53.43202795000008
30_9532,Cárdenas,MEX,Mexico,-93.40791215799999,17.962576511000066,-93.34346354299998,18.028530508000074
30_13099,Chipata,ZMB,Zambia,32.61729171500008,-13.677596416999961,32.67366021500004,-13.61218226799997
30_9897,Igbo Ora,NGA,Nigeria,3.2696948050000287,7.416252506000035,3.309851475000073,7.4568219380000755
30_9318,Larache,MAR,Morocco,-6.174772889999929,35.15514906400006,-6.127894129999959,35.20753803800005
30_2788,Nancheng,CHN,China,116.61568940100005,27.543517761000032,116.66469457000005,27.594324649000043
30_8951,Reggio Calabria,ITA,Italy,15.618016193000074,38.020842291000065,15.679466268000056,38.18912468700006
30_8960,Taranto,ITA,Italy,17.138907608000068,40.42636087200003,17.289780533000055,40.534004081000035
30_8427,Bhagabanpur,IND,India,87.57949762400006,22.046094011000037,87.74190700900004,22.129359321000038
30_12460,Elgin,USA,United States,-88.35848777199999,41.97555823300007,-88.21896433399996,42.08416016500007
30_7118,Kolar Gold Fields,IND,India,78.23602841500008,12.917576652000037,78.29685725600007,12.991087477000065
30_3989,Tepi,ETH,Ethiopia,35.40389188800003,7.189089920000072,35.43436285700005,7.213426663000064
30_5771,Gohana,IND,India,76.67158979100003,29.122782930000028,76.73668524000004,29.148328768000056
30_9343,Melilla,MAR,Morocco,-2.9878115649999586,35.24247108900005,-2.9080022909999457,35.31235419300003
30_4396,Debre Birhan,ETH,Ethiopia,39.49979398100004,9.649920309000038,39.55249017800003,9.698713250000026
30_2429,Chengjun,CHN,China,109.96917339700008,22.50428622900006,110.10732945100006,22.612670167000033
30_12250,Santa Maria,USA,United States,-120.47551096899997,34.85851711500004,-120.38918294199999,34.98933425100006
30_8979,Sasebo,JPN,Japan,129.67777157000012,33.12159034200005,129.78916902000003,33.216777655000044
30_1405,Mianxian,CHN,China,106.62767854900005,33.12159034200005,106.72989686600005,33.19081361100007
30_10462,Sohar,OMN,Oman,56.66481565000004,24.317843983000046,56.76478318300008,24.410031607000064
30_6873,Thodupuzha,IND,India,76.68776292900003,9.869510040000023,76.75708334900008,9.92644980700004
30_2974,Yunxiao,CHN,China,117.31572281500007,23.915867092000042,117.38484493600004,23.974458912000046
30_453,Aria,BGD,Bangladesh,88.85042351100003,23.865653570000063,89.03020230600004,23.974458912000046
30_4325,Kefole,ETH,Ethiopia,38.766464932000076,7.067413655000053,38.79738218000006,7.091747920000046
30_2442,莒南县,CHN,China,118.74773440000001,35.146418803000074,118.87337340400006,35.21627077100004
30_9666,Dagon Seikkan,MMR,Myanmar,96.25519535200004,16.818090360000042,96.30136834700005,16.867436860000055
23_31174,Izbat Al Hajjah Duwah,EGY,Egypt,32.58467528800003,25.69498532500006,32.61168197100005,25.728648298000053
30_2367,Miluo,CHN,China,113.04573834200005,28.782400128000063,113.10560723900005,28.824924861000056
30_12796,Thới Lai,VNM,Vietnam,105.54244005300006,10.048476381000057,105.64299088100006,10.129837207000037
30_5901,Bandikui,IND,India,76.54810616600008,27.027482749000058,76.59458309900003,27.06974662300007
30_2348,Jiaohe,CHN,China,127.28935247700008,43.69429229100007,127.37476459800007,43.74915137000005
30_210,Río Gallegos,ARG,Argentina,-69.27289408499996,-51.64852984999993,-69.17059212099997,-51.60016813599998
30_6992,Mandla,IND,India,80.34472880300007,22.570980202000044,80.40618821800007,22.63768645300007
30_2400,Xinzhou,CHN,China,114.7694747490001,30.814102527000045,114.83985758600011,30.874098825000033
30_5511,Kadi,IND,India,72.30877102600004,23.272016740000026,72.40341601500006,23.313788912000064
30_536,Phulbaria,BGD,Bangladesh,90.21535029900008,24.611257213000044,90.35366512100006,24.711916084000052
30_1952,N/A,CHN,China,117.55714528500005,38.819270377000066,117.68908895100003,38.925979426000026
30_12972,Tarim,YEM,Yemen,48.96165797900005,16.037413496000056,49.024263735000034,16.078472141000077
30_11976,Bolu,TUR,Turkey,31.56062148500007,40.713553423000064,31.658146317000046,40.75846902300003
30_2554,Guiyang,CHN,China,112.69337098900007,25.720232216000056,112.76713992600003,25.770732102000068
30_6899,Hindupur,IND,India,77.47387668600004,13.80026669700004,77.51451872000007,13.857521251000037
30_11145,Sibiu,ROU,Romania,24.09396556200005,45.76472480700005,24.193888696000045,45.820320207000066
30_1319,Jingbian,CHN,China,108.76345711400006,37.561017529000026,108.84874597400005,37.622854619000066
30_9441,Guanajuato,MEX,Mexico,-101.30611838499999,20.95700878400004,-101.23324377499995,21.03173298200005
22_9563,Valiasr,IRN,Iran,52.640590117000045,29.250536200000056,52.67316474000006,29.284613926000077
30_1941,Gucheng,CHN,China,111.53820056900008,32.24077500400006,111.68195467400005,32.31836288000005
30_9912,Igboho,NGA,Nigeria,3.739082419000056,8.820842372000072,3.7894419410000637,8.861466290000067
30_9074,Fujieda,JPN,Japan,138.1183629730001,34.78006444000005,138.34874496100008,34.91083454900007
30_1350,Lincang,CHN,China,100.06354717300007,23.857285369000067,100.12028621200005,23.924236733000043
30_8811,Al Mushahidah,IRQ,Iraq,44.20838470800004,33.606588963000036,44.29218726900007,33.66728579900007
30_8567,North Lakhimpur,IND,India,94.07266513300004,27.213489068000058,94.13333816800008,27.255779623000024
30_8995,Tomakomai,JPN,Japan,141.4662864270001,42.59189298700005,141.704545703,42.68272140700003
30_12082,Danhai,TWN,Taiwan,121.38257057900012,25.14006322000006,121.4669888090001,25.240886235000062
30_9113,Busia,KEN,Kenya,34.064825091000046,0.4448240610000198,34.134646829000076,0.4852629670000397
30_5330,Serui Kota,IDN,Indonesia,136.22172696200005,-1.892648787999974,136.25245110000003,-1.8602914229999783
30_12680,La Victoria,VEN,Venezuela,-67.35286055499995,10.194931552000071,-67.26323369699998,10.243755648000047
30_1285,Yakeshi/Yaysi,CHN,China,120.67428860100006,49.252787169000044,120.7703576020001,49.30977075000004
30_3232,Ankoro,COD,Democratic Republic of the Congo,26.93508384000006,-6.7835496949999765,26.956799045000025,-6.734893807999981
30_8562,Hailakandi,IND,India,92.51711937500005,24.661582793000036,92.58450269700006,24.695137462000048
30_6538,Chikkamagaluru,IND,India,75.74976227300004,13.277042448000032,75.81381317000006,13.34242155800007
30_3664,Esmeraldas,ECU,Ecuador,-79.66995618799996,0.94627493400003,-79.63978120099995,0.9948036770000499
30_11245,Volgodonsk,RUS,Russia,42.11248444700004,47.47927198000008,42.26063759300007,47.544902894000074
30_10268,Gumel,NGA,Nigeria,9.369723472000032,12.615451797000048,9.400667831000021,12.639943284000026
30_3940,Albacete,ESP,Spain,-1.8909646619999307,38.97045927800008,-1.831736937999949,39.03274866900006
30_11689,Bor,SSD,South Sudan,31.543937584000048,6.1835876880000455,31.58519464300008,6.2403292920000695
30_10,Farah,AFG,Afghanistan,62.05899752100004,32.352854431000026,62.13653911200004,32.39597585300004
30_9567,Gao,MLI,Mali,-0.06139803199994276,16.242739193000034,-0.0204660109999395,16.300245009000037
30_1208,Kargilik,CHN,China,77.37687374800004,37.86155051700007,77.46357493200003,37.905785243000025
30_1531,Pingchang,CHN,China,107.05264415700009,31.543598864000046,107.13465176600005,31.59517349200007
30_8853,Al Majar Al Kabir,IRQ,Iraq,47.143334837000054,31.569384831000036,47.190124067000056,31.59517349200007
30_1766,Liangmatai,CHN,China,115.98227440100004,39.08615595400005,116.09405630700007,39.14848361300005
30_2392,Lingling,CHN,China,111.58628563800005,26.19188372600007,111.64466061300004,26.259321364000073
30_2538,东村街道办事处,CHN,China,121.1211197130001,36.75886876100003,121.23009322700011,36.81165976200003
30_12609,Kosonsoy,UZB,Uzbekistan,71.48690598500008,41.145214227000054,71.57281497100007,41.27131492900003
30_10796,Huacho,PER,Peru,-77.63847362899998,-11.13124186999994,-77.57656972699994,-11.057925144999956
30_2057,Dangyang,CHN,China,111.72618450900006,30.762688402000038,111.81963825800005,30.856955578000054
30_11361,Мамоны,RUS,Russia,104.12077511400008,52.298427907000075,104.28371842400009,52.37626094800004
30_11232,Syktyvkar,RUS,Russia,50.76031127300007,61.62925719300006,50.90379205200003,61.70392323600004
30_12621,Shahrixon,UZB,Uzbekistan,72.00682881200004,40.68660950200007,72.10807658600004,40.749484996000035
30_5416,Jetpur,IND,India,70.58862356900005,21.72985513800006,70.65128546300008,21.788089651000064
30_1855,Yutian,CHN,China,117.68674536500009,39.853344023000034,117.80437329600011,39.91592994700005
30_11025,Sonchon,PRK,North Korea,124.89127925200012,39.79077945700004,124.94684995000011,39.817590231000054
30_10066,Ojaima,NGA,Nigeria,6.769106947000068,4.717159103000029,6.789202182000054,4.741453861000025
30_2659,Xinxing,CHN,China,112.18951434000007,22.64602560000003,112.25244199100007,22.729427678000036
30_4804,Yendi,GHA,Ghana,-0.03018659599996454,9.430385322000063,0.01006234500005121,9.462905620000072
30_8530,Azara,IND,India,91.45518599900004,26.073903469000072,91.62903980900006,26.12446089900004
30_13019,Ga-Rankuwa,ZAF,South Africa,27.877080931000023,-25.627670208999973,28.024763096000072,-25.56036949299994
30_2270,Taojiang,CHN,China,112.07457051600011,28.510396718000038,112.1562798010001,28.561377036000067
30_1990,陵城区,CHN,China,116.50175348500011,37.313861243000076,116.61975313300002,37.37562161000005
30_10705,Mailsi,PAK,Pakistan,72.12676833700004,29.779228059000047,72.19920246800007,29.83044753000007
30_1030,Jequié,BRA,Brazil,-40.12820929299994,-13.88206056699994,-40.03762680099993,-13.832982925999943
30_12017,Samandağ,TUR,Turkey,35.936139566000065,36.05628027200004,36.02838687700006,36.117661834000046
30_1733,Yunyang,CHN,China,108.67314600700007,30.916962015000024,108.73898191900008,30.959832465000034
30_10061,Idah,NGA,Nigeria,6.72695777000007,7.091747920000046,6.797580035000067,7.148529789000065
30_5488,Botad,IND,India,71.62443718900005,22.146014628000046,71.68978954800008,22.195985051000036
30_9090,Zhanaozen,KAZ,Kazakhstan,52.819846694000034,43.31079939700004,52.91217823900007,43.35640582100007
30_12575,Khiva,UZB,Uzbekistan,60.28052519800008,41.36144259900004,60.42604085500005,41.43357832700008
30_12993,Mafikeng,ZAF,South Africa,25.56015295900005,-25.905438407999952,25.674601118000055,-25.829658948999963
30_12563,Fall River,USA,United States,-71.22803290199994,41.65919605500005,-71.09693663499996,41.785670924000044
30_1018,Sobral,BRA,Brazil,-40.38157149399996,-3.705146572999979,-40.330942912999944,-3.656582091999951
30_3494,Reutlingen,DEU,Germany,9.134065151000073,48.448098093000056,9.272711523000055,48.53307530700005
30_2396,Macheng,CHN,China,114.94135176800012,31.14854905900006,115.05970483500005,31.217208433000053
30_4177,Ambo,ETH,Ethiopia,37.83288001400007,8.967096541000046,37.884198189000074,8.991474418000053
30_12775,Cẩm Phả,VNM,Vietnam,107.19117063500005,20.981915268000023,107.37252089600008,21.015126373000044
30_10439,Sitāpur,NPL,Nepal,83.53308395800008,27.492719778000037,83.60432244400005,27.535050813000055
30_7211,Suryapet,IND,India,79.59972029500005,17.114243458000033,79.64294903100006,17.163619711000024
30_10620,Jampur,PAK,Pakistan,70.53369285600007,29.60003780200003,70.63561913500007,29.659754460000045
30_11414,Abha,SAU,Saudi Arabia,42.46624631600008,18.193456826000045,42.56924473000004,18.25119506900006
30_6487,Tikamgarh,IND,India,78.80192942500008,24.72030571700003,78.85818194600006,24.787430522000022
30_3415,Cienfuegos,CUB,Cuba,-80.49770566799998,22.112704764000057,-80.41265579199995,22.187656177000065
30_2599,Huaiji,CHN,China,112.12416964800002,23.89912842800004,112.22206695500006,23.940976634000037
30_7061,Mettur,IND,India,77.78340450400003,11.758800867000048,77.87285990100008,11.824032678000037
30_10902,Ozamiz,PHL,Philippines,123.8152986560001,8.122371877000035,123.87481434100005,8.211684336000076
30_4443,Robe,ETH,Ethiopia,39.990811542000074,7.091747920000046,40.02263346800004,7.148529789000065
30_1438,Jiulongba,CHN,China,104.82262487600008,29.745087252000076,104.88818607700006,29.804836554000076
30_933,Mogi Guaçu,BRA,Brazil,-46.96634081399998,-22.40426819499993,-46.90703208999997,-22.320940752999945
30_9688,Myawaddy,MMR,Myanmar,98.47090112300003,16.670080209000048,98.53500425400006,16.711189739000076
30_8878,Gallarate,ITA,Italy,8.742998487000023,45.60731604700004,8.84553518000007,45.746197582000036
30_10069,Ozu,NGA,Nigeria,6.817597556000067,5.94043552200003,6.907823952000058,5.980957982000064
30_5357,Baramulla,IND,India,74.30331262700008,34.18821152400005,74.41867992200008,34.231676450000066
30_11839,Ranong,THA,Thailand,98.58029025300004,9.93458436800006,98.65839275500008,9.991528467000023
30_1535,Fenyang,CHN,China,111.74057594200008,37.234483037000075,111.83740170200008,37.30503988900006
30_7578,Manjha,IND,India,84.49890072900007,26.377373024000065,84.70102318500005,26.444851653000057
30_11157,Bacău,ROU,Romania,26.868267855000056,46.50770947600006,26.954537002000052,46.60084613500004
30_10393,Heemskerk,NLD,Netherlands,4.568784941000047,52.44440623400004,4.724313926000036,52.54182391200004
30_12779,Chaudok City,VNM,Vietnam,105.09814359600006,10.67516173100006,105.20909173300004,10.764727883000035
30_4376,Dodolla,ETH,Ethiopia,39.16198344500003,6.961970821000023,39.19289219600006,6.986302972000033
30_10052,Uduagba,NGA,Nigeria,6.611249433000069,5.057316115000049,6.671415883000066,5.114015481000024
30_6027,Baran,IND,India,76.46989126000005,25.072865447000027,76.53680566500003,25.12326246200007
30_9992,Ise,NGA,Nigeria,5.406275960000073,7.448707936000062,5.446521490000066,7.48116428700007
30_9154,Dadaab,KEN,Kenya,40.30023859600004,0.04043839700005947,40.32019736900003,0.0647014380000428
30_2755,Dafeng,CHN,China,120.38714827500007,33.15619940100004,120.48738771100011,33.234088632000066
30_2444,郯城县,CHN,China,118.28047549000007,34.588409253000066,118.39659326600008,34.649372336000056
30_3783,Zayyan,EGY,Egypt,31.484609196000065,31.423299877000034,31.55426034900006,31.457665056000053
30_7410,Dhamtari,IND,India,81.51438414200004,20.683141186000057,81.57124616700008,20.741218495000055
30_11813,Dapaong,TGO,Togo,0.18162131300005058,10.838016850000031,0.22198535000006814,10.886879974000067
30_4914,Rijeka,HRV,Croatia,14.300777835000076,45.30222476400007,14.498087370000064,45.38537071600007
30_12648,Carora,VEN,Venezuela,-70.09827846399997,10.14611031800007,-70.05577080199998,10.194931552000071
30_2228,Wugang,CHN,China,110.60173076100006,26.706473472000027,110.65013716800007,26.75713621500006
30_9322,Sidi Slimane,MAR,Morocco,-5.96266326999995,34.231676450000066,-5.906137269999931,34.27514983000003
30_1347,Xinjin,CHN,China,103.69292214300003,30.36885642900006,103.86378398600004,30.462978736000025
30_2628,Lujiang,CHN,China,117.24919660800003,31.217208433000053,117.32616063500006,31.277300844000024
30_136,Durrës,ALB,Albania,19.419451452000033,41.26230472100008,19.53021177900007,41.35242773500005
30_5014,Selatpanjang,IDN,Indonesia,102.69082153500005,0.9948036770000499,102.73104953900008,1.0190681500000665
30_13032,Embalenhle,ZAF,South Africa,29.05365662500003,-26.57985395999998,29.10173159800007,-26.520783042999938
30_2290,蒙阴县,CHN,China,117.87506902000007,35.679615074000026,118.00170632400011,35.74964142500005
30_2331,Funan,CHN,China,115.53575876100001,32.59443476300004,115.64674412000011,32.66350278400006
30_12089,Hualien,TWN,Taiwan,121.55566562900003,23.924236733000043,121.6491202420001,24.016316412000037
30_2847,Rudong,CHN,China,121.10598476100006,32.275255412000035,121.20954570000004,32.352854431000026
30_12318,Kennewick,USA,United States,-119.29880616499997,46.16361630800003,-119.04737051399997,46.25653532300004
30_6428,Puranpur,IND,India,80.12801043500008,28.49340535300007,80.16444974400008,28.527389119000077
30_2945,Raoyang,CHN,China,116.82841970000004,24.024688533000074,116.92171477800002,24.167046373000062
30_3842,Fazarah Bil Qaryah,EGY,Egypt,31.44047541900005,26.647377739000035,31.52171295100004,26.69803051300005
30_3022,Lianjiang,CHN,China,119.50944109300008,26.175026632000026,119.57339125600004,26.242460563000066
30_10190,Eket,NGA,Nigeria,7.9183344320000515,4.628081096000074,7.958494995000024,4.660472598000069
30_2749,Gaochun,CHN,China,118.7940484070001,31.303059162000068,118.91330389100006,31.37176102600006
23_56932,N/A,IND,India,90.93788456900006,26.30147743300006,91.02330233100008,26.343639318000044
30_9123,Kitale,KEN,Kenya,34.96564127800008,0.9948036770000499,35.045362080000075,1.0433326930000248
30_12332,Brownsville,USA,United States,-97.55314714399998,25.880176538000057,-97.41231586199996,25.98123634600006
30_3954,Lleida,ESP,Spain,0.5858668330000683,41.59599342100006,0.6934142120000502,41.64113579700006
30_12319,Anchorage,USA,United States,-149.99071492399997,61.16140322500007,-149.69070191399996,61.235665898000036
30_3575,Relizane,DZA,Algeria,0.5109490340000207,35.714625356000056,0.5792741810000734,35.767151632000036
30_1981,Zhongmu,CHN,China,113.94482476100006,34.692927732000044,114.07248293200007,34.75391979300008
30_1655,Mengzi,CHN,China,103.34650518400008,23.338854610000055,103.42418300800006,23.38899140500007
30_1924,Wei,CHN,China,114.87456159300007,36.32825022800006,114.9658586810001,36.380930711000076
30_7183,Virudhunagar,IND,India,77.93996753200008,9.56047359400003,77.98253318100006,9.609261590000074
30_873,Planaltina,BRA,Brazil,-47.672216101999936,-15.651618799999937,-47.62233280099997,-15.594183959999953
30_6936,Doddaballapura,IND,India,77.51746621900008,13.244355419000044,77.57995840200005,13.326076148000027
30_768,Santana,BRA,Brazil,-51.19597443799995,-0.07278911899993545,-51.13610023299998,-0.008087678999970649
30_12998,Jouberton,ZAF,South Africa,26.55842971800007,-26.917624865999983,26.62515477000005,-26.866934915999934
30_10862,Trece Martires,PHL,Philippines,120.84335804000011,14.24208556800005,120.89693853100005,14.307568067000034
30_12839,Ba Ria,VNM,Vietnam,107.10345443000006,10.463499888000058,107.23278130600005,10.51233998400005
30_9747,Mocuba,MOZ,Mozambique,36.958174446000044,-16.86743685999994,37.00943404900005,-16.81809035999993
30_8617,Saqqez,IRN,Iran,46.24214787000005,36.214155058000074,46.302395500000046,36.26680657900005
30_10263,Obudu,NGA,Nigeria,9.147771892000037,6.64569619100007,9.207982550000054,6.686239789000069
30_4660,Burnley,GBR,United Kingdom,-2.3164644129999488,53.76638342900003,-2.1377329789999635,53.86490883000005
30_5943,Nagda,IND,India,75.39038046700006,23.43077758000004,75.43839083700004,23.46421013500003
30_3556,Higüey,DOM,Dominican Republic,-68.75040286899997,18.58126908400004,-68.68644812399998,18.647312999000064
30_1198,Osorno,CHL,Chile,-73.18873956999994,-40.59682582399995,-73.08788823999998,-40.54297726599998
30_6176,Bilari,IND,India,78.76336348700005,28.60386777800005,78.83222574400008,28.637865058000045
30_10648,Shahr Sultan,PAK,Pakistan,70.97642235400008,29.557391237000047,71.09088167500005,29.787763948000077
30_5423,Gondal,IND,India,70.74638793900004,21.929553878000036,70.82212895500004,21.987819391000073
30_2638,Lushan,CHN,China,116.01626604400008,29.438017048000063,116.05493631800005,29.48064457600003
30_8390,Paradip,IND,India,86.57490629800003,20.251972824000063,86.68730170700007,20.318276479000076
30_8533,Mangaldoi,IND,India,91.97202593100008,26.41111046700007,92.05331724300004,26.478596589000063
30_9711,Moatize,MOZ,Mozambique,33.68931020400004,-16.127746789999946,33.75326756900006,-16.103108881999958
30_7660,Tadepallegudem,IND,India,81.50208010200004,16.76874876200003,81.58627261000004,16.834538648000034
30_9025,Kushiro,JPN,Japan,144.29775310900004,42.955504853000036,144.4609970900001,43.02832315100005
30_12111,Musoma,TZA,Tanzania,33.77189153000006,-1.5367296189999706,33.84214076200004,-1.4881970649999516
30_2571,Lianzhou,CHN,China,112.33884180200005,24.75386639800007,112.40239385300004,24.812605878000056
30_2366,沂南县,CHN,China,118.40260775400009,35.513394979000054,118.52912146300002,35.58336656200004
30_3066,Bouaflé,CIV,Côte d'Ivoire,-5.763784163999958,6.970081484000048,-5.723443190999944,7.01063560800003
30_11654,Kragujevac,SRB,Serbia,20.843543715000067,43.97793307000006,20.963919932000067,44.042050704000076
30_12061,Cizre,TUR,Turkey,42.168818378000026,37.30503988900006,42.22942808500005,37.35797384400007
30_12776,Mong Cai,VNM,Vietnam,107.93941494400008,21.505320140000038,108.00691543600004,21.571835202000045
30_11539,New Halfa,SDN,Sudan,35.57978169000006,15.298901153000031,35.62993550300007,15.348103829000024
30_4732,Cambridge,GBR,United Kingdom,0.08131345500004272,52.17205629800003,0.18967890600004012,52.249807786000076
30_1902,Danjiangkou,CHN,China,111.45791812300007,32.49949901400004,111.55120289600006,32.59443476300004
30_808,Guarapuava,BRA,Brazil,-51.50985709199995,-25.42581106299997,-51.43944363199995,-25.34174102099996
30_1487,三原县,CHN,China,108.89449411500004,34.59711723300006,108.97215688300008,34.64066229100007
30_1087,Bridgetown,BRB,Barbados,-59.64151461499995,13.056437415000062,-59.51649988499997,13.162645174000033
30_5442,Abohar,IND,India,74.16329670200008,30.12087957400007,74.23464613900006,30.180714409000075
30_12731,Phúc Thọ,VNM,Vietnam,105.43443330200006,21.081557038000028,105.56983265400004,21.172917674000075
30_1437,Nenjiang,CHN,China,125.17146320000006,49.13889281300004,125.26677621400006,49.195827879000035
30_4877,San José Pinula,GTM,Guatemala,-90.48803156899999,14.495871006000073,-90.39037155199998,14.577760870000077
30_11786,Doba,TCD,Chad,16.831616860000054,8.642117347000067,16.871811766000064,8.690857291000043
30_5043,Gunung Sugih,IDN,Indonesia,105.16703527300007,-4.968220945999974,105.27704263200008,-4.895328331999963
30_6694,Narsinghpur,IND,India,79.16622254300006,22.929671778000056,79.22921953700006,22.96305671600004
30_10381,Matagalpa,NIC,Nicaragua,-85.95925591999998,12.901242037000031,-85.89350472999996,12.950247106000063
30_10041,Onitu,NGA,Nigeria,6.390863922000051,5.008718173000034,6.491478696000058,5.1059154550000585
30_1677,Linshi,CHN,China,107.16717403900009,29.651222689000065,107.24944822800006,29.68535141800004
30_2117,Diaobingshan,CHN,China,123.50400590700008,42.419454796000025,123.59715175000008,42.492038724000054
30_10243,Ikom,NGA,Nigeria,8.699694973000021,5.94043552200003,8.749750755000036,5.989062611000065
30_3799,Al Ayyat,EGY,Egypt,31.209700097000052,29.60003780200003,31.29246652100005,29.659754460000045
30_3227,Kasongo,COD,Democratic Republic of the Congo,26.64997373400007,-4.458034936999979,26.67996245200004,-4.417549998999959
30_4894,Flores,GTM,Guatemala,-89.94141008599996,16.900337258000036,-89.87503011999996,16.93323984700004
30_5268,Pare-Pare,IDN,Indonesia,119.61009895100005,-4.093700313999932,119.66343990100006,-3.972269831999938
30_3400,Maicao,COL,Colombia,-72.27311956399996,11.359383724000054,-72.20995908599997,11.391981083000076
30_1861,Huaguanying,CHN,China,114.37317283000004,36.44240823600006,114.51975849600001,36.521477686000026
30_9826,Kulai,MYS,Malaysia,103.56585223900004,1.5933514670000477,103.72450685800004,1.6742408610000439
30_12746,Phú Minh,VNM,Vietnam,105.87261310000008,20.708030423000025,105.97706901500004,20.832500006000032
30_9101,Turkestan,KAZ,Kazakhstan,68.18137034000006,43.27432343900006,68.31073953600003,43.329040435000024
30_3107,Ebolowa,CMR,Cameroon,11.12420254500006,2.8958615380000197,11.174231512000063,2.944411776000038
30_1514,新兴街道,CHN,China,109.17071685700006,34.61453422400007,109.25564014700007,34.692927732000044
30_10337,Sangasumi,NGA,Nigeria,12.033783271000061,8.43093861400007,12.084321455000065,8.463424747000033
30_4534,Brest,FRA,France,-4.559015214999931,48.363173446000076,-4.379226641999935,48.42922141400004
30_9047,Hikone,JPN,Japan,136.1455974160001,35.13768889500005,136.3000143920001,35.28614536900005
30_2445,临沭县,CHN,China,118.53681034800002,34.86723581700005,118.70022904600012,34.94571981200005
30_2790,Guixi,CHN,China,117.13143879400002,28.264122977000056,117.25180133100002,28.323548543000072
30_5514,Visnagar,IND,India,72.50373814500006,23.681600478000064,72.56695896000008,23.72342204100005
30_9991,Kontagora,NGA,Nigeria,5.433263590000024,10.382106258000022,5.504002767000031,10.414662734000046
30_3552,San Francisco De Macoris,DOM,Dominican Republic,-70.29230317199995,19.275224469000023,-70.23245714399997,19.32483509800005
30_7913,Rayagada,IND,India,83.38792744300008,19.151222906000044,83.43189446200006,19.209085866000066
30_2064,Dehui,CHN,China,125.65057482700001,44.509978509000064,125.74970438800005,44.57431264000007
30_11037,Huichon,PRK,North Korea,126.24148548200003,40.15753397100008,126.299083859,40.193354473000056
30_5256,Mamuju,IDN,Indonesia,118.84452558700002,-2.7016684259999693,118.9058830670001,-2.6612130539999725
30_5088,Jatibarang,IDN,Indonesia,108.20676039500006,-6.499749776999977,108.34765599900004,-6.394354140999951
30_865,Sobradinho,BRA,Brazil,-47.85841343699997,-15.668029884999953,-47.746069742999964,-15.618798138999978
30_8999,Shunan,JPN,Japan,131.72244030500008,33.988381283000024,131.887797481,34.083930096000074
30_2052,Xingcheng,CHN,China,120.65636975000007,40.596825824000064,120.82217159300001,40.64171201700003
30_12441,Port St. Lucie,USA,United States,-80.41650621099996,27.213489068000058,-80.31990336099994,27.348840326000072
30_8564,Lumding,IND,India,93.14699329100006,25.737064606000047,93.20022014400007,25.779149543000074
30_6596,Gangawati,IND,India,76.49982116100006,15.41371428900004,76.55919149100004,15.454724842000076
30_3759,Aghour Al-Kubra,EGY,Egypt,31.121471834000033,30.266216603000032,31.219819182000037,30.317531433000056
30_6385,Basoda,IND,India,77.90923425200003,23.823814621000054,77.96937797500004,23.882390588000078
30_12372,Lafayette,USA,United States,-92.08669302599998,30.137973841000075,-91.95270947499995,30.257665118000034
30_12393,Sioux Falls,USA,United States,-96.83295588999994,43.49330187100003,-96.64713167899998,43.57549500400006
30_1182,Chiguayante,CHL,Chile,-73.04946051099995,-36.96130866899995,-72.99739683199994,-36.89087192599993
30_1286,Longxi,CHN,China,104.61378890400005,34.936997973000075,104.71884686700008,35.02423210100005
30_557,Bagerhat,BGD,Bangladesh,89.72129776100007,22.629347498000072,89.82988213700008,22.69606452900007
30_1463,Tongchuan,CHN,China,108.89819564600003,34.86723581700005,109.00601720400005,34.936997973000075
30_2390,Qiyang,CHN,China,111.79897403300004,26.562975377000043,111.87847580900007,26.638936439000076
30_7776,Amalapuram,IND,India,81.97343639000007,16.53855231700004,82.02955404100004,16.61253252700004
30_1759,Gaocheng,CHN,China,114.8022761850001,38.00313680100004,114.92376514700004,38.04740353600005
30_10505,Mehar,PAK,Pakistan,67.79508111400008,27.162748433000047,67.83798939300004,27.196574550000037
30_8802,Soran,IRQ,Iraq,44.50535235600006,36.635742778000065,44.57207118000008,36.67970783900006
30_3149,Kwilu-Ngongo,COD,Democratic Republic of the Congo,14.669037627000023,-5.519068170999958,14.709309564000023,-5.486660158999939
30_2017,Laoling,CHN,China,117.1646259690001,37.70238783700006,117.25102558900005,37.78195309800003
30_10124,Shema,NGA,Nigeria,7.472450427000069,12.435874808000051,7.513389588000052,12.48484561500004
30_10283,Wukari,NGA,Nigeria,9.75508370800003,7.838246052000045,9.79558346500005,7.895065190000025
30_12224,Kramatorsk,UKR,Ukraine,37.50597612200005,48.693732013000044,37.64062497700007,48.78832452100005
30_10720,Sangla Hill,PAK,Pakistan,73.35275422900008,31.672555670000065,73.44522400800008,31.72415731700005
30_2854,Zhangzhishan,CHN,China,120.87861277100001,31.88763425700006,121.01114300000006,31.947890202000053
30_12423,Homestead,USA,United States,-80.50488206899996,25.434219291000034,-80.37716579099998,25.54354655800006
30_7017,Pudukadai,IND,India,77.09681498400005,8.211684336000076,77.19944786300005,8.309124885000074
30_9095,Kokshetau,KAZ,Kazakhstan,69.34345371300003,53.25540679300008,69.45354453100003,53.33387195200004
30_4652,Blackburn,GBR,United Kingdom,-2.5357619879999334,53.67778299100007,-2.436959207999962,53.79593213700008
30_6161,Karwar,IND,India,74.11608704400004,14.79892179500007,74.18067941800007,14.872661186000073
30_12463,Algonquin,USA,United States,-88.41300360699995,42.10226722900006,-88.20452099399995,42.25625538500003
30_12864,Tuy Hòa,VNM,Vietnam,109.24710398000008,13.056437415000062,109.33494571400007,13.121793961000037
30_11599,Koidu Town,SLE,Sierra Leone,-11.002769551999961,8.617748280000058,-10.94233507499996,8.666487016000076
30_10425,Enschede,NLD,Netherlands,6.8158347900000535,52.18177250000008,6.979404903000045,52.240086113000075
30_1297,Gangu,CHN,China,105.25605289500004,34.72777826300006,105.36266229000006,34.78006444000005
30_4650,Atherton,GBR,United Kingdom,-2.583545818999937,53.48113713100008,-2.430501025999945,53.55975523300003
30_9272,Kalmunai,LKA,Sri Lanka,81.80068745300008,7.327004786000032,81.86625560700008,7.448707936000062
30_8702,Shahin Shahr,IRN,Iran,51.51591171100006,32.827620198000034,51.58607576300005,32.91404372200003
30_4605,Saint-Denis,FRA,France,55.434725282000045,-20.940405338999938,55.511374285000045,-20.865698502999976
30_9136,Ongata Rongai,KEN,Kenya,36.71467570800007,-1.407310377999977,36.784841748000076,-1.366867440999954
23_73949,Chishtian Sharif,PAK,Pakistan,72.83426110800008,29.779228059000047,72.88170121400003,29.813373270000056
30_11179,Severodvinsk,RUS,Russia,39.73877603900007,64.53735046000003,39.933162054000036,64.61475880600005
30_8685,Izeh,IRN,Iran,49.83552461900007,31.810184193000055,49.89360841100006,31.85320897400004
30_8970,Al Salt,JOR,Jordan,35.69083683100007,32.01677241700003,35.75238448500005,32.068446910000034
30_3903,Huelva,ESP,Spain,-6.967560956999932,37.20803061300006,-6.898575204999929,37.28739834800007
30_1133,Barrie,CAN,Canada,-79.74382054499995,44.31713427900007,-79.59393177699997,44.427301998000075
30_1207,Shache,CHN,China,77.19606115400006,38.41077146900005,77.28326479600008,38.44625857600005
30_7458,Rajim,IND,India,81.81287544100007,20.92380259500004,81.90824106700006,21.015126373000044
30_9683,Kengtung,MMR,Myanmar,99.56003506400003,21.28091704800005,99.63303444800005,21.314153692000048
30_10407,'S-Hertogenbosch,NLD,Netherlands,5.246480679000058,51.677555992000066,5.383189731000073,51.735628828000074
30_9485,Zacatelco,MEX,Mexico,-98.27080433199995,19.134692054000027,-98.18856106999999,19.250421302000063
30_5309,Kotamobagu,IDN,Indonesia,124.27936322300002,0.7036348560000647,124.32996140600005,0.7683383350000668
30_11231,Novocherkassk,RUS,Russia,40.02880925000005,47.39493397100006,40.130631340000036,47.498020567000026
30_6796,Guntakal,IND,India,77.35661610700004,15.151319547000071,77.39741063100007,15.184112048000031
30_10220,Kazaure,NGA,Nigeria,8.387333952000063,12.623615526000037,8.428517897000063,12.664435669000056
30_11857,Nakhon Si Thammarat,THA,Thailand,99.91526775100004,8.374090392000028,99.98947278400004,8.487790036000035
30_1609,Linshui,CHN,China,106.90423624000005,30.300425362000055,106.94932193300008,30.377411584000072
30_2865,Deqing,CHN,China,119.92846700700011,30.522892651000063,120.01166741600002,30.57425855300005
30_8442,Dinhata,IND,India,89.44257104400003,26.116034085000024,89.48923997400004,26.149742726000056
30_8515,Goalpara,IND,India,90.60003321500005,26.12446089900004,90.69197666400004,26.19188372600007
30_3766,Fashn,EGY,Egypt,30.879026629000066,28.799409233000063,30.934753713000077,28.858949384000027
30_12096,Sumbawanga,TZA,Tanzania,31.59746007800004,-8.000594398999965,31.640321537000034,-7.93565211799995
30_3723,6Th Of October,EGY,Egypt,30.865894637000054,29.898755618000052,30.961384530000032,29.98416565200006
30_13051,Egobhoza,ZAF,South Africa,31.132508950000044,-25.484673337999936,31.22291446500003,-25.40058771699995
30_12501,Flint,USA,United States,-83.79372120799997,42.93730530100004,-83.62311189999997,43.10117367200007
30_1636,Houma,CHN,China,111.29179065500006,35.600863050000044,111.39390362400007,35.635860345000026
30_7421,Robertsganj,IND,India,83.04549332800008,24.64480674400005,83.09131035700005,24.703526666000073
30_1572,Quxian,CHN,China,106.94071695100007,30.805532785000025,106.99964960600005,30.865527057000065
30_3120,Mokolo,CMR,Cameroon,13.778884789000074,10.72401473800005,13.829780319000065,10.748442373000046
30_6795,Hinganghat,IND,India,78.81463092800004,20.533838329000048,78.86679179600003,20.567011930000035
30_4953,Debrecen,HUN,Hungary,21.561978289000024,47.498020567000026,21.683990852000022,47.56366017300007
30_9981,Zuru,NGA,Nigeria,5.2226208280000606,11.408280298000022,5.263121412000032,11.457180092000044
30_3277,Kirumba,COD,Democratic Republic of the Congo,29.16586256200003,-0.5742288969999549,29.19587155800008,-0.5418775929999242
30_12733,Vĩnh Yên,VNM,Vietnam,105.52500724100008,21.247683264000045,105.66418956100006,21.33077308700007
30_559,Rajoir,BGD,Bangladesh,89.95143126100004,23.163432372000045,90.08111258500008,23.24695582800007
30_1528,临潼区,CHN,China,109.13468456600003,34.35342327300003,109.26826751000004,34.39692041300003
30_9112,Taldykorgan,KAZ,Kazakhstan,78.30213216600004,44.98852516800008,78.43736543500006,45.05305799200005
30_10761,Chunian,PAK,Pakistan,73.92144674900004,30.93410932300003,74.01609206700005,31.002710189000027
30_2340,Hengxian,CHN,China,109.24053028200007,22.65436493900006,109.30533032200009,22.729427678000036
30_2004,Changyuan,CHN,China,114.60244625900009,35.16387967700007,114.72366842400004,35.22500385600006
30_12686,Charallave,VEN,Venezuela,-66.87925426499999,10.194931552000071,-66.82675956799994,10.292582621000065
30_3272,Baraka,COD,Democratic Republic of the Congo,29.062407466000025,-4.15846610899996,29.102015808000033,-4.085604730999933
30_8379,Bolpur,IND,India,87.65585948400008,23.639784005000024,87.72254276400008,23.69832849200003
30_7851,Gaihati,IND,India,85.72877826500007,26.116034085000024,85.84140683100009,26.183455063000054
30_5854,Bundi,IND,India,75.60647033400005,25.400587717000064,75.67270540300007,25.451036414000043
30_8787,Zawa,IRQ,Iraq,42.87294000800006,36.77646424300008,42.93105594000008,36.81165976200003
30_5316,Ambon,IDN,Indonesia,128.14948999900002,-3.7213349589999325,128.19017509800005,-3.6889582999999675
30_4657,Gloucester,GBR,United Kingdom,-2.3047506139999427,51.81310202000003,-2.1433052559999624,51.90031797300003
30_10350,Damboa,NGA,Nigeria,12.750728498000058,11.139388607000058,12.771804229000054,11.180123606000052
30_10245,Wudil,NGA,Nigeria,8.825858680000067,11.783262102000037,8.877059640000027,11.815878378000036
30_12795,Cao Lanh,VNM,Vietnam,105.59606096900006,10.430941459000053,105.71190631000007,10.479779593000046
30_10850,Tuguegarao,PHL,Philippines,121.69081051,17.591759060000072,121.75595837000003,17.65766076400007
30_12544,Toms River,USA,United States,-74.30260720799998,39.89804607200006,-74.03780693599998,40.05011484200003
30_7576,Gudivada,IND,India,80.97073897500007,16.415275998000027,81.01592762900003,16.45636477900007
30_11058,Nampo,PRK,North Korea,125.33546864800007,38.71262123300005,125.44621682200011,38.765938335000044
30_4589,Metz,FRA,France,6.120000997000034,49.07249909700005,6.252197274000025,49.18633702100004
30_8234,Dhenkanal,IND,India,85.57206850600005,20.633367372000066,85.62232385500005,20.683141186000057
30_8527,Nalbari,IND,India,91.40812387600005,26.419545412000048,91.46569741400003,26.470160003000046
30_1481,Fushun,CHN,China,104.92297003400006,29.148328768000056,105.05855436400009,29.207945082000037
30_11000,Bielsko-Biała,POL,Poland,18.96432888100003,49.77605452800003,19.09785355400004,49.87141745900004
30_11932,Ksar Hellal,TUN,Tunisia,10.860236790000044,35.618360977000066,10.927579611000056,35.679615074000026
30_9695,Podgorica,MNE,Montenegro,19.21226394300004,42.41038401000003,19.303645241000027,42.47388979800007
30_8973,Madaba,JOR,Jordan,35.76649856600005,31.698355138000068,35.82577898300008,31.749962209000046
30_5528,Kalol,IND,India,72.46784027100006,23.221896706000052,72.52321956100008,23.25530926600004
30_249,Innsbruck,AUT,Austria,11.343083431000025,47.245123024000065,11.463781316000052,47.291922043000056
30_9171,Battambang,KHM,Cambodia,103.17106064500007,13.056437415000062,103.24796195600004,13.162645174000033
30_904,Paranaguá,BRA,Brazil,-48.583346422999966,-25.585605576999967,-48.49200314199993,-25.493083126999977
30_11549,Sinkāt,SDN,Sudan,36.82193061400005,18.82898440200006,36.85626634600004,18.862023591000025
30_3021,Xiapu,CHN,China,119.94129550200012,26.850040181000054,120.04368068300005,26.909175942000047
30_3430,Willemstad,CUW,Curaçao,-68.97243267599998,12.076862423000023,-68.84712181199995,12.17475640500004
30_2081,郓城县,CHN,China,115.88830260800012,35.54837789900006,116.01063100500005,35.618360977000066
30_9383,San José Del Cabo,MEX,Mexico,-109.74097668799999,23.038184296000054,-109.68618941699998,23.12167807700007
30_945,Barreiras,BRA,Brazil,-45.02466283599995,-12.174756404999926,-44.95383752399994,-12.10949222499994
30_11812,Karyari,TCD,Chad,23.035035228000027,15.700853565000045,23.056614341000056,15.725472650000029
30_1820,张家庄,CHN,China,116.14051832300004,38.757051114000035,116.22330361500008,38.810380664000036
30_2490,Jiangyuan,CHN,China,126.55912745800003,42.02985054000004,126.6489864780001,42.12037622400004
30_12032,Nizip,TUR,Turkey,37.762209142000074,36.98772875700007,37.81903479600004,37.02296090400006
30_415,Jaldhaka,BGD,Bangladesh,88.92836140700007,26.006506444000024,89.06002407900007,26.099181147000024
30_655,Beanibazar,BGD,Bangladesh,92.13215905500005,24.76225710600005,92.19979339700006,24.862962422000066
30_4149,Arba Minch,ETH,Ethiopia,37.53354048700004,5.997167287000025,37.56565048200008,6.0620063590000655
30_11711,Kapoeta,SSD,South Sudan,33.58702660500006,4.76574894700002,33.597270191000064,4.773847381000053
30_1127,Cambridge,CAN,Canada,-80.38227856299994,43.33816171900003,-80.26838257499998,43.44765703100006
30_2744,Lishui,CHN,China,119.00135956600002,31.62956256900003,119.08390215300005,31.698355138000068
30_12832,Kon Tum,VNM,Vietnam,107.96849844800005,14.315753892000032,108.03972448600007,14.38124459900007
30_6085,Seohara,IND,India,78.56599948800005,29.165360663000058,78.65009253800008,29.224980724000034
30_8612,Maragheh,IRN,Iran,46.18869350400007,37.35797384400007,46.286252078000075,37.410921821000045
30_12586,Katta-Kurgan,UZB,Uzbekistan,66.21721687900003,39.84440492200008,66.32218133700007,39.942759039000066
30_11449,Ed Al Fursan,SDN,Sudan,24.29911256300005,11.497932391000063,24.329858562000027,11.522384853000062
30_8117,Bihpur,IND,India,86.91225887200005,25.341741021000075,86.97161429000005,25.40899527600004
30_8689,Pakdasht,IRN,Iran,51.64261916600003,35.42596274700003,51.73761202800006,35.522140171000046
30_11935,Edirne,TUR,Turkey,26.52145526100003,41.65016569000005,26.602856203000044,41.695322248000025
30_10023,Ekpoma,NGA,Nigeria,6.072418455000047,6.726784675000033,6.172687082000039,6.759221517000071
30_5299,Baubau,IDN,Indonesia,122.5724396380001,-5.478558261999979,122.6324751190001,-5.454252821999944
30_2258,Yunmeng,CHN,China,113.68533358800005,30.994134062000057,113.78591111700007,31.079908470000078
30_8895,Parma,ITA,Italy,10.28911406100002,44.767474295000056,10.376616564000074,44.831914865000044
30_2277,Yuanjiang,CHN,China,112.33171298600007,28.799409233000063,112.40296630600005,28.875963226000067
30_10084,Osina,NGA,Nigeria,7.067173848000039,5.826978684000039,7.137566165000067,5.924226858000054
30_5925,Khatauli,IND,India,77.71219131000004,29.250536200000056,77.75282208900006,29.31017504500005
30_8393,Lalgola,IND,India,88.21830867300008,24.384886996000034,88.29925575500005,24.443560717000025
30_11970,Afyonkarahisar,TUR,Turkey,30.512888528000076,38.72150638000005,30.608442297000067,38.78371402000005
30_2975,Yongchun,CHN,China,118.21003236100012,25.29130964700005,118.3430101240001,25.35014702600006
30_1291,Dalad,CHN,China,109.95553481600007,40.35463453700004,110.06044081700009,40.43532867500005
30_4335,Adigrat,ETH,Ethiopia,39.44016324000006,14.258455511000022,39.482629313000075,14.307568067000034
30_10830,San Fernando,PHL,Philippines,120.28178033500001,16.48923819500004,120.35562944000003,16.66185870700002
30_1516,Chenggong,CHN,China,102.77118647200007,24.84617604300007,102.86031081700008,24.91332675700005
30_3576,El Abiodh Sidi Cheikh,DZA,Algeria,0.5336635810000416,32.879470498000046,0.567120912000064,32.91404372200003
30_9995,Koko Town,NGA,Nigeria,5.42624500900007,5.989062611000065,5.476453368000023,6.013376777000076
30_12565,New Bedford,USA,United States,-70.97408026199997,41.56891365700005,-70.84780383399993,41.71338818700008
30_11149,Pitești,ROU,Romania,24.81510638000003,44.831914865000044,24.91637037600003,44.89638224600003
30_698,Ruse,BGR,Bulgaria,25.915030055000045,43.81317731100006,26.032866428000034,43.932150543000034
30_1313,Maiji,CHN,China,105.82039733500005,34.527463011000066,105.93728068800004,34.588409253000066
30_1856,双口,CHN,China,117.00886614000001,39.22864958300005,117.14896760300007,39.31776314500007
30_12064,Erciş,TUR,Turkey,43.32195025300007,39.00605069900007,43.39538983500006,39.050549415000035
30_1633,Yanqing,CHN,China,115.93568066400007,40.41739351700005,116.01419085300006,40.48017440500007
30_3539,Odense,DNK,Denmark,10.311508544000048,55.34326935000007,10.453736248000041,55.44320249400005
30_9023,Niihama,JPN,Japan,133.13410494400011,33.89287293900003,133.38119217500002,33.997065864000035
30_13031,Kwamhlanga,ZAF,South Africa,28.698045381000043,-25.442627740999967,28.837416140000073,-25.375366371999974
30_8428,Alipurduar,IND,India,89.50544083700004,26.470160003000046,89.55538455000004,26.546097737000025
30_635,N/A,BGD,Bangladesh,91.46558147700006,24.150295269000026,91.58113766300005,24.27594894200007
30_10760,Haveli Lakha,PAK,Pakistan,73.65777058500004,30.428748470000073,73.73031340100005,30.462978736000025
30_6881,Chitrakoot Dham,IND,India,80.86793541800006,25.18206895900005,80.94224305100005,25.240886235000062
30_2150,Boxing,CHN,China,118.07492161200003,37.12869421500005,118.20411151000008,37.18158167000007
30_9053,Matsumoto,JPN,Japan,137.91523663300006,36.143973740000035,138.00645041300004,36.26680657900005
30_4548,Le Mans,FRA,France,0.1410256880000702,47.939331268000046,0.2435618350000368,48.05222937000008
30_2884,Tonglu,CHN,China,119.65018302400006,29.75362204100003,119.74369010600003,29.83044753000007
30_3573,Mascara,DZA,Algeria,0.11324338200006423,35.37352055200006,0.16991100300003836,35.43470436100006
30_8763,Birjand,IRN,Iran,59.173883500000045,32.836261121000064,59.24810560700007,32.90539993800007
30_6700,Vadanappally,IND,India,76.04259909500007,10.422802056000023,76.11831115000007,10.536761140000067
30_3686,Idku,EGY,Egypt,30.269852582000055,31.294472760000076,30.326568400000042,31.32023285100007
30_3962,Mataró,ESP,Spain,2.4128817020000497,41.51476684200003,2.509318667000059,41.577939773000026
30_7212,Miryalaguda,IND,India,79.52414956300004,16.842762996000033,79.58994287000007,16.89211195400003
30_5998,Sendhwa,IND,India,75.07340507400005,21.663312400000052,75.12053228600007,21.713218356000027
30_7418,Kothagudem,IND,India,80.59398980000003,17.509394817000043,80.64658326800003,17.575285068000028
30_398,Panchagarh,BGD,Bangladesh,88.52083298700006,26.30990934400006,88.57555053600004,26.377373024000065
23_68022,Abalak,NER,Niger,6.267116526000052,15.44652248400007,6.298199989000068,15.471129931000064
30_12059,Ağrı,TUR,Turkey,42.98536215000007,39.692506716000025,43.07931922600005,39.746103524000034
30_10661,Shujaabad,PAK,Pakistan,71.27077025800008,29.83898507400005,71.33616628500005,29.907295374000057
30_5800,Padi Meena,IND,India,75.85567940600004,26.858487429000036,75.96982754100003,26.900727257000028
30_1580,Jianshui,CHN,China,102.79029234400008,23.597972609000067,102.88437146000007,23.664873279000062
30_191,Comodoro Rivadavia,ARG,Argentina,-67.55796654299996,-45.90375199399995,-67.46004434999998,-45.84812563699995
30_3434,Pilsen,CZE,Czech Republic,13.300190809000071,49.69028708400003,13.447665354000037,49.785587701000054
30_8699,Najafabad,IRN,Iran,51.28139855300003,32.61169988300003,51.400407777000055,32.65486818100004
30_12268,Santa Clarita,USA,United States,-118.61223414299997,34.36212202000007,-118.42881693799995,34.47523674300004
30_95,Gabela,AGO,Angola,14.356965252000066,-10.870591925999975,14.41798546800004,-10.838016849999974
30_410,Rohanpur,BGD,Bangladesh,88.23462663300006,24.745475905000035,88.35272237400005,24.854569124000022
30_2903,Yong'An,CHN,China,117.34058866600003,25.93912409400008,117.39908739500004,26.014930269000047
30_1608,Dazhu,CHN,China,107.18056654100008,30.70271837200005,107.25315242400006,30.77982528900003
30_7082,Kolar,IND,India,78.10249060500007,13.11362403000004,78.14948098500008,13.162645174000033
30_4619,Swansea,GBR,United Kingdom,-4.04538322999997,51.600168136000036,-3.8701442279999583,51.68723289400003
30_2350,Huangpi,CHN,China,114.31700084400006,30.848384389000046,114.40190453600007,30.916962015000024
30_1132,Newmarket,CAN,Canada,-79.50924507299999,43.96877551400007,-79.40804504899995,44.08786483400007
30_11849,Phra Nakhon Si Ayutthaya,THA,Thailand,100.53836885700008,14.307568067000034,100.65592399600007,14.38124459900007
30_3464,Oldenburg,DEU,Germany,8.143958346000034,53.08884330700005,8.278904323000063,53.19659257200004
30_4764,Techiman,GHA,Ghana,-1.9763827599999786,7.546079764000069,-1.9160322929999438,7.610998973000051
30_6325,Kundapura,IND,India,74.65985370300007,13.440502915000025,74.73253601600004,13.644888477000052
30_8841,Al-Rumaitha,IRQ,Iraq,45.17725827000004,31.50922176000006,45.22132289600006,31.543598864000046
30_11477,En Nahud,SDN,Sudan,28.406849843000032,12.664435669000056,28.439496788000042,12.713423139000042
30_12347,Fort Collins,USA,United States,-105.14522567999995,40.49811583500008,-105.00373424799994,40.60580216000005
30_1328,Dayi,CHN,China,103.47839329900006,30.54001347700006,103.56640832800008,30.617071329000055
30_8897,Livorno,ITA,Italy,10.276362271000039,43.47504239400007,10.36662510800005,43.593765819000055
30_1378,中江县,CHN,China,104.62932762800006,31.002710189000027,104.71641747800004,31.08848751800008
30_8628,Ilam,IRN,Iran,46.35162464700005,33.61525895200003,46.44978245900006,33.65861383400005
30_11175,Veliky Novgorod,RUS,Russia,31.20538895100003,58.49694466400007,31.339761938000038,58.58970116300003
30_1171,Antofagasta,CHL,Chile,-70.44412529799996,-23.723422040999935,-70.38178797199998,-23.63142131999996
30_2234,Xinhua,CHN,China,111.26743643600008,27.712908809000055,111.37502710100006,27.75527212700007
30_13016,Lenasia South,ZAF,South Africa,27.814812929000027,-26.436416004999955,27.88143247800008,-26.37737302399995
30_3605,Messaad,DZA,Algeria,3.466900939000027,34.14475503600005,3.534672737000051,34.179519552000045
30_4702,York,GBR,United Kingdom,-1.1403185749999807,53.933927234000066,-1.0286053079999533,54.002987501000064
23_58305,Rostamabad,IRN,Iran,58.682436806000055,28.94402915300003,58.71010550800003,28.961048278000078
30_128,Cafunfo,AGO,Angola,17.969773374000056,-8.78834446999997,18.01094718400003,-8.755847658999926
30_12512,Erie,USA,United States,-80.18755998099994,42.04795182200007,-79.97829091299997,42.15660001200007
30_11524,Ad-Damer,SDN,Sudan,33.91888393700003,17.534102591000078,33.98914783400005,17.624708763000058
30_4514,Gode,ETH,Ethiopia,43.53772760500004,5.94043552200003,43.568950001000076,5.964748860000043
30_5973,Shirpur,IND,India,74.86032277000004,21.322463300000038,74.90474089200006,21.36401402900003
30_2381,Xiangxiang,CHN,China,112.47253776800005,27.704436894000025,112.56427824400009,27.772219203000077
30_9867,Madaoua,NER,Niger,5.937638552000067,14.062046003000034,5.988739557000031,14.086593648000076
30_12604,Denov,UZB,Uzbekistan,67.86603270200004,38.25116020200005,67.96916431800008,38.33094935400004
30_1301,Ordos,CHN,China,109.70567482500007,39.558582769000054,109.81432730800009,39.62106853200004
30_9009,Obihiro,JPN,Japan,143.07390600400004,42.87362265200005,143.23250941000003,42.97370641200007
30_8471,Ranaghat,IND,India,88.54671289700008,23.14673006000004,88.59881168300006,23.21354406300003
30_11990,Aksaray,TUR,Turkey,33.96215710100006,38.34868474900003,34.051199128000064,38.39303036600006
30_2973,Dehua,CHN,China,118.1748330590001,25.451036414000043,118.26938257400002,25.509903376000068
30_5165,Kunjang,IDN,Indonesia,112.08121082800005,-7.943769687999975,112.21357092100004,-7.805779306999966
30_6032,Chandpur,IND,India,78.23790822200004,29.122782930000028,78.33152374300005,29.165360663000058
30_4922,Petit-Goâve,HTI,Haiti,-72.90668465399995,18.39144703900007,-72.84267545099993,18.449210484000048
30_10599,Layyah,PAK,Pakistan,70.92111312800006,30.93410932300003,70.98696374400004,31.011286608000034
30_2393,Zhaoyuan,CHN,China,120.36750394600006,37.33150511600007,120.45510915900002,37.402096183000026
30_12791,Ca Mau,VNM,Vietnam,105.11467754100005,9.14588229800006,105.26963993000004,9.210903788000053
30_7401,Chilakaluripet,IND,India,80.13841402400004,16.062048295000068,80.19775489000006,16.135959686000035
30_1007,Coronel Fabriciano,BRA,Brazil,-42.67810312299997,-19.58952252199998,-42.59484119299998,-19.48197338999995
30_1258,Wuhai,CHN,China,106.77181092000006,39.62999679400008,106.85886223900008,39.70143843500006
30_7816,Fatwah,IND,India,85.27830677600008,25.493083127000034,85.34902045800004,25.535135427000057
30_8609,Mahabad,IRN,Iran,45.69808931500006,36.73247838000003,45.76679102800006,36.80286031300005
30_12345,Killeen,USA,United States,-97.81000744099998,31.045595202000072,-97.62326347499999,31.14854905900006
30_3851,Al Sahil Bahari,EGY,Egypt,31.917682583000044,26.25089084800004,32.00019553000004,26.30147743300006
30_6644,Toranagallu,IND,India,76.63435106300005,15.159517490000042,76.70758377800007,15.200509028000056
30_414,Nilphamari,BGD,Bangladesh,88.82610973200008,25.897017556000037,88.88215765200005,25.964390759000025
30_9080,Hitachi,JPN,Japan,140.57215587200005,36.47754647000005,140.72781766700007,36.67970783900006
30_11823,Atakpamé,TGO,Togo,1.0933919270000274,7.48116428700007,1.173627338000074,7.546079764000069
30_2248,Yingcheng,CHN,China,113.53867079700001,30.916962015000024,113.60791614400011,30.968407427000045
30_351,Banfora,BFA,Burkina Faso,-4.780460855999934,10.61817035100006,-4.729878085999928,10.658878063000031
30_603,Haimchar,BGD,Bangladesh,90.63473604400008,23.046532787000046,90.74335686900008,23.13002854000007
30_6362,Mandideep,IND,India,77.49482025200007,23.07157944200003,77.57588511100005,23.12167807700007
30_3956,Tarragona,ESP,Spain,1.1420589380000479,41.08219787400003,1.3090588540000567,41.145214227000054
30_3976,Dambidollo,ETH,Ethiopia,34.781781280000075,8.520278008000048,34.81192147200005,8.552767037000024
30_9427,Fresnillo,MEX,Mexico,-102.91132449799994,23.163432372000045,-102.82979691199995,23.20519161900006
30_3821,Aţ Ţawābīyah,EGY,Egypt,31.025606433000064,27.17120459800003,31.13288723000005,27.213489068000058
30_12645,Valera,VEN,Venezuela,-70.63135546599995,9.284058440000024,-70.56500170699996,9.373477621000063
30_11945,Turgutlu,TUR,Turkey,27.63547157800008,38.47287820100007,27.744290481000064,38.517252436000035
30_9480,Texmelucan,MEX,Mexico,-98.49185770899999,19.233886652000024,-98.39180308199997,19.316566261000048
30_7681,Aurangabad,IND,India,84.33709421200007,24.737085627000056,84.40416308500005,24.779039168000054
30_2789,Coloane,CHN,China,113.50896338200005,22.12103194900004,113.58207170700007,22.170998995000048
30_12380,Little Rock,USA,United States,-92.42808994399996,34.71906511200007,-92.18528428499997,34.82364578600004
30_5016,Lubuklinggau,IDN,Indonesia,102.83641715900006,-3.3166581879999626,102.94422613000006,-3.260008680999931
30_4811,Hohoe,GHA,Ghana,0.4511569400000326,7.132306123000035,0.5013074620000566,7.18097778300006
30_7817,Bhawanipatna,IND,India,83.13643609200005,19.895774389000053,83.19095532400007,19.928896157000054
30_1387,Renshou,CHN,China,104.11729224300007,29.94999830900008,104.17207051900004,30.03542500900005
30_10759,Manga,PAK,Pakistan,73.96924195700007,31.225792179000052,74.08394565600008,31.311645859000066
30_3237,Mwadingusha,COD,Democratic Republic of the Congo,27.215263316000062,-10.756585085999973,27.246432622000043,-10.74029974399997
30_11518,Al Hasahisa,SDN,Sudan,33.27804406800004,14.708808872000077,33.36816844200007,14.79892179500007
30_10454,Wellington,NZL,New Zealand,174.71457638000004,-41.352427734999935,174.853041006,-41.253294977999985
30_9180,Hwado-Eup,KOR,South Korea,127.22360340600005,37.622854619000066,127.3578651790001,37.667035791000046
30_3215,Kitenge,COD,Democratic Republic of the Congo,25.968243450000045,-6.905197676999933,25.988837603000036,-6.8808671289999666
30_2805,Rugao,CHN,China,120.50848948500004,32.352854431000026,120.65319261000002,32.464986305000025
30_9972,Otun,NGA,Nigeria,5.089166388000024,7.97624058100007,5.13948147900004,8.000594399000022
30_12338,Amarillo,USA,United States,-101.94690289299996,35.12023013500004,-101.76384011199997,35.25120523700008
30_10682,Lodhran,PAK,Pakistan,71.59887014500003,29.49769748700004,71.66076852300006,29.57444904500005
30_11825,Sokodé,TGO,Togo,1.1159845020000603,8.967096541000046,1.1662863560000574,9.023979231000055
30_11892,Kulob,TJK,Tajikistan,69.74162970400005,37.87924321100007,69.82568567700008,37.96773063200004
30_12259,Thousand Oaks,USA,United States,-118.99347903399996,34.13606474900007,-118.73094191499996,34.231676450000066
30_5143,Sragen,IDN,Indonesia,110.94146906800006,-7.456821937999962,111.05803217200008,-7.391911534999963
30_12583,Navoiy,UZB,Uzbekistan,65.27496584600004,40.06801362400006,65.41307101800004,40.15753397100008
30_9521,Piedras Negras,MEX,Mexico,-100.59847808799998,28.663365756000076,-100.45712964099994,28.73988195900006
30_2902,Chongming,CHN,China,121.35346056600008,31.586576972000046,121.48279150400003,31.655357528000025
30_8901,Modena,ITA,Italy,10.887132679000047,44.611086889000035,10.975624369000059,44.67546268400008
30_565,Pakundia,BGD,Bangladesh,90.63079183800005,24.28432753000004,90.73589096700005,24.40164985900003
30_10440,Pokhara,NPL,Nepal,83.93801415700005,28.179251074000035,84.03927615000003,28.255634636000025
30_9131,Free Area,KEN,Kenya,36.089850528000056,-0.307332368999937,36.179681334000065,-0.21836753799993858
30_2133,Huaiyang,CHN,China,114.82063727900004,33.70197695300004,114.93509967700004,33.78005137500003
30_10575,Bindi,PAK,Pakistan,69.28931251600005,27.975662389000036,69.34320061100004,28.018064652000078
30_12803,Bạc Liêu,VNM,Vietnam,105.61099418400005,9.267801347000045,105.75788383700007,9.316573491000042
30_10266,Dutse,NGA,Nigeria,9.319028102000061,11.65281176700006,9.381039429000054,11.742493840000066
30_5004,Perawang,IDN,Indonesia,101.57793804200008,0.6551074740000331,101.63822693500003,0.7036348560000647
30_2239,钢城区,CHN,China,117.77489678000006,36.03874599000005,117.89879760000008,36.126432101000034
23_26071,Musumba,COD,Democratic Republic of the Congo,22.628226635000033,-8.382211370999926,22.658648501000073,-8.34160712199997
30_2645,Qionghai,CHN,China,110.42929627200004,19.217352636000044,110.49133407300008,19.28349250900004
30_11791,Koumra,TCD,Chad,17.52204175600002,8.902091927000072,17.562977088000025,8.934593680000035
30_10313,Biliri,NGA,Nigeria,11.18760351700007,9.861376096000072,11.238295492000077,9.918315323000058
30_1610,Hangu,CHN,China,106.33151316300007,29.46359275100008,106.40814541700007,29.531806569000025
30_556,Char Algi,BGD,Bangladesh,90.53077559500008,24.460326542000075,90.64953912600004,24.586097309000024
30_6052,Gajraula,IND,India,78.20520420500003,28.80791417900008,78.30375982500004,28.850442858000065
30_9702,Xai-Xai,MOZ,Mozambique,33.629794299000025,-25.089663575999964,33.73584852300007,-25.014078880999932
30_2729,Yugan,CHN,China,116.63944263200005,28.67186651000003,116.7161379690001,28.714374203000034
30_3460,Koblenz,DEU,Germany,7.5190320460000635,50.291844989000026,7.6389363300000355,50.435485312000026
30_8339,Baripada,IND,India,86.70611080800006,21.90458572500006,86.76567905500008,21.971171174000062
30_9797,Likuni,MWI,Malawi,33.69183192300005,-14.05386367799997,33.740432027000054,-13.996590529999935
30_2537,洋河镇,CHN,China,118.34714250400009,33.75402359100008,118.42922574600004,33.79740488700003
30_7863,N/A,IND,India,85.82067725600007,26.25089084800004,85.93124778700007,26.35207239500005
30_3635,Ali Mendjeli,DZA,Algeria,6.555531318000021,36.23170408400006,6.636732709000057,36.28436005100008
30_4201,Durame,ETH,Ethiopia,37.88213552700006,7.2296514370000295,37.913901441000064,7.262101655000038
30_11169,Pskov,RUS,Russia,28.253879477000055,57.77850463200008,28.412216966000074,57.85011280300006
30_2984,Xianju,CHN,China,120.69392800700007,28.833430597000074,120.77118484000005,28.88447054200003
30_3690,Rosetta,EGY,Egypt,30.398837145000073,31.354583782000077,30.46660855500005,31.423299877000034
30_6059,Chopda,IND,India,75.27962411700008,21.23106744200004,75.31877355300009,21.255991442000038
30_3918,León,ESP,Spain,-5.625334027999941,42.53741963900006,-5.539821611999969,42.62821842100004
30_10700,Kotli,PAK,Pakistan,73.87212063100003,33.476578489000076,73.93912482200005,33.52857383200006
30_2751,Dongxian,CHN,China,116.57446772300011,28.221683830000075,116.63419230500006,28.264122977000056
30_11973,Ereğli,TUR,Turkey,31.386563652000063,41.244285699000045,31.508446896000066,41.30736040900007
30_295,Gitega,BDI,Burundi,29.896214374000067,-3.4542407819999426,29.946940893000033,-3.4137745339999697
30_12415,Cedar Rapids,USA,United States,-91.77072247899997,41.91223904000003,-91.53987354099996,42.05700318500004
30_9600,Meiktila,MMR,Myanmar,95.81258214700006,20.849098905000062,95.93686609900004,20.91550148600004
30_2412,平南县,CHN,China,110.35756786400009,23.514365006000048,110.43492599600006,23.581249470000046
30_8708,Dolatabad,IRN,Iran,51.63574588700004,32.76714261200004,51.713190405000034,32.827620198000034
30_3736,Sinnuris,EGY,Egypt,30.842824273000076,29.378349884000045,30.89233458600006,29.438017048000063
30_5091,Arjawinangun,IDN,Indonesia,108.36051809000008,-6.678130966999959,108.43516723000005,-6.58893730099993
30_6025,Amalner,IND,India,75.03737427600004,21.023429589000045,75.08938888400007,21.056644216000052
30_2025,Chiping,CHN,China,116.20011497600001,36.55662940900004,116.30302789000007,36.635742778000065
30_12158,Iganga,UGA,Uganda,33.44659421800003,0.5823167340000737,33.52657459300008,0.6470195950000743
30_10105,Bodo,NGA,Nigeria,7.248475333000044,4.619983310000066,7.278571959000033,4.6442767760000265
30_9914,Kishi,NGA,Nigeria,3.831180575000076,9.056485166000073,3.8715113000000656,9.105246178000073
30_1078,Parnamirim,BRA,Brazil,-35.29837533799997,-5.956644367999957,-35.23799067999994,-5.8918100769999455
30_3414,Matanzas,CUB,Cuba,-81.61549127099994,23.021487903000036,-81.50419522599998,23.07157944200003
30_3864,Qena,EGY,Egypt,32.68556479100005,26.12446089900004,32.75103898400005,26.19188372600007
30_10711,Kamalia,PAK,Pakistan,72.62585958400007,30.711284656000032,72.67370588900008,30.73698523300004
30_5073,Cikajang,IDN,Indonesia,107.74973869800004,-7.400025134999964,107.84610137700008,-7.30266568899998
30_7668,Daudnagar,IND,India,84.38734570800005,25.014078881000046,84.43335216200006,25.039271813000028
30_3225,Lwambo,COD,Democratic Republic of the Congo,26.734648631000027,-10.82987329399998,26.75572270300006,-10.789156778999939
30_1197,Valdivia,CHL,Chile,-73.26971468999994,-39.86228355999998,-73.18758583299996,-39.790779456999985
30_1302,Lijiang,CHN,China,100.19100160800008,26.850040181000054,100.26413148200004,26.934523434000027
30_9650,Taik Kyi,MMR,Myanmar,95.94806836800007,17.303546382000036,95.98418701600008,17.328243532000045
30_9193,Iksan-Si,KOR,South Korea,126.91964776200007,35.91604705900005,127.02822710400005,35.97738755800003
30_1648,Dianjiang,CHN,China,107.30788392200009,30.29187274900005,107.39092587500005,30.36885642900006
30_12555,Albany,USA,United States,-73.87204689199996,42.610054716000036,-73.71017320199996,42.76450935200006
30_2260,监利县,CHN,China,112.86913197100012,29.804836554000076,112.96828525100011,29.85606099000006
30_684,Chakaria,BGD,Bangladesh,91.99810401300005,21.713218356000027,92.09923741200004,21.788089651000064
30_8160,Araria,IND,India,87.43741920100007,26.116034085000024,87.48399836300007,26.149742726000056
30_3947,Elx / Elche,ESP,Spain,-0.7652172579999501,38.233433744000024,-0.6608190759999388,38.29548344600005
30_9145,Embu,KEN,Kenya,37.42763266500003,-0.5661410649999539,37.48762624500006,-0.517614157999958
30_13002,Lilian Ngoyi Village,ZAF,South Africa,27.67502277500006,-32.96591311299994,27.78625678900005,-32.914043721999974
30_10558,Kandhkot,PAK,Pakistan,69.15471108700007,28.221683830000075,69.20472119300007,28.264122977000056
30_2337,Xiaoxian,CHN,China,116.89106634000007,34.153445660000045,117.040979074,34.231676450000066
30_2716,Jinxian,CHN,China,116.19676936300004,28.34052958600006,116.28818948000003,28.39997134200007
30_12239,Alchevsk,UKR,Ukraine,38.73634518700004,48.42922141400004,38.856149463000065,48.504743715000075
30_17,Sheberghan,AFG,Afghanistan,65.72550023900004,36.635742778000065,65.79208835400004,36.68850198400003
30_6019,N/A,IND,India,75.54765536000008,22.58765561200005,75.64485417200007,22.64602560000003
30_12464,Savannah,USA,United States,-81.19881067199998,31.95649941100004,-81.03431610199993,32.16321213700007
30_12616,Altiarik,UZB,Uzbekistan,71.40552835800008,40.35463453700004,71.51812329800003,40.43532867500005
30_819,Araguaína,BRA,Brazil,-48.25008897699996,-7.229651436999973,-48.176706552999974,-7.164753674999929
30_10681,Bhalwal,PAK,Pakistan,72.86793410900003,32.25801459000007,72.92760113000008,32.29249747000006
30_6470,Washim,IND,India,77.11252993100004,20.08626077300005,77.16186760600004,20.135967350000044
30_1247,Manzhouli,CHN,China,117.38325522900004,49.57601730700003,117.5036952590001,49.61409623800006
30_3915,Salamanca,ESP,Spain,-5.7029688469999655,40.92925203300007,-5.6178838879999375,40.98321776900008
30_5560,Malerkotla,IND,India,75.83897292000006,30.505772966000052,75.91557794300007,30.55713544400004
30_8463,Shantipur,IND,India,88.39884460200005,23.221896706000052,88.51449485100005,23.272016740000026
30_8572,Golaghat,IND,India,93.94653855200005,26.487033410000038,94.02564150400008,26.52922103900005
30_9969,Ijero-Ekiti,NGA,Nigeria,5.057644519000064,7.789546298000062,5.087932386000034,7.830129275000047
30_12910,Amran,YEM,Yemen,43.91617110100003,15.643413446000068,43.96029520800005,15.68444147300005
30_6387,Manjeshwar,IND,India,74.86859511600005,12.558308474000057,74.96349178700007,12.762414221000029
30_6323,Dabra,IND,India,78.30964989100005,25.87175637100006,78.35200389400006,25.905438408000066
30_5283,Watampone,IDN,Indonesia,120.27545013600002,-4.571397332999936,120.38708815600012,-4.522812617999932
30_9319,Khemisset,MAR,Morocco,-6.09998694199993,33.80608214100005,-6.055216395999935,33.84079447200003
30_493,Sujanagar,BGD,Bangladesh,89.35384884300004,23.848917374000052,89.51833195800003,23.974458912000046
30_1435,Pu'Er,CHN,China,100.94550151000004,22.75445207000007,100.99795708200008,22.82953572100007
30_10094,Ayangba,NGA,Nigeria,7.161724390000074,7.464935996000065,7.202177096000071,7.5217360250000525
30_8817,Husainīya,IRQ,Iraq,44.359451394000075,33.50257468900003,44.457155973000056,33.57191229000006
30_3798,Diyarb Al Suq,EGY,Egypt,31.429389781000054,30.71985122700005,31.476706904000025,30.788394166000046
30_11982,Konut Sitesi,TUR,Turkey,32.90734264800005,40.05906401300007,32.98981719100004,40.09486509900006
30_6090,Baramati,IND,India,74.54905278500007,18.12747919000003,74.62609368400007,18.218200893000073
30_5478,Deesa,IND,India,72.16267867800008,24.234059150000064,72.21083261000007,24.27594894200007
30_9689,Tachileik,MMR,Myanmar,99.87127992100005,20.409461687000032,99.95030820000005,20.48408306400006
30_3666,Milagro,ECU,Ecuador,-79.61709359799994,-2.1676961379999398,-79.56640945799995,-2.111067256999945
30_2750,Xingguo,CHN,China,115.31397831900006,26.30990934400006,115.36736442000006,26.35207239500005
30_5472,Hanumanangarh Junction,IND,India,74.25822635900005,29.60003780200003,74.32826812000008,29.651222689000065
30_3698,Itay El-Barud,EGY,Egypt,30.636372830000028,30.856955578000054,30.711446642000055,30.925535524000054
30_2123,Jiutai,CHN,China,125.79545748700002,44.124525652000045,125.93041490200005,44.17953276900005
30_6650,Mahoba,IND,India,79.85503332200005,25.26609694700005,79.90781730000003,25.308119219000048
30_7813,Chandrapur,IND,India,83.59628579500009,21.322463300000038,83.68100381500005,21.355703525000024
30_4642,Dundee,GBR,United Kingdom,-3.053855670999951,56.447709873000065,-2.8078104269999358,56.498187517000076
30_10456,Hamilton,NZL,New Zealand,175.21320019300003,-37.82616990899993,175.33490194900003,-37.720066232999955
30_8779,Chabahar,IRN,Iran,60.613368378000075,25.27450095900008,60.69292004700003,25.324929677000057
30_4695,Mansfield,GBR,United Kingdom,-1.3044931169999359,53.07905283300005,-1.153446545999941,53.176994413000045
30_1946,Zhenping,CHN,China,112.17691924100006,33.00914638200004,112.28822795200006,33.086986427000056
30_1530,Rongchang,CHN,China,105.55333737900008,29.38687295300008,105.64606094400006,29.429492356000026
30_228,Geelong,AUS,Australia,144.2934470780001,-38.215708906999964,144.43494573400005,-38.06511304099996
30_4996,Bagan Siapi-Api,IDN,Indonesia,100.77943859900006,2.1272468550000667,100.82069662000004,2.1838759660000733
30_1874,Lingyuan,CHN,China,119.34609088100001,41.217260647000046,119.42786086300009,41.26230472100008
30_11001,Olsztyn,POL,Poland,20.416865716000075,53.72699700700008,20.550772057000074,53.79593213700008
30_12411,Columbus,USA,United States,-85.04931905899997,32.40460107000007,-84.86493957399995,32.57717089800008
30_501,Sarishabari,BGD,Bangladesh,89.78575230800004,24.544168401000036,89.88614254400005,24.745475905000035
30_8560,Badarpur,IND,India,92.51379307900004,24.84617604300007,92.63034922700007,24.896537779000028
30_5469,Amreli,IND,India,71.18780011600006,21.580150402000072,71.25012813200004,21.63004541500004
30_9879,Tessaoua,NER,Niger,7.974101623000024,13.734839494000028,8.005266943000038,13.767552221000074
30_1261,Shizuishan,CHN,China,106.33251313400007,38.988254150000046,106.41270635700005,39.050549415000035
30_12092,Murubona,TZA,Tanzania,30.082194835000053,-4.603787842999964,30.13197198100005,-4.54710481799998
30_902,Criciúma,BRA,Brazil,-49.465640373999975,-28.714374202999977,-49.31749346199996,-28.64636502999997
30_1131,St. Catharines,CAN,Canada,-79.29763527099999,43.10117367200007,-79.17500412299995,43.23785562900008
30_11937,Tekirdağ,TUR,Turkey,27.47180852500003,40.92925203300007,27.61894843700003,41.00121001600007
30_12650,Guanare,VEN,Venezuela,-69.78191341099995,9.015852923000068,-69.70341684599998,9.072738554000068
30_1847,Yichuan,CHN,China,112.3445246660001,34.36212202000007,112.45959987100002,34.457830725000065
30_8103,Angul,IND,India,85.05460517400007,20.81590180300003,85.17487306700008,20.865698503000033
30_602,Nabinagar,BGD,Bangladesh,90.91578081600005,23.756882963000066,91.03570183500005,23.87402197600005
30_234,Wollongong,AUS,Australia,150.80818250900006,-34.50134833699997,150.95701937600006,-34.30123792399996
30_1390,Guangyuan,CHN,China,105.87225743200008,32.40460107000007,105.91812027500004,32.439105049000034
30_1440,Liulin,CHN,China,110.80613342400005,37.410921821000045,110.96209887800006,37.46388385300003
30_3590,Medea,DZA,Algeria,2.714180663000036,36.240479152000034,2.805413627000064,36.29313734400006
30_11295,Perm,RUS,Russia,56.068459801000074,57.92177280900006,56.36440690100005,58.126803202000076
30_8726,Gonbad-E Qabus,IRN,Iran,55.13454755300006,37.225665175000074,55.21501916100004,37.27857816000005
30_1428,Langzhong,CHN,China,105.94577398800004,31.552193887000044,105.99972744900003,31.612367431000052
30_9099,Temirtau,KAZ,Kazakhstan,72.88459429400007,50.01459235800007,73.08193525300004,50.091016668000066
30_3527,Potsdam,DEU,Germany,13.010119684000074,52.347067656000036,13.149589917000071,52.43466882300004
30_9513,Altamira,MEX,Mexico,-97.95794420399994,22.354269454000075,-97.85963320199994,22.429270131000067
30_9323,Ksar El-Kebir,MAR,Morocco,-5.929355244999954,34.98061066300005,-5.882614227999966,35.02423210100005
30_1329,Jungar,CHN,China,111.18730581400007,39.84440492200008,111.27870685500005,39.88016394300007
30_8991,Ube,JPN,Japan,131.14277044800008,33.91891666600003,131.3471014920001,34.02312161400005
30_6281,Sehore,IND,India,77.06069981600007,23.18848732500004,77.11923143200005,23.230249548000074
30_3122,Guider,CMR,Cameroon,13.928092502000027,9.910180916000058,13.958947899000066,9.958988516000034
30_8829,Kalar,IRQ,Iraq,45.28683767100006,34.60582555600007,45.35204226700006,34.649372336000056
30_3643,Guelma,DZA,Algeria,7.400804142000027,36.44240823600006,7.49323163400004,36.47754647000005
30_8292,Choudwar,IND,India,85.89718478000003,20.48408306400006,85.97392963700008,20.550424787000054
30_10741,Nankana Sahib,PAK,Pakistan,73.68479277400007,31.431890726000063,73.72882970400008,31.46625709500006
30_3265,Rubaya,COD,Democratic Republic of the Congo,28.862126536000062,-1.593351466999934,28.902182249000077,-1.5286408309999615
30_8230,Godda,IND,India,87.19052447500007,24.795822092000037,87.22963944200006,24.84617604300007
30_12385,Springfield,USA,United States,-93.36198497399994,37.12869421500005,-93.20536074199998,37.252119923000066
30_4649,Warrington,GBR,United Kingdom,-2.6747624639999685,53.343683819000034,-2.496255385999973,53.43202795000008
30_2272,Peixian,CHN,China,116.87428727800011,34.692927732000044,116.96494357600011,34.78006444000005
30_11197,Elektrostal,RUS,Russia,38.40512156700004,55.74355939800006,38.509811624000065,55.82379702800006
30_521,Rajbari,BGD,Bangladesh,89.61922392700006,23.731786965000026,89.70728680200006,23.781980799000053
30_10899,Pagadian,PHL,Philippines,123.40346013400006,7.797662772000024,123.45808240800011,7.846362889000034
30_5135,Ketapang,IDN,Indonesia,109.94816551400004,-1.868380742999932,109.99114573500009,-1.7874881749999645
30_10202,Ugep,NGA,Nigeria,8.06754283500004,5.794564065000031,8.097786507000023,5.835082451000062
30_3675,Riobamba,ECU,Ecuador,-78.68529399699997,-1.7065969729999324,-78.62561139499996,-1.6337960079999334
30_1587,Chenjiaqiao,CHN,China,106.27344049700008,29.57444904500005,106.35549428800005,29.651222689000065
30_10174,Keffi,NGA,Nigeria,7.860327846000075,8.820842372000072,7.920853048000026,8.869591280000066
30_12022,Ordu,TUR,Turkey,37.856686968000076,40.938245177000056,37.978751841000076,40.99221366300003
30_9838,Sandakan,MYS,Malaysia,118.05772714000011,5.826978684000039,118.1388643360001,5.883705995000071
30_1044,Teixeira De Freitas,BRA,Brazil,-39.776943037999956,-17.567048286999977,-39.69250803999995,-17.517630598999972
30_9301,Settat,MAR,Morocco,-7.655700321999973,32.97455912800007,-7.588009452999927,33.017793995000034
30_5060,Palabuhanratu,IDN,Indonesia,106.43660153200005,-7.043079880999926,106.61497107500008,-6.945749654999929
30_8808,Tuz Khormato,IRQ,Iraq,44.59195126000003,34.86723581700005,44.64888705700008,34.91083454900007
30_10764,Raiwind,PAK,Pakistan,74.19592758700003,31.225792179000052,74.24570039600007,31.28588665500007
30_2267,Yiyuan,CHN,China,118.10449051400008,36.16151685400007,118.26802732100009,36.214155058000074
30_6964,Ghatkesar,IND,India,78.62319309400004,17.402342592000025,78.72004203600005,17.459983116000046
30_2353,Ningxiang,CHN,China,112.50003028700007,28.213196768000046,112.61939453200011,28.29807890400008
30_2056,Zaoyang,CHN,China,112.69835394800009,32.10290269600006,112.79787690300009,32.17182900100005
30_3937,Almeria,ESP,Spain,-2.4863168229999246,36.81165976200003,-2.348824648999937,36.890871926000045
30_1094,Gaborone,BWA,Botswana,25.84624462000005,-24.695137461999934,25.952085098000055,-24.59448372999998
30_3094,Nkongsamba,CMR,Cameroon,9.920738438000058,4.927724671000021,9.951041954000061,4.984419722000041
30_12579,Turtkul,UZB,Uzbekistan,60.86760530400005,41.51476684200003,61.08147471900003,41.59599342100006
30_11427,Shaib Liban,SAU,Saudi Arabia,46.53612178600008,24.61964427500004,46.58815487700008,24.661582793000036
30_3932,Burgos,ESP,Spain,-3.7453853829999275,42.31970304500004,-3.6129119449999507,42.374105762000056
30_10373,León,NIC,Nicaragua,-86.91364432599994,12.411390728000072,-86.83940129299998,12.476683568000055
30_1432,Huairen,CHN,China,113.06082398300009,39.78184340200005,113.15231699900005,39.853344023000034
30_2547,东田村,CHN,China,110.10888471300007,20.865698503000033,110.16468023900006,20.92380259500004
30_10408,Amersfoort,NLD,Netherlands,5.333685019000029,52.13319928900006,5.445741368000029,52.21092578900004
30_2699,Sheyang,CHN,China,120.1669967680001,33.73667338900003,120.3164246340001,33.80608214100005
23_72236,Yousuf Goth,PAK,Pakistan,67.08705459600003,25.022476307000034,67.11966489100007,25.064466710000033
30_3105,Foumban,CMR,Cameroon,10.85919887700004,5.713530627000068,10.919536368000024,5.745943472000022
30_7838,N/A,IND,India,85.35223702300004,25.467854430000045,85.47609250000005,25.501493140000036
30_250,Salzburg,AUT,Austria,12.964367888000027,47.760762260000035,13.092221615000028,47.84531920400008
30_12392,Bartlett,USA,United States,-89.90138114199999,35.11150128300005,-89.71372678899996,35.24247108900005
30_4842,Patras,GRC,Greece,21.691129603000036,38.18912468700006,21.79381746300004,38.304349313000046
30_5521,Phagwara,IND,India,75.73075557400006,31.19145896300006,75.80342553500003,31.251545185000055
30_8913,Mestre,ITA,Italy,12.136475081000071,45.422339058000034,12.294491409000045,45.52404844100005
30_3055,Duekoue,CIV,Côte d'Ivoire,-7.365214096999978,6.718675595000036,-7.3250556119999715,6.759221517000071
30_3119,Bertoua,CMR,Cameroon,13.646269335000056,4.555202288000032,13.726630256000021,4.6037878430000205
30_6941,Bhandara,IND,India,79.62651057000005,21.147999010000035,79.67095444500006,21.18953100400006
30_10846,Lubao,PHL,Philippines,120.54511706300002,14.889049023000041,120.69301141500011,14.970995360000074
30_5012,Curup,IDN,Indonesia,102.49631290700006,-3.5351752689999785,102.56731434900007,-3.446147479999979
30_3260,Pweto,COD,Democratic Republic of the Congo,28.890241311000068,-8.479668206999975,28.920377168000073,-8.447181549999925
30_11277,Nizhnekamsk,RUS,Russia,51.75017292100006,55.58326453700005,51.87193533300007,55.663381988000026
30_1192,Chillán,CHL,Chile,-72.15221942399995,-36.64453503599998,-72.06072825899997,-36.57420752399997
30_5239,Sumbawa Besar,IDN,Indonesia,117.36911664800004,-8.512155915999926,117.44011658800002,-8.455303115999925
30_10030,Irri,NGA,Nigeria,6.183499852000068,5.429947760000061,6.223626196000055,5.486660159000053
30_3183,Sandoa,COD,Democratic Republic of the Congo,22.861037715000066,-9.71497816699997,22.89260854400004,-9.682448634999957
30_1613,Baisha,CHN,China,106.08905897800008,29.05467242900005,106.15962394700006,29.08021186900004
30_12625,Asaka,UZB,Uzbekistan,72.17211026000007,40.61477894700005,72.27875104000003,40.695590356000025
30_3411,Pinar Del Rio,CUB,Cuba,-83.74012282899997,22.379267970000058,-83.65631985399995,22.45427378100004
30_8051,Madhepura,IND,India,86.76778677300007,25.897017556000037,86.80832612200004,25.947546087000035
30_11757,Al-Hasakah,SYR,Syria,40.707509972000025,36.47754647000005,40.79315228100006,36.54784091500005
30_9643,Bogale,MMR,Myanmar,95.38184282800006,16.267383755000026,95.41748348900006,16.308460651000075
30_10506,Qambar,PAK,Pakistan,67.98208471300006,27.568920091000052,68.02835351900006,27.602793331000044
30_7171,Kovilpatti,IND,India,77.84231400100003,9.162137243000075,77.89590455300004,9.194647987000053
30_1846,Zunhua,CHN,China,117.90194615200005,40.148579951000045,118.01375158000008,40.22918205700006
30_9179,Dongducheon-Si,KOR,South Korea,126.95891943400011,37.817325752000045,127.09292338400007,37.932330868000065
30_2988,Tiantai,CHN,China,120.98150112500002,29.114268184000025,121.06830399600005,29.165360663000058
30_10774,La Chorrera,PAN,Panama,-79.83283376099996,8.837091734000069,-79.74127821099995,8.902091927000072
30_38,N/A,AFG,Afghanistan,65.82096958000005,31.474849432000042,65.87979694200004,31.526409715000057
30_1618,Yongji,CHN,China,110.40258714500004,34.841080755000064,110.55257467900009,34.91083454900007
30_5346,Jayapura,IDN,Indonesia,140.68372097500003,-2.580303826999966,140.7414423560001,-2.507487211999944
30_7131,Akbarpur,IND,India,82.49807533600006,26.402675755000075,82.59105023800004,26.478596589000063
30_2620,Lianshui,CHN,China,119.21989253900006,33.75402359100008,119.3205944660001,33.80608214100005
30_2345,Feixian,CHN,China,117.91891995600008,35.24247108900005,118.0366225570001,35.303617564000035
30_7496,Mannargudi,IND,India,79.42352462200006,10.63445318600003,79.47526517800003,10.68330369000006
30_3744,Dirin,EGY,Egypt,31.22669644900003,31.054173081000044,31.31808527900006,31.10564649300005
30_12050,Erzurum,TUR,Turkey,41.228589955000075,39.87122353400008,41.311024874000054,39.95170294500008
30_8470,Haldia,IND,India,88.06053128200006,22.021118057000024,88.18763779500006,22.104377765000038
30_2233,Nanxian,CHN,China,112.34966978900002,29.352782296000044,112.43074323000008,29.395396293000033
30_12292,Hemet,USA,United States,-117.03469306399995,33.71065056700007,-116.87044834699998,33.80608214100005
30_10544,Chakdara,PAK,Pakistan,71.98590778200008,34.64066229100007,72.09092164500004,34.736491761000025
30_11490,Umm Ruwaba,SDN,Sudan,31.199518527000066,12.884907831000021,31.241323909000073,12.933911674000058
30_10042,Biantubu,NGA,Nigeria,6.388076683000065,4.522812618000046,6.418156345000057,4.547104818000037
30_8584,Lamka,IND,India,93.66703501100005,24.317843983000046,93.71796754600007,24.384886996000034
30_3735,Al-Santa,EGY,Egypt,31.09032441800008,30.685586667000052,31.166382336000026,30.754120391000072
30_5845,Mandsaur,IND,India,75.04147475400003,24.04143339700005,75.09872934800006,24.100046959000053
30_5662,Halol,IND,India,73.41284329400008,22.45427378100004,73.49617451800003,22.554305559000056
30_13030,Phuthaditjhaba,ZAF,South Africa,28.75946200800007,-28.59536910999998,28.88920394200005,-28.501900905999946
30_3642,Khenchela,DZA,Algeria,7.1150517730000615,35.390999857000054,7.171700274000045,35.46967439200006
30_8690,Varamin,IRN,Iran,51.61720367400005,35.31235419300003,51.68164975600007,35.364781433000076
30_2926,Nanping,CHN,China,118.14470311700006,26.60517360500006,118.20374951500003,26.67270305900007
30_8321,Waria,IND,India,87.23179126900004,23.514365006000048,87.33688460100007,23.597972609000067
30_2605,Guannan,CHN,China,119.29094419600005,34.066554566000036,119.41479361800009,34.11868518600005
30_10008,Akugba,NGA,Nigeria,5.727176772000064,7.43248010700006,5.777327182000022,7.489278519000038
30_7839,N/A,IND,India,85.69941717000006,26.166598432000058,85.77322023100004,26.276183094000032
30_7370,Narasaraopet,IND,India,80.02809587300004,16.218095809000033,80.06705502000005,16.25095391600007
30_12666,Puerto Cabello,VEN,Venezuela,-68.07295852799996,10.447220511000069,-67.98222146899997,10.496059625000044
30_3728,Sunbat,EGY,Egypt,31.076354348000052,30.754120391000072,31.22924801000005,30.83981349000004
30_89,Sumbe,AGO,Angola,13.83239456800004,-11.23715628399998,13.863890651000077,-11.188270867999961
30_9092,Kostanay,KAZ,Kazakhstan,63.567834220000066,53.16719656600003,63.71032185800004,53.25540679300008
30_3523,Regensburg,DEU,Germany,12.032072936000077,48.987183892000076,12.177771568000026,49.06301695800005
30_5117,Singkawang,IDN,Indonesia,108.95527117600005,0.8815703460000464,109.01573719600009,0.9381868360000567
30_11164,Brăila,ROU,Romania,27.925899724000033,45.23758701600008,27.996572196000045,45.31146096300006
30_8548,Udaipur,IND,India,91.44639720500004,23.480927619000056,91.52396851000003,23.564527141000042
30_10216,Kafanchan,NGA,Nigeria,8.262883253000041,9.536080601000037,8.353709931000026,9.609261590000074
30_7738,Rafiganj,IND,India,84.61257208100005,24.804213877000052,84.67265540900007,24.837783178000052
30_5885,Deoband,IND,India,77.65704382500007,29.668286506000072,77.71289030600008,29.710950843000035
30_4850,Heraklion,GRC,Greece,25.061937751000073,35.294881289000045,25.178529914000023,35.35604267100007
30_5587,Borsad,IND,India,72.87950592600004,22.379267970000058,72.93187694200003,22.43760449000007
30_13006,Rustenburg,ZAF,South Africa,27.18692421700007,-25.720232215999943,27.26972227300007,-25.602430755999933
30_1386,Gongnong,CHN,China,105.80250127600004,32.439105049000034,105.87209490300006,32.49087036800006
30_2328,Pulandian,CHN,China,121.86896097100009,39.353420474000075,121.99964010300005,39.44259364900006
30_6495,Hingoli,IND,India,77.12737934300003,19.697099041000058,77.17127829900005,19.746759028000042
30_3404,Moroni,COM,Comoros,43.22556529800005,-11.750647306999952,43.28148467700004,-11.66096422399994
30_9281,Luxembourg,LUX,Luxembourg,6.042670311000052,49.57601730700003,6.188068236000049,49.67123524300007
30_5566,Khambhat,IND,India,72.60361214400007,22.304277539000054,72.65623716000005,22.337604725000062
30_5520,Mahuva,IND,India,71.73585682300006,21.06494831300006,71.79539015300003,21.123081943000045
30_11428,Al-Kharj,SAU,Saudi Arabia,47.25560593700004,24.108421157000066,47.37850891700003,24.19217459600003
30_8152,Naugachia,IND,India,87.05348895100008,25.358553253000025,87.13914877200006,25.400587717000064
30_9345,Berkane,MAR,Morocco,-2.3696960259999287,34.902114106000056,-2.3018379979999395,34.94571981200005
30_12991,Wells Estate,ZAF,South Africa,25.567100371000038,-33.83211589199993,25.640709935000075,-33.771375115999945
30_9133,Naivasha,KEN,Kenya,36.42056968000003,-0.7359865509999395,36.46064218300006,-0.703634855999951
30_2259,大屯街道,CHN,China,116.83666327000003,34.78006444000005,116.97559211200007,34.91083454900007
30_13042,Pietermaritzburg,ZAF,South Africa,30.35451463800007,-29.61709833799995,30.450832500000047,-29.53180656899997
30_713,Pinsk,BLR,Belarus,26.015048643000057,52.10406470800007,26.181083314000034,52.16234087700008
30_11355,Abakan,RUS,Russia,91.34508900000009,53.66794271800006,91.49585273800005,53.74668852600007
30_2043,Zhangjiajie,CHN,China,110.42358014600006,29.097239494000064,110.55377104400009,29.139813222000043
30_9075,Fuji,JPN,Japan,138.5850673340001,35.12023013500004,138.7594919820001,35.26867459400006
30_10151,Ankpa,NGA,Nigeria,7.602455377000069,7.367571078000026,7.6426608640000495,7.44059399300005
30_11835,Lampang,THA,Thailand,99.44342011400005,18.242946301000075,99.53451328500006,18.325440711000056
30_9189,Gunsan-Si,KOR,South Korea,126.55303686400009,35.94233365100007,126.75878149500011,35.994916706000026
30_10400,Breda,NLD,Netherlands,4.701401307000026,51.56149240800005,4.836377764000076,51.619510545000026
30_12358,Denton,USA,United States,-97.18558159699995,33.104287742000054,-97.01372314199995,33.26005752000003
30_4715,Slough,GBR,United Kingdom,-0.6711776499999473,51.48417723500006,-0.5230976479999754,51.54215908400005
30_3916,Ceuta,ESP,Spain,-5.3765507019999745,35.828448785000035,-5.287073931999942,35.90728559100006
30_3672,City Of Loja,ECU,Ecuador,-79.22463097299999,-4.045127285999968,-79.19079368499996,-3.956079622999937
30_6503,Taliparamba,IND,India,75.33969700300008,12.011607378000065,75.39876676500006,12.076862423000023
30_12080,Nantou City,TWN,Taiwan,120.63782646000004,23.89075940500004,120.73195058800002,23.99957279100005
30_7126,Krishnagiri,IND,India,78.17219999100007,12.48484561500004,78.24462088800004,12.558308474000057
30_3071,Divo,CIV,Côte d'Ivoire,-5.385322158999941,5.802667653000071,-5.345092167999951,5.859394020000025
30_5292,Maumere,IDN,Indonesia,122.17629427100007,-8.642117346999953,122.25796971600005,-8.58525712599993
30_6844,Sivani,IND,India,79.52565698400008,22.07107164200005,79.57620945200006,22.12103194900004
30_12254,Salinas,USA,United States,-121.68951778099995,36.644535036000036,-121.58377927899994,36.74127479500004
30_3454,Saarbruecken,DEU,Germany,6.796626462000063,49.195827879000035,7.055322671000056,49.26228274400006
30_9039,Takaoka,JPN,Japan,136.95200231400008,36.72368234400005,137.1858702290001,36.81165976200003
30_2308,Huangchuan,CHN,China,114.96559266800011,32.10290269600006,115.11432176900007,32.180446173000064
30_3632,Touggourt,DZA,Algeria,6.034409154000059,33.069686395000076,6.0930661590000454,33.15619940100004
30_6,Guzarah,AFG,Afghanistan,62.19254611200006,34.18821152400005,62.24944639700004,34.25775946300007
30_4519,Kebri Dehar,ETH,Ethiopia,44.25049487900003,6.726784675000033,44.29149157900008,6.751112229000057
30_9788,Nouadhibou,MRT,Mauritania,-17.057791991999977,20.890599208000026,-17.018499133999967,20.99021778100007
30_9829,Sibu,MYS,Malaysia,111.81570667000005,2.2324158540000667,111.87482906900004,2.361858593000022
30_5078,Haurgeulis,IDN,Indonesia,107.79456510800009,-6.491642121999973,107.96848602200004,-6.394354140999951
30_8615,بوکان,IRN,Iran,46.16695128300006,36.47754647000005,46.238794314000074,36.55662940900004
30_10377,Masaya,NIC,Nicaragua,-86.12963231599997,11.954514173000064,-86.06090625299998,12.011607378000065
30_6497,Bhadravathi,IND,India,75.66694904200006,13.80026669700004,75.73285238400007,13.865700913000069
30_601,Patuakhali,BGD,Bangladesh,90.28178016400005,22.32927264400007,90.36554892400005,22.420935962000044
30_3515,Rostock,DEU,Germany,12.030102550000038,54.06221545000005,12.17976113800006,54.19064902700006
30_7964,Hasanpur,IND,India,86.12649955600006,25.69498532500006,86.21992008700005,25.745481141000027
30_4226,Alaba Kulito,ETH,Ethiopia,38.07646699800006,7.2945527700000525,38.107405552000046,7.327004786000032
30_1163,Lucerne,CHE,Switzerland,8.249941057000058,47.01135701700008,8.36861239500007,47.104817737000076
30_9528,Minatitlán,MEX,Mexico,-94.60175501899994,17.970820246000073,-94.51668899499998,18.020285743000045
30_2110,Zhongxiang,CHN,China,112.55047365400003,31.12280664000008,112.62909116900005,31.225792179000052
30_4693,Oxford,GBR,United Kingdom,-1.3194174589999648,51.70658898100004,-1.1841414959999383,51.793729133000056
30_1445,Nanbu,CHN,China,106.01253895200006,31.32882014000006,106.09663142800008,31.37176102600006
30_7093,Tiruchengodu,IND,India,77.82183135500003,11.351234607000038,77.92099441200008,11.408280298000022
30_1627,Kaiyuan,CHN,China,103.22261990500004,23.69832849200003,103.28584323200005,23.765248704000044
30_11899,Dashoguz,TKM,Turkmenistan,59.90220789700004,41.79470840500005,60.00870075500006,41.87606717400007
30_10189,Ozizza,NGA,Nigeria,7.928047716000037,5.843186262000074,7.967945634000046,5.8999142040000265
30_4545,Caen,FRA,France,-0.41639909699995314,49.13889281300004,-0.2861013639999328,49.233798043000036
30_7284,Maharajganj,IND,India,83.52278762200007,27.120471249000047,83.58926148700004,27.188117657000078
30_2389,Chibi,CHN,China,113.85469397000008,29.69388428600007,113.9429694800001,29.75362204100003
30_11682,Yei,SSD,South Sudan,30.63972261200007,4.069413660000066,30.71025052600004,4.117987250000056
30_9604,Pyin Oo Lwin,MMR,Myanmar,96.42969144000006,22.00446835200006,96.52748930500007,22.062745579000023
30_2791,Ningdu,CHN,China,115.9853325790001,26.444851653000057,116.03863205000005,26.52078304300005
30_12073,Toufen,TWN,Taiwan,120.84711267500006,24.64480674400005,120.93131331600011,24.737085627000056
30_6099,Margao,IND,India,73.90199932100006,15.143121725000071,74.00401754200004,15.307101292000027
30_10777,Sector 3,PAN,Panama,-79.38440581199995,9.064611825000043,-79.27156170799998,9.121500413000035
30_8166,N/A,IND,India,87.00095387100004,25.081264402000045,87.04390250700004,25.12326246200007
30_9554,Kati,MLI,Mali,-8.116730926999935,12.705258310000033,-8.044517437999957,12.770579754000039
30_1029,Cachoeiro De Itapemirim,BRA,Brazil,-41.18895199599996,-20.87399856299993,-41.08631630999997,-20.824200816999962
30_1570,Jiexiu,CHN,China,111.85071334700007,36.99653621900006,111.97019843700008,37.06700972100003
30_2558,Huazhou,CHN,China,110.59647584300006,21.63004541500004,110.68789756100006,21.69658230600004
30_3611,Bou Saada,DZA,Algeria,4.128932298000052,35.18134196200003,4.219146205000072,35.25993973800007
30_2144,Wuchang,CHN,China,127.10604121100005,44.88717097500006,127.2058648520001,44.942446833000076
30_3378,Barrancabermeja,COL,Colombia,-73.89387458199997,7.04307988100004,-73.81287505099993,7.083636444000035
30_3644,Ain Beida,DZA,Algeria,7.360694958000067,35.767151632000036,7.419019573000071,35.810933497000065
30_1654,Changshou,CHN,China,107.02957070300005,29.813373270000056,107.10729186500004,29.881676937000066
30_9997,Ikole,NGA,Nigeria,5.469079887000021,7.765197234000027,5.53945759100003,7.813895903000059
30_4744,Ipswich,GBR,United Kingdom,1.0948607400000583,52.026406671000075,1.2846251260000372,52.08464554200003
30_1353,Guanghan,CHN,China,104.23503760200003,30.942683413000054,104.31458848300008,31.011286608000034
30_1576,Pingyao,CHN,China,112.12985276400002,37.155136206000066,112.22180016200002,37.234483037000075
30_11260,Ленинский,RUS,Russia,48.51841940600008,54.319228949000035,48.68141221700006,54.39842822700007
30_12056,Siirt,TUR,Turkey,41.90298095500003,37.91463338600005,41.97235675100006,37.950029950000044
30_10801,Tarapoto,PER,Peru,-76.40156964799996,-6.515965237999978,-76.33220587199997,-6.467319455999927
30_12484,Green Bay,USA,United States,-88.13154228899998,44.418118406000076,-87.91558101099997,44.565120429000046
30_3040,龙田镇,CHN,China,119.38985688900004,25.55195791400007,119.50100954300001,25.64449763600004
30_10804,Huánuco,PER,Peru,-76.26174476899996,-9.967123386999958,-76.22451445999997,-9.902046586999973
30_10583,Tarakai,PAK,Pakistan,72.28762602700004,34.179519552000045,72.37085176900007,34.231676450000066
30_11798,Faya-Largeau,TCD,Chad,19.085140352000053,17.904874465000034,19.11875746800007,17.94608948000007
30_11236,Sochi,RUS,Russia,39.66441299300004,43.53895956900004,39.80109467900007,43.639451902000076
30_11174,Kolpino,RUS,Russia,30.51272704300004,59.72032898400005,30.67533897900006,59.803851647000045
30_12063,Silopi,TUR,Turkey,42.439923699000076,37.234483037000075,42.48900912400006,37.26093894700006
30_486,Salanga,BGD,Bangladesh,89.48702835700004,24.326223622000043,89.61440107000004,24.48547687000007
30_11348,Biysk,RUS,Russia,85.09711712100005,52.483363791000045,85.32030265800006,52.57106469800004
30_5455,Sri Muktsar Sahib,IND,India,74.48347235400007,30.44586303500006,74.55727148700004,30.497213551000073
30_11334,Kurgan,RUS,Russia,65.19047872100003,55.39322438100004,65.44517131000003,55.50320678600008
30_10762,Pasrur,PAK,Pakistan,74.63260349400008,32.24939464300007,74.70345191300004,32.29249747000006
30_11609,San Miguel,SLV,El Salvador,-88.21087331699994,13.44867705200005,-88.13692707799999,13.514073991000032
30_20,Lashkar Gah,AFG,Afghanistan,64.30503216100004,31.560789210000053,64.39694840000004,31.612367431000052
30_8748,Sirjan,IRN,Iran,55.630870025000036,29.40391990300003,55.72580376500008,29.48064457600003
30_2833,Longchuan,CHN,China,115.20178573200008,24.07492561500004,115.2837998230001,24.12517017700003
30_2796,春江镇,CHN,China,119.94684275300006,31.904848721000064,120.05214794800008,31.973718745000042
30_10495,Shahdadkot,PAK,Pakistan,67.88672055700005,27.823066437000023,67.92978905500007,27.865446027000075
30_3624,Jijel,DZA,Algeria,5.704286515000035,36.78526255300005,5.81883042100003,36.829259801000035
30_10422,Groningen,NLD,Netherlands,6.51720702800003,53.176994413000045,6.6300843410000425,53.25540679300008
30_3156,Bandundu,COD,Democratic Republic of the Congo,17.349238083000046,-3.349029891999976,17.40943042400005,-3.2842868899999758
30_9087,Atyrau,KAZ,Kazakhstan,51.83590753200008,47.04873401900005,51.99597174200005,47.170276440000066
30_9965,Aramoko-Ekiti,NGA,Nigeria,5.026822603000028,7.684037581000041,5.0571626910000305,7.724616662000074
30_12138,Arua,UGA,Uganda,30.877973908000058,2.9686871980000547,30.92804893600004,3.049606757000049
30_9951,Lerinin,NGA,Nigeria,4.717614253000022,6.345712816000059,4.8175880810000535,6.394354141000065
30_9062,Fukushima,JPN,Japan,140.4068075240001,37.72006623300007,140.53380819200004,37.82616990900004
30_12642,Ciudad Ojeda,VEN,Venezuela,-71.35671026799997,10.170520578000037,-71.27828539499995,10.243755648000047
30_10398,Alkmaar,NLD,Netherlands,4.716004137000027,52.600312650000035,4.8564153460000625,52.70761661600005
30_12475,Columbia,USA,United States,-81.12033181699996,33.95364630300003,-80.90919892399995,34.066554566000036
30_2023,Yanggu,CHN,China,115.71211201900007,36.06504796300004,115.84028292200003,36.15274511300004
30_3145,Boma,COD,Democratic Republic of the Congo,13.032763702000068,-5.867497966999963,13.083280764000051,-5.794564064999975
30_11254,Engels,RUS,Russia,46.03875776700005,51.445537744000035,46.21211553200004,51.51316476400007
30_3919,Marbella,ESP,Spain,-5.071279840999978,36.44240823600006,-4.855983600999934,36.53026505400004
30_664,সন্দ্বীপ,BGD,Bangladesh,91.43194668400008,22.420935962000044,91.53013937400004,22.52095857300003
30_2276,Taihe,CHN,China,115.54951815100003,33.13889422800003,115.66209739600004,33.216777655000044
30_11006,Kielce,POL,Poland,20.564299661000064,50.83853783300003,20.678799364000042,50.90583767000004
30_1173,Copiapó,CHL,Chile,-70.36426806899993,-27.40807620199996,-70.28431566799998,-27.34884032599996
30_6079,Islampur,IND,India,74.22083073100004,17.03196080600003,74.29871531300006,17.081328735000056
23_57856,ویس,IRN,Iran,48.85632871900003,31.46625709500006,48.88672996100007,31.492034999000055
30_9302,Berrechid,MAR,Morocco,-7.603392287999952,33.234088632000066,-7.557864543999926,33.28602932100006
30_6509,Betul,IND,India,77.87654291600006,21.879619236000053,77.92680354200007,21.929553878000036
30_13074,Mufulira,ZMB,Zambia,28.20547938800007,-12.590961204999928,28.27914555700005,-12.525657326999976
30_847,Rio Grande,BRA,Brazil,-52.20058782299998,-32.11151740899993,-52.06865652899995,-32.02538406799994
30_9212,Yangsan,KOR,South Korea,128.9712315370001,35.28614536900005,129.0748062350001,35.399740045000044
30_8004,Supaul,IND,India,86.55895813700005,26.099181147000024,86.62682590200006,26.13288794400006
30_8490,Bilasipara,IND,India,90.16155404100004,26.19188372600007,90.32311292500003,26.26775211300003
30_3823,Kawm Abu Shil,EGY,Egypt,31.121701839000025,27.23040455900008,31.18756446200007,27.28115688200006
30_7047,Theni,IND,India,77.42474305300004,9.958988516000034,77.50891276900006,10.040340730000025
30_9647,Maubin,MMR,Myanmar,95.63250546400008,16.711189739000076,95.66835430000003,16.74407979700004
30_2841,Yushan,CHN,China,118.2132002840001,28.663365756000076,118.29601523100007,28.72287652700004
30_3776,Nazlet Al Sibaat,EGY,Egypt,31.246016745000077,30.36885642900006,31.310912018000067,30.497213551000073
30_3173,Lisala,COD,Democratic Republic of the Congo,21.501336712000068,2.1353366790000337,21.531493831000034,2.1757860440000627
30_11639,Galkayo,SOM,Somalia,47.40841955900004,6.751112229000057,47.44899424100004,6.799768741000037
30_8941,Salerno,ITA,Italy,14.713946865000025,40.62375618600004,14.900988054000038,40.76745350500005
30_5208,Muncar,IDN,Indonesia,114.27107973800003,-8.50403388999996,114.35553097600007,-8.382211370999926
30_10428,Trondheim,NOR,Norway,10.321083637000072,63.32011993200007,10.515813585000046,63.45080729500006
30_12477,South Bend,USA,United States,-86.34725488099997,41.59599342100006,-86.06894501699998,41.74049065100007
30_3254,Kasenga,COD,Democratic Republic of the Congo,28.605498622000027,-10.414662733999933,28.628417528000057,-10.357689751999942
30_3670,Quevedo,ECU,Ecuador,-79.49120486699996,-1.059509094999953,-79.44056665099998,-0.9948036769999362
30_5020,Tanjung Balai Karimun,IDN,Indonesia,103.37935196800004,0.9867155340000409,103.44935993900003,1.0352445040000475
30_5772,Banswara,IND,India,74.39589194900003,23.514365006000048,74.46612940900008,23.581249470000046
30_11140,Oradea,ROU,Romania,21.84715023700005,47.020700358000056,21.997417794000057,47.104817737000076
30_3292,Mongbwalu,COD,Democratic Republic of the Congo,30.003811545000076,1.9169169640000518,30.06361083300004,1.965453713000045
30_9954,Ebute Irele,NGA,Nigeria,4.848397328000033,6.475426961000039,4.888563871000031,6.515965238000035
30_11797,Mongo,TCD,Chad,18.679415564000067,12.166598048000026,18.700718860000052,12.19923205200007
30_4786,Agona Swedru,GHA,Ghana,-0.7304746279999677,5.502864081000041,-0.6504336139999509,5.559579140000039
30_3087,Limbé,CMR,Cameroon,9.163427418000026,3.9965553740000246,9.233490166000024,4.037031890000037
30_4870,Chimaltenango,GTM,Guatemala,-90.85348989299996,14.643281131000037,-90.78399191099999,14.684235090000072
30_511,Magura,BGD,Bangladesh,89.37961824200005,23.47256877600006,89.46032236400004,23.50600535700005
30_6220,Kasganj,IND,India,78.60564577300005,27.772219203000077,78.68614652300005,27.84001752000006
30_4333,Bonsa Bota,ETH,Ethiopia,38.81838847000006,6.507857482000077,38.83997518600006,6.540288805000046
30_12103,Tabora,TZA,Tanzania,32.78418142700008,-5.041116646999967,32.854944396000064,-4.992519166999955
30_5588,Mandi Gobindgarh,IND,India,76.21585457000003,30.591382805000023,76.31935917500005,30.685586667000052
30_5542,Barnala,IND,India,75.49250946600006,30.317531433000056,75.57591976500004,30.403078752000056
30_7356,Pudukkottai,IND,India,78.78482814800003,10.357689752000056,78.84530780100005,10.398384333000024
30_10699,Mian Channu,PAK,Pakistan,72.32635513700006,30.420191614000032,72.38104011700005,30.462978736000025
30_145,Ras Al Khaimah,ARE,United Arab Emirates,55.88901502300007,25.728648298000053,56.02333724400006,25.854916720000062
30_2565,Ji'An,CHN,China,126.15863035200005,41.10920211400003,126.3210648910001,41.16322305600005
30_3200,Kanyama,COD,Democratic Republic of the Congo,24.154376668000054,-7.529850546999967,24.18502693000005,-7.497392807999972
30_1682,Lingbao,CHN,China,110.82921033800005,34.48394026600005,110.93449988300006,34.57099432500007
30_3150,Mbanza-Ngungu,COD,Democratic Republic of the Congo,14.845137381000029,-5.267923517999975,14.895392816000026,-5.227420004999942
30_133,Luau,AGO,Angola,22.210167709000075,-10.732157198999971,22.241164836000053,-10.691445731999977
30_5887,Shahada,IND,India,74.44901291000008,21.530261929000062,74.50132984200008,21.580150402000072
30_255,Nakhchivan,AZE,Azerbaijan,45.362315023000065,39.17520179700006,45.43516565500005,39.22864958300005
30_2446,Fengtai,CHN,China,116.65327281200007,32.67213770200004,116.8168688400001,32.732590952000066
30_1263,Zhongwei,CHN,China,105.14732458500004,37.48154099300007,105.23574399300009,37.53452181800003
30_12086,Pingtung City,TWN,Taiwan,120.44464098800006,22.58765561200005,120.53476577300012,22.704405026000074
30_8003,Ramgarh,IND,India,85.49294141200005,23.589610938000078,85.53921664100005,23.69832849200003
30_2329,Shaodong,CHN,China,111.71072212000007,27.213489068000058,111.76474380400003,27.28115688200006
30_9862,Birni N'Konni,NER,Niger,5.232094885000038,13.775730676000023,5.272846637000043,13.808445590000076
30_2461,Beiliu,CHN,China,110.30168480100008,22.64602560000003,110.38343510600004,22.746110412000064
30_4751,Batumi,GEO,Georgia,41.584588678000046,41.59599342100006,41.694878034000055,41.66822689300005
30_8523,Bohori,IND,India,91.11442876900009,26.242460563000066,91.24005049600004,26.284614308000073
30_11127,Tulkarm,PSE,Palestina,34.988560509000024,32.24077500400006,35.064648659000056,32.344231078000064
30_7956,Jhumri Tilaiya,IND,India,85.50817670100008,24.426795739000056,85.57162705900004,24.460326542000075
30_1979,Xiaoxiang,CHN,China,126.52738945800002,45.940847731000076,126.67162096900006,46.01506687800003
30_188,Formosa,ARG,Argentina,-58.236894905999975,-26.217171101999952,-58.12497462599998,-26.149742725999943
30_1506,Jijia,CHN,China,108.92849048600004,34.43172425800003,109.04260490400009,34.51005288600004
30_13004,Potchefstroom,ZAF,South Africa,26.998938208000027,-26.757136214999946,27.124852308000072,-26.681145305999962
30_10692,Toba Tek Singh,PAK,Pakistan,72.43163123600004,30.942683413000054,72.50845266300007,30.994134062000057
30_4543,Angers,FRA,France,-0.6368878799999607,47.42304107700005,-0.45835347599995657,47.50739579100008
30_607,Baniachong,BGD,Bangladesh,91.33337850100008,24.493860737000034,91.38248861600005,24.544168401000036
30_11532,Ad-Damazin,SDN,Sudan,34.34237394100006,11.76695452000007,34.38470431400003,11.848496139000076
30_4546,Le Havre,FRA,France,0.05225322600006166,49.44282728700006,0.2741949880000334,49.537949344000026
30_10800,N/A,PER,Peru,-77.20533363899995,-12.10949222499994,-77.18364324799995,-12.101334631999975
30_1886,Huixian,CHN,China,113.7239036310001,35.390999857000054,113.87481746100002,35.49590567000007
30_9339,Taza,MAR,Morocco,-4.041702874999942,34.19690383400007,-3.974085486999968,34.24037045000006
30_1659,Qijiang,CHN,China,106.60941173500004,29.01211201500007,106.71255140100004,29.06318531000005
30_6532,Sansarpur,IND,India,80.45016440800003,28.060473243000047,80.50118706200004,28.09440468100007
30_674,N/A,BGD,Bangladesh,91.99109005900004,22.420935962000044,92.14805914400006,22.479279146000067
30_2696,Yingde,CHN,China,113.36161630700008,24.14192003000005,113.43290355200008,24.225681821000023
30_764,Dourados,BRA,Brazil,-54.85266812899994,-22.262622809999982,-54.75242857899997,-22.204314111999963
30_9556,Sénou,MLI,Mali,-7.949731536999934,12.493007760000069,-7.90922335099998,12.541982702000041
30_1068,Arapiraca,BRA,Brazil,-36.69682241299995,-9.788174044999948,-36.62690000899994,-9.71497816699997
30_4577,Saint-Étienne,FRA,France,4.343339816000025,45.40385376300003,4.4539689430000635,45.487055317000056
30_11958,Yalova,TUR,Turkey,29.219112085000063,40.61477894700005,29.33806353700004,40.67762910000005
30_6045,Chalisgaon,IND,India,74.98108872500006,20.442625039000063,75.04592717700007,20.48408306400006
30_13034,Vosman,ZAF,South Africa,29.08660890500005,-25.880176537999944,29.154378605000034,-25.838077978999934
30_3938,Logroño,ESP,Spain,-2.4837919549999583,42.42852607000003,-2.386900260999937,42.492038724000054
30_3724,Shimm Al Basal Al Bahari,EGY,Egypt,30.636023204000026,28.569874664000054,30.716383584000027,28.714374203000034
30_4261,Dilla,ETH,Ethiopia,38.27327072000003,6.3862471310000615,38.32373019000005,6.434889932000033
30_576,Katiadi,BGD,Bangladesh,90.75587435700004,24.217304701000046,90.85410292500006,24.317843983000046
30_4689,Sunderland,GBR,United Kingdom,-1.481824392999954,54.854918722000036,-1.3400679909999553,54.94445264500007
30_2933,Jiazi,CHN,China,115.99622091600008,22.83787932000007,116.11609060400008,22.90463512900004
30_9398,Manzanillo,MEX,Mexico,-104.37053741899996,19.04378362500006,-104.24144432999998,19.142957401000047
30_432,Lalmonirhat,BGD,Bangladesh,89.35523026900006,25.86333643200004,89.47485821000004,25.93070233000003
30_10738,Farooqabad,PAK,Pakistan,73.78889379900005,31.72415731700005,73.93906041100007,31.75856444300007
30_11923,Gabes,TUN,Tunisia,10.04806833300006,33.83211589200005,10.133824848000074,33.95364630300003
30_9917,Ago-Iwoye,NGA,Nigeria,3.8889277230000516,6.929528703000074,3.949233885000069,6.970081484000048
30_10025,Amassoma,NGA,Nigeria,6.070589581000036,4.960121615000048,6.130781945000024,5.000618651000025
30_10807,Chincha Alta,PER,Peru,-76.17480753299998,-13.456851295999968,-76.10910960399997,-13.391460326999947
30_6423,Parli,IND,India,76.47134073700005,18.837243967000063,76.55160082900005,18.878544116000057
30_5211,Banyuwangi,IDN,Indonesia,114.31157854300011,-8.260403459999964,114.39618706200008,-8.162967500999969
30_47,Chaman,AFG,Afghanistan,66.41732569100003,30.891243231000033,66.50169346000007,30.951257793000025
30_5647,Rajpura,IND,India,76.54287466600005,30.44586303500006,76.62526742300008,30.505772966000052
30_1960,Huaxian,CHN,China,114.47784489500009,35.522140171000046,114.5692666220001,35.60961183400008
30_11007,Radom,POL,Poland,21.086310973000025,51.35864284200005,21.21537249900007,51.43587975100007
30_12264,Santa Rosa,USA,United States,-122.78267571899994,38.38416042700004,-122.62733285599995,38.48175222800006
30_1732,Xushui,CHN,China,115.58486969700004,38.988254150000046,115.77674012300008,39.05945041900003
30_11581,Kolda,SEN,Senegal,-14.961474283999962,12.868574031000037,-14.90989049999996,12.917576652000037
30_2274,平邑县,CHN,China,117.58340802800001,35.47841779300006,117.69677421400002,35.55712452600005
30_12782,Tân Châu,VNM,Vietnam,105.19151472200008,10.72401473800005,105.31386766900005,10.821729821000076
30_6777,Adilabad,IND,India,78.48694758500005,19.64744492600005,78.55943849900007,19.697099041000058
30_11567,Louga,SEN,Senegal,-16.258390752999958,15.594183960000066,-16.196714477999933,15.643413446000068
30_2283,Lianyuan,CHN,China,111.61712422200009,27.679022645000032,111.70318759200006,27.712908809000055
30_821,Castanhal,BRA,Brazil,-47.96072835199993,-1.326424764999956,-47.88079970399997,-1.2617170069999588
30_11903,Turkmenabat,TKM,Turkmenistan,63.534114430000045,39.01494960200006,63.61750545500007,39.12176922900005
30_9494,García,MEX,Mexico,-100.62977646899998,25.770732102000068,-100.56323240099994,25.821240147000026
30_9357,Mahajanga,MDG,Madagascar,46.29595567400003,-15.733679263999932,46.36746310800004,-15.700853564999932
30_10695,Chenab Nagar,PAK,Pakistan,72.87750203400003,31.74136027700007,72.95894513000007,31.767166979000024
30_6479,Achalpur,IND,India,77.49423564500006,21.239375264000046,77.53633802800005,21.314153692000048
30_12504,Canton,USA,United States,-81.57004992999998,40.749484996000035,-81.30906373099998,40.92025934600008
30_11752,Manbij,SYR,Syria,37.90220899600007,36.50390407500004,38.00170442000007,36.54784091500005
30_889,São José Dos Pinhais,BRA,Brazil,-49.221393482999986,-25.56878129699993,-49.132052098999964,-25.493083126999977
30_7774,Jehanabad,IND,India,84.96183196400005,25.190470766000033,85.01157422400007,25.232483106000075
30_554,Gopalganj,BGD,Bangladesh,89.79821394400005,22.979750359000036,89.85762208000006,23.029836001000035
30_8279,Dumka,IND,India,87.22706620400004,24.250814438000077,87.26932737900006,24.292706328000065
30_1239,Jiuquan,CHN,China,98.46371210500007,39.71037058600007,98.62018889500007,39.76397259400005
30_7630,Jagdalpur,IND,India,81.99087247200004,19.002467891000038,82.05243207900008,19.10163224100006
30_9648,Taungoo,MMR,Myanmar,96.40732960700007,18.89506526100007,96.47814939600005,18.961156068000037
30_2760,Xinfeng,CHN,China,114.88426112200011,25.35014702600006,114.95155608000005,25.442627741000024
30_7947,Mokama,IND,India,85.89226170200004,25.36695970100004,86.00542120900008,25.40899527600004
30_8389,Medinipur,IND,India,87.29200954100008,22.395934597000064,87.34438055700008,22.470943833000035
30_6405,Ambajogai,IND,India,76.34702088800003,18.71336671100005,76.42387198700004,18.746397254000044
30_3891,Dakhla,ESH,Western Sahara,-15.97315803899994,23.681600478000064,-15.91057180599995,23.740152093000063
30_9439,Salamanca,MEX,Mexico,-101.23432052199996,20.533838329000048,-101.15798894199997,20.60018827600004
30_161,San Fernando Del Valle De Catamarca,ARG,Argentina,-65.81438001299995,-28.501900905999946,-65.70399589999994,-28.433943728999964
30_2678,拖船镇,CHN,China,115.64267379800003,28.136824696000076,115.77521749100003,28.238658721000036
30_1547,Xiaoyi,CHN,China,111.73471181300005,37.102255693000075,111.85771187100005,37.172766129000024
30_6279,Buldhana,IND,India,76.16240728400004,20.508959927000035,76.20396930700008,20.550424787000054
30_5359,Bhuj,IND,India,69.63196334500003,23.21354406300003,69.71877803300004,23.272016740000026
30_5232,Praya,IDN,Indonesia,116.21352178600011,-8.723351932999947,116.30324623100012,-8.650240502999964
30_11881,Khujand,TJK,Tajikistan,69.56402945600007,40.238140061000024,69.72878324100003,40.30982007400007
30_7217,Vaniyambadi,IND,India,78.59498612000004,12.648107313000025,78.64719736100005,12.705258310000033
30_11844,Nakhon Pathom,THA,Thailand,99.99321872600007,13.783909240000071,100.14995837900005,13.849341700000025
30_8456,Kalna,IND,India,88.30399185900006,23.20519161900006,88.38833094400007,23.28037077500005
30_12868,Phan Rang - Tháp Chàm,VNM,Vietnam,108.94461592400006,11.489781751000066,109.05938636600007,11.62020285400007
30_9620,Myaungmya,MMR,Myanmar,94.88007025800005,16.571431071000063,94.96181300400008,16.62075322100003
30_5044,Metro,IDN,Indonesia,105.27562396800005,-5.162616467999953,105.38747873900007,-5.024917332999962
30_3504,Lübeck,DEU,Germany,10.59149521300003,53.82548847900006,10.747398059000034,53.924064902000055
30_1546,Wenshui,CHN,China,111.98851017600003,37.410921821000045,112.18128054600004,37.508029641000064
30_9459,San Juan Del Río,MEX,Mexico,-100.01373796999997,20.36801132100004,-99.93478772299994,20.41775227000005
30_2437,Huanggang,CHN,China,114.84632628400004,30.428748470000073,114.96060519200012,30.505772966000052
30_11967,Kütahya,TUR,Turkey,29.939616130000047,39.38016794400005,30.058846647000053,39.44259364900006
30_1517,Gujiao,CHN,China,112.12910826000007,37.88809015600003,112.24159546600004,37.932330868000065
30_10047,Kaura-Namoda,NGA,Nigeria,6.563225815000067,12.574634641000046,6.6041288690000215,12.615451797000048
30_761,Pedro Juan Caballero,BRA,Brazil,-55.756022944999984,-22.579317810999953,-55.67634855899996,-22.495950343999937
30_1888,Shancheng,CHN,China,114.13956377300008,35.854724444000055,114.2086817170001,35.924808891000055
30_10520,Moro,PAK,Pakistan,67.94095249500003,26.647377739000035,68.01716072500005,26.689587791000065
30_5144,Pacitan,IDN,Indonesia,111.06819837100005,-8.22792378899993,111.15997500500004,-8.162967500999969
30_10717,Chichawatni,PAK,Pakistan,72.66434398900003,30.497213551000073,72.76085910500007,30.54001347700006
30_4928,Port-De-Paix,HTI,Haiti,-72.85595462199996,19.928896157000054,-72.79375545799996,19.953739220000045
30_2857,Chuanjiang,CHN,China,120.98320348000004,31.939281297000036,121.17500637400008,32.008161072000064
30_10405,Almere,NLD,Netherlands,5.1319996780000565,52.33733813400005,5.326526538000053,52.424932203000026
30_2533,遂溪县,CHN,China,110.21697913000008,21.33908305400007,110.28730384800008,21.41388082900005
30_3509,Erfurt,DEU,Germany,10.980604494000033,50.94431081500005,11.105137995000064,51.04054506300008
30_2020,Shuangcheng,CHN,China,126.22257675900005,45.329935040000066,126.37490373000003,45.40385376300003
30_1583,Bishan,CHN,China,106.19673392400006,29.540334519000055,106.24667958200007,29.625629015000072
30_2441,Bobai,CHN,China,109.91061112100004,22.187656177000065,110.01866324300005,22.32094075300006
30_11246,Armavir,RUS,Russia,41.04541199300007,44.96087651600004,41.18156987400005,45.025397756000075
30_7165,Naugarh,IND,India,83.03839885400004,27.255779623000024,83.11171681500008,27.314996647000044
30_11049,Tokchon,PRK,North Korea,126.23703455100008,39.73716963900006,126.37503452900012,39.79077945700004
30_3234,Mukubu,COD,Democratic Republic of the Congo,27.037148883000043,-8.122371876999978,27.06760558700006,-8.098015256999929
30_5323,Manokwari,IDN,Indonesia,134.04069562200004,-0.8815703459999327,134.0911195230001,-0.8330421899999578
30_7371,Arni,IND,India,79.25192210500006,12.639943284000026,79.32126819000007,12.705258310000033
30_7358,Nibua Raiganj,IND,India,83.81700676300005,26.934523434000027,84.03399232700008,27.11201654000007
30_2250,Linquan,CHN,China,115.20748021500003,33.00914638200004,115.29246265000006,33.104287742000054
30_11364,Yakutsk,RUS,Russia,129.61733656500007,61.971122679000075,129.84115853100002,62.14257380100008
30_5866,Baghpat,IND,India,77.16941226800003,28.918502448000027,77.25018688900008,29.01211201500007
30_4726,Peterborough,GBR,United Kingdom,-0.3267537009999728,52.522334029000035,-0.20422106299997722,52.62956777800008
30_134,Cazombo,AGO,Angola,22.88354191600007,-11.905580807999968,22.92526334300004,-11.881115388999945
30_5204,Situbondo,IDN,Indonesia,113.92993425800012,-7.732732655999939,114.05302905600001,-7.667806364999933
30_3444,Ostrava,CZE,Czech Republic,18.207724081000038,49.76652204700008,18.337087410000038,49.87141745900004
30_718,Babruysk,BLR,Belarus,29.132933035000065,53.08884330700005,29.266062790000035,53.20639288400008
30_3176,Dilolo,COD,Democratic Republic of the Congo,22.330094704000032,-10.699587857999973,22.361092548000045,-10.667019854999978
30_9540,Chetumal,MEX,Mexico,-88.34569921799994,18.49047462300007,-88.27088609699996,18.54825078700003
30_10840,Olongapo,PHL,Philippines,120.25477695500001,14.807114587000058,120.33736718900002,14.880855045000033
30_9605,Pyay,MMR,Myanmar,95.20269372000007,18.795947690000048,95.27494991100008,18.837243967000063
30_11837,Phitsanulok,THA,Thailand,100.18787698300008,16.74407979700004,100.32477070400006,16.859212102000072
30_8990,Kurume,JPN,Japan,130.47974302400007,33.26871446400003,130.60129722200008,33.35530171700003
30_2374,Longkou,CHN,China,120.45499029900009,37.587516777000076,120.57528889800005,37.67587321000008
30_10299,Nguru,NGA,Nigeria,10.409346996000068,12.852240638000069,10.47058260700004,12.893074883000054
30_10990,Toruń,POL,Poland,18.532973680000055,52.99097529200003,18.72461865100007,53.05947433600005
30_7136,Nalgonda,IND,India,79.23998487900008,17.03196080600003,79.30098820900008,17.106014569000024
30_1360,Baode,CHN,China,110.98616708300005,38.99715221500003,111.12918835000005,39.07725368800004
30_10602,Tando Allayhar,PAK,Pakistan,68.68998525600006,25.425811063000026,68.74143832000004,25.47626377200004
30_3551,San Cristóbal,DOM,Dominican Republic,-70.16482432399994,18.39144703900007,-70.07820203699998,18.440958110000054
30_3933,Alcalá De Henares,ESP,Spain,-3.419464080999944,40.46223476900008,-3.323972441999956,40.52503134600005
30_9947,Ijagbo Offa,NGA,Nigeria,4.6888150600000245,8.122371877000035,4.759275935000062,8.187325634000047
30_3182,Bumba,COD,Democratic Republic of the Congo,22.430035073000056,2.1676961380000535,22.509967414000073,2.2081458340000495
30_3729,Garawan,EGY,Egypt,31.003002482000056,30.394522746000064,31.100670670000056,30.462978736000025
30_8594,Port Blair,IND,India,92.70007431600004,11.595747127000038,92.76408582500005,11.726187181000057
30_2925,Zhujing,CHN,China,121.11529657500012,30.874098825000033,121.26465435800003,30.916962015000024
30_10473,Turbat,PAK,Pakistan,62.98145819900003,25.98123634600006,63.101510192000035,26.014930269000047
30_1932,Duyun,CHN,China,107.48663607000009,26.208741745000054,107.53417072300005,26.326773865000064
30_7610,Machilipatnam,IND,India,81.10821886600007,16.160599154000067,81.16980211100008,16.209881610000025
30_5633,Jhunjhunu,IND,India,75.35461167300008,28.08592144100004,75.42335551800005,28.15379448300007
30_3684,Marsa Matruh‎,EGY,Egypt,27.14431795400003,31.311645859000066,27.301463338000076,31.37176102600006
30_12368,Shreveport,USA,United States,-93.84232320399997,32.39597585300004,-93.63711595699999,32.57717089800008
30_12986,George,ZAF,South Africa,22.443030805000035,-34.02312161399993,22.507652501000052,-33.944963392999966
30_55,Charikar,AFG,Afghanistan,69.14862210100006,34.98933425100006,69.19171052700005,35.050409168000044
30_4980,Kisaran,IDN,Indonesia,99.60124563800008,2.9525035610000714,99.68249473500003,3.0010547460000225
30_2505,Donghai,CHN,China,118.70118508600001,34.48394026600005,118.80389212500006,34.588409253000066
30_4025,Nekemte,ETH,Ethiopia,36.512365498000065,9.064611825000043,36.60389250500003,9.105246178000073
30_7403,Padrauna,IND,India,83.94917640900007,26.88383060700005,84.03486069200005,26.91762486600004
30_9358,N/A,MDG,Madagascar,46.33353965100008,-15.79112910799995,46.42665256400005,-15.750092871999982
30_11602,Sonsonate,SLV,El Salvador,-89.75496015099998,13.702128512000058,-89.69401291699995,13.792087914000035
30_5290,Ende,IDN,Indonesia,121.62731203300007,-8.869591279999952,121.68596478800009,-8.81271779399998
30_7149,Madanapalle,IND,India,78.48341066800003,13.538599610000063,78.52569149600004,13.587653746000058
30_8484,Singrimari,IND,India,89.85123387500005,25.585605577000024,89.97540513500007,25.745481141000027
30_5822,Rewari,IND,India,76.58925071200008,28.17076528900003,76.66154506800007,28.221683830000075
30_10391,Zoetermeer,NLD,Netherlands,4.447637501000031,51.97789557600004,4.557038607000038,52.08464554200003
30_5507,Nagaur,IND,India,73.70190739900005,27.17120459800003,73.76975016200004,27.221946692000074
30_8931,Triest,ITA,Italy,13.740060520000043,45.58880817000005,13.838370499000064,45.69062959900003
30_2838,Anji,CHN,China,119.58696909800005,30.59994536000005,119.71412112000007,30.66845611100007
30_9107,Taraz,KAZ,Kazakhstan,71.31288906700007,42.846337592000054,71.42301233200004,42.955504853000036
30_5203,Bondowoso,IDN,Indonesia,113.77881725300006,-7.968122765999965,113.86776545600003,-7.886947986999928
30_449,Ulipur,BGD,Bangladesh,89.53868643800007,25.62767020900003,89.69670867000008,25.745481141000027
30_3045,Chumen,CHN,China,121.25336823800001,28.179251074000035,121.33613029800006,28.28110042800006
30_8700,Qaem Shahr,IRN,Iran,52.799034790000064,36.42484136300004,52.90933519200007,36.50390407500004
30_10773,Colón,PAN,Panama,-79.92135351499996,9.324702435000063,-79.78941474099997,9.381607074000044
30_12176,Ternopil,UKR,Ukraine,25.54137664800004,49.51891946900008,25.652255152000066,49.595055400000035
30_2619,Rongcheng,CHN,China,122.3769738090001,37.11106814800007,122.52374859100007,37.18158167000007
30_8414,Katwa,IND,India,88.10192581500007,23.614696559000038,88.16150559100004,23.664873279000062
30_10838,Puerto Princesa,PHL,Philippines,118.70731766600011,9.723110739000049,118.78069442000003,9.796307300000024
30_3030,Xiangshan,CHN,China,121.84898662300009,29.438017048000063,121.92057924700009,29.49769748700004
30_8333,Durgapur,IND,India,87.28830731200009,23.46421013500003,87.37231056100006,23.547805621000066
30_805,Passo Fundo,BRA,Brazil,-52.46996876299994,-28.289589537999973,-52.35382574999994,-28.22168382999996
30_10055,Omoko,NGA,Nigeria,6.632936372000074,5.316529069000069,6.673226412000076,5.365136089000032
30_809,Araçatuba,BRA,Brazil,-50.48333852999997,-21.239375263999932,-50.38956142999996,-21.16461127499997
30_2561,Rushan,CHN,China,121.48968326200009,36.86446444400008,121.60161689800009,36.93489202500007
30_10038,Uromi,NGA,Nigeria,6.302565752000021,6.686239789000069,6.3729019320000475,6.734893808000038
30_12817,Củ Chi,VNM,Vietnam,106.46182717900007,10.927601585000048,106.56559420700006,10.99276061200004
30_711,Baranovichi,BLR,Belarus,25.93881577700006,53.09863459800005,26.093627077000065,53.16719656600003
30_2980,Anxi,CHN,China,118.12764031100005,25.039271813000028,118.21751983700005,25.089663576000078
30_759,Santarém,BRA,Brazil,-54.75919962399996,-2.4751247729999477,-54.67892433399999,-2.410400797999955
30_4365,Asella,ETH,Ethiopia,39.114453680000054,7.927534610000066,39.146954347000076,7.9843584590000205
30_4820,Labé,GIN,Guinea,-12.321343078999973,11.286044870000069,-12.240332291999948,11.351234607000038
30_4564,Lens,FRA,France,2.7106951440000557,50.39716554200004,3.0280448190000584,50.47381652400003
30_8692,Amol,IRN,Iran,52.30815272900003,36.43362461300006,52.422062019000066,36.512690693000025
30_2472,Xinyi,CHN,China,118.29340830500007,34.336026798000034,118.38332253500005,34.44912822800006
30_1982,Hulan,CHN,China,126.47115227200004,45.84812563700007,126.62428938300002,45.940847731000076
30_5954,Greater Noida,IND,India,77.47121888900006,28.408464052000056,77.58315831100003,28.510396718000038
30_2520,牟平区,CHN,China,121.54222161500002,37.35797384400007,121.65217856700008,37.428574268000034
30_2376,Xinshi,CHN,China,113.09414294100009,28.75688844000007,113.21897192200004,28.799409233000063
30_12748,Bắc Giang,VNM,Vietnam,106.13320598700005,21.239375264000046,106.29027784900006,21.37232471300007
30_2717,Poyang,CHN,China,116.64203616400005,28.969558239000037,116.74557225400008,29.02062356700003
30_9820,Kuala Terengganu,MYS,Malaysia,103.07395757500007,5.284125206000056,103.16483283500008,5.381338758000027
30_3586,Aflou,DZA,Algeria,2.0749880700000745,34.09261836400003,2.1202598790000593,34.12737480000004
30_1236,Jiayuguan,CHN,China,98.22539870100007,39.755037842000036,98.33116905100007,39.82652802600006
30_8555,Hojai,IND,India,92.82304255000008,25.989659483000025,92.89352387200006,26.04020311900007
30_9638,Mawlamyinegyunn,MMR,Myanmar,95.24778961800007,16.365973834000044,95.28098117000008,16.39884141400006
30_11436,Geneina,SDN,Sudan,22.420601095000052,13.415981142000021,22.482918356000027,13.473200103000067
30_10338,Biu,NGA,Nigeria,12.16194327900007,10.585605674000021,12.212365930000033,10.63445318600003
30_3801,Minyat Sultan,EGY,Egypt,31.184605399000077,29.395396293000033,31.29166764000007,29.514751484000044
30_6022,Govardhan,IND,India,77.43460250200008,27.467324119000068,77.50348281300006,27.535050813000055
30_8341,Pakur,IND,India,87.82642828000007,24.61964427500004,87.90091248100003,24.678359699000055
30_10426,Bergen,NOR,Norway,5.22388939800004,60.275091373000066,5.384418800000049,60.42219971900005
30_7041,Kuzhittura,IND,India,77.18109568000006,8.276643679000074,77.25946623200008,8.34972784200005
30_2928,Haiyan,CHN,China,120.87610602100006,30.471537013000045,120.97258960400006,30.565696856000045
30_11877,Ubon Ratchathani,THA,Thailand,104.81352029600004,15.216906495000046,104.90794233200006,15.290701137000042
30_7520,Mayiladuthurai,IND,India,79.60420359200003,11.082363272000066,79.66888452500007,11.114948656000024
30_11458,Mellit,SDN,Sudan,25.523038109000026,14.111142303000065,25.565985134000073,14.16024264400005
30_1907,Ruzhou,CHN,China,112.79932015300005,34.13606474900007,112.8883717440001,34.19690383400007
30_3146,Kinzao,COD,Democratic Republic of the Congo,13.278180717000055,-5.510966104999966,13.318205376000037,-5.478558261999979
30_4834,Brikama,GMB,Gambia,-16.680460007999955,13.25252701900007,-16.609090701999946,13.293386594000026
30_8368,Kendrapara,IND,India,86.37048177100007,20.475791118000075,86.44780775900006,20.525545357000055
30_13059,Livingstone,ZMB,Zambia,25.81817152700006,-17.871905083999934,25.892400105000036,-17.822455385999945
30_7167,Namakkal,IND,India,78.13594819100007,11.196418218000076,78.22273769300006,11.269748322000055
30_448,Kurigram,BGD,Bangladesh,89.59777134500007,25.787567210000077,89.67231192000008,25.854916720000062
30_4746,Norwich,GBR,United Kingdom,1.1997844360000727,52.600312650000035,1.3772196250000661,52.678342300000054
30_849,Recanto Das Emas,BRA,Brazil,-48.11624781199998,-15.93888590299997,-48.037412065999945,-15.889629040999978
30_12185,Bila Tserkva,UKR,Ukraine,30.059641628000065,49.76652204700008,30.200153297000043,49.83326395900008
30_1942,Qian'An,CHN,China,118.65977934300008,39.960647288000075,118.75398180700006,40.04116611100005
30_11525,Atbara,SDN,Sudan,33.96696052800007,17.682376274000035,34.02222569200006,17.781251303000033
30_11972,Düzce,TUR,Turkey,31.103499132000024,40.82136994000007,31.207653434000065,40.89328402900003
30_782,Parauapebas,BRA,Brazil,-49.92297991299995,-6.102532291999978,-49.87245288299994,-6.03769135899995
30_2910,Haining,CHN,China,120.63763391000009,30.497213551000073,120.74937008500001,30.565696856000045
30_5205,Sumenep,IDN,Indonesia,113.8322312460001,-7.075525021999965,113.97256686000003,-6.978192200999956
30_3779,Abu Qurqas,EGY,Egypt,30.787405575000037,27.899354221000067,30.85805620900004,27.958703253000067
30_7509,Bhabua,IND,India,83.58488235000004,25.014078881000046,83.63085799700008,25.064466710000033
30_7293,Chittoor,IND,India,79.03152798200006,13.178986387000066,79.14965948200006,13.25252701900007
30_10754,Depalpur,PAK,Pakistan,73.61929785300003,30.64276243000006,73.68341157000003,30.694152376000034
30_5558,Himatnagar,IND,India,72.93266132000008,23.53944516400003,73.00061413900005,23.631421320000072
30_10995,Częstochowa,POL,Poland,19.046340173000033,50.76166749600003,19.18673655500004,50.86737623600004
30_9086,Oral,KAZ,Kazakhstan,51.34016971800003,51.17539688700003,51.50788906900004,51.27180858600008
30_3431,Limassol,CYP,Cyprus,32.981596652000064,34.649372336000056,33.136727937000046,34.71906511200007
30_5105,Wangon,IDN,Indonesia,109.04703245000007,-7.594768818999967,109.23770867900004,-7.505507155999965
30_12765,Xuân Trường,VNM,Vietnam,106.19571971400006,20.243685626000058,106.41371679200006,20.359721757000045
30_5037,Kotabumi,IDN,Indonesia,104.85763155100005,-4.862932594999961,104.93995972000005,-4.806241486999966
30_3159,Kahemba,COD,Democratic Republic of the Congo,18.942543346000036,-7.3188916969999696,18.972838895000052,-7.278327099999956
30_2092,Xinmin,CHN,China,122.75875367000003,41.966511196000056,122.87770042300008,42.02985054000004
30_6902,Varkala,IND,India,76.63905830200008,8.72335193300006,76.77044495700005,8.82896701900006
30_11360,Angarsk,RUS,Russia,103.80760916600008,52.483363791000045,103.96115253700003,52.61981527100005
30_5317,Kel Rijali,IDN,Indonesia,128.15589192200002,-3.6889582999999675,128.21870297700002,-3.6403941559999566
30_1554,Fula'Erji,CHN,China,123.558042795,47.160923368000056,123.68152673100008,47.245123024000065
30_165,San Luis,ARG,Argentina,-66.38853933499996,-33.337981670999966,-66.28293090299996,-33.260057519999975
30_3203,Buta,COD,Democratic Republic of the Congo,24.722954436000066,2.774489403000075,24.763422673000036,2.8311291260000644
30_2875,Nanxun,CHN,China,120.35113561700007,30.83981349000004,120.474799544,30.925535524000054
30_6950,Balrampur,IND,India,82.13766795800007,27.391150439000057,82.20309128400004,27.441930678000062
30_11562,Saint-Louis,SEN,Senegal,-16.514844952999965,15.97993681500003,-16.47226313799996,16.05383656600003
30_5495,Moga,IND,India,75.13024121500007,30.79696333100003,75.22892366800005,30.848384389000046
30_8094,Forbesganj,IND,India,87.21319956600007,26.276183094000032,87.29580053500007,26.318341488000044
30_8857,Al Qurna,IRQ,Iraq,47.39314136100006,30.968407427000045,47.46164873500004,31.03701761600007
30_10841,Tarlac City,PHL,Philippines,120.55978563200006,15.430118139000058,120.67799831700006,15.512144825000064
30_7827,Balangir,IND,India,83.45325962300006,20.683141186000057,83.51090943300005,20.72462411300006
30_8654,Borujerd,IRN,Iran,48.705686857000046,33.87551212000005,48.786010032000036,33.93628081700007
30_2157,Tieling,CHN,China,123.76205687000004,42.247193380000056,123.87894456300012,42.31970304500004
30_12333,Lubbock,USA,United States,-101.98193665699995,33.493908962000035,-101.80633241499999,33.61525895200003
30_10896,Dumaguete,PHL,Philippines,123.2600358630001,9.259672909000074,123.32216284100002,9.365348242000039
30_11216,Dzerzhinsk,RUS,Russia,43.36754012500006,56.215826553000056,43.67767516400005,56.27626834800003
30_12774,Ha Long,VNM,Vietnam,106.98297179900004,20.932103880000057,107.17338817800004,20.99021778100007
30_2823,Dingshu,CHN,China,119.78223708700011,31.225792179000052,119.89731808800002,31.303059162000068
30_9027,Sakaide,JPN,Japan,133.7137588590001,34.214289466000025,133.91157024400002,34.36212202000007
30_11336,Nizhnevartovsk,RUS,Russia,76.47019347000008,60.886120567000034,76.64602819900006,60.970731098000044
30_6017,Karauli,IND,India,77.00289000400005,26.478596589000063,77.04196432000003,26.52078304300005
30_11399,Hail,SAU,Saudi Arabia,41.63557592900003,27.467324119000068,41.74781420700003,27.577388029000076
30_2024,Jishou,CHN,China,109.67305100500005,28.238658721000036,109.76504467500007,28.34052958600006
30_12231,Horlivka,UKR,Ukraine,37.92699808400005,48.26887412000008,38.13650763100003,48.38204105800003
30_8601,Khoy,IRN,Iran,44.91007614700004,38.52612851400005,44.99838023600006,38.57939360700004
30_8812,Hamadi Al Hamad,IRQ,Iraq,44.21135114000003,33.57191229000006,44.264353791000076,33.606588963000036
30_6807,Mandya,IND,India,76.86428326700008,12.509332346000065,76.93667616700003,12.541982702000041
30_2739,Jurong,CHN,China,119.13646658200003,31.904848721000064,119.23342354200008,31.98232886900007
30_5018,Tembilahan,IDN,Indonesia,103.14111884100004,-0.339683283999932,103.18117675200006,-0.29924464699996633
30_3396,Villa Del Rosario,COL,Colombia,-72.52648671799994,7.797662772000024,-72.42439389999998,7.862596746000065
30_9899,Iwere,NGA,Nigeria,3.3327965390000713,8.008712462000062,3.37303397200003,8.057422143000053
30_1060,Camaçari,BRA,Brazil,-38.348996203999945,-12.737918227999955,-38.29681694599998,-12.68076442499995
30_11978,Karabük,TUR,Turkey,32.585778721000054,41.16322305600005,32.69166613400006,41.27131492900003
30_10672,Ahmadpur East,PAK,Pakistan,71.22893738400006,29.114268184000025,71.30121524000003,29.165360663000058
30_5006,Muara Bungo,IDN,Indonesia,102.07437779000009,-1.5448184189999665,102.13472685800008,-1.447753582999951
30_8394,Jaigaon,IND,India,89.36111549300006,26.824699872000053,89.41051097500008,26.875382642000034
30_3676,Ambato,ECU,Ecuador,-78.66701626999998,-1.2940708069999687,-78.59670441199995,-1.2293633619999582
30_12926,Al Misrakh,YEM,Yemen,43.97117998400006,13.432328884000071,44.06803969600003,13.55495055800003
30_12204,Sumy,UKR,Ukraine,34.731094806000044,50.86737623600004,34.86387022800005,50.96355178700003
30_4667,Aberdeen,GBR,United Kingdom,-2.1972740309999494,57.095694009000056,-2.063273917999936,57.19731284100004
30_2846,Zijin,CHN,China,115.14721731600002,23.614696559000038,115.21041556900002,23.648146893000046
30_5863,Nandurbar,IND,India,74.22701147200007,21.347393200000056,74.26871789700004,21.405569246000027
30_8803,Samarra,IRQ,Iraq,43.83838309500004,34.16213662000007,43.91136537500006,34.214289466000025
30_9096,Kyzylorda,KAZ,Kazakhstan,65.44990954700006,44.758270683000035,65.56955251300008,44.87796025400007
30_10735,Arifwala,PAK,Pakistan,73.02441066900008,30.257665118000034,73.10186426200005,30.317531433000056
30_543,Trishal,BGD,Bangladesh,90.26186254500004,24.477093215000025,90.41813736800003,24.594483730000036
30_10204,Abakaliki,NGA,Nigeria,8.082261301000074,6.29707324900005,8.142509760000053,6.345712816000059
30_2713,Yizhen,CHN,China,119.10256887900005,32.24077500400006,119.26062554200007,32.31836288000005
30_5326,Biak Kota,IDN,Indonesia,136.04433206700003,-1.1970098659999735,136.1251417740001,-1.1484798959999694
30_843,Águas Lindas De Goiás,BRA,Brazil,-48.322209434999934,-15.79933673499994,-48.232673345999956,-15.700853564999932
30_5169,Tuban,IDN,Indonesia,112.00238709500002,-6.937639151999974,112.10379814400005,-6.864647028999968
30_9799,Mzuzu,MWI,Malawi,33.982995069000026,-11.48163120199996,34.03714063800004,-11.408280297999966
30_5121,Banjarnegara,IDN,Indonesia,109.57240196400005,-7.4243662779999795,109.73287413200006,-7.351344390999941
30_12490,Greensboro,USA,United States,-79.99624752199998,36.00368183000006,-79.72903968399999,36.13520273600005
30_3422,Las Tunas,CUB,Cuba,-77.01274937899996,20.94040533900005,-76.90335973799995,20.981915268000023
30_2197,Shulan,CHN,China,126.90416240800005,44.38138940700003,127.01580513300007,44.45485599400007
30_10314,N/A,NGA,Nigeria,11.237158013000055,10.292582621000065,11.257493699000065,10.30072073100007
30_6073,Gokul,IND,India,77.66623877500007,27.357301859000074,77.72433098900007,27.450394912000036
30_8586,Tinsukia,IND,India,95.29627401900007,27.441930678000062,95.39133763600006,27.51811765800005
30_913,Balneário Camboriú,BRA,Brazil,-48.676705107999965,-27.044387573999984,-48.58870126599993,-26.968323452999982
30_13075,Kabwe,ZMB,Zambia,28.395745255000065,-14.471306303999938,28.478463298000065,-14.381244598999956
30_4672,Swindon,GBR,United Kingdom,-1.8531969249999634,51.54215908400005,-1.7182147849999296,51.609838962000026
30_12043,Siverek,TUR,Turkey,39.29437588300004,37.72890602500007,39.35503103000008,37.77311092800005
30_7,Shindand,AFG,Afghanistan,62.13574033100008,33.28602932100006,62.18419206000004,33.32932213500004
30_1818,Wu'An,CHN,China,114.14628040900004,36.66212068300007,114.272206503,36.750071588000026
30_11605,Lourdes,SLV,El Salvador,-89.43569312899996,13.702128512000058,-89.33271976699996,13.832982926000057
30_2861,Bixi,CHN,China,120.82781634000003,31.68975501500006,120.9910899250001,31.767166979000024
30_3384,Tunja,COL,Colombia,-73.37891828999994,5.502864081000041,-73.33075194999998,5.583886233000044
30_11155,Ploiești,ROU,Romania,25.968298515000072,44.90559406500006,26.109651608000036,44.97009218200003
30_9722,Manga,MOZ,Mozambique,34.823039778000066,-19.796424902999945,34.89415411500005,-19.73020504599998
30_10752,Bahawalnagar,PAK,Pakistan,73.22894407300004,29.96708142500006,73.28740031500007,30.018337443000064
30_6568,Udgir,IND,India,77.09050365600007,18.374944554000024,77.14203474100003,18.40795012600006
30_12533,Reading,USA,United States,-76.04770084599994,40.29189740400005,-75.83270822099996,40.42636087200003
30_10716,Samundri,PAK,Pakistan,72.91957445300005,31.03701761600007,72.98956114900005,31.079908470000078
30_2109,Caoxian,CHN,China,115.49740326100004,34.78006444000005,115.60222429300006,34.919555342000024
30_12117,Songea,TZA,Tanzania,35.611995612000044,-10.699587857999973,35.68436417700008,-10.626311726999973
30_12491,Lansing,USA,United States,-84.65317101899996,42.62821842100004,-84.43901399199996,42.77359938600006
30_760,Rondonópolis,BRA,Brazil,-54.68866573199995,-16.489238194999928,-54.59364920899998,-16.423493488999952
30_3248,Nyunzu,COD,Democratic Republic of the Congo,28.000949826000067,-5.964748859999929,28.03149356700004,-5.940435521999973
30_5698,Shimla,IND,India,77.13196650400005,31.079908470000078,77.18458011100006,31.13138715300005
30_8950,Messina,ITA,Italy,15.50123986500006,38.10939384400007,15.654558929000075,38.277752931000066
30_2563,Wuxue,CHN,China,115.5192967380001,29.813373270000056,115.61261948800006,29.890216139000074
30_9036,Fukui,JPN,Japan,136.1668314220001,36.00368183000006,136.26546448800002,36.13520273600005
30_3623,El Eulma,DZA,Algeria,5.639907549000043,36.126432101000034,5.72046259800004,36.17906144500006
30_2104,Gongzhuling,CHN,China,124.75718616800009,43.47504239400007,124.88952787900007,43.53895956900004
30_5595,Makrana,IND,India,74.65824732500005,26.95987308800005,74.76168985100003,27.06129336500004
30_12517,Dale City,USA,United States,-77.40390985199997,38.59715192800007,-77.22303833499996,38.70373649900006
30_3051,Pingtan,CHN,China,119.75251588900005,25.442627741000024,119.87510694100001,25.577193325000053
30_8664,Abadan,IRN,Iran,48.21638644300003,30.308978256000046,48.351053946000036,30.385967023000035
30_1025,Rio Das Ostras,BRA,Brazil,-42.01726267799995,-22.67104419599997,-41.89725391099995,-22.47094383299998
30_3038,金峰镇,CHN,China,119.55191102100002,25.922280794000073,119.69034636000004,26.048627862000046
30_3612,M'Sila,DZA,Algeria,4.4966596580000555,35.67086340700007,4.564165348000074,35.74088686500005
30_11304,Khasavyurt,RUS,Russia,46.54324727000005,43.21962477500006,46.64484499400004,43.283441664000065
30_11866,Nakhon Ratchasima,THA,Thailand,102.01256324900004,14.930020699000067,102.14747140200006,15.011973014000034
30_3327,Palmira,COL,Colombia,-76.32105175699996,3.502801153000064,-76.26904797199995,3.5594561400000657
30_6572,Pusad,IND,India,77.53439865100006,19.87093479500004,77.58842205200006,19.937177013000053
30_3039,Duqiao,CHN,China,121.46334757300008,28.714374203000034,121.60699101700004,28.782400128000063
30_2245,Gaizhou,CHN,China,122.29494154000008,40.35463453700004,122.40292246400008,40.43532867500005
30_11097,Kimch'Aek,PRK,North Korea,129.154793325,40.65069061000003,129.2448496080001,40.73151830200004
30_8046,Jamalpur,IND,India,86.46749869200005,25.27450095900008,86.51425356500005,25.333335238000075
30_10468,Muscat,OMN,Oman,58.52054425400007,23.564527141000042,58.58963418400003,23.631421320000072
30_2113,Shuantaizi,CHN,China,121.9601318770001,41.17222816300006,122.08971781800005,41.23527688400003
30_8258,Kishanganj,IND,India,87.91119827800009,26.065478037000048,87.99203566800009,26.12446089900004
30_10529,Timergara,PAK,Pakistan,71.79832965700007,34.78006444000005,71.94072243200003,34.875954867000075
30_911,Rio Claro,BRA,Brazil,-47.601716711999984,-22.454273780999927,-47.53182184099995,-22.362602102999972
30_2403,Qidong,CHN,China,112.05039394200003,26.765580838000062,112.21614042600004,26.807807527000023
30_3574,Saida,DZA,Algeria,0.12404490500006204,34.81492882300006,0.18045277400005943,34.91083454900007
30_3506,Brunswick,DEU,Germany,10.46377969200006,52.21092578900004,10.59457668300007,52.33733813400005
30_2941,Longjiang,CHN,China,116.13172609000003,22.96305671600004,116.25328976600008,23.029836001000035
30_4257,ቡሌ ሆራ / Bule Hora,ETH,Ethiopia,38.21873662400003,5.616296292000072,38.24974739800007,5.656809837000026
30_4596,Mulhouse,FRA,France,7.257139930000051,47.72319773500004,7.424923052000054,47.82652436600006
30_8385,Balasore,IND,India,86.90572808700006,21.47206695400007,86.97567910700008,21.51363388900006
30_5543,Gandhinagar,IND,India,72.60096203300003,23.171783825000034,72.68169896300003,23.272016740000026
30_1199,Puerto Montt,CHL,Chile,-72.99404358599998,-41.48769978099995,-72.89698074599994,-41.44259739699993
30_12412,Fargo,USA,United States,-96.94450486499994,46.78729800800005,-96.68096935599999,46.92729418500005
30_11369,Komsomolsk-On-Amur,RUS,Russia,136.93080271400004,50.521746661000066,137.11595154500003,50.61766083600003
30_9552,Kayes,MLI,Mali,-11.480953037999939,14.430367441000044,-11.409186533999957,14.471306304000052
30_11011,Rzeszów,POL,Poland,21.944314672000075,49.99549329100006,22.05994841200004,50.07190637900004
30_10780,Sullana,PER,Peru,-80.73358117099997,-4.919625529999962,-80.66116801099997,-4.879130388999954
30_2584,Suxian,CHN,China,113.07805252100002,25.804403225000044,113.12064713500001,25.838077979000047
30_1736,Wenshan,CHN,China,104.20267853600006,23.330499177000036,104.29973505000004,23.41406250800003
30_2604,Shayuan,CHN,China,110.96783440700005,21.480379980000066,111.06960580700007,21.54689069400007
30_1803,Jizhou,CHN,China,117.31308771600004,40.014322553000056,117.46943958700001,40.06801362400006
30_12201,Kremenchuk,UKR,Ukraine,33.38559676500006,49.00613815500003,33.50654392900003,49.119919829000025
30_2111,Shangcai,CHN,China,114.2088075470001,33.20812265100005,114.31436342200004,33.33798167100008
30_9083,Kisarazu,JPN,Japan,139.8008751870001,35.294881289000045,139.97827510500008,35.41722148900004
30_1722,Zhuozhou,CHN,China,115.89257921800004,39.451513317000035,116.0659415660001,39.558582769000054
30_8332,N/A,IND,India,87.94389600900007,24.99728468400008,88.05682184400007,25.056068193000044
30_8041,Srikakulam,IND,India,83.85257751100005,18.267693053000073,83.92469546700005,18.325440711000056
30_441,Ghoraghat,BGD,Bangladesh,89.26555987600005,25.215677509000045,89.45554826100005,25.316524337000033
30_9808,Kulim,MYS,Malaysia,100.51942353900006,5.332731245000048,100.58945797400008,5.454252822000058
30_3394,Yopal,COL,Colombia,-72.41323583399998,5.30842804200006,-72.37203878599996,5.357034816000066
30_9955,Ile Oluji,NGA,Nigeria,4.862842882000052,7.189089920000072,4.893138524000051,7.2377639080000336
30_1243,Wuwei,CHN,China,102.52586427300008,37.88809015600003,102.69546825700007,37.994284658000026
30_8850,Suq Al Shyukh,IRQ,Iraq,46.43429493700006,30.874098825000033,46.49173196800007,30.908388797000043
30_735,Tarija,BOL,Bolivia,-64.76594577899994,-21.555205348999948,-64.68476602899995,-21.497006572999965
30_8505,Bongaigaon,IND,India,90.49099784500004,26.453287535000072,90.60365841400005,26.52922103900005
30_2360,Lingshan,CHN,China,109.23446192000006,22.32927264400007,109.35068149800009,22.43760449000007
30_1341,Qingyang,CHN,China,107.60926339500008,35.688367103000076,107.68875525200008,35.758396348000076
30_9082,Tsuchiura,JPN,Japan,140.11905063000006,35.95985987300003,140.27170082800012,36.13520273600005
30_2377,Gushi,CHN,China,115.61723219700002,32.137363390000075,115.73212674400008,32.24077500400006
30_9956,Ore,NGA,Nigeria,4.859888769000065,6.718675595000036,4.920163431000049,6.775440250000031
30_45,Puli Khumri,AFG,Afghanistan,68.66573045500007,35.924808891000055,68.73296135200007,35.994916706000026
30_10601,Attock,PAK,Pakistan,72.31061117100006,33.745348325000066,72.40468555800004,33.79740488700003
30_4819,Kindia,GIN,Guinea,-12.90344271999993,9.99966364900007,-12.822660550999956,10.072883803000025
30_10366,Gwoza,NGA,Nigeria,13.677636534000044,11.074217143000055,13.718485135000037,11.106802179000056
30_1632,Gejiu,CHN,China,103.13053361600004,23.32214394400006,103.16766860100006,23.397348239000053
30_10586,Tando Adam,PAK,Pakistan,68.63531416300003,25.745481141000027,68.67933024900003,25.787567210000077
30_12156,Jinja,UGA,Uganda,33.16671553800006,0.3962974850000478,33.26661057900003,0.4852629670000397
30_10413,Nijmegen,NLD,Netherlands,5.69890115000004,51.793729133000056,5.890719478000051,51.880931274000034
30_11964,Uşak,TUR,Turkey,29.36973368400004,38.63267351400003,29.45347231200003,38.694852179000065
30_2102,Yushu,CHN,China,126.49621929600005,44.79508840400007,126.59712461400011,44.85954045500006
30_5080,Sumedang,IDN,Indonesia,107.88405115400008,-6.87275705299993,107.94644364900006,-6.80787834299997
30_150,San Salvador De Jujuy,ARG,Argentina,-65.34081610699997,-24.217304700999932,-65.25108110499997,-24.15867071699995
30_2517,Ganyu,CHN,China,119.08209988400006,34.797495937000065,119.19246593300011,34.91083454900007
30_2644,Lechang,CHN,China,113.31893128600007,25.106462580000027,113.37681867200001,25.156864856000027
30_4984,Rantau Prapat,IDN,Indonesia,99.78959185200006,2.0220806040000525,99.88688516400003,2.1272468550000667
30_3053,Man,CIV,Côte d'Ivoire,-7.572538979999933,7.375684507000074,-7.512018034999926,7.43248010700006
30_4574,Reims,FRA,France,3.970727421000049,49.20531941000007,4.1004181570000355,49.30027179700005
30_10034,Auchi,NGA,Nigeria,6.235516211000061,7.04307988100004,6.315990372000044,7.116082677000065
30_5235,Kecamatan Wanasaba,IDN,Indonesia,116.494907108,-8.633994257999973,116.64018093700008,-8.544644679999976
30_12653,Coro,VEN,Venezuela,-69.70868322999996,11.375682225000048,-69.61900552799995,11.432729791000042
30_11604,Santa Ana,SLV,El Salvador,-89.60204703899996,13.955684478000023,-89.52269623799998,14.01295372900006
30_10815,Ayacucho,PER,Peru,-74.24759982699999,-13.195328017999941,-74.18827004899998,-13.129963995999958
30_931,Indaiatuba,BRA,Brazil,-47.25615061199994,-23.138379200999964,-47.18037602299995,-23.054881474999945
30_11513,Shendi,SDN,Sudan,33.33837018200006,16.653637341000035,33.52146059300003,16.735857079000027
30_4273,Yirgalem,ETH,Ethiopia,38.35804991400005,6.726784675000033,38.43940309900006,6.759221517000071
30_3655,Portoviejo,ECU,Ecuador,-80.49945513599994,-1.0918619959999774,-80.42947211199998,-1.010979984999949
30_1240,Zhangye,CHN,China,100.39869615500004,38.88151002300003,100.53552351800005,38.979356505000055
30_3909,Jerez,ESP,Spain,-6.1681737409999755,36.644535036000036,-6.076623851999955,36.72368234400005
30_12478,Appleton,USA,United States,-88.52822091899998,44.14285923700004,-88.24131700799995,44.31713427900007
30_4558,Orléans,FRA,France,1.8434053570000515,47.85471756800007,1.9849021380000522,47.958141272000034
30_6397,Bagalkot,IND,India,75.63553667500008,16.135959686000035,75.71492804800005,16.193453603000023
30_8687,Qarchak,IRN,Iran,51.54664629700005,35.364781433000076,51.65379553000008,35.452188662000026
30_10427,Stavanger,NOR,Norway,5.65250347500006,58.81681663900008,5.776725373000033,59.013397197000074
30_3336,Florencia,COL,Colombia,-75.62074768099995,1.5933514670000477,-75.58026464299996,1.6418849530000443
30_2663,Funing,CHN,China,119.72732554600009,33.745348325000066,119.83892252100009,33.814759726000034
30_3317,El Esfuerzo,COL,Colombia,-77.01781031999997,3.858940897000025,-76.97693364799994,3.891319994000071
30_13021,Diepsloot,ZAF,South Africa,27.990101672000037,-25.947546086999978,28.03272078400005,-25.913859486999968
30_12447,Daytona Beach,USA,United States,-81.10415305899994,29.08021186900004,-80.95704018899994,29.38687295300008
30_3428,Guantanamo,CUB,Cuba,-75.23698899199997,20.119397822000053,-75.16683504699995,20.177394100000072
30_1466,Yintai,CHN,China,109.03882767800008,35.041683128000045,109.12442183700006,35.12895933900006
30_2574,Xuwen County,CHN,China,110.13369562600008,20.30169955200006,110.21425875100005,20.359721757000045
30_13037,Middelburg,ZAF,South Africa,29.391868397000053,-25.80440322499993,29.49027201800004,-25.72864829799994
30_5848,Shamli,IND,India,77.27813717200007,29.420967934000032,77.33651705000005,29.489170896000076
30_4,Toraghundi,AFG,Afghanistan,62.266217923000056,35.22500385600006,62.30015663200004,35.25993973800007
30_9952,Okitipupa,NGA,Nigeria,4.748318186000063,6.475426961000039,4.79845369700007,6.524073043000044
30_983,Sete Lagoas,BRA,Brazil,-44.268514581999966,-19.490245431999938,-44.193286452999985,-19.407532248999928
30_7214,Jolarpet,IND,India,78.54631136300003,12.460359769000036,78.59511246900007,12.590961205000042
30_11308,Kaspiysk,RUS,Russia,47.580833691000066,42.85543211300006,47.67328335700006,42.91910775500003
30_794,Chapecó,BRA,Brazil,-52.69301464599994,-27.137381394999977,-52.57839004699997,-27.061293364999983
30_11029,Jongju,PRK,North Korea,125.17913346800003,39.67464457700004,125.24958415700007,39.71037058600007
30_9397,Puerto Vallarta,MEX,Mexico,-105.25758125599998,20.591893932000062,-105.18095373399996,20.708030423000025
30_11509,Al Managil,SDN,Sudan,32.965054577000046,14.209347041000058,33.02904030000008,14.266640653000024
30_3558,Bashar,DZA,Algeria,-2.259738342999981,31.552193887000044,-2.193347441999947,31.638160588000062
30_12198,Kropyvnytskyi,UKR,Ukraine,32.19766750000008,48.46697736800007,32.32286888900006,48.55196629300008
30_12830,Hiệp Phước,VNM,Vietnam,106.90058074800004,10.69958785800003,106.97179280000006,10.813586434000058
30_6510,Kannauj,IND,India,79.89261343400005,27.010578889000044,79.95270241800006,27.06974662300007
30_2552,连云区,CHN,China,119.3124023790001,34.701639846000035,119.48928574400009,34.77134921100003
30_5413,Udhampur,IND,India,75.04900067400007,32.879470498000046,75.17194691100008,32.94862204000003
30_11042,Kaechon,PRK,North Korea,125.85860280000009,39.67464457700004,125.92751361500007,39.719303170000046
30_6064,Dhampur,IND,India,78.48853602200006,29.284613926000077,78.54012811400008,29.318695956000056
30_2556,Xinyi,CHN,China,110.89115555100005,22.304277539000054,110.97452993100006,22.379267970000058
30_3064,Gagnoa,CIV,Côte d'Ivoire,-5.978044694999937,6.102532292000035,-5.917575429999943,6.159270572000025
30_8862,Reykjavik,ISL,Iceland,-22.019692677999956,64.04158564500005,-21.74481241899997,64.16247832800008
30_11755,Ar Raqqah,SYR,Syria,38.93852091600007,35.933571088000065,39.063652008000076,35.97738755800003
30_11596,Makeni,SLE,Sierra Leone,-12.073089546999938,8.853341370000066,-12.022169374999976,8.926468138000075
30_2300,Qinzhou,CHN,China,108.58515068400004,21.92123097500007,108.66756508300006,22.012793112000054
30_11924,Hammam-Lif,TUN,Tunisia,10.27794338700005,36.68850198400003,10.426733213000034,36.75886876100003
30_238,Newcastle,AUS,Australia,151.59730067600003,-32.99185211599996,151.8178276430001,-32.870827986999984
30_3032,Putuo,CHN,China,122.24460970200005,29.924375716000043,122.33618223000008,29.992708183000047
30_9259,Galle,LKA,Sri Lanka,80.13108869700005,6.021481591000054,80.27755478900008,6.110637619000045
30_10552,Takht-E-Bhai,PAK,Pakistan,71.88564940600008,34.266454477000025,71.97282144300004,34.37082110800003
30_2488,Dunhua,CHN,China,128.18103426200003,43.329040435000024,128.27850837900007,43.39290016000007
30_6829,Muvattupuzha,IND,India,76.54431009200005,9.967123387000072,76.61778800300004,10.040340730000025
30_3615,Bejaia,DZA,Algeria,5.014148111000054,36.714886687000046,5.0953770350000696,36.78526255300005
30_8859,Az Zubayr,IRQ,Iraq,47.669715395000026,30.360301556000024,47.74051440200003,30.403078752000056
30_4705,Milton Keynes,GBR,United Kingdom,-0.8654316639999706,51.97789557600004,-0.7032598939999275,52.09435473700006
30_3482,Heidelberg,DEU,Germany,8.619022767000047,49.319270380000034,8.715614132000042,49.45233642300008
30_10724,Hasilpur,PAK,Pakistan,72.50114953300005,29.676818825000055,72.57412815600003,29.745087252000076
30_733,Sucre,BOL,Bolivia,-65.27860301499999,-19.060311014999968,-65.23527272999996,-19.010730723999927
30_10908,Cotabato,PHL,Philippines,124.21215020200009,7.172865701000035,124.26365928200005,7.2377639080000336
30_2359,Xiangyin,CHN,China,112.84675809600003,28.646365030000027,112.9185199320001,28.714374203000034
30_3867,Al Saaida,EGY,Egypt,32.68416429500007,25.779149543000074,32.75092671900006,25.812821572000075
30_2570,Siyang,CHN,China,118.62676114400006,33.67595809300008,118.79453423700011,33.75402359100008
30_11413,Unaizah,SAU,Saudi Arabia,43.94352960100008,26.031778606000046,44.05409983100003,26.12446089900004
30_2785,Yingtan,CHN,China,116.978019216,28.213196768000046,117.1056555340001,28.28958953800003
30_10065,Krakrama,NGA,Nigeria,6.749353460000066,4.741453861000025,6.799596478000069,4.8062414870000225
30_972,Divinópolis,BRA,Brazil,-44.934101116999955,-20.185679952999976,-44.842199567999955,-20.094544784999982
30_2839,锡北镇,CHN,China,120.41523636900001,31.655357528000025,120.60026574900007,31.75856444300007
30_1026,Macaé,BRA,Brazil,-41.84444181899994,-22.412601983999934,-41.73315024899995,-22.320940752999945
30_9534,San Cristóbal,MEX,Mexico,-92.68113795799997,16.694745522000062,-92.60978193099999,16.776972022000052
30_11917,Bizerte,TUN,Tunisia,9.806040255000028,37.225665175000074,9.931769793000058,37.34032763600004
30_1956,大港区,CHN,China,117.45061889200008,38.694852179000065,117.57943609800009,38.78371402000005
30_3514,Magdeburg,DEU,Germany,11.56082996400005,52.06522948300005,11.694590025000025,52.21092578900004
30_7148,Tanda,IND,India,82.62868495700008,26.52078304300005,82.70728654600003,26.571414551000032
30_1933,营城镇,CHN,China,117.75262013000008,39.201923785000076,117.85785560200009,39.282112624000035
30_7585,Ambikapur,IND,India,83.14224230400004,23.096627871000067,83.21901220400008,23.155081117000066
30_4571,Clermont-Ferrand,FRA,France,3.046382829000038,45.72767264000004,3.172891127000071,45.838856587000066
30_12399,Montgomery,USA,United States,-86.36332687999999,32.30974076700005,-86.12811387399995,32.41322659800005
30_9156,El Wak,KEN,Kenya,40.90904870600008,2.7906720740000424,40.93935379800007,2.823037672000055
30_11975,Zonguldak,TUR,Turkey,31.719270661000053,41.42455972400006,31.88747098600004,41.50574401800003
30_12688,Santa Teresa Del Tuy,VEN,Venezuela,-66.75460357399999,10.219343241000047,-66.63952129699999,10.30072073100007
30_12287,Moreno Valley,USA,United States,-117.31703967199996,33.87551212000005,-117.18265644299998,33.97969703700005
30_12206,Kamianske,UKR,Ukraine,34.55831379500006,48.45753740600003,34.75721302200003,48.54252047400007
30_1556,Ulan Hot,CHN,China,122.00165527500008,46.03362744100008,122.11705037800004,46.098607654000034
30_3749,Al Manshiyah Al Qibliyah,EGY,Egypt,30.65454750300006,27.84001752000006,30.727560955000058,28.060473243000047
30_3423,Bayamo,CUB,Cuba,-76.67209027499996,20.343143138000073,-76.58411422999995,20.401171274000035
30_8893,Brescia,ITA,Italy,10.151137136000045,45.505550750000054,10.286019707000037,45.60731604700004
30_5484,Patan,IND,India,72.09951871900006,23.823814621000054,72.16567124500006,23.87402197600005
30_12979,Somerset West,ZAF,South Africa,18.809486450000065,-34.162136619999956,18.88404016900006,-34.057867304999945
30_12173,Lutsk,UKR,Ukraine,25.256976180000038,50.69444411100005,25.422916472000054,50.79048841200006
30_2135,Zouping,CHN,China,117.6783279330001,36.838060391000056,117.84475321100001,36.92608724200005
30_2719,Heshan,CHN,China,112.90109706300007,22.746110412000064,112.98737063500005,22.804506090000075
30_5722,Chittorgarh,IND,India,74.60221563500005,24.84617604300007,74.67183020800007,24.988887912000052
30_9016,Aomori,JPN,Japan,140.64796076400012,40.76745350500005,140.83797317900007,40.875302770000076
30_2394,兰陵县,CHN,China,117.97100097900011,34.81492882300006,118.1150013890001,34.893394011000055
30_11507,Rabak,SDN,Sudan,32.71289376400006,13.154474723000021,32.773754962000055,13.211670066000067
30_152,La Rioja,ARG,Argentina,-66.91306168099999,-29.463592750999965,-66.80090200499995,-29.386872952999965
30_5869,Dausa,IND,India,76.29831157700005,26.875382642000034,76.39108653700004,26.91762486600004
30_10404,Tilburg,NLD,Netherlands,4.968716392000033,51.50350150100007,5.158108863000052,51.600168136000036
30_9252,Jaffna,LKA,Sri Lanka,79.98199099700008,9.641788415000065,80.06372724400006,9.780040866000036
30_2767,增城区,CHN,China,113.74833615000011,23.25530926600004,113.85792087000004,23.32214394400006
30_4493,Harar,ETH,Ethiopia,42.08043198800004,9.284058440000024,42.150851071000034,9.324702435000063
30_110,Ondjiva,AGO,Angola,15.696055881000063,-17.081328734999943,15.747779362000074,-17.04841622899994
30_1158,Bern,CHE,Switzerland,7.365794684000036,46.91795689200006,7.532803533000049,47.01135701700008
30_13089,Kasama,ZMB,Zambia,31.156755563000047,-10.260030985999947,31.22729155500008,-10.186794480999936
30_5142,Purwodadi,IDN,Indonesia,110.87349733100007,-7.172865700999978,110.95210701200006,-7.018746594999925
30_6332,Khamgaon,IND,India,76.51526734300006,20.683141186000057,76.59066912300005,20.741218495000055
30_8235,Darjeeling,IND,India,88.23734571100005,27.01903069800005,88.27528131400004,27.06974662300007
30_13035,Emalahleni,ZAF,South Africa,29.162451367000074,-25.947546086999978,29.276734213000054,-25.85491671999995
30_132,Dundo,AGO,Angola,20.791175219000024,-7.4243662779999795,20.851115481000022,-7.335117930999957
30_5865,Baraut,IND,India,77.22861407100004,29.037647466000067,77.31061250300007,29.114268184000025
30_3953,Castellón De La Plana,ESP,Spain,-0.12946474999995417,39.91592994700005,-0.011772412999960125,40.02326996600004
30_1805,Xinji,CHN,China,115.14366652800004,37.87924321100007,115.26790650200007,37.958880091000026
30_9629,Hinthada,MMR,Myanmar,95.42359936100007,17.616471122000064,95.48527571500006,17.67413762700005
30_2134,嘉祥县,CHN,China,116.27922664300002,35.364781433000076,116.45798912400005,35.46093134800003
30_127,Menongue,AGO,Angola,17.64804158000004,-14.692426232999935,17.720965290000038,-14.618710158999932
30_4810,Ho,GHA,Ghana,0.44082072500003733,6.572720934000074,0.5009579860000599,6.637587625000037
30_11656,Niš,SRB,Serbia,21.852028263000022,43.30167964300006,21.98579137400003,43.34728351500007
30_9376,Malé,MDV,Maldives,73.49644213800008,4.166561976000025,73.52736005800006,4.19894576400003
30_5496,Palanpur,IND,India,72.39260824200005,24.150295269000026,72.45892020500008,24.217304701000046
30_5907,Ratnagiri,IND,India,73.26310021500007,16.97437117100003,73.36964967400007,17.01550593500002
30_5217,Tabanan,IDN,Indonesia,115.0797974080001,-8.609625391999941,115.15865677200009,-8.520278007999934
30_1800,Anda,CHN,China,125.27497608700003,46.37741750200007,125.37994309500004,46.433242764000056
30_11131,Nablus,PSE,Palestina,35.196789599000056,32.180446173000064,35.31645459900005,32.24939464300007
30_1024,Cabo Frio,BRA,Brazil,-42.08213766099993,-22.912980482999956,-41.994992767999975,-22.82119231599995
30_9029,Akita,JPN,Japan,140.02932419600006,39.665714157000025,140.17260118500008,39.78184340200005
30_10871,San Pablo,PHL,Philippines,121.27155269400009,14.04568146500003,121.36901286300008,14.111142303000065
30_1712,Xingyi,CHN,China,104.83229509000006,25.056068193000044,104.94120137300007,25.173667372000068
30_3614,Bordj Bou Arreridjj,DZA,Algeria,4.714712490000068,36.04751294700003,4.806487470000036,36.10889193600008
30_9809,Taiping,MYS,Malaysia,100.69550101200008,4.798142906000066,100.76070956800004,4.919625530000076
30_3847,Nida,EGY,Egypt,31.609281921000047,26.588293606000036,31.752658962000055,26.66426104900006
30_490,Jhenaidah,BGD,Bangladesh,89.15155149100008,23.50600535700005,89.20420903900003,23.564527141000042
30_3930,Santander,ESP,Spain,-3.908981856999958,43.39290016000007,-3.7513846629999534,43.49330187100003
30_5596,Beawar,IND,India,74.28066663500005,26.065478037000048,74.36059389900004,26.149742726000056
30_12389,Pensacola,USA,United States,-87.32771391399996,30.32608489200004,-87.07195514099999,30.55713544400004
30_1287,Muse,CHN,China,97.82760750000006,23.966088033000062,97.92257551500006,24.033060861000024
30_4927,Saint-Marc,HTI,Haiti,-72.73228427199996,19.085103279000066,-72.67253354299999,19.126426864000052
30_184,Paraná,ARG,Argentina,-60.562270437999985,-31.78437295799995,-60.458947422999984,-31.698355137999954
30_855,Sapucaia Do Sul,BRA,Brazil,-51.19419451699997,-29.864599362999968,-51.11519871599995,-29.804836553999962
30_6350,Datia,IND,India,78.42194914900006,25.63608381000006,78.48235580400006,25.69498532500006
30_10770,Shakar Garh,PAK,Pakistan,75.12193364000007,32.23215567500006,75.19279982800003,32.283876286000066
30_11902,Mary,TKM,Turkmenistan,61.79307737000005,37.561017529000026,61.89920012600004,37.667035791000046
30_12435,Roswell,USA,United States,-84.40238428299995,33.988381283000024,-84.12789108999993,34.11868518600005
30_3212,Luena,COD,Democratic Republic of the Congo,25.778226997000047,-9.454775434999931,25.79947704800003,-9.414125612999953
30_4799,Koforidua,GHA,Ghana,-0.29037714899993716,6.029586452000046,-0.23028197099995396,6.12684841500004
30_5383,Pampore,IND,India,74.89681661000003,33.97969703700005,74.96079964600005,34.066554566000036
30_10475,Panjgur,PAK,Pakistan,64.01926611700003,26.951422963000027,64.16279909300005,27.010578889000044
30_3802,Al-Wasitah,EGY,Egypt,31.157040600000073,29.293134030000033,31.225933131000033,29.369827085000054
30_3519,Halle (Saale),DEU,Germany,11.893934478000062,51.41656602200004,12.031245910000052,51.52282878300008
30_1474,Anning,CHN,China,102.41753632200005,24.879749667000056,102.53846866200007,24.96369890400007
30_3252,Kamituga,COD,Democratic Republic of the Congo,28.17204908700006,-3.081975229999955,28.21199527500005,-3.0415146969999682
30_10012,Ovwian,NGA,Nigeria,5.77350868000002,5.470456407000029,5.88372382600005,5.519068171000072
30_12452,Rockford,USA,United States,-89.15041062999995,42.20189063500004,-88.95385867099998,42.38317459000007
30_3210,Kabondo-Dianda,COD,Democratic Republic of the Congo,25.64435763800003,-8.918342664999955,25.685273315000074,-8.893966661999968
30_4858,Quetzaltenango,GTM,Guatemala,-91.60527529599995,14.815307497000049,-91.46637807699994,14.889049023000041
30_3374,Tiquisio,COL,Colombia,-74.26836584899996,8.552767037000024,-74.25636243899999,8.569011949000071
30_1337,Pengzhou,CHN,China,103.89612693800007,30.916962015000024,103.99040157800005,31.028440321000062
30_3819,Abu Kabir‎,EGY,Egypt,31.61965542300004,30.70271837200005,31.692397227000072,30.754120391000072
30_10394,Haarlem,NLD,Netherlands,4.588292330000058,52.32760939800005,4.7001633380000385,52.44440623400004
30_5076,Cikembulan,IDN,Indonesia,107.84185504100009,-7.132306122999978,107.93561222800008,-7.067413654999939
30_12857,Phan Thiet,VNM,Vietnam,108.03344962100005,10.911312684000052,108.15362423900007,10.984615433000045
30_11566,Diourbel,SEN,Senegal,-16.26308274799993,14.62690036600003,-16.201981622999938,14.676044064000052
30_6054,Karad,IND,India,74.15055642100003,17.24592461800006,74.22653914600005,17.32001100800005
30_5435,Balotra,IND,India,72.19468732400003,25.795985104000067,72.27560071500005,25.854916720000062
30_3023,Quangang,CHN,China,118.82114069200009,25.089663576000078,118.98352219600008,25.215677509000045
30_3789,Kafr Al Dabbusi,EGY,Egypt,31.464071085000057,31.174294119000024,31.577531732000068,31.217208433000053
30_10294,Azare,NGA,Nigeria,10.157389944000045,11.65281176700006,10.23880202500004,11.701727883000046
30_9226,Saida,LBN,Lebanon,35.331340123000075,33.493908962000035,35.41824187800006,33.589249970000026
30_1005,Petrópolis,BRA,Brazil,-43.23427659899994,-22.545968524999978,-43.125501466999935,-22.429270130999953
30_5832,Tonk,IND,India,75.76138418600004,26.141315220000024,75.83899929100005,26.19188372600007
30_2918,Jieshi,CHN,China,115.78260786100009,22.779478207000068,115.8736433680001,22.846223114000054
30_10722,Lala Musa,PAK,Pakistan,73.89419758200006,32.67213770200004,73.99406116300008,32.76714261200004
30_2970,Xinchang,CHN,China,120.83243779800011,29.489170896000076,120.9429709100001,29.531806569000025
30_2862,Lin'An,CHN,China,119.65026958700003,30.189263364000055,119.74815056900002,30.266216603000032
30_1278,Hulunbuir,CHN,China,119.6916729290001,49.16735732200004,119.80181883400007,49.26228274400006
30_6485,Auraiya,IND,India,79.48171493600006,26.42798059200004,79.54597270600004,26.487033410000038
30_788,Rio Verde,BRA,Brazil,-50.96045820599994,-17.83069663899994,-50.892942124999934,-17.748290646999976
30_8294,Raniganj,IND,India,87.09064096600008,23.581249470000046,87.15747481100004,23.648146893000046
30_9537,Ciudad Del Carmen,MEX,Mexico,-91.85705305799996,18.622545385000024,-91.75868156699994,18.672081991000027
30_10913,Butuan,PHL,Philippines,125.49608570200007,8.934593680000035,125.59002924300012,8.991474418000053
30_793,Presidente Prudente,BRA,Brazil,-51.46556841599994,-22.162670684999966,-51.361995226999966,-22.079397892999964
30_579,N/A,BGD,Bangladesh,90.36139943500007,23.155081117000066,90.48760585800005,23.330499177000036
30_11960,İnegöl,TUR,Turkey,29.44374152000006,40.05906401300007,29.542527300000074,40.12172054000007
30_628,Shaistaganj,BGD,Bangladesh,91.39352833300006,24.250814438000077,91.57361358600008,24.418413567000073
30_4917,Split,HRV,Croatia,16.321163995000063,43.47504239400007,16.557083786000078,43.56636037200008
30_12177,Rivne,UKR,Ukraine,26.18571196700003,50.598472239000046,26.298260913000036,50.665644960000066
30_12582,Bukhara,UZB,Uzbekistan,64.36320170700003,39.72823618800004,64.49895948700004,39.79971594700004
30_891,Araraquara,BRA,Brazil,-48.21480767699995,-21.83801211499997,-48.11907248299997,-21.721536655999955
30_3580,Ash Shalif,DZA,Algeria,1.2758332660000633,36.126432101000034,1.3788366020000353,36.17906144500006
30_2997,Xiang'An,CHN,China,118.18492295400006,24.586097309000024,118.31689279500006,24.703526666000073
30_11628,Beledweyne,SOM,Somalia,45.184364249000055,4.717159103000029,45.22533974600003,4.757650548000072
30_2730,Jiangdu,CHN,China,119.51496117900001,32.38735094700007,119.64003665200005,32.49087036800006
30_7269,Gudiyatham,IND,India,78.84488103200005,12.917576652000037,78.92062573300007,12.966582947000063
30_11177,Petrozavodsk,RUS,Russia,34.25530417700003,61.72526836700007,34.47277920300007,61.832074197000054
30_8900,Verona,ITA,Italy,10.934736609000026,45.39461195900003,11.06027483400004,45.46856214100006
30_4637,Blackpool,GBR,United Kingdom,-3.0677856379999753,53.776232151000045,-2.9831628529999534,53.933927234000066
30_6917,Pollachi,IND,India,76.96893295200005,10.63445318600003,77.06351131900004,10.691445732000034
30_3760,Beni Mazar,EGY,Egypt,30.776681740000072,28.459425731000067,30.84306084700006,28.518892789000063
30_2822,Ruijin,CHN,China,115.98944316600011,25.838077979000047,116.07426512800009,25.905438408000066
30_9067,Koriyama,JPN,Japan,140.30122372000005,37.34032763600004,140.41630962300007,37.446228279000024
30_12070,Luliao,TWN,Taiwan,120.49862094600007,24.19217459600003,120.59649520000005,24.292706328000065
30_8869,Beer Sheva,ISR,Israel,34.74769153600005,31.20862498200006,34.828607497000064,31.28588665500007
30_2777,于都县,CHN,China,115.38529406000009,25.93912409400008,115.44923123800004,25.99808284900007
30_12560,Worcester,USA,United States,-71.88112887299997,42.18377293300006,-71.67008368699999,42.337835332000054
30_5313,Bitung,IDN,Indonesia,125.09494418400004,1.415398997000068,125.22632409700009,1.4639309420000473
30_9222,Vientiane,LAO,Laos,102.51751597700007,17.880147210000075,102.68671849900005,18.045020478000026
30_12000,Tarsus,TUR,Turkey,34.85141089600006,36.899675183000056,34.94816443800005,36.94369719100007
30_10006,Omuo-Obadore,NGA,Nigeria,5.709308467000028,7.716500726000049,5.7700611830000526,7.781429883000044
30_4592,Nancy,FRA,France,6.11524533100004,48.63700805000008,6.272617362000062,48.72210285700004
30_3756,Maghagheh,EGY,Egypt,30.796739934000072,28.612366708000025,30.85548747100006,28.697370342000056
30_1047,Itabuna,BRA,Brazil,-39.31831239899998,-14.831693671999972,-39.24984854599995,-14.757959607999965
30_5200,Sampit,IDN,Indonesia,112.92661236300012,-2.572213013999942,112.98564750000003,-2.507487211999944
30_6852,Mahbubnagar,IND,India,77.96945254600007,16.719412050000074,78.05560935000005,16.760525638000047
30_11925,Hammamet,TUN,Tunisia,10.547042008000062,36.380930711000076,10.817210910000028,36.47754647000005
30_11263,Pyatigorsk,RUS,Russia,42.96538428300005,44.00540889600006,43.13276419400006,44.06953759800007
30_2803,Boluo,CHN,China,114.19719958900009,23.138379201000078,114.3559341560001,23.20519161900006
30_4882,Cobán,GTM,Guatemala,-90.42051134699994,15.44652248400007,-90.34684461999996,15.487535516000037
30_2406,Juxian,CHN,China,118.78821011700006,35.53088572100006,118.91782198200008,35.65336115500003
30_8397,Bardhaman,IND,India,87.80667371800007,23.21354406300003,87.89788492300005,23.272016740000026
30_10572,Goth Dabhūn,PAK,Pakistan,68.24482248700008,25.324929677000057,68.29614123200008,25.37536637200003
30_12960,Hafoon,YEM,Yemen,44.97135062800004,12.762414221000029,45.02561523000003,12.80324289400005
30_3860,Hod Al Salmiya Al Qibli Al Gharbi,EGY,Egypt,32.47541147800007,25.535135427000057,32.50872839900006,25.577193325000053
30_4550,Tours,FRA,France,0.610386285000061,47.32937231000005,0.7762196200000631,47.44178223700004
30_12483,Fort Wayne,USA,United States,-85.24262637299995,41.01020682800004,-84.98285488099998,41.16322305600005
30_3529,Chemnitz,DEU,Germany,12.82437561300003,50.780880713000045,12.975619345000041,50.876990498000055
30_7535,Mirganj,IND,India,84.27605412400004,26.343639318000044,84.38059056300006,26.41111046700007
30_5971,Gangapur,IND,India,76.70019283600004,26.461723652000046,76.75691508500006,26.503907756000046
30_1238,Lhasa,CHN,China,91.02699468600008,29.634159966000027,91.17808418900006,29.69388428600007
30_8491,Bangaon,IND,India,88.79308170300004,23.013140001000068,88.85978758600004,23.07157944200003
30_2671,Zhangshu,CHN,China,115.49914018700008,28.03502732900006,115.570019161,28.07743845500005
30_3650,Souk Ahras,DZA,Algeria,7.916125869000041,36.25803040000005,7.9959715190000225,36.31069304300007
30_7456,Chirala,IND,India,80.29444059900004,15.766506986000024,80.39835157400006,15.856793691000064
30_468,Bogra,BGD,Bangladesh,89.37600355000006,24.61964427500004,89.51735117300007,24.703526666000073
30_509,Satkhira,BGD,Bangladesh,89.04639626800008,22.687724225000068,89.10555425200005,22.746110412000064
30_12119,Dodoma,TZA,Tanzania,35.70738070400006,-6.216011173999959,35.79884921800004,-6.126848414999927
30_7504,Tenali,IND,India,80.60519899100007,16.201667541000063,80.66867169200003,16.275598872000046
30_9855,Dosso,NER,Niger,3.1738187930000663,13.023761623000041,3.2245187730000566,13.064606621000053
23_57854,ملاثانی,IRN,Iran,48.870661537000046,31.569384831000036,48.89831398500007,31.59517349200007
30_4510,Togechane,ETH,Ethiopia,43.31915627400008,9.592998626000053,43.350635787000044,9.609261590000074
30_1564,Hancheng,CHN,China,110.40045454100004,35.41722148900004,110.48684861400005,35.50465014500003
30_9449,Chilpancingo,MEX,Mexico,-99.53529799299997,17.51763059900003,-99.46994172699999,17.591759060000072
30_12181,Zhytomyr,UKR,Ukraine,28.592084519000025,50.224867578000044,28.75771427400008,50.31098777700004
30_6371,Osmanabad,IND,India,76.01422593500007,18.160466819000078,76.06794479100006,18.234697682000046
30_789,Santa Maria,BRA,Brazil,-53.88363830299994,-29.736552737999943,-53.77712893299997,-29.65975445999993
30_3211,Kabongo,COD,Democratic Republic of the Congo,25.615078854000046,-7.416252505999978,25.655196440000054,-7.391911534999963
30_9188,Wonju-Si,KOR,South Korea,127.90466948700009,37.29621892400007,127.99968572600005,37.402096183000026
30_11390,Arar,SAU,Saudi Arabia,40.98561433300006,30.942683413000054,41.075721947000034,31.011286608000034
30_1151,Halifax,CAN,Canada,-63.68435285399994,44.611086889000035,-63.46762454499998,44.712260797000056
30_4704,Northampton,GBR,United Kingdom,-0.9627425359999506,52.18177250000008,-0.7998037699999259,52.288702314000034
30_169,Neuquén,ARG,Argentina,-68.16024183099995,-38.98825414999993,-68.01491967099997,-38.92597942599997
30_1219,Hotan,CHN,China,79.87259638300003,37.07582063700005,79.98161098000008,37.137507826000046
30_832,Marília,BRA,Brazil,-49.985945999999956,-22.262622809999982,-49.90900931199997,-22.13768688099998
30_6712,Perinthalmanna,IND,India,76.14721356500007,10.854304218000038,76.25739570400003,11.025342188000025
30_9042,Morioka,JPN,Japan,141.075927932,39.63892548700005,141.19399556500002,39.76397259400005
30_1257,Linxia,CHN,China,103.15997319300004,35.56587151200006,103.27300316100008,35.644610570000054
30_7268,Rajnandgaon,IND,India,80.99925753000008,21.07325258700007,81.07776500700004,21.123081943000045
30_7502,Thiruvallur,IND,India,79.89238163200008,13.080945344000042,79.94309407400004,13.162645174000033
30_6745,Adoni,IND,India,77.24395804200003,15.602388561000055,77.30075851900006,15.643413446000068
30_10170,Ediene,NGA,Nigeria,7.7607537310000225,4.968220946000031,7.810877221000055,5.008718173000034
30_9033,Kōchi,JPN,Japan,133.46383064400004,33.52857383200006,133.670327723,33.59791930200004
30_8935,Pescara,ITA,Italy,14.10518421100005,42.401313714000025,14.339005110000073,42.56465409500004
30_10872,Santa Cruz,PHL,Philippines,121.34383176500012,14.217531503000032,121.44082973500008,14.29938235700007
30_6123,Ranjangoan,IND,India,75.18303167400006,19.788146848000054,75.27563822000008,19.87093479500004
30_4581,Dijon,FRA,France,4.98259764200003,47.27320059500005,5.1235578860000714,47.36683241900005
30_3447,Mönchengladbach,DEU,Germany,6.3698822460000315,51.117585501000065,6.5034227540000416,51.23323498100007
30_10319,Jalingo,NGA,Nigeria,11.319615559000056,8.869591280000066,11.39972621000004,8.950844972000027
30_10102,Funtua,NGA,Nigeria,7.294785559000047,11.481631202000074,7.34582969500002,11.546838128000047
30_10718,Kharian,PAK,Pakistan,73.79867898700007,32.758504223000045,73.94323920100004,32.836261121000064
30_1870,Jinghai,CHN,China,116.83528890100001,38.89040306900006,116.97275095600003,38.961562471000036
30_12860,Dalat,VNM,Vietnam,108.40500326200004,11.921891555000059,108.51017337300004,11.987138296000069
30_622,Habiganj,BGD,Bangladesh,91.37882919100008,24.351363803000027,91.43920773800005,24.410031607000064
30_12421,Davenport,USA,United States,-90.64640628599994,41.43357832700008,-90.38771738499997,41.59599342100006
30_13026,Centurion,ZAF,South Africa,28.098593092000044,-25.92228079399996,28.22266889200006,-25.795985103999953
30_9385,San Luis Río Colorado,MEX,Mexico,-114.82373571,32.41322659800005,-114.70768383499995,32.50812797200007
30_7950,Marauna,IND,India,86.29318837700004,26.183455063000054,86.37467816900005,26.26775211300003
30_3191,Mwene-Ditu,COD,Democratic Republic of the Congo,23.435294528000043,-7.043079880999926,23.476647909000064,-6.978192200999956
30_8517,N/A,IND,India,90.75475117400003,26.259321364000073,90.90017589400009,26.419545412000048
30_3202,Kabinda,COD,Democratic Republic of the Congo,24.45244634900007,-6.1592705719999685,24.542565930000023,-6.118742993999945
30_12275,Palmdale,USA,United States,-118.26217925099996,34.536168588000066,-118.00126020399995,34.71906511200007
30_7072,Ramagundam,IND,India,79.42675434500006,18.705109460000074,79.53545573800005,18.779430261000073
30_8436,Tarkeshwar,IND,India,87.93936032100004,22.779478207000068,88.07105814500005,22.929671778000056
30_10081,Awka,NGA,Nigeria,7.0297251840000285,6.151164962000053,7.110309559000029,6.248435427000061
30_11721,Košice,SVK,Slovakia,21.195055195000066,48.665367081000056,21.32720377000004,48.769400751000035
30_2364,沂水县,CHN,China,118.57440011200003,35.705872244000034,118.67022885500012,35.84596552700003
30_11412,Buraydah,SAU,Saudi Arabia,43.88461027400007,26.293045754000048,44.05222010700004,26.41111046700007
30_652,Kulaura,BGD,Bangladesh,91.94825720200004,24.418413567000073,92.06709522800008,24.544168401000036
30_11038,Anju,PRK,North Korea,125.58414584800005,39.58535979800007,125.69508364400008,39.62999679400008
30_9733,Lichinga,MOZ,Mozambique,35.22710013300008,-13.342421557999955,35.27209292200007,-13.268870532999927
30_11587,Tambacounda,SEN,Senegal,-13.69458515599996,13.743017512000051,-13.643199564999975,13.792087914000035
30_8445,N/A,IND,India,87.93973538200004,22.612670167000033,88.06445285200004,22.69606452900007
30_9931,Jega,NGA,Nigeria,4.351440510000032,12.17475640500004,4.402290207000021,12.248185940000042
30_11962,Gölcük,TUR,Turkey,29.739116624000076,40.68660950200007,29.94061721500003,40.73151830200004
30_2904,Fengshun,CHN,China,116.11501368000006,23.715057321000074,116.21963469100001,23.79871371400003
30_1860,Huiguo,CHN,China,112.76245203400003,34.649372336000056,112.96843134000005,34.71035230600006
30_3329,Apartadó,COL,Colombia,-76.64936222499995,7.870713765000062,-76.60643362399998,7.903182453000056
30_553,Gafargaon,BGD,Bangladesh,90.43667820600007,24.426795739000056,90.58036658900005,24.56093932500005
30_7208,Khalilabad,IND,India,83.01323957200003,26.75713621500006,83.11643442500008,26.807807527000023
30_7994,Lakhisarai,IND,India,86.06578380400003,25.14846392800007,86.13271506200005,25.215677509000045
30_2732,Conghua,CHN,China,113.52083443900005,23.50600535700005,113.6232219210001,23.572888204000037
30_4311,Arsi Negelle,ETH,Ethiopia,38.66026401900007,7.33511793100007,38.691222254000024,7.375684507000074
30_9052,Yamagata,JPN,Japan,140.25776474100007,38.18912468700006,140.3953152900001,38.38416042700004
30_9501,San Luis,MEX,Mexico,-100.19308961699994,25.880176538000057,-100.14603406099997,25.93912409400008
30_12837,Pleiku,VNM,Vietnam,107.96362940200004,13.906600876000027,108.04864950600006,14.04568146500003
30_9926,Ikire,NGA,Nigeria,4.161729817000037,7.302665689000037,4.2222324250000725,7.391911535000077
30_2304,Shuangyashan,CHN,China,131.08834403000003,46.582214057000044,131.2254724820001,46.68471993400004
30_9110,Oskemen,KAZ,Kazakhstan,82.53442285000006,49.919124984000064,82.69695608200004,50.01459235800007
30_3410,Cartago,CRI,Costa Rica,-83.96241055099995,9.820707525000046,-83.85661027399999,9.90204658700003
30_9262,Matara,LKA,Sri Lanka,80.37957530200003,5.916122594000058,80.66062273800003,6.005272009000066
30_7793,N/A,IND,India,85.58851992900009,26.36893924700007,85.70893200600005,26.444851653000057
30_3416,Santa Clara,CUB,Cuba,-80.03636191399994,22.370934942000076,-79.93317974599995,22.43760449000007
30_12137,Mbarara,UGA,Uganda,30.632825491000062,-0.6470195949999606,30.692694205000066,-0.58231673399996
30_10357,Mubi,NGA,Nigeria,13.232003999000028,10.243755648000047,13.302759226000035,10.292582621000065
30_12874,Pristina,XKO,Kosovo,21.072527025000056,42.600973605000036,21.20299129500006,42.70089303100008
30_11365,Chita,RUS,Russia,113.39242896200005,51.99729769400005,113.56607916500002,52.09435473700006
30_2542,Sihong,CHN,China,118.15809425900011,33.441921464000075,118.24788457900002,33.51990712400004
30_6049,Vrindavan,IND,India,77.61135404100008,27.55198495700006,77.71224233800007,27.585856215000035
30_4829,Siguiri,GIN,Guinea,-9.202559286999929,11.400130645000047,-9.142111894999971,11.44087980200004
30_5159,Bojonegoro,IDN,Indonesia,111.85049311600005,-7.205314359999932,111.99578348700004,-7.124194371999977
30_2238,Binyang,CHN,China,108.72382799600007,23.196839373000046,108.86893861300007,23.263662904000057
30_12990,Kimberley,ZAF,South Africa,24.684122882000054,-28.78240012799995,24.791544067000075,-28.688868802999934
30_197,Concordia,ARG,Argentina,-58.05825093499993,-31.41470932599998,-57.92620032599996,-31.345995604999928
30_2593,Zixing,CHN,China,113.20138170100006,25.922280794000073,113.26531320400011,25.989659483000025
30_3199,Ngandajika,COD,Democratic Republic of the Congo,23.93797141600004,-6.7511122289999435,23.969513090000078,-6.702457588999948
30_12210,Sevastopol,UKR,Ukraine,33.41255581300004,44.53754704100004,33.628758031000075,44.64786980300005
30_3072,Yamoussoukro,CIV,Côte d'Ivoire,-5.30139061899996,6.759221517000071,-5.241043085999934,6.840317276000064
30_9609,Pathein,MMR,Myanmar,94.70753848200007,16.752302650000047,94.77653535700006,16.842762996000033
30_1511,Longchang,CHN,China,105.25969940000004,29.318695956000056,105.31948506900005,29.369827085000054
30_13028,De Rust Caravan Park,ZAF,South Africa,28.20442603400005,-25.42581106299997,28.314323350000052,-25.34174102099996
30_1681,N/A,CHN,China,107.16033280700009,29.60003780200003,107.22641666000004,29.651222689000065
30_11974,Isparta,TUR,Turkey,30.502715026000033,37.74658679700008,30.595077524000033,37.79963863000006
30_5410,Morbi,IND,India,70.79940357000004,22.787820640000064,70.89140460900006,22.871255665000035
30_3788,Minya Al-Qamh,EGY,Egypt,31.31194152100005,30.480095574000075,31.389612502000034,30.54001347700006
30_7904,Sarai,IND,India,85.75904743900008,25.610843682000052,85.87420088100004,25.703400729000066
30_9538,Campeche,MEX,Mexico,-90.57569860199999,19.804703123000024,-90.47499679199996,19.87093479500004
30_9493,Tehuacán,MEX,Mexico,-97.44619941199994,18.41620189500003,-97.35087781099998,18.50698134000004
30_732,Potosí,BOL,Bolivia,-65.77795910799995,-19.61434543499996,-65.73445994299993,-19.55642757199996
30_3794,El Senbellawein City,EGY,Egypt,31.422642945000064,30.856955578000054,31.484052564000024,30.951257793000025
30_7901,Sakri,IND,India,86.00705870600007,26.19188372600007,86.11757890800004,26.293045754000048
30_5417,Veraval,IND,India,70.33905485100007,20.882298798000022,70.44070873500004,20.94040533900005
30_2581,Wendeng,CHN,China,121.96602840900005,37.155136206000066,122.10872473200004,37.252119923000066
30_12033,Adiyaman,TUR,Turkey,38.203578537000055,37.72890602500007,38.32175363700003,37.790795666000065
30_9506,Poza Rica,MEX,Mexico,-97.49738721099999,20.500667468000074,-97.40119495799996,20.583599759000037
30_4770,Obuasi,GHA,Ghana,-1.7124177039999608,6.17548193500005,-1.5922178019999365,6.224117166000042
30_12402,Birmingham,USA,United States,-86.95517723399996,33.424594909000064,-86.68614859999997,33.59791930200004
30_10085,Okrika,NGA,Nigeria,7.069169283000065,4.725257320000026,7.119369736000067,4.773847381000053
30_3595,Laghouat,DZA,Algeria,2.8310217050000688,33.77137511600006,2.8987096780000456,33.83211589200005
30_10550,Khairpur,PAK,Pakistan,68.71912041500008,27.492719778000037,68.77703222100007,27.56045240000003
30_8450,Contai,IND,India,87.65669108400004,21.69658230600004,87.81552383700006,21.79640960100005
30_9505,Córdoba,MEX,Mexico,-97.01658758199994,18.862023591000025,-96.88965256599994,18.928109419000066
30_12180,Khmelnytskyi,UKR,Ukraine,26.900401791000036,49.37628238700006,27.06676946300007,49.46184624000006
30_6736,Shoranur,IND,India,76.24286269100008,10.732157199000028,76.45725763800004,10.813586434000058
30_1260,Baiyin,CHN,China,104.08062382300005,36.512690693000025,104.23258097600007,36.56541827900003
30_898,São Carlos,BRA,Brazil,-47.93603584099998,-22.071071641999936,-47.84194111399995,-21.979495189999966
30_1522,Xinzhou,CHN,China,112.68565530700005,38.38416042700004,112.7755550930001,38.464004583000076
30_8658,Dezful,IRN,Iran,48.35591636400005,32.344231078000064,48.44412641200006,32.41322659800005
30_558,Netrokona,BGD,Bangladesh,90.67390324100006,24.84617604300007,90.78457082800008,24.91332675700005
30_12307,Salem,USA,United States,-123.09900646299997,44.85954045500006,-122.95038977099995,45.016178781000065
30_12542,Trenton,USA,United States,-74.82234956799994,40.175443338000036,-74.61439630499996,40.27397651300004
30_3589,Kolea القليعة,DZA,Algeria,2.641807368000059,36.61815939400003,2.7910767520000377,36.67970783900006
30_9465,Cuautla,MEX,Mexico,-98.99445780699995,18.779430261000073,-98.89939085899994,18.88680461100006
30_2380,Jiangxia,CHN,China,114.2388459440001,30.317531433000056,114.3417164220001,30.377411584000072
30_12744,Bắc Ninh,VNM,Vietnam,106.01588009500006,21.139693144000034,106.12441752800004,21.222759798000027
30_10660,Muzaffarabad,PAK,Pakistan,73.43616825800007,34.336026798000034,73.50012418100005,34.41432165400005
30_9181,Chuncheon-Si,KOR,South Korea,127.69033078300004,37.84385941700003,127.77516883400006,37.932330868000065
30_9306,Khouribga,MAR,Morocco,-6.949588779999942,32.86218579500007,-6.881618795999941,32.90539993800007
30_2748,大岗镇,CHN,China,113.31072093000012,22.771135967000077,113.43475058000001,22.879600238000023
30_8785,Tal Afar,IRQ,Iraq,42.38765753800004,36.35458879400005,42.487940852000065,36.39849385300005
30_3914,Algeciras,ESP,Spain,-5.479248221999967,36.09135324300007,-5.322369306999974,36.20538110000007
30_7250,Khamaria,IND,India,82.48854030300004,25.215677509000045,82.72923317300007,25.282905192000044
30_5935,Sawai Madhopur,IND,India,76.32937744700007,25.98123634600006,76.40059102500004,26.048627862000046
30_10708,Pir Murad,PAK,Pakistan,72.29624413200008,30.02688108700005,72.39056025500008,30.069603485000073
30_3178,Demba,COD,Democratic Republic of the Congo,22.253710561000048,-5.510966104999966,22.283916224000052,-5.454252821999944
30_615,Bhola,BGD,Bangladesh,90.60215201700004,22.62100873600008,90.69994685700004,22.721086601000025
30_6008,Hindaun,IND,India,77.00524667600007,26.723360102000072,77.05165133600008,26.77402569900005
30_3913,Oviedo,ESP,Spain,-5.889461319999953,43.33816171900003,-5.779946542999937,43.429402690000074
30_7686,Medininagar,IND,India,84.03614131500007,24.00794449800003,84.09193051800008,24.06655224900004
30_9474,Chiconcuac,MEX,Mexico,-98.92666299899997,19.440615594000064,-98.84574448399997,19.572974723000073
30_2651,Wanning,CHN,China,110.31482879300006,18.779430261000073,110.42139510100009,18.837243967000063
30_10205,Otukpo,NGA,Nigeria,8.111333112000068,7.172865701000035,8.161825175000047,7.221539023000048
30_9125,Eldoret,KEN,Kenya,35.22260331200005,0.4852629670000397,35.31220393700005,0.5823167340000737
30_897,Blumenau,BRA,Brazil,-49.162072027999955,-26.97677405899998,-49.032831027999976,-26.85004018099994
30_6228,Shivpuri,IND,India,77.63274530600006,25.400587717000064,77.68533176900007,25.459445311000025
30_8871,Nazareth,ISR,Israel,35.247958897000046,32.67213770200004,35.35643811800003,32.758504223000045
30_8751,Neyshabur,IRN,Iran,58.75213617500003,36.17906144500006,58.83098578400006,36.25803040000005
30_8425,Notun Digha,IND,India,87.40511552300006,21.605097090000072,87.54704400300005,21.67994698800004
30_3405,Fomboni,COM,Comoros,43.72263513100006,-12.305303199999969,43.77743250800006,-12.264504673999966
30_5445,Firozpur,IND,India,74.58111605500005,30.891243231000033,74.65376073700008,30.976982681000038
30_2987,Fenghua,CHN,China,121.3693262480001,29.634159966000027,121.45382615300002,29.71948453300007
30_12187,Chernihiv,UKR,Ukraine,31.202258323000024,51.45519648800007,31.38005536600008,51.54215908400005
30_4530,Suva,FJI,Fiji,178.3820961780001,-18.152219688999935,178.526062732,-18.04502047799997
30_5379,Porbandar,IND,India,69.57456226800008,21.605097090000072,69.67099664700004,21.671629603000042
30_4648,Preston,GBR,United Kingdom,-2.7729712509999445,53.67778299100007,-2.6308082359999503,53.79593213700008
30_2162,兖州区,CHN,China,116.73323407200007,35.53088572100006,116.8635833620001,35.618360977000066
30_11868,Songkhla,THA,Thailand,100.55556961400004,7.091747920000046,100.65140735000006,7.221539023000048
30_9313,Beni Mellal,MAR,Morocco,-6.401568832999942,32.30111896400007,-6.324416200999963,32.36147809400006
30_566,Madaripur,BGD,Bangladesh,90.11973002800005,23.079928722000034,90.23528963500007,23.18848732500004
30_10663,Chakwal,PAK,Pakistan,72.78936941800004,32.90539993800007,72.89389691700006,32.965913113000056
30_3496,Kiel,DEU,Germany,10.036197537000021,54.28954361800004,10.222586617000047,54.43804886300006
30_3571,Mostaganem,DZA,Algeria,0.04547706700003573,35.88100337800006,0.12512243500003706,35.98615194900003
30_2335,Meihekou,CHN,China,125.63269341300008,42.47388979800007,125.72859506200007,42.57373323300004
30_3879,Keren,ERI,Eritrea,38.426637388000074,15.766506986000024,38.47868585400005,15.799336735000054
30_1778,Sanhe,CHN,China,116.99643596800001,39.960647288000075,117.10019645400007,40.03221781900004
30_3693,Fuwah,EGY,Egypt,30.49696027300007,31.14854905900006,30.59178266600003,31.217208433000053
30_8807,Chamchamal,IRQ,Iraq,44.802316672000075,35.49590567000007,44.873385564000046,35.54837789900006
30_840,Imperatriz,BRA,Brazil,-47.50166713799996,-5.559579139999926,-47.43001859499998,-5.478558261999979
30_3217,Fungurume,COD,Democratic Republic of the Congo,26.290802179000025,-10.634453185999973,26.351743956000064,-10.593746718999967
30_2022,Tanghe,CHN,China,112.78640373400003,32.637599918000035,112.90423657200006,32.72395382700006
30_9274,Maseru,LSO,Lesotho,27.46467608200004,-29.386872952999965,27.579847132000054,-29.259055227999966
30_10447,Inaruwa,NPL,Nepal,87.07853291600009,26.43641600500007,87.16476944200008,26.62205454900004
30_7931,Teghra,IND,India,85.88548549200004,25.47626377200004,85.96190809000007,25.585605577000024
30_8911,Padua,ITA,Italy,11.839200768000069,45.36688991400007,11.979694374000076,45.46856214100006
30_7527,Chidambaram,IND,India,79.67579056400007,11.375682225000048,79.72911704600006,11.416430039000034
30_6633,Chitradurga,IND,India,76.36753060000007,14.209347041000058,76.43702102700007,14.250270483000065
30_10233,Lafia,NGA,Nigeria,8.48870878100007,8.479668207000032,8.549319009000044,8.536522390000073
30_2451,Laixi,CHN,China,120.4719226420001,36.794061243000044,120.60977227600006,36.92608724200005
30_6271,Shikohabad,IND,India,78.55330154600006,27.078200123000045,78.62501175000006,27.137381395000034
30_6214,Guna,IND,India,77.27413266800005,24.62803155100005,77.34729859100008,24.66997113900004
30_11869,Khon Kaen,THA,Thailand,102.78262321100004,16.39884141400006,102.89255317900006,16.505675702000076
30_12174,Ivano-Frankivsk,UKR,Ukraine,24.651733334000028,48.88298300200006,24.774299490000033,48.95875749100003
30_2307,Zaozhuang,CHN,China,117.17669608900007,34.736491761000025,117.37325116500006,34.841080755000064
30_9369,Ambatolampy Tsimahafotsy,MDG,Madagascar,47.47399312300007,-18.81246573599998,47.52248517800007,-18.77117177799994
30_3216,Kindu,COD,Democratic Republic of the Congo,25.89322908400004,-2.9767790509999372,25.963595204000057,-2.9120448619999593
30_2183,Qufu,CHN,China,116.89084123900011,35.53963163000003,117.06221986300011,35.627110481000045
30_8676,Safadasht,IRN,Iran,50.782303435000074,35.67086340700007,50.872199927000054,35.705872244000034
30_9542,Playa Del Carmen,MEX,Mexico,-87.11347702299997,20.608482792000075,-87.03913656799995,20.69143742500006
30_11221,Taganrog,RUS,Russia,38.830445101000066,47.170276440000066,38.970717154000056,47.28256101200003
30_2771,Yangzhong,CHN,China,119.7576300180001,32.16321213700007,119.95266425500006,32.36147809400006
30_445,নাটোর,BGD,Bangladesh,88.92993083000005,24.384886996000034,89.04297646700007,24.460326542000075
30_4360,Quiha,ETH,Ethiopia,39.51845844700006,13.456851296000025,39.56921423700004,13.489549337000028
30_7117,Dharmapuri,IND,India,78.07712377600006,12.076862423000023,78.21015342300007,12.207390793000059
30_1869,Ci,CHN,China,114.31536692600002,36.31069304300007,114.46843274700007,36.38971209500005
30_9787,Nacala,MOZ,Mozambique,40.659887823000076,-14.63509068999997,40.71358881300006,-14.512248051999961
30_11150,Brasov,ROU,Romania,25.550188185000025,45.60731604700004,25.665080252000052,45.69062959900003
30_2163,Shanxian,CHN,China,116.02630608300001,34.745205604000034,116.15070943100011,34.82364578600004
30_3466,Freiburg Im Breisgau,DEU,Germany,7.778479903000061,47.958141272000034,7.907533698000066,48.05222937000008
30_7243,Ambur,IND,India,78.68852479000003,12.73791822800007,78.74477585600005,12.844074094000064
30_5519,Hoshiarpur,IND,India,75.86625683200003,31.492034999000055,75.96306576800004,31.560789210000053
30_11859,Pattaya,THA,Thailand,100.84804041200005,12.811408931000074,100.93327848000007,12.991087477000065
30_1330,Qionglai,CHN,China,103.40895642600009,30.377411584000072,103.49644285300008,30.437305611000056
30_9040,Toyama,JPN,Japan,137.14835454600006,36.635742778000065,137.2823436650001,36.767666312000074
30_10415,Arnhem,NLD,Netherlands,5.832062807000057,51.91001247600008,6.0345649880000565,52.00699991300007
30_3939,Donostia / San Sebastián,ESP,Spain,-2.0307672339999385,43.27432343900006,-1.8725073289999727,43.329040435000024
30_3712,Tala,EGY,Egypt,30.880289300000072,30.565696856000045,30.960572830000046,30.694152376000034
30_12178,Chernivtsi,UKR,Ukraine,25.865640366000036,48.24059688300008,26.007123233000073,48.363173446000076
30_11779,Moundou,TCD,Chad,16.044839780000075,8.536522390000073,16.09613572300003,8.593379815000048
30_9681,Mawlamyine,MMR,Myanmar,97.60713695300007,16.431711112000073,97.67113008200005,16.505675702000076
30_3490,Kassel,DEU,Germany,9.418692245000045,51.26216406800006,9.580510486000037,51.36829483200006
30_2911,Pujiang,CHN,China,119.84878914500007,29.41244378300007,119.98384189900003,29.49769748700004
30_7881,Sambalpur,IND,India,83.95178100100009,21.380635577000078,84.01733946000007,21.488693186000035
30_11715,Paramaribo,SUR,Suriname,-55.24410358899996,5.745943472000022,-55.11397614799995,5.867497967000077
30_11206,Vladimir,RUS,Russia,40.31793814000008,56.08498842000006,40.50888666600008,56.17555134100007
30_6424,Gadag,IND,India,75.59793173800006,15.405512550000026,75.66656529600004,15.454724842000076
30_9204,Jinju-Si,KOR,South Korea,128.03002421700012,35.146418803000074,128.17427890600004,35.22500385600006
30_10756,Pattoki,PAK,Pakistan,73.81722721100004,31.002710189000027,73.89427234300007,31.079908470000078
30_2647,Binhai,CHN,China,119.74069407600007,33.94496339300008,119.87302200400006,34.04049378900004
30_5983,Sikandarabad,IND,India,77.63026523600007,28.442437471000062,77.73361782100005,28.49340535300007
30_10056,Omenama,NGA,Nigeria,6.629801347000068,4.830537454000023,6.659997444000055,4.871031473000073
30_3622,Ouargla,DZA,Algeria,5.291089723000027,31.91345640800006,5.401550887000042,31.990939298000058
30_2776,Jiangyan,CHN,China,120.07810640000002,32.45635890800003,120.26270821300011,32.55127745200008
30_8504,Basirhat,IND,India,88.78801170500003,22.64602560000003,88.92768520600004,22.712745717000075
30_3538,Aarhus,DNK,Denmark,10.089782399000057,56.095047125000065,10.288885572000027,56.215826553000056
30_1842,武清区,CHN,China,117.00586462800004,39.32667683900007,117.14637002000006,39.40691925400006
30_11442,Saraf `Umrah,SDN,Sudan,23.285773772000027,13.456851296000025,23.31819561900005,13.489549337000028
30_7105,Proddatur,IND,India,78.52477555000007,14.733383710000055,78.59607836800006,14.774344128000052
30_3372,Chía,COL,Colombia,-74.07997156499994,4.838636183000062,-74.01328307299997,4.943923067000071
30_11163,Galați,ROU,Romania,27.952620206000063,45.39461195900003,28.132572328000037,45.47780844700003
30_1349,Jiangyou,CHN,China,104.69989252700009,31.732758646000036,104.79531363400008,31.810184193000055
30_11643,Bosaso,SOM,Somalia,49.159865773000035,11.245304161000035,49.201984700000025,11.294193277000034
30_11203,Kostroma,RUS,Russia,40.86309168900004,57.71716729600007,41.04809921300006,57.80918751400003
30_2601,Luoding,CHN,China,111.52886367100007,22.737768948000053,111.61293052400003,22.796163268000043
30_8739,Bojnurd,IRN,Iran,57.27437847200008,37.446228279000024,57.37498289300004,37.49919970000008
30_2642,Yangchun,CHN,China,111.74065271100005,22.154342563000057,111.82806800300006,22.229302424000025
30_102,Matala,AGO,Angola,14.983429777000026,-14.76615180899995,15.04524462300003,-14.725191979999977
30_4707,Blackwater,GBR,United Kingdom,-0.82838875799996,51.18503471300005,-0.6958837219999623,51.38760105800003
30_2255,Buxi,CHN,China,111.39656743100005,27.67055172700003,111.45574722600008,27.712908809000055
30_12933,Al Qa`Idah,YEM,Yemen,44.118493328000056,13.75119563900006,44.153740818000074,13.792087914000035
30_2070,Jīnchéngjiāng,CHN,China,108.02054671400003,24.678359699000055,108.11427152800007,24.72030571700003
30_6386,Vidisha,IND,India,77.78259801400003,23.497645909000028,77.84748914800008,23.53944516400003
30_8019,Khagaria,IND,India,86.43342505300006,25.493083127000034,86.53663104000003,25.526724519000027
30_12195,Cherkasy,UKR,Ukraine,31.999864380000076,49.366778691000036,32.16292662200004,49.46184624000006
30_10854,Cabanatuan,PHL,Philippines,120.91087392100007,15.405512550000026,121.00170959800005,15.512144825000064
30_13003,East London,ZAF,South Africa,27.780211430000065,-33.043738753999946,27.939375555000026,-32.95726741699997
30_11274,Nalchik,RUS,Russia,43.53893012000003,43.45678497200004,43.713886082000045,43.52982700000007
30_8696,Babol,IRN,Iran,52.63423826400003,36.49511783200006,52.73005362500004,36.61815939400003
30_2098,肥城市,CHN,China,116.667197439,36.143973740000035,116.80720133700004,36.240479152000034
30_13010,Vanderbijlpark,ZAF,South Africa,27.77117189100005,-26.74024768299995,27.890128399000048,-26.655819274999942
30_10028,Agbor,NGA,Nigeria,6.138959788000022,6.224117166000042,6.229150993000076,6.280860448000055
30_12400,O’Fallon,USA,United States,-90.76794889499996,38.72150638000005,-90.46967319799995,38.83705105000007
30_7423,Obra,IND,India,82.95621946000006,24.435178122000025,83.08996728500006,24.48547687000007
30_3554,San Pedro De Macorís,DOM,Dominican Republic,-69.34020519299997,18.432705888000044,-69.26597855399996,18.49047462300007
30_11795,Sarh,TCD,Chad,18.35403328600006,9.11337326000006,18.413596910000024,9.17839247300003
30_470,Bahadurabad,BGD,Bangladesh,89.71816130600007,25.224080197000035,89.84174876400004,25.434219291000034
30_11991,Çorum,TUR,Turkey,34.90164013000003,40.51605906000003,34.99325449200006,40.58784993800003
30_2633,Yunfu,CHN,China,111.99350542200006,22.896289970000055,112.15993562400001,22.988097476000064
30_3056,San-Pédro,CIV,Côte d'Ivoire,-6.689505234999956,4.725257320000026,-6.609223331999942,4.790044361000071
30_1692,Sanmenxia,CHN,China,111.14874615100007,34.745205604000034,111.24345787100009,34.806212206000055
30_9805,Alor Setar,MYS,Malaysia,100.32750054600007,6.070111452000049,100.41418400800006,6.191693488000055
30_251,Linz,AUT,Austria,14.228405338000073,48.22174860400003,14.366941964000034,48.34430842000006
30_12981,Paarl,ZAF,South Africa,18.955973526000037,-33.74534832499995,19.027082971000027,-33.63259991799998
30_10092,Bonny,NGA,Nigeria,7.127126535000059,4.401356261000046,7.207288471000027,4.458034937000036
30_513,Bhuapur,BGD,Bangladesh,89.80738972900008,24.326223622000043,89.92050758200008,24.535783259000027
30_2521,Lianjiang,CHN,China,110.24275497500008,21.55520534900006,110.34198899500007,21.646678543000064
30_12280,Temecula,USA,United States,-117.26741531799996,33.45058523000006,-117.05676401199997,33.606588963000036
30_2773,尖锋村,CHN,China,113.24726825300002,22.154342563000057,113.33928658400009,22.24596224000004
30_9921,Ijebu-Igbo,NGA,Nigeria,3.9792617720000294,6.945749655000043,4.019569850000039,6.99441379700005
30_1419,射洪县,CHN,China,105.34101920200004,30.82267255900007,105.40683677100009,30.916962015000024
30_10460,Salalah,OMN,Oman,54.00261665100004,16.99082466300007,54.130111010000064,17.040188448000038
30_10812,Pucallpa,PER,Peru,-74.60961177299998,-8.430938613999956,-74.51632920299994,-8.349727841999936
30_10287,Hadejia,NGA,Nigeria,10.003380137000022,12.427713350000033,10.064715431000025,12.48484561500004
30_107,Uíge,AGO,Angola,15.018678014000045,-7.643459985999925,15.089082164000047,-7.57042402899998
30_12132,Tanga,TZA,Tanzania,39.06768547100006,-5.122115546999964,39.128913185000044,-5.057316114999935
30_8574,Jorhat,IND,India,94.09905854000004,26.69803051300005,94.25149402600005,26.782470798000077
30_12506,Akron,USA,United States,-81.59634688499995,41.019204099000035,-81.37741677399998,41.181233734000045
30_7443,Lauiyah Nandangarh,IND,India,84.13826518900004,26.94297307900007,84.43152142400004,27.04438757400004
30_12126,Moshi,TZA,Tanzania,37.29631357400007,-3.38949509899993,37.396387498000024,-3.3247510759999273
30_6616,Hassan,IND,India,76.06095965600008,12.950247106000063,76.14516591100005,13.040099313000042
30_2906,Sanming,CHN,China,117.56731274800006,26.208741745000054,117.64708352800005,26.284614308000073
30_3235,Kipushi,COD,Democratic Republic of the Congo,27.22370782200005,-11.78326210199998,27.274751931000026,-11.742493839999952
30_9197,Mokpo-Si,KOR,South Korea,126.34292854600005,34.75391979300008,126.48362757500001,34.841080755000064
30_2051,Acheng,CHN,China,126.91968578100011,45.505550750000054,127.03381984900011,45.57955508200007
30_2034,Linying,CHN,China,113.8411143830001,33.77137511600006,114.10171880600001,33.86683220900005
30_3920,Córdoba,ESP,Spain,-4.819806157999949,37.84385941700003,-4.738542360999929,37.92348192700007
30_5990,Bijnor,IND,India,78.10149191900007,29.352782296000044,78.17482560200006,29.40391990300003
30_12603,Termez,UZB,Uzbekistan,67.24144556500005,37.19921391200006,67.35637917500003,37.29621892400007
30_2164,Xiangcheng,CHN,China,114.86391071900005,33.33798167100008,114.99872353500007,33.45924932400004
30_12336,Corpus Christi,USA,United States,-97.49762253599994,27.645140464000065,-97.31468213199997,27.823066437000023
30_597,Sunamganj District,BGD,Bangladesh,91.36571362000007,25.030873951000046,91.43144811600007,25.09806296800008
30_5188,Pasuruan,IDN,Indonesia,112.8536947880001,-7.7002690349999625,112.93396057400003,-7.61911413699994
30_3721,Ashmoun,EGY,Egypt,30.913849655000035,30.283320418000073,31.09543787900003,30.343192659000067
30_7043,Nandyal,IND,India,78.45507261900008,15.44652248400007,78.51824037900008,15.495738495000069
30_6732,Kodungallur,IND,India,76.13976875500003,10.194931552000071,76.22400176000008,10.251893277000022
30_9559,Ségou,MLI,Mali,-6.3233717649999335,13.415981142000021,-6.201573271999962,13.465025646000072
30_2679,Ji'An,CHN,China,114.95098026100004,27.086653864000027,115.03143767600011,27.162748433000047
30_7530,Buxar,IND,India,83.91807404800005,25.535135427000057,84.01780688300005,25.610843682000052
23_57599,Qaraziadin,IRN,Iran,45.007894649000036,38.87261739500008,45.03825877600008,38.89929653200005
30_7398,Ongole,IND,India,79.99169398300006,15.479332661000058,80.07767691400005,15.53675525500006
30_6629,Chhatarpur,IND,India,79.55767456700005,24.879749667000056,79.61402008600004,24.938511853000023
30_2874,Wuhua,CHN,China,115.71264655100003,23.865653570000063,115.8131032120001,23.966088033000062
30_10139,Ado,NGA,Nigeria,7.541063163000047,8.967096541000046,7.6917775280000455,9.056485166000073
30_1035,Juazeiro Do Norte,BRA,Brazil,-39.356546056999946,-7.245876434999957,-39.27589329299997,-7.197202111999957
30_1015,Governador Valadares,BRA,Brazil,-41.99621001699995,-18.919848145999936,-41.91114053599995,-18.828984401999946
30_1118,Regina,CAN,Canada,-104.71299916099997,50.39716554200004,-104.51357348099998,50.51215919800006
30_3330,Tuluá,COL,Colombia,-76.22098299999999,4.061318171000039,-76.17006470699994,4.117987250000056
30_5699,Jind,IND,India,76.27401658200006,29.284613926000077,76.36091378100008,29.34426030700007
30_11220,Novorossiysk,RUS,Russia,37.67322675400004,44.64786980300005,37.85669619500004,44.79508840400007
30_2143,Kaiyuan,CHN,China,123.95582147300001,42.51018961500006,124.17147195500002,42.57373323300004
30_1008,Ipatinga,BRA,Brazil,-42.59845853099995,-19.49851763399994,-42.49633047599997,-19.424073600999975
30_2660,Baoying,CHN,China,119.25373877300001,33.19081361100007,119.37635899400004,33.294687235000026
30_11424,Najran,SAU,Saudi Arabia,44.14940078700005,17.509394817000043,44.271126458000026,17.591759060000072
30_2792,Haian,CHN,China,120.37360052100007,32.49087036800006,120.51719668100009,32.585802674000035
30_3245,Kasumbalesa,COD,Democratic Republic of the Congo,27.77838186300005,-12.272664185999929,27.812454014000025,-12.191073406999976
30_5108,Binangun,IDN,Indonesia,109.18282076600008,-7.716500725999936,109.38994887300004,-7.610998972999937
30_1403,Yan'An,CHN,China,109.44535317700007,36.521477686000026,109.50713049100005,36.609368267000036
30_4828,Kankan,GIN,Guinea,-9.324246419999952,10.341412485000035,-9.273397861999968,10.406523493000066
30_12527,Harrisburg,USA,United States,-77.03853676999995,40.193354473000056,-76.73995919899994,40.345670753000036
30_12574,Nukus,UZB,Uzbekistan,59.54530955200005,42.419454796000025,59.665871021000044,42.52834247200008
30_12576,Urgench,UZB,Uzbekistan,60.55687337100005,41.50574401800003,60.67905042700005,41.59599342100006
30_12382,Lincoln,USA,United States,-96.76290511199994,40.72253563600003,-96.58698872499997,40.875302770000076
30_10678,Khanewal,PAK,Pakistan,71.89504482700005,30.266216603000032,71.96918857000003,30.32608489200004
30_2247,Xintai,CHN,China,117.62968788500007,35.84596552700003,117.81647329100008,35.94233365100007
30_8693,Kashan,IRN,Iran,51.333903418000034,33.93628081700007,51.48425934000005,34.02312161400005
30_10345,Yola,NGA,Nigeria,12.461509769000031,9.17839247300003,12.52185606300003,9.219031795000035
30_9902,Ogunrun-Ori,NGA,Nigeria,3.386821863000023,6.710566566000068,3.4674864190000676,6.848427141000059
30_1844,Fengfeng,CHN,China,114.14342671300005,36.39849385300005,114.26704542700008,36.49511783200006
30_3843,Tahma,EGY,Egypt,31.47636281800004,26.73180377400007,31.56052760400007,26.790916136000078
30_1231,Hami,CHN,China,93.46330214600005,42.80087247500006,93.56010515200006,42.88271867200007
30_4738,Chatham,GBR,United Kingdom,0.4554250240000215,51.32969136500003,0.6294742230000452,51.41656602200004
30_8905,Prato,ITA,Italy,11.024501120000025,43.82232596000006,11.224935601000027,43.92299561300007
30_7707,Raigarh,IND,India,83.32282426200004,21.854654410000023,83.42873435800004,21.937876967000022
30_6576,Hosapete,IND,India,76.35695151400006,15.257902296000054,76.42369599900007,15.290701137000042
30_9580,Monywa,MMR,Myanmar,95.10162749100004,22.079397893000078,95.20276793300008,22.154342563000057
30_8577,Dibrugarh,IND,India,94.86987794900006,27.433466690000046,94.96939801700006,27.501185491000058
30_9388,Los Mochis,MEX,Mexico,-109.04324479599995,25.745481141000027,-108.95536872399998,25.838077979000047
30_13101,Tunduma,ZMB,Zambia,32.73575522400006,-9.349089700999968,32.79470192200006,-9.275929856999937
30_5075,Subang,IDN,Indonesia,107.71406066600008,-6.580829091999931,107.83643912200006,-6.499749776999977
30_5123,Purworejo,IDN,Indonesia,109.85150983900007,-7.757080999999971,110.03473023300006,-7.684037580999927
30_11848,Lopburi,THA,Thailand,100.59647206400007,14.766151809000064,100.70383796200008,14.831693672000029
30_1189,Talca,CHL,Chile,-71.71052964799998,-35.460931347999974,-71.61503543699996,-35.39099985699994
30_6414,Lalitpur,IND,India,78.37329611300004,24.66997113900004,78.44991713600007,24.711916084000052
30_3660,Machala,ECU,Ecuador,-80.01264226799998,-3.2842868899999758,-79.92195633999995,-3.235730695999962
30_12304,Eugene,USA,United States,-123.20878001899996,44.00540889600006,-122.89161707499994,44.124525652000045
30_455,Gaibandha,BGD,Bangladesh,89.49220313700005,25.299714322000057,89.57718089600007,25.36695970100004
30_12493,Toledo,USA,United States,-83.69244754499994,41.577939773000026,-83.42371205699999,41.74049065100007
30_3653,Santa Elena,ECU,Ecuador,-80.98678293599994,-2.256686026999944,-80.84730209599996,-2.1838759659999596
30_11498,N/A,SDN,Sudan,32.36581352300004,15.512144825000064,32.44829289900002,15.56957090800006
30_10118,Nsukka,NGA,Nigeria,7.355958527000041,6.791659192000054,7.425878001000058,6.888977258000068
30_9709,Tete,MOZ,Mozambique,33.56151264500005,-16.185239794999973,33.633115994000036,-16.127746789999946
30_7095,Jhusi,IND,India,81.89018540100005,25.392180379000024,81.95749365300009,25.442627741000024
30_2650,Chaohu,CHN,China,117.80149479200008,31.560789210000053,117.91171325700009,31.655357528000025
30_4978,Padang Sidempuan,IDN,Indonesia,99.23723991800006,1.2940708070000255,99.33538474200009,1.4234876270000427
30_12299,Reno,USA,United States,-119.91105762799998,39.41583721200004,-119.69372772899999,39.567508015000044
30_5477,Pathankot,IND,India,75.60901956400005,32.24077500400006,75.69098533900006,32.30111896400007
30_7098,Rajapalaiyam,IND,India,77.53704373900007,9.405995869000037,77.63653376600007,9.503557648000026
30_9294,El Jadida,MAR,Morocco,-8.570682457999965,33.19946797000006,-8.459751627999935,33.26871446400003
30_3397,Riohacha,COL,Colombia,-72.94297740299999,11.506083122000064,-72.88984301499994,11.563140764000025
30_195,Bahía Blanca,ARG,Argentina,-62.32433353199997,-38.792602485999964,-62.207926483999984,-38.68596827299996
30_3581,Tiaret,DZA,Algeria,1.2904520790000333,35.31235419300003,1.3590123800000242,35.390999857000054
30_2583,Wuchuan,CHN,China,110.74218235300009,21.405569246000027,110.88429663100004,21.47206695400007
30_12151,Entebbe,UGA,Uganda,32.437748655000064,0.03235071700004255,32.55754178700005,0.15366597300004514
30_12649,Punto Fijo,VEN,Venezuela,-70.24137442399996,11.603898945000026,-70.14794573999995,11.76695452000007
30_10654,Khanpur,PAK,Pakistan,70.62218615700004,28.629365347000032,70.68709625500003,28.67186651000003
30_3035,N/A,CHN,China,120.49799737100011,27.408076202000075,120.64419822400009,27.501185491000058
30_5946,Palwal,IND,India,77.30384440600005,28.111371924000025,77.37934697500003,28.18773711500006
30_41,Kunduz,AFG,Afghanistan,68.83085840100006,36.68850198400003,68.91258032600007,36.75886876100003
30_1193,Rancagua,CHL,Chile,-70.78776624399995,-34.196903833999954,-70.67554721099998,-34.11868518599994
30_10396,Dordrecht,NLD,Netherlands,4.594149627000036,51.76467554200008,4.811018149000063,51.87123907700004
30_3936,Vitoria-Gasteiz,ESP,Spain,-2.7593948889999638,42.828150049000044,-2.6381252959999415,42.88271867200007
30_12945,Yarim,YEM,Yemen,44.35365275300006,14.274825908000025,44.39016409000004,14.323939831000075
30_9925,Iwo,NGA,Nigeria,4.143429539000067,7.5947688190000235,4.213904185000047,7.667806365000047
30_10891,Legazpi,PHL,Philippines,123.6800481680001,13.105454203000022,123.77892921600005,13.203498990000071
30_3555,La Romana,DOM,Dominican Republic,-69.03712733199995,18.39144703900007,-68.93206562499995,18.465715686000067
30_3743,Samalut,EGY,Egypt,30.68130184900008,28.28110042800006,30.753702186000055,28.357511658000078
30_9381,Cabo San Lucas,MEX,Mexico,-109.97595337699994,22.871255665000035,-109.89620896799994,22.946363855000072
30_5666,Kaithal,IND,India,76.36782145100005,29.75362204100003,76.46181255100004,29.821910263000063
30_2301,Fujin,CHN,China,131.9467434080001,47.217050967000034,132.0836663890001,47.291922043000056
30_9024,Miyazaki,JPN,Japan,131.36719592100008,31.844603412000026,131.49242341900003,32.03399602400003
30_3883,Asmara,ERI,Eritrea,38.86344088200008,15.290701137000042,38.95999421400006,15.364505705000056
30_3047,Yuhuan,CHN,China,121.20092768500001,28.068955722000055,121.30876728600003,28.17076528900003
30_1911,Hebi,CHN,China,114.21691820800004,35.679615074000026,114.3328216860001,35.784663290000026
30_10509,Dadu,PAK,Pakistan,67.74257986800006,26.706473472000027,67.80678070200008,26.74869183000004
30_3017,Fengting,CHN,China,118.79029333400001,25.215677509000045,118.98573512000007,25.299714322000057
30_8937,Caserta,ITA,Italy,14.22449012800007,41.01020682800004,14.369675224000048,41.10020023900006
30_12202,Kherson,UKR,Ukraine,32.54432779600006,46.60084613500004,32.75831389600006,46.69404222500003
30_12205,Poltava,UKR,Ukraine,34.45990395200005,49.537949344000026,34.65579864100005,49.63313982300008
30_6058,Panaji,IND,India,73.74527357200003,15.42191615300004,73.87913375200003,15.56136680800006
30_5392,Barmer,IND,India,71.37093385000003,25.720232216000056,71.43043714100008,25.779149543000074
30_12078,Yuanlin City,TWN,Taiwan,120.48569763100011,23.848917374000052,120.62158389900003,24.00794449800003
30_9076,Shizuoka,JPN,Japan,138.31692706900003,34.91083454900007,138.54664138400005,35.06786230100005
30_2674,Nanchang,CHN,China,115.87536214600004,28.46792024800004,115.9618524330001,28.60386777800005
30_11756,Deir Ez Zor,SYR,Syria,40.099978847000045,35.303617564000035,40.17381078500006,35.35604267100007
30_11316,Sterlitamak,RUS,Russia,55.881449099000065,53.57941812800004,56.02236907000008,53.69746606500007
30_11855,Chonburi,THA,Thailand,100.88851570600008,13.244355419000044,101.10289911200005,13.456851296000025
30_8336,Farakka,IND,India,87.86439472800004,24.76225710600005,87.93485429400005,24.812605878000056
30_9786,N/A,MOZ,Mozambique,40.47995349200005,-13.048268311999948,40.58379866800004,-12.95024710599995
30_3746,Quwaysina,EGY,Egypt,31.114287690000026,30.497213551000073,31.20184108500007,30.582820536000042
30_12426,Eagan,USA,United States,-93.40455821099994,44.666264514000034,-93.09610165399994,44.87796025400007
30_7145,Sivakasi,IND,India,77.76293901100007,9.405995869000037,77.82445073700006,9.487296616000037
30_3846,Maragha,EGY,Egypt,31.588791352000044,26.630495376000056,31.68506602900004,26.73180377400007
30_2338,Changyi,CHN,China,119.32895073100008,36.82045959100003,119.452042387,36.88206905100003
30_2475,Suining,CHN,China,117.87712479000004,33.84079447200003,118.01901035200001,33.94496339300008
30_13070,Chingola,ZMB,Zambia,27.820084595000026,-12.582797873999937,27.91232442200004,-12.493007759999955
30_2893,Lanxi,CHN,China,119.3768219420001,29.190910511000027,119.51010203600003,29.25905522800008
30_11625,Merca,SOM,Somalia,44.71220348400004,1.6742408610000439,44.79285836400004,1.7308641940000484
30_2141,Suizhou,CHN,China,113.31469911300007,31.672555670000065,113.49563219100003,31.775769817000025
30_3472,Bielefeld,DEU,Germany,8.468065810000041,51.94879819200003,8.634865109000032,52.08464554200003
30_1719,Dingzhou,CHN,China,114.89858234600001,38.464004583000076,115.03526874400006,38.55275921100008
30_10557,Nawabshah,PAK,Pakistan,68.37502571500005,26.23403051100007,68.43762805700004,26.276183094000032
30_8889,Cagliari,ITA,Italy,9.085415810000029,39.18410870300005,9.215501740000036,39.26428991300003
30_9277,Kaunas,LTU,Lithuania,23.80424548600007,54.815149209000026,24.076118230000077,54.95440535900008
30_10775,Nuevo Arraiján,PAN,Panama,-79.75110512099997,8.893966662000025,-79.63046812799996,8.98334839000006
30_2266,Laibin,CHN,China,109.18668716300004,23.69832849200003,109.25860045200005,23.756882963000066
30_7665,Bhimavaram,IND,India,81.47160001000003,16.522113743000034,81.58855729300006,16.571431071000063
30_4404,Kombolcha,ETH,Ethiopia,39.70047563700007,11.041633494000052,39.75967542800004,11.106802179000056
30_1105,Victoria,CAN,Canada,-123.46803750299995,48.400911257000075,-123.27155154899998,48.504743715000075
30_5686,Boisar,IND,India,72.67654806500008,19.771591228000034,72.77447442100004,19.82953876700003
30_10791,Cajamarca,PER,Peru,-78.53482697199996,-7.189089919999958,-78.48469622499994,-7.140417927999977
30_9342,Nador,MAR,Morocco,-3.018520713999976,35.12895933900006,-2.905078810999953,35.20753803800005
30_2152,周村区,CHN,China,117.77949765500011,36.767666312000074,117.93689639100012,36.86446444400008
30_334,Bohicon,BEN,Benin,1.9751514000000725,7.148529789000065,2.105537643000048,7.213426663000064
30_2828,Yantian,CHN,China,114.20979831700004,22.53763168300003,114.33413521200009,22.612670167000033
30_12454,Joliet,USA,United States,-88.28022054699994,41.478678366000054,-88.02665894799998,41.65016569000005
30_910,Itajaí,BRA,Brazil,-48.72222550199996,-26.93452343399997,-48.629769899999985,-26.85848742899998
30_3714,Manuf,EGY,Egypt,30.87094359100007,30.428748470000073,30.987891902000058,30.505772966000052
30_1843,Hejian,CHN,China,116.03210034200004,38.419642632000034,116.16335053600005,38.47287820100007
30_5648,Kishangarh,IND,India,74.82502160700005,26.52078304300005,74.89258995000006,26.62205454900004
30_3446,Aachen,DEU,Germany,6.002961560000074,50.74245718600008,6.177215090000061,50.83853783300003
30_3651,Tebessa,DZA,Algeria,8.054326427000035,35.38226002700003,8.155728153000041,35.43470436100006
30_4537,Rennes,FRA,France,-1.745599542999969,48.080468203000066,-1.578740762999928,48.15579983500004
30_7558,Siwan,IND,India,84.32576067300005,26.200312619000044,84.38599472400006,26.25089084800004
30_2414,Xianning,CHN,China,114.25167724000005,29.796300114000076,114.35688224600005,29.907295374000057
30_5341,Merauke,IDN,Indonesia,140.37009205900006,-8.53652238999996,140.43135477400006,-8.471546444999944
30_416,Saidpur,BGD,Bangladesh,88.83779887000009,25.753897901000073,88.96950078300006,25.829658949000077
30_11598,Kenema,SLE,Sierra Leone,-11.22021807599998,7.838246052000045,-11.160271739999928,7.919417163000048
30_3917,Gijón,ESP,Spain,-5.752147819999948,43.49330187100003,-5.605906773999948,43.57549500400006
30_11397,Ash Sharai,SAU,Saudi Arabia,39.876364617000036,21.447128962000022,39.98208324900003,21.505320140000038
30_397,Thakurgaon,BGD,Bangladesh,88.37917737400005,26.006506444000024,88.49644769400004,26.057052834000046
30_1276,Wuzhong,CHN,China,106.09432173500005,37.91463338600005,106.25078465800004,38.020842291000065
30_11627,Xawo Tako,SOM,Somalia,44.878699733000076,2.60457638500003,44.90900917600004,2.6288491220000196
30_1726,Gaobeidian,CHN,China,115.75012914400008,39.23755902900007,115.9384650940001,39.37125169400008
30_5513,Pali,IND,India,73.24659620500006,25.737064606000047,73.37016775800004,25.821240147000026
30_9822,Kuantan,MYS,Malaysia,103.27175998900009,3.777995213000054,103.37167461800004,3.858940897000025
30_5457,Batala,IND,India,75.13438881100006,31.784372958000063,75.24446762600007,31.844603412000026
30_2012,Tongren,CHN,China,109.13172436000008,27.704436894000025,109.21209179200008,27.75527212700007
30_644,Sreemangal,BGD,Bangladesh,91.68936865600006,24.25919239600006,91.76770935900004,24.426795739000056
30_8547,Samaguri,IND,India,92.72707756200003,26.335206475000064,92.92917286800008,26.503907756000046
30_12558,Springfield,USA,United States,-72.65956639599995,42.06605503000003,-72.46376254999996,42.229070826000054
30_5314,Ternate,IDN,Indonesia,127.31318713500002,0.7521624320000342,127.39454821600009,0.8330421900000715
30_2682,Jianhu,CHN,China,119.72521388900009,33.407269658000075,119.84808326000007,33.51124074300003
30_13041,Osizweni,ZAF,South Africa,30.01352216400005,-27.80611635699995,30.182239890000062,-27.72985338799998
30_3640,El Oued,DZA,Algeria,6.827207625000028,33.27737173000003,6.91431116900003,33.407269658000075
30_10811,Huancayo,PER,Peru,-75.24418897399994,-12.093177133999973,-75.18490485399997,-12.03607730899995
30_9946,Iragbiji,NGA,Nigeria,4.637125379000054,7.862596746000065,4.727229227000066,7.943769688000032
30_4773,Cape Coast,GHA,Ghana,-1.3103189299999372,5.097815467000032,-1.190289714999949,5.162616468000067
30_6164,Dhaulpur,IND,India,77.83988271200008,26.67270305900007,77.91835307500008,26.740247683000064
30_1250,Bayannur,CHN,China,107.34405218900008,40.72253563600003,107.46340788300006,40.80339597600005
30_9579,Hpakant,MMR,Myanmar,96.23300621800007,25.55195791400007,96.37078992800008,25.66132596400007
30_2837,Changxing,CHN,China,119.8639496290001,30.968407427000045,119.99634593500002,31.054173081000044
30_3855,Nag Hammadi,EGY,Egypt,32.14272856300005,26.006506444000024,32.319644581000034,26.099181147000024
30_5190,Lumajang,IDN,Indonesia,113.13823046400012,-8.219804030999967,113.30892179500006,-8.098015256999929
30_5221,Banjarbaru,IDN,Indonesia,114.7115615460001,-3.486614255999939,114.88197213800004,-3.38949509899993
30_7581,Nagapattinam,IND,India,79.79107390200005,10.496059625000044,79.86779072000007,10.846160492000024
30_12548,Syracuse,USA,United States,-76.29295082499993,42.98280794500005,-76.03322888199995,43.19228230300007
30_12656,Acarigua,VEN,Venezuela,-69.25527473899996,9.519818976000067,-69.16863297299994,9.625524853000059
30_2726,Taishan,CHN,China,112.75295985900004,22.21264336100006,112.8325380760001,22.337604725000062
30_10906,Tacloban,PHL,Philippines,124.96535794500005,11.139388607000058,125.03755129800004,11.261600180000073
30_7071,Padmanabhapuram,IND,India,77.28369405500007,8.187325634000047,77.37113232700005,8.309124885000074
30_11180,Arkhangelsk,RUS,Russia,40.460164193000026,64.47106306900008,40.78328685400004,64.61475880600005
30_5158,Nganjuk,IDN,Indonesia,111.84341247600008,-7.659690845999933,111.96639421200007,-7.529850546999967
30_9807,Sungai Petani,MYS,Malaysia,100.45380846500007,5.591988683000068,100.54819783000005,5.713530627000068
30_11190,Vologda,RUS,Russia,39.75844863700007,59.17925531100008,40.001526657000056,59.262293862000035
30_5245,Tarakan,IDN,Indonesia,117.56050348100007,3.2761941290000323,117.6298257950001,3.3571228820000556
30_4977,Tebing Tinggi,IDN,Indonesia,99.12038481000008,3.292379677000042,99.20379925400005,3.3814020060000303
30_10080,Gwagwalada,NGA,Nigeria,7.047114127000043,8.918342665000068,7.107823072000031,8.967096541000046
30_5089,Indramayu,IDN,Indonesia,108.23943567500004,-6.418675466999957,108.36544166300007,-6.280860447999942
30_9244,Misrata,LBY,Libya,14.957086759000049,32.30974076700005,15.233164823000038,32.40460107000007
23_57681,Sareyn,IRN,Iran,48.05679980300005,38.144825738000065,48.08361416500003,38.15368472000006
30_2781,Jintan,CHN,China,119.50292817000002,31.715556290000052,119.66298640500008,31.810184193000055
30_4740,Southend-On-Sea,GBR,United Kingdom,0.5370142160000455,51.52282878300008,0.8054131810000627,51.609838962000026
30_3174,Mweka,COD,Democratic Republic of the Congo,21.53951348100003,-4.862932594999961,21.57999171700004,-4.830537453999966
30_11690,Juba,SSD,South Sudan,31.50998790500006,4.8062414870000225,31.62975337100005,4.895328332000076
30_5640,Ankleshwar,IND,India,72.97240635300005,21.58846578200007,73.07155827100007,21.663312400000052
30_7954,Hazaribagh,IND,India,85.32692871400008,23.966088033000062,85.40101310200004,24.024688533000074
30_8998,Hakodate,JPN,Japan,140.61630957700004,41.749525756000025,140.84388282100008,41.839902953000035
30_4703,Reading,GBR,United Kingdom,-1.0596080569999344,51.40691028300006,-0.8846504199999572,51.493838991000075
30_3338,Armenia,COL,Colombia,-75.72720011099995,4.5066179910000415,-75.65879087199994,4.563299793000056
30_11146,Craiova,ROU,Romania,23.733483290000038,44.280428821000044,23.861653164000074,44.35384828400004
30_6002,Najibabad,IND,India,78.27306672900005,29.591507943000067,78.37923320600004,29.64269119100004
30_703,Nassau,BHS,Bahamas,-77.44993649999998,25.005681674000073,-77.24661803299995,25.089663576000078
30_3859,Armant Al-Waburat,EGY,Egypt,32.45414401800008,25.55195791400007,32.537089664000064,25.62767020900003
30_12961,Aden,YEM,Yemen,45.016382124000074,12.762414221000029,45.062549852000075,12.852240638000069
30_10419,Heerlen,NLD,Netherlands,5.908999419000054,50.819315878000054,6.225156689000073,50.96355178700003
30_8848,Al-Shatrah,IRQ,Iraq,46.14856051700008,31.38893945500007,46.19784695100003,31.431890726000063
30_1209,Aksu,CHN,China,80.23030318200006,41.145214227000054,80.32054097300005,41.19924626400007
30_5160,Gembongan,IDN,Indonesia,111.99589701400004,-8.08989650899997,112.1911560850001,-7.927534609999952
30_9562,Koutiala,MLI,Mali,-5.497277087999976,12.346104149000041,-5.43600940999994,12.419551990000059
30_4720,Luton,GBR,United Kingdom,-0.5530527139999322,51.861547649000045,-0.36415579899994555,51.92940379300006
30_9693,Myeik,MMR,Myanmar,98.57581884000007,12.411390728000072,98.62397748300003,12.468521619000057
30_2921,Pinghu,CHN,China,120.96336644300004,30.66845611100007,121.06746998400001,30.79696333100003
30_8052,Mansa Nagar,IND,India,85.83932736500003,23.740152093000063,86.04985189200005,23.807080478000046
30_7037,Gondia,IND,India,80.15669453600003,21.41388082900005,80.22687534600004,21.49700657300008
30_3638,Skikda,DZA,Algeria,6.876091795000036,36.829259801000035,7.061487534000037,36.908478821000074
30_9484,Tlaxcala,MEX,Mexico,-98.31913179899999,19.233886652000024,-98.14558703199998,19.35791204000003
30_323,Charleroi,BEL,Belgium,4.324994833000062,50.37800994000003,4.561901583000065,50.48340111700003
30_3459,Münster,DEU,Germany,7.55698340400005,51.89062423900003,7.6940311550000615,52.00699991300007
30_3564,Sidi Bel Abbes,DZA,Algeria,-0.6560602679999761,35.17261064300004,-0.5766485729999431,35.22500385600006
30_3352,Sahagún,COL,Colombia,-75.46363878799997,8.918342665000068,-75.42931716899994,8.967096541000046
30_1366,Ulanqab,CHN,China,113.0576790240001,40.974222334000046,113.16688005800006,41.05519778100006
30_5162,Kertosono,IDN,Indonesia,111.98080436800007,-7.732732655999939,112.12079124700006,-7.562309214999971
30_12640,Mérida,VEN,Venezuela,-71.26052363799994,8.52840016600004,-71.10727813699998,8.63399425800003
30_4617,Plymouth,GBR,United Kingdom,-4.228090637999969,50.34928188500004,-4.016686105999952,50.435485312000026
30_11166,Constanța,ROU,Romania,28.572031674000073,44.133692180000025,28.685240651000072,44.27125379100005
30_5054,Pandeglang,IDN,Indonesia,106.03393004100008,-6.353819580999925,106.13999941900005,-6.2565416099999425
30_7911,Nawada,IND,India,85.51702843300006,24.862962422000066,85.55963580300005,24.946907319000047
30_1959,Linqing,CHN,China,115.65383416400005,36.81165976200003,115.75587421300008,36.88206905100003
30_2894,Lili,CHN,China,120.75145596900006,31.002710189000027,120.87900178400002,31.071329714000058
30_8704,Sari,IRN,Iran,52.99290391400007,36.50390407500004,53.13369558900007,36.60057751700003
30_3220,Kambove,COD,Democratic Republic of the Congo,26.566714098000034,-10.903168361999974,26.629051538000056,-10.838016849999974
30_707,Sarajevo,BIH,Bosnia and Herzegovina,18.266274704000068,43.79488157800006,18.45855653800004,43.90468732700003
30_4683,Derby,GBR,United Kingdom,-1.5604560359999482,52.863868429000036,-1.382509294999977,52.961630770000056
30_11949,Aydin,TUR,Turkey,27.792564730000038,37.808481992000054,27.900706094000043,37.86155051700007
30_9102,Pavlodar,KAZ,Kazakhstan,76.89647457800004,52.240086113000075,77.06216716700004,52.33733813400005
30_10877,Lucena,PHL,Philippines,121.57444161400008,13.890240560000052,121.65624707800009,13.98022777600005
30_2361,Laizhou,CHN,China,119.87866363600006,37.14632182300005,120.02583563000007,37.243301286000076
30_1061,Mossoró,BRA,Brazil,-37.38204399299997,-5.235520626999971,-37.302909228999965,-5.1383157969999615
30_12591,Shahrisabz,UZB,Uzbekistan,66.76623890900004,39.00605069900007,66.92522123000003,39.15738925200003
30_11258,Volzhskiy,RUS,Russia,44.65142777800003,48.75047961800004,44.872239353000055,48.83564549600004
30_12511,Richmond,USA,United States,-77.63627125199997,37.43740107800005,-77.37696986099996,37.667035791000046
30_6705,Chhindwara,IND,India,78.89527403200003,22.029443189000062,78.97893816200008,22.079397893000078
30_12862,Quy Nhơn,VNM,Vietnam,109.10967698400009,13.726661585000045,109.26206480100007,13.824803704000033
30_10527,Shabqadar,PAK,Pakistan,71.42741473400008,34.17082791800004,71.59831287700007,34.249064787000066
30_9088,Aktau,KAZ,Kazakhstan,51.123288830000035,43.62117591700007,51.25995041300007,43.69429229100007
30_8361,Aurangabad,IND,India,87.94246406500008,24.586097309000024,88.05195166200008,24.653194661000043
30_1345,Xilinhot,CHN,China,116.00602109700003,43.90468732700003,116.12534803300002,43.98709115200006
30_10072,Bugama,NGA,Nigeria,6.839196307000066,4.717159103000029,6.879241322000041,4.749552187000063
30_9680,Hpa-An,MMR,Myanmar,97.57803451300003,16.834538648000034,97.67530410000006,16.900337258000036
30_3251,Kilwa,COD,Democratic Republic of the Congo,28.31650144100007,-9.308444619999932,28.34789692800007,-9.267801346999931
30_8764,Jiroft,IRN,Iran,57.69716503700005,28.646365030000027,57.773730819000036,28.705872142000032
30_1765,Pinggu,CHN,China,117.06132731600007,40.11276828500007,117.1610610240001,40.175443338000036
30_4062,Jimma,ETH,Ethiopia,36.81276343400003,7.6353446440000425,36.87252952700004,7.692153278000035
30_7143,Tirunelveli,IND,India,77.64269250700005,8.690857291000043,77.75637130600006,8.75584765900004
30_11061,Songnim,PRK,North Korea,125.57616821500005,38.71262123300005,125.67722220300004,38.765938335000044
30_3887,Massawa,ERI,Eritrea,39.42970655600004,15.594183960000066,39.49098038200003,15.643413446000068
30_2466,Laiyang,CHN,China,120.64773553500004,36.92608724200005,120.7853565260001,37.02296090400006
30_6185,Etmadpur,IND,India,78.17952413200004,27.188117657000078,78.27644593600007,27.255779623000024
30_12784,Rạch Giá,VNM,Vietnam,105.05919052900003,9.910180916000058,105.15341713000004,10.048476381000057
30_4982,Tanjung Balai,IDN,Indonesia,99.66757517300005,2.912044862000073,99.82230188100004,3.0010547460000225
30_8354,Bhadrak,IND,India,86.47098672700008,21.040036550000025,86.54401520100004,21.114776608000057
30_12270,Antioch,USA,United States,-121.98518128699999,37.91463338600005,-121.66684558499998,38.04740353600005
23_58225,Shandiz,IRN,Iran,59.27992392400006,36.38971209500005,59.329768483000066,36.39849385300005
30_10458,Hillcrest,NZL,New Zealand,174.66478196600008,-36.83806039099994,174.83055283600004,-36.68850198399997
30_3654,Manta,ECU,Ecuador,-80.76713284699997,-1.0190681499999528,-80.66711239399996,-0.9300987449999525
30_11183,Cherepovets,RUS,Russia,37.76324359400007,59.07555989800005,38.02840159600004,59.168880640000054
30_1699,Nanchuan,CHN,China,107.06600668500005,29.139813222000043,107.18003982300007,29.182393628000057
30_2402,Pingdu,CHN,China,119.8615883110001,36.73247838000003,120.02474717400003,36.81165976200003
30_1930,Xinmi,CHN,China,113.26732361300003,34.48394026600005,113.43960392100007,34.55358077000005
30_5394,Anantnag,IND,India,75.06814139700003,33.68463071600007,75.24977831800004,33.79740488700003
30_7155,Karur,IND,India,78.01956415000006,10.919457092000073,78.12048196700005,11.000905877000037
30_11538,Al-Qadarif,SDN,Sudan,35.33646933600005,13.996590530000049,35.421704358000056,14.070228439000061
30_6282,Beed,IND,India,75.71912740900007,18.969418120000057,75.78342624600003,19.018993714000032
30_12734,Thái Nguyên,VNM,Vietnam,105.76499111500004,21.521947818000058,105.89435691300008,21.646678543000064
30_6725,Banda,IND,India,80.30641201600008,25.451036414000043,80.36653529700004,25.51831383600006
30_10449,Biratnagar,NPL,Nepal,87.24984800600004,26.385807034000038,87.30687724600006,26.546097737000025
30_9050,Nagano,JPN,Japan,138.1139789030001,36.56541827900003,138.27780656700008,36.68850198400003
30_3457,Hagen,DEU,Germany,7.374671224000053,51.32969136500003,7.783447697000042,51.41656602200004
30_3006,Ninghai,CHN,China,121.39018972400004,29.27609409200005,121.4858112600001,29.36130455500006
30_5198,Pamekasan,IDN,Indonesia,113.35311253100008,-7.229651436999973,113.57248281000011,-7.107971035999981
30_10531,Shikarpur,PAK,Pakistan,68.61176743700008,27.933266441000058,68.66899040400006,27.975662389000036
30_540,Manikgonj,BGD,Bangladesh,89.90800245800006,23.773614649000024,90.11191609800005,23.915867092000042
30_2800,Huangshan,CHN,China,118.25989965200006,29.676818825000055,118.3580826860001,29.736552738000057
30_1973,Yuzhou,CHN,China,113.38216718600006,34.10999590900008,113.59770107300005,34.266454477000025
30_9429,Zacatecas,MEX,Mexico,-102.62680103899999,22.729427678000036,-102.46944623899998,22.787820640000064
30_9924,Birnin Kebbi,NGA,Nigeria,4.161405850000051,12.419551990000059,4.263153891000059,12.48484561500004
30_11186,Zelenograd,RUS,Russia,37.10639458900005,55.95431229600007,37.28076566500005,56.02465630200004
30_2845,Guangfeng,CHN,China,118.07785627900012,28.382986696000046,118.24184675300012,28.48491006000006
30_11196,Kursk,RUS,Russia,36.107745124000076,51.68723289400003,36.287610907000044,51.793729133000056
30_3702,Kafr Al-Zaiyat,EGY,Egypt,30.73994983800003,30.788394166000046,30.85471377400006,30.874098825000033
30_9017,Fukuyama,JPN,Japan,133.29437308700005,34.42302278600005,133.4855648140001,34.527463011000066
30_926,Sumaré,BRA,Brazil,-47.32209939699993,-22.837879319999956,-47.13657641699996,-22.754452069999957
30_11564,Ziguinchor,SEN,Senegal,-16.30646018999994,12.533819965000077,-16.245053836999944,12.590961205000042
30_6976,Jigani,IND,India,77.59492245500007,12.762414221000029,77.71808309700003,12.852240638000069
30_5707,Bhiwani,IND,India,76.09982105400007,28.75688844000007,76.18332878900003,28.824924861000056
30_1023,Vitória Da Conquista,BRA,Brazil,-40.899481048999974,-14.913631670999962,-40.80777817599994,-14.831693671999972
30_673,N/A,BGD,Bangladesh,91.86506774300005,22.129359321000038,92.04230172000007,22.27928413500007
30_3319,Popayán,COL,Colombia,-76.65318323499997,2.418491230000029,-76.55334840399996,2.5074872120000578
30_8864,Ashdod,ISR,Israel,34.61143982300007,31.767166979000024,34.70274405400005,31.85320897400004
30_7368,Waidhan,IND,India,82.58117731000004,24.07492561500004,82.76785628300007,24.150295269000026
30_7060,Pratapgarh,IND,India,81.96696307000008,25.897017556000037,82.03139949000007,25.95596830900007
30_12682,Los Teques,VEN,Venezuela,-67.10002045199997,10.316997191000041,-66.92974108999994,10.390245255000025
30_12769,Thái Bình,VNM,Vietnam,106.27298214000007,20.35143236300007,106.41924692900005,20.508959927000035
30_10866,Binangonan,PHL,Philippines,121.16156993800007,14.446742640000025,121.2430025650001,14.512248052000075
30_546,Gouripur,BGD,Bangladesh,90.46404230100006,24.64480674400005,90.62890768600005,24.77064802900003
30_9081,Mito,JPN,Japan,140.3761067250001,36.30191500700005,140.5884747120001,36.44240823600006
30_3900,A Coruña,ESP,Spain,-8.469142724999926,43.30167964300006,-8.344311326999957,43.39290016000007
30_11168,Murmansk,RUS,Russia,32.98885939100006,68.86604589600006,33.160406727000066,69.05462590200005
30_5380,Gandhidham,IND,India,70.05362972900008,23.021487903000036,70.15329210100003,23.104977742000074
30_11722,Ljubljana,SVN,Slovenia,14.439283448000026,46.01506687800003,14.622330560000023,46.12646501800003
30_3061,Daloa,CIV,Côte d'Ivoire,-6.4846124789999635,6.848427141000059,-6.414049199999965,6.913307966000048
30_11363,Ulan-Ude,RUS,Russia,107.47416022600004,51.76467554200008,107.76194405000007,51.87123907700004
30_8372,Dhupguri,IND,India,88.90076402000005,26.52078304300005,89.07740849100009,26.630495376000056
30_4830,Nzérékoré,GIN,Guinea,-8.850666425999975,7.716500726000049,-8.780109181999933,7.797662772000024
30_3091,Kumba,CMR,Cameroon,9.417952563000028,4.6037878430000205,9.478140409000048,4.660472598000069
30_11191,Oryol,RUS,Russia,35.99999451200006,52.912739472000055,36.16642114000007,53.02032713600005
30_8688,Pardis,IRN,Iran,51.71867836000007,35.714625356000056,51.923100014000056,35.758396348000076
30_8867,Netanya,ISR,Israel,34.82664356500004,32.25801459000007,34.90959335900004,32.38735094700007
30_6668,Bidar,IND,India,77.46869287500004,17.880147210000075,77.54654421300006,17.94608948000007
30_1343,Shenmu,CHN,China,110.45664313700007,38.77482597000005,110.53910115300005,38.88151002300003
30_5674,Valsad,IND,India,72.88273011700005,20.57530575900006,72.98119779700005,20.633367372000066
30_8485,Habra,IND,India,88.58990802900007,22.796163268000043,88.70081186800007,22.871255665000035
30_11159,Iași,ROU,Romania,27.475896743000078,47.104817737000076,27.675884907000068,47.188984418000075
30_1542,Weinan,CHN,China,109.39838500200005,34.457830725000065,109.55886516900006,34.527463011000066
30_2643,Chuzhou,CHN,China,118.28504348700005,32.24077500400006,118.38401979800005,32.352854431000026
30_10453,Christchurch,NZL,New Zealand,172.49971087400002,-43.57549500399995,172.75520708700003,-43.475042393999956
30_10020,Ughelli,NGA,Nigeria,5.963624217000074,5.470456407000029,6.043622253000024,5.535272431000067
30_5218,Singaraja,IDN,Indonesia,115.01439287500011,-8.171086815999956,115.19222849100004,-8.073659200999941
30_437,Bagha,BGD,Bangladesh,88.74091488100004,24.150295269000026,88.97992368000007,24.25919239600006
30_1154,Lausanne,CHE,Switzerland,6.472034532000066,46.498399068000026,6.703740441000036,46.56358435400006
30_1119,Saskatoon,CAN,Canada,-106.76846127199997,52.07493712400003,-106.53832765499999,52.201207245000035
30_9399,Heroica Nogales,MEX,Mexico,-110.98683418799999,31.251545185000055,-110.89884541899994,31.34599560500004
30_1912,津南区,CHN,China,117.32450092700003,38.925979426000026,117.51753389600003,39.050549415000035
30_6087,Amroha,IND,India,78.43998980900005,28.858949384000027,78.49816024900008,28.918502448000027
30_527,Muktagacha,BGD,Bangladesh,90.17052389000008,24.66997113900004,90.32032395800007,24.829390529000023
30_2683,岗美村,CHN,China,112.75372934000006,23.196839373000046,112.84398587600003,23.313788912000064
30_11105,Kaesong,PRK,North Korea,126.52377043000001,37.950029950000044,126.60067226800004,37.994284658000026
30_11178,Smolensk,RUS,Russia,31.97556103100004,54.74558700500006,32.12956837200005,54.82509024400008
30_11055,Kangson,PRK,North Korea,125.48637477800003,38.89040306900006,125.62342020900007,38.961562471000036
30_6731,Wardha,IND,India,78.56892554500007,20.708030423000025,78.67318414300007,20.774409340000034
30_5530,Sirsa,IND,India,74.98927416500004,29.49769748700004,75.09017157600005,29.57444904500005
30_11612,Borama,SOM,Somalia,43.174065477000056,9.918315323000058,43.196859920000065,9.950853722000033
30_6885,Katni,IND,India,80.35724352600005,23.790347154000074,80.43745828700008,23.87402197600005
30_1715,Miyun,CHN,China,116.77657200400006,40.345670753000036,116.88635297100006,40.39946014700007
30_2302,Hanchuan,CHN,China,113.77868079000007,30.617071329000055,113.891373036,30.677021246000038
30_2992,Fu'An,CHN,China,119.61500892300012,27.06974662300007,119.68495111300001,27.11201654000007
30_3166,Ilebo,COD,Democratic Republic of the Congo,20.57033837700004,-4.352775855999937,20.620587045000036,-4.312293102999945
30_5061,Pangkalpinang,IDN,Indonesia,106.05928623900007,-2.175786043999949,106.18011121000006,-2.078708252999945
30_4344,Mek'Elē,ETH,Ethiopia,39.43126807700003,13.465025646000072,39.50317088000003,13.538599610000063
30_2967,Shengzhou,CHN,China,120.78342041200005,29.540334519000055,120.9175898530001,29.617098338000062
30_9108,Semey,KAZ,Kazakhstan,80.15596685500003,50.35885719100003,80.35420914700006,50.464232647000074
30_859,Brasília,BRA,Brazil,-47.936980963999986,-15.848585171999957,-47.83183606199998,-15.700853564999932
30_3560,Tlemcen,DZA,Algeria,-1.376498273999971,34.85851711500004,-1.2752911229999313,34.954442001000075
30_11047,Hyesan,PRK,North Korea,128.14520394600004,41.36144259900004,128.28446474100008,41.43357832700008
30_9489,Monclova,MEX,Mexico,-101.47504629499997,26.841593172000046,-101.37992625799995,26.95987308800005
30_1754,Yanjiao,CHN,China,116.74633801400012,39.88016394300007,116.90446574300006,39.987482947000046
30_2078,Jingmen,CHN,China,112.15613477700003,30.925535524000054,112.29423848900001,31.071329714000058
30_10730,Jaranwala,PAK,Pakistan,73.38411861500003,31.311645859000066,73.44328881900003,31.36317225600004
30_967,Taubaté,BRA,Brazil,-45.629046856999935,-23.063230359999977,-45.50826444699993,-22.98809747599995
30_12698,Porlamar,VEN,Venezuela,-63.98080862799998,10.927601585000048,-63.784403890999954,11.041633494000052
30_2536,Leizhou,CHN,China,110.02940671100004,20.882298798000022,110.14664088100005,20.96531077000003
30_1679,Baicheng,CHN,China,122.74955211500003,45.57955508200007,122.91215743200007,45.644338609000044
30_839,Pelotas,BRA,Brazil,-52.40510953699993,-31.78437295799995,-52.28571480699998,-31.698355137999954
30_5427,Sri Ganganagar,IND,India,73.84088718500004,29.881676937000066,73.92324553100008,29.941457167000067
30_10000,Owo,NGA,Nigeria,5.534800364000034,7.164753675000043,5.624793419000071,7.2377639080000336
30_2355,Guigang,CHN,China,109.53711143800007,23.063230360000034,109.67588257400007,23.171783825000034
30_857,Guará,BRA,Brazil,-47.998294517999966,-15.881420011999978,-47.90933562599997,-15.77471423299994
30_3379,Villavicencio,COL,Colombia,-73.66587408699996,4.101795928000058,-73.57453309599998,4.166561976000025
30_11241,Yoshkar-Ola,RUS,Russia,47.76730417200008,56.59921642300003,48.003152912000076,56.66999530000004
30_5780,Dahod,IND,India,74.22053569400003,22.812849106000044,74.28631782300005,22.879600238000023
30_12016,Osmaniye,TUR,Turkey,36.211662010000055,37.03176989900004,36.29105832000005,37.09344362300004
30_1920,Suihua,CHN,China,126.93788256800008,46.60084613500004,127.04222736000008,46.67539824000005
30_3419,Camagüey,CUB,Cuba,-77.97070450699994,21.33908305400007,-77.86042777399996,21.422192592000044
30_2269,Linqu,CHN,China,118.45779701900005,36.38971209500005,118.61168415100008,36.56541827900003
23_57768,فامنین,IRN,Iran,48.95828189100007,35.102772784000024,48.99070649400005,35.13768889500005
30_7245,Bhadohi,IND,India,82.52771229300004,25.35014702600006,82.65870006200004,25.425811063000026
30_3354,Sincelejo,COL,Colombia,-75.41992193799996,9.267801347000045,-75.36637465799998,9.332831451000061
30_1898,Dengfeng,CHN,China,112.97181721700008,34.44042607200004,113.0617897950001,34.48394026600005
30_5320,Sorong,IDN,Indonesia,131.2272892430001,-0.9139225849999661,131.337587976,-0.8492182159999402
30_12606,Kokand,UZB,Uzbekistan,70.85624499500005,40.48914489600003,71.01019171000007,40.596825824000064
30_1828,Bo'Ai,CHN,China,112.89125634400011,35.13768889500005,113.14004004100002,35.22500385600006
30_6506,Orai,IND,India,79.42055934500007,25.964390759000025,79.51996984600004,26.014930269000047
30_8980,Asahikawa,JPN,Japan,142.29318293300003,43.721719491000044,142.47936852300006,43.83147513100005
30_2942,惠来县,CHN,China,116.22304508900004,22.996444788000076,116.35643748100006,23.05488147500006
30_3432,Nicosia,CYP,Cyprus,33.28081984600004,35.094044636000035,33.41852895000005,35.21627077100004
30_1560,Hechuan,CHN,China,106.22800888000006,29.93291630300007,106.33046626400005,30.018337443000064
30_920,Limeira,BRA,Brazil,-47.462613439999984,-22.621008735999965,-47.36472498899997,-22.537631682999972
30_10255,Gboko,NGA,Nigeria,8.96506755200005,7.2945527700000525,9.046208188000037,7.375684507000074
30_5119,Kebumen,IDN,Indonesia,109.57900125200007,-7.716500725999936,109.71588120700005,-7.635344643999929
30_94,M'Banza Congo,AGO,Angola,14.210740520000058,-6.280860447999942,14.261086946000034,-6.240329291999956
30_5086,Jatiwangi,IDN,Indonesia,108.12446566200003,-6.80787834299997,108.30148293800005,-6.694348662999971
30_6926,Attingal,IND,India,76.73412447300007,8.585257126000045,76.85187687400008,8.75584765900004
30_51,Taloqan,AFG,Afghanistan,69.49132874000003,36.70609140800008,69.61572386200004,36.75886876100003
30_7970,Vizianagaram,IND,India,83.36614804200008,18.078002189000074,83.43821955400006,18.13572587500005
30_12330,Spokane,USA,United States,-117.48078024799997,47.60118219900005,-117.18238367199996,47.760762260000035
30_4088,Gonder,ETH,Ethiopia,37.42530187400007,12.558308474000057,37.479632396000056,12.623615526000037
30_3625,Biskra,DZA,Algeria,5.683137051000074,34.806212206000055,5.797428250000053,34.875954867000075
30_8880,Busto Arsizio,ITA,Italy,8.811427396000056,45.53329813400006,8.982189282000036,45.681370263000076
30_9100,Karaganda,KAZ,Kazakhstan,73.01943600600003,49.74745916200004,73.17677722200006,49.83326395900008
30_6673,Damoh,IND,India,79.40748997500003,23.79871371400003,79.46439578000007,23.87402197600005
30_1348,Xichang,CHN,China,102.18328871500006,27.848493438000048,102.33488831900007,27.933266441000058
30_6337,Udupi,IND,India,74.68741332200005,13.30155882400004,74.81388164100008,13.391460327000061
30_3100,Bafoussam,CMR,Cameroon,10.37630589500003,5.454252822000058,10.456442238000022,5.510966105000023
30_5168,Pare,IDN,Indonesia,112.10710416300003,-7.838246051999931,112.25026850600011,-7.684037580999927
30_11646,Novi Sad,SRB,Serbia,19.739043741000046,45.20989349200005,19.894114967000064,45.31146096300006
30_12641,Cabimas,VEN,Venezuela,-71.48147183399993,10.30072073100007,-71.39488394299997,10.430941459000053
30_11547,Kassala,SDN,Sudan,36.345458059000066,15.42191615300004,36.429781673000036,15.487535516000037
30_4912,La Ceiba,HND,Honduras,-86.87193845899998,15.733679264000045,-86.74129032799999,15.799336735000054
30_729,Oruro,BOL,Bolivia,-67.14977991899997,-18.003796655999963,-67.03464154499994,-17.913117174999968
30_4394,Dessie,ETH,Ethiopia,39.60705095000003,11.098655790000066,39.65753151500007,11.188270868000075
30_10704,Mandi Bahauddin,PAK,Pakistan,73.43916968100007,32.542646930000046,73.52124485600007,32.62033291400007
30_2948,Shangyu,CHN,China,120.79596952100007,29.93291630300007,120.92212001300004,30.069603485000073
30_11746,Hama,SYR,Syria,36.69216273200004,35.085316840000075,36.79490479800006,35.18134196200003
30_5950,Rishikesh,IND,India,78.21000270700006,30.03542500900005,78.35030225600008,30.137973841000075
30_6189,Chandausi,IND,India,78.74931980600007,28.41695702000004,78.81709357300008,28.47641502500005
30_253,Graz,AUT,Austria,15.382986867000056,47.01135701700008,15.49702878000005,47.12351717700005
30_9877,Agadez,NER,Niger,7.958065846000068,16.949691965000056,8.020466251000073,16.99082466300007
30_9533,Tapachula,MEX,Mexico,-92.32071956099998,14.856273824000027,-92.23117567999998,14.954605137000044
30_3861,Tod,EGY,Egypt,32.50872839900006,25.560369493000053,32.59169504100004,25.619256833000065
30_11423,Hafar Al-Batin,SAU,Saudi Arabia,45.919766448000075,28.357511658000078,46.01143527800008,28.459425731000067
30_2943,Jinshan,CHN,China,121.25676577600007,30.694152376000034,121.38465011500011,30.788394166000046
30_9720,Beira,MOZ,Mozambique,34.82275178400005,-19.85437588999997,34.902030496000066,-19.796424902999945
30_10737,Wazirabad,PAK,Pakistan,74.08289709700006,32.39597585300004,74.19807078600007,32.47361401400008
23_57934,Pishva,IRN,Iran,51.69819404800006,35.294881289000045,51.75392023300003,35.321091178000074
30_6165,Bhusawal,IND,India,75.76101198300006,21.015126373000044,75.85996366900008,21.07325258700007
30_1364,Emeishan,CHN,China,103.46646204400008,29.582978358000048,103.53718418100004,29.625629015000072
30_13039,Edendale,ZAF,South Africa,30.26455543800006,-29.710950842999978,30.41531093900005,-29.60856793299996
30_7357,Ranipettai,IND,India,79.25305858100006,12.884907831000021,79.38374099600009,12.991087477000065
30_6241,Etah,IND,India,78.62879232800003,27.543517761000032,78.70082152900005,27.602793331000044
30_9934,Erin-Osun,NGA,Nigeria,4.455918399000041,7.805779307000023,4.536150590000034,7.878830846000028
30_3126,Gamboru,CMR,Cameroon,14.192884352000021,12.354264630000046,14.234201816000052,12.386907529000041
30_4671,Huddersfield,GBR,United Kingdom,-1.9390645279999603,53.61875398500007,-1.7015922679999562,53.76638342900003
30_2753,Leping,CHN,China,117.05436123700008,28.909994076000032,117.1926104590001,29.003600730000073
30_5474,Surendranagar,IND,India,71.60388200300008,22.704405026000074,71.69049590900005,22.746110412000064
30_318,Ghent,BEL,Belgium,3.66464349000006,50.973173374000055,3.8341314320000492,51.24287726600005
30_9529,Coatzacoalcos,MEX,Mexico,-94.53318058699995,18.094493931000045,-94.37595875599999,18.168714098000066
30_9498,Orizaba,MEX,Mexico,-97.20522246099995,18.787688898000056,-97.04892236799998,18.89506526100007
30_12646,Barinas,VEN,Venezuela,-70.27168209499996,8.585257126000045,-70.17099006499996,8.674610374000054
30_12754,Thanh Hóa,VNM,Vietnam,105.71155502800008,19.705375297000046,105.83943193600004,19.87093479500004
30_9402,Colima,MEX,Mexico,-103.78078982699998,19.217352636000044,-103.67156208599994,19.300029067000025
30_8870,Modi'In Illit,ISR,Israel,34.95484782300008,31.87042100900004,35.03912185400003,31.930672696000045
30_11184,Kaluga,RUS,Russia,36.204730072000075,54.47768353600003,36.361664664000045,54.60659352700003
30_10767,Narowal,PAK,Pakistan,74.83660065600003,32.077060396000036,74.92067326200004,32.12874775600005
30_11012,Białystok,POL,Poland,23.058526243000074,53.08884330700005,23.233708996000075,53.176994413000045
30_12370,Wichita,USA,United States,-97.41465586199996,37.596350647000065,-97.20539170999996,37.77311092800005
30_12456,Madison,USA,United States,-89.55722071299994,42.99190998100005,-89.26605662499998,43.15583277500008
30_842,Ponta Grossa,BRA,Brazil,-50.22528943999998,-25.15686485599997,-50.08310001499996,-25.047669893999966
30_701,Varna,BGR,Bulgaria,27.81135768300004,43.17405652600007,28.04849377800008,43.29256039900008
30_5155,Trenggalek,IDN,Indonesia,111.63274226800007,-8.146729062999952,111.81590662700006,-8.016830586999959
30_11234,Saransk,RUS,Russia,45.09428281900006,54.11159572300005,45.26885568700004,54.240085470000054
30_1873,Gongyi,CHN,China,112.91566186600005,34.701639846000035,113.05446709300008,34.78006444000005
30_10511,Jacobabad,PAK,Pakistan,68.40878863500006,28.255634636000025,68.48435460000007,28.306568527000024
30_1420,Hanzhong,CHN,China,106.96701104000005,33.06103686100005,107.07179490400006,33.13889422800003
30_8554,Zakiganj,IND,India,92.25948875700004,24.82099809500005,92.40783294500005,24.888143615000047
30_12849,Quảng Ngãi,VNM,Vietnam,108.72219080600007,15.069346775000042,108.84436437800008,15.208707700000048
30_9199,Gumi-Si,KOR,South Korea,128.29365454000003,36.073816022000074,128.4645608290001,36.16151685400007
30_11242,Kirov,RUS,Russia,49.53994951200008,58.55877242000008,49.71446402000004,58.651588470000036
30_10701,Chiniot,PAK,Pakistan,72.95571631700005,31.698355138000068,73.01247812400004,31.74136027700007
30_569,Mondoldia,BGD,Bangladesh,90.61455958600004,24.033060861000024,90.74737598700005,24.26757056400004
30_7638,Dehri,IND,India,84.13234647200005,24.854569124000022,84.21727655500007,24.938511853000023
30_8721,Gorgan,IRN,Iran,54.35133441600004,36.794061243000044,54.49664871300007,36.86446444400008
30_10721,Burewala,PAK,Pakistan,72.61194488500007,30.12087957400007,72.73287976000006,30.189263364000055
30_623,Madhabpur,BGD,Bangladesh,91.20047023400008,23.982829999000046,91.36680353200006,24.19217459600003
30_1073,Caruaru,BRA,Brazil,-36.01311733999995,-8.30912488499996,-35.92181793999998,-8.260403459999964
30_6734,Raichur,IND,India,77.31285537600007,16.17702611800007,77.38646322600005,16.25095391600007
30_12035,Trabzon,TUR,Turkey,39.64578829000004,40.96522735800005,39.83593595600007,41.019204099000035
30_11804,Abéché,TCD,Chad,20.798109445000023,13.808445590000076,20.870137415000045,13.849341700000025
30_11315,Nizhny Tagil,RUS,Russia,59.87773170400004,57.860346768000056,60.15561785300008,57.972990380000056
30_2129,Zhangqiu,CHN,China,117.4341949730001,36.626950898000075,117.58974427300006,36.767666312000074
30_3755,Tukh,EGY,Egypt,31.11898773400003,30.334638634000044,31.24261823200004,30.420191614000032
30_10823,Juliaca,PER,Peru,-70.16999585499997,-15.52034817799995,-70.09682224199997,-15.454724841999962
30_12466,Lexington,USA,United States,-84.60732052099996,37.950029950000044,-84.38753120099994,38.091680316000065
30_1848,Yanshi,CHN,China,112.68257739800003,34.701639846000035,112.84420073900003,34.745205604000034
30_11218,Tambov,RUS,Russia,41.35948864100004,52.66858579600006,41.497965538000074,52.78571676400003
30_5629,Sikar,IND,India,75.10681974900007,27.568920091000052,75.19637837700003,27.645140464000065
30_12418,Nashville,USA,United States,-86.89408722099995,36.02997940000006,-86.63402617799994,36.214155058000074
30_3302,Pointe-Noire,COG,Republic of Congo,11.819039692000047,-4.8710314729999595,11.920083943000066,-4.717159102999972
30_3068,Korhogo,CIV,Côte d'Ivoire,-5.665514510999969,9.422255431000053,-5.584520187999942,9.495427095000025
30_10628,Mirpur Khas,PAK,Pakistan,68.98427177800005,25.493083127000034,69.05544274300007,25.55195791400007
30_2273,Xiantao,CHN,China,113.38433858200005,30.32608489200004,113.53695640000001,30.437305611000056
30_2462,Tonghua,CHN,China,125.87976022800001,41.695322248000025,125.99598494800011,41.758561335000024
30_12848,Buôn Ma Thuột,VNM,Vietnam,107.96160056000008,12.623615526000037,108.12265355700004,12.713423139000042
30_12761,Nam Định,VNM,Vietnam,106.12734492700008,20.384590958000047,106.24536842100008,20.48408306400006
30_3189,Kasaji,COD,Democratic Republic of the Congo,23.415329601000053,-10.398384332999967,23.466860179000037,-10.365828505999957
30_11611,Kismayo,SOM,Somalia,42.52577926500004,-0.3720342389999587,42.56573792300003,-0.339683283999932
30_776,Cascavel,BRA,Brazil,-53.51802467699997,-25.00568167399996,-53.39237533099998,-24.90493215999993
30_8304,Bankura,IND,India,87.01441818800004,23.196839373000046,87.13007292400005,23.263662904000057
30_1824,宝坻区,CHN,China,117.23045468400005,39.67464457700004,117.35966660800011,39.78184340200005
30_3942,Pamplona,ESP,Spain,-1.7061529779999773,42.782689918000074,-1.5729037749999293,42.846337592000054
30_12753,Hải Dương,VNM,Vietnam,106.17668938400004,20.898899792000066,106.37132338000004,20.96531077000003
30_1980,Xinzheng,CHN,China,113.68142691700007,34.344724865000046,113.83141466200004,34.44042607200004
30_1210,Karamay,CHN,China,84.82257207900005,45.56105060500005,84.93103999600004,45.62582619300008
30_10409,Eindhoven,NLD,Netherlands,5.373486205000063,51.38760105800003,5.588635712000041,51.51316476400007
30_3020,Cangnan,CHN,China,120.33683197100004,27.467324119000068,120.44731223400004,27.543517761000032
30_8407,Balurghat,IND,India,88.75135895200003,25.198872794000067,88.84470125000007,25.26609694700005
30_7533,Bettiah,IND,India,84.47956420100007,26.77402569900005,84.56331804700005,26.824699872000053
30_8651,Khorramabad,IRN,Iran,48.27179547600008,33.415932120000036,48.39121194900008,33.545908232000045
30_9069,Hamamatsu,JPN,Japan,137.54498186000012,34.649372336000056,137.89439629000003,34.849798761000045
30_9172,Siem Reap,KHM,Cambodia,103.81942397400007,13.30155882400004,103.92741762600008,13.39963382600007
30_6336,Mainpuri,IND,India,78.96610576900008,27.205031688000076,79.06685312600007,27.255779623000024
30_11084,Haeju,PRK,North Korea,125.6301568230001,37.98543291500005,125.76901303400007,38.073968397000044
30_5111,Pemalang,IDN,Indonesia,109.25274184200003,-6.945749654999929,109.42773966300007,-6.8565370589999475
30_8194,Purnia,IND,India,87.44492170600006,25.745481141000027,87.50200206500006,25.795985104000067
30_243,Gold Coast,AUS,Australia,153.34542310500012,-28.20470996199998,153.56254757200008,-27.873922697999944
30_7452,Viluppuram,IND,India,79.46480782900005,11.905580808000025,79.56024955200007,11.97082604700006
30_9149,Garissa,KEN,Kenya,39.63240297400006,-0.485262966999926,39.67234084800003,-0.4286485229999357
30_2900,Lufeng,CHN,China,115.56798561400001,22.90463512900004,115.69122305600001,22.979750359000036
30_3899,Vigo,ESP,Spain,-8.824468948999936,42.15660001200007,-8.62318649699995,42.28344431900007
30_1464,Neijiang,CHN,China,105.00602821800004,29.565920005000066,105.10947768900007,29.625629015000072
30_10868,Lipa,PHL,Philippines,121.06849476400009,13.906600876000027,121.1913497700001,13.988409097000044
30_1134,Oshawa,CAN,Canada,-78.99003748699994,43.84062482500008,-78.77440422599994,43.95961848300004
30_8959,Bari,ITA,Italy,16.759218360000034,41.05519778100006,17.010459910000066,41.145214227000054
30_4332,Bishoftu,ETH,Ethiopia,38.91493337900005,8.72335193300006,39.00486043800004,8.78022016500006
30_10792,Chimbote,PER,Peru,-78.61571838799995,-9.154009734999931,-78.49945170599995,-9.040232057999958
30_7343,Tiruvannamalai,IND,India,79.04291938100005,12.19923205200007,79.10104959400007,12.28898349900004
30_3671,Cantón Santo Domingo De Los Tsachilas,ECU,Ecuador,-79.21414509499994,-0.29115692699997453,-79.13422455099999,-0.21836753799993858
30_10968,Szczecin,POL,Poland,14.45345659700007,53.382939574000034,14.616817209000033,53.49096146900007
30_9861,Tahoua,NER,Niger,5.237621397000055,14.872661186000073,5.299009842000032,14.905437336000034
30_10002,Sapele,NGA,Nigeria,5.60584145200005,5.826978684000039,5.745678288000022,5.924226858000054
30_11027,Kanggye,PRK,North Korea,126.54758535500002,40.94723877900003,126.65236233100006,41.019204099000035
30_8475,Dhubri,IND,India,89.84903831500009,26.006506444000024,90.00227950800007,26.099181147000024
30_11013,Lublin,POL,Poland,22.46596666100004,51.17539688700003,22.65907035300006,51.28145385000005
30_5133,Salatiga,IDN,Indonesia,110.45269092000007,-7.4730501129999425,110.56538928500004,-7.262101654999981
30_12409,Cape Coral,USA,United States,-82.04188637099998,26.487033410000038,-81.79387137299994,26.689587791000065
30_8795,Gaiyara,IRQ,Iraq,43.225331175000065,35.644610570000054,43.33739056300004,35.810933497000065
30_4999,Duri,IDN,Indonesia,101.16041404700007,1.2374517590000664,101.22968125400007,1.3264247650000698
30_10698,Gojra,PAK,Pakistan,72.65699979800007,31.12280664000008,72.71883575500004,31.18287639400006
30_12215,Simferopol,UKR,Ukraine,34.03467804400003,44.88717097500006,34.20038399800006,44.99774248800003
30_7632,Motihari,IND,India,84.88797974100004,26.62205454900004,84.95604853600008,26.67270305900007
30_6716,Triprayar,IND,India,76.08707588200008,10.284444592000057,76.17201197700007,10.422802056000023
30_10567,Dera Ismail Khan,PAK,Pakistan,70.85836347400004,31.775769817000025,70.92870015600005,31.879027481000037
30_9639,Lashio,MMR,Myanmar,97.71207273200008,22.91298048300007,97.79305280400007,23.004792296000062
30_5125,Wonosobo,IDN,Indonesia,109.87461097700009,-7.416252505999978,110.02248043300006,-7.286439906999931
30_1028,Campos Dos Goytacazes,BRA,Brazil,-41.368777955999974,-21.804729735999956,-41.27774570299994,-21.704900239999972
30_1701,Huairou,CHN,China,116.58525330200007,40.25605739900004,116.70149058900006,40.37256344200006
30_3118,Ngaoundéré,CMR,Cameroon,13.557455068000024,7.2783271000000695,13.608660908000047,7.367571078000026
30_1170,Iquique,CHL,Chile,-70.17187358299998,-20.301699551999945,-70.07159722099993,-20.185679952999976
30_5057,Rangkasbitung,IDN,Indonesia,106.20625297500004,-6.394354140999951,106.29949635800006,-6.329499431999977
30_78,Namibe,AGO,Angola,12.117428181000037,-15.225105410999959,12.188827168000046,-15.175913739999942
30_11944,Balıkesir,TUR,Turkey,27.84024793900005,39.603213303000075,27.95718195200004,39.692506716000025
30_4724,Hull,GBR,United Kingdom,-0.4574722689999362,53.70730886800004,-0.2355276499999377,53.81563551600004
30_5002,Dumai,IDN,Indonesia,101.40063254800003,1.6418849530000443,101.48125241300005,1.6904188910000357
30_4575,Montpellier,FRA,France,3.793688098000075,43.56636037200008,3.978941101000032,43.66686976300008
30_8185,Puruliya,IND,India,86.34018942000006,23.305434078000076,86.39614514300007,23.347210242000074
30_10604,Kamra,PAK,Pakistan,72.37870700500008,33.84079447200003,72.64083581900007,34.00575077900004
30_4551,Rouen,FRA,France,0.9777143750000619,49.34777333300008,1.1617800300000454,49.49037978300004
30_6231,Burhanpur,IND,India,76.18159921200004,21.28922594100004,76.24949181300008,21.33908305400007
30_3923,Valladolid,ESP,Spain,-4.806499323999958,41.56891365700005,-4.674158440999975,41.686289990000034
30_5731,Kurukshetra,IND,India,76.80088953900008,29.941457167000067,76.91136285000005,29.992708183000047
30_7020,"Rewa, Madhya Pradesh",IND,India,81.24164314200004,24.510629108000046,81.35032654600008,24.569325106000065
30_9499,Ciudad Victoria,MEX,Mexico,-99.19740136599995,23.69832849200003,-99.09726153599996,23.790347154000074
30_1773,Gaoping,CHN,China,112.87482306200002,35.74088686500005,112.97934707900004,35.854724444000055
30_10646,Muzaffargarh,PAK,Pakistan,71.14677368900004,30.001250991000063,71.22752458400004,30.12087957400007
30_12255,Oxnard,USA,United States,-119.32125123599997,34.13606474900007,-119.12100557499997,34.292541553000035
30_4991,Bukittinggi,IDN,Indonesia,100.34727356400003,-0.3639464959999259,100.43726188800008,-0.25880606799995576
30_10826,Tacna,PER,Peru,-70.28427091099996,-18.069756539999958,-70.20625265999996,-17.97082024599996
30_6141,Thakurdwara,IND,India,78.84411309600006,29.165360663000058,78.99335010800007,29.233498948000033
30_7604,Sasaram,IND,India,83.98057294800003,24.921721572000024,84.11838504700006,24.988887912000052
30_1815,Renqiu,CHN,China,116.00113910400012,38.65931903500007,116.15618310800005,38.73927791800003
30_3442,Brno,CZE,Czech Republic,16.53885163500007,49.13889281300004,16.71003657500006,49.26228274400006
30_12699,Ciudad Bolívar,VEN,Venezuela,-63.60284918199994,8.041185334000033,-63.50854042599997,8.146729063000066
30_3818,Kafr Haggag,EGY,Egypt,31.707907727000077,31.13138715300005,31.89447544500007,31.23437622000006
30_10390,Leiden,NLD,Netherlands,4.389104983000038,52.10406470800007,4.583196860000044,52.27897750600005
30_10234,Makurdi,NGA,Nigeria,8.488708195000072,7.667806365000047,8.59918338500006,7.789546298000062
30_888,Uberaba,BRA,Brazil,-47.99974484599994,-19.796424902999945,-47.873911317999955,-19.721928299999945
30_1315,Dali,CHN,China,100.13150059600008,25.568781297000044,100.28541150400008,25.720232216000056
30_10312,Gombe,NGA,Nigeria,11.085809012000027,10.251893277000022,11.216823119000026,10.325135542000055
30_1922,Botou,CHN,China,116.50966799800005,38.020842291000065,116.6342499970001,38.10053687900006
30_10905,Iligan,PHL,Philippines,124.14591914700009,8.179206193000027,124.28211249700007,8.317245348000029
30_8380,Jangipur,IND,India,88.02499056300007,24.435178122000025,88.19055070700006,24.510629108000046
30_3475,Karlsruhe,DEU,Germany,8.245994856000038,48.95875749100003,8.540565256000036,49.07249909700005
30_3425,Holguín,CUB,Cuba,-76.31508121999997,20.832500006000032,-76.19801197799995,20.92380259500004
30_6029,Khurja,IND,India,77.80142589200005,28.196223411000062,77.88614654800006,28.28110042800006
30_10983,Bydgoszcz,POL,Poland,17.894734779000032,53.08884330700005,18.188389549000078,53.176994413000045
30_8316,Puri,IND,India,85.79251525600006,19.788146848000054,85.86296926900008,19.83781764300005
30_6360,Pilibhit,IND,India,79.78287778900005,28.586870701000066,79.83942001300005,28.654865262000044
30_11208,Ryazan,RUS,Russia,39.627888349000045,54.53716193000008,39.84468317300008,54.66614084000008
30_2229,Dashiqiao,CHN,China,122.4421186190001,40.569899519000046,122.59861991100001,40.704571663000024
30_7896,Madhubani,IND,India,86.04382982000004,26.318341488000044,86.10415016200005,26.419545412000048
30_12514,Newport News,USA,United States,-76.59904828299995,36.93489202500007,-76.27425068599996,37.18158167000007
30_11366,Blagoveshchensk,RUS,Russia,127.44230194500005,50.224867578000044,127.59924867500001,50.33013340800005
30_11052,P'Yŏngsŏng,PRK,North Korea,125.81095094800003,39.201923785000076,125.90780196200001,39.29993703500003
30_2680,Chizhou,CHN,China,117.42278610500011,30.625634743000035,117.51441509200004,30.685586667000052
30_2798,Ningguo,CHN,China,118.92782823400012,30.591382805000023,119.01530939700001,30.65132670400004
30_6257,Rudrapur,IND,India,79.35399811700006,28.94402915300003,79.44883671400004,29.037647466000067
30_10751,Pakpattan,PAK,Pakistan,73.34433994200003,30.32608489200004,73.42485950400004,30.385967023000035
30_12943,Dhamar,YEM,Yemen,44.37669290500003,14.495871006000073,44.446937966000064,14.577760870000077
30_7327,Khammam,IND,India,80.12090340900005,17.221231678000038,80.20302605200004,17.287082319000035
30_10920,Tagum,PHL,Philippines,125.76004416700005,7.416252506000035,125.85464787500007,7.489278519000038
30_2737,Nankang,CHN,China,114.72358443200005,25.64449763600004,114.80308362200003,25.69498532500006
30_5683,Godhra,IND,India,73.59238021700008,22.75445207000007,73.66369479300005,22.812849106000044
30_11144,Cluj-Napoca,ROU,Romania,23.521711132000064,46.731337361000044,23.701149600000065,46.80595635200007
30_12557,Hartford,USA,United States,-72.82376814699995,41.64113579700006,-72.57333306199996,41.81278479500003
30_10007,Igbe,NGA,Nigeria,5.717737599000031,7.497392808000029,5.8286882680000645,7.5947688190000235
30_1196,Temuco,CHL,Chile,-72.66625808599997,-38.783714019999934,-72.52796838399996,-38.68596827299996
30_9391,Ciudad Obregón,MEX,Mexico,-110.00575908299999,27.433466690000046,-109.89255649699999,27.526584112000023
30_9420,Uruapan,MEX,Mexico,-102.09741725399999,19.366181675000064,-101.99465855699998,19.440615594000064
30_3345,Neiva,COL,Colombia,-75.31473790999996,2.8958615380000197,-75.23383396899999,2.984870926000042
30_8984,Nagasaki,JPN,Japan,129.7919955420001,32.67213770200004,129.91012744500006,32.84490236200003
30_740,Rio Branco,BRA,Brazil,-67.89229021199998,-10.015934246999961,-67.76762854899994,-9.918315322999945
30_11325,Magnitogorsk,RUS,Russia,58.930935152000075,53.32406091400003,59.168907594000075,53.48113713100008
30_12465,Waukegan,USA,United States,-88.24315634099997,42.27438085500006,-87.79350485799995,42.48296401500005
30_2693,三水区,CHN,China,112.73927723800011,23.038184296000054,112.93527551200009,23.196839373000046
30_2640,Gaoan,CHN,China,115.27943741500007,28.382986696000046,115.43416936500012,28.47641502500005
30_2502,珠海街道,CHN,China,119.9033843740001,35.81969096000006,120.0874041830001,35.933571088000065
30_11284,Vladikavkaz,RUS,Russia,44.612246595000045,42.99190998100005,44.770264620000034,43.11028225900003
30_6450,Payyanur,IND,India,75.11515021800005,12.027920571000038,75.29760110400008,12.231867592000071
30_7248,Thoothukudi,IND,India,78.07635474000006,8.772095928000056,78.17212524000007,8.84521651700004
30_12091,Kilima Hewa,TZA,Tanzania,29.610649398000078,-4.9277246709999645,29.701540270000066,-4.822438760999944
30_1527,Xuanhua,CHN,China,114.997590005,40.56092498400005,115.12250138800005,40.64171201700003
30_11616,Baidoa,SOM,Somalia,43.63245195300004,3.09815960800006,43.67302118200007,3.130528648000052
30_9378,Ensenada,MEX,Mexico,-116.68100921399997,31.767166979000024,-116.54676711099995,31.922064400000068
30_4939,Cap-Haitien,HTI,Haiti,-72.28269376599997,19.705375297000046,-72.16303335299995,19.771591228000034
30_9479,Pachuca,MEX,Mexico,-98.80171687199999,20.053126392000024,-98.68503944099996,20.144252365000057
30_5882,Ratlam,IND,India,75.00965323900004,23.305434078000076,75.06808958900007,23.380634772000064
30_11138,Timișoara,ROU,Romania,21.141068739000048,45.70914998000006,21.28944600400007,45.80178611800005
30_2501,Hezhou,CHN,China,111.49931486900005,24.384886996000034,111.65652849800006,24.460326542000075
30_3233,Mulongo,COD,Democratic Republic of the Congo,26.975721469000064,-7.854479786999946,27.01618890900005,-7.8220125589999725
30_1725,Ranghulu,CHN,China,124.75446433900004,46.59152979900006,124.95894868700009,46.656756640000026
30_12329,Mcallen,USA,United States,-98.36495945399997,26.158170464000023,-98.13019821399996,26.284614308000073
30_12442,Palm Bay,USA,United States,-80.74363229099998,27.933266441000058,-80.49599788299997,28.425450245000036
30_3343,Montería,COL,Colombia,-75.91927743999997,8.715228171000035,-75.84399966199999,8.812717794000037
30_12278,Modesto,USA,United States,-121.10229316899995,37.57868330100007,-120.89438619399999,37.72006623300007
30_3315,Pasto,COL,Colombia,-77.30864952399997,1.1808331740000426,-77.24834854299996,1.2374517590000664
30_8534,Kharupetia,IND,India,92.06587649400007,26.461723652000046,92.20351182400003,26.69803051300005
30_1575,Xuanwei,CHN,China,104.08459693200007,26.175026632000026,104.19084791700004,26.293045754000048
30_3816,Bilbeis,EGY,Egypt,31.510119213000053,30.360301556000024,31.647639904000073,30.462978736000025
30_697,Plovdiv,BGR,Bulgaria,24.67859009800003,42.09321345600006,24.80763076900007,42.18377293300006
30_10107,Mogho,NGA,Nigeria,7.278571959000033,4.628081096000074,7.318824466000024,4.684766599000056
30_3696,Desouk,EGY,Egypt,30.599963011000057,31.09706685900005,30.700578286000052,31.18287639400006
30_8629,Sanandaj,IRN,Iran,46.96249948600007,35.25120523700008,47.08203474600003,35.34730426400006
30_4661,Stoke-On-Trent,GBR,United Kingdom,-2.289534620999973,52.951850887000035,-2.0547001969999314,53.08884330700005
30_2227,Anlu,CHN,China,113.64930993200005,31.23437622000006,113.7262783110001,31.28588665500007
30_858,Bauru,BRA,Brazil,-49.137210178999965,-22.362602102999972,-48.999283281999965,-22.287615080999956
30_2198,临淄区,CHN,China,118.1096946340001,36.72368234400005,118.36671286400008,36.84686136200003
30_10755,Muridke,PAK,Pakistan,74.19401082800005,31.72415731700005,74.28530585200008,31.844603412000026
30_8313,Raiganj,IND,India,88.09634647400009,25.577193325000053,88.17174735600008,25.66132596400007
30_640,Moulvibazar,BGD,Bangladesh,91.69446097700006,24.435178122000025,91.85635779300009,24.552553757000055
30_3813,Al Bustan,EGY,Egypt,31.670574713000065,31.26871532900003,31.783958596000048,31.423299877000034
30_3513,Augsburg,DEU,Germany,10.816739253000037,48.250021986000036,10.959666520000042,48.448098093000056
30_3311,Bétou,COG,Republic of Congo,18.50498558000004,3.041514697000025,18.52530437000007,3.0819752300000687
30_1418,Shuozhou,CHN,China,112.37046092800006,39.27320105700005,112.49445188200002,39.37125169400008
30_8135,Bhagalpur,IND,India,86.91553317500006,25.215677509000045,87.05727771000005,25.27450095900008
30_2761,Danyang,CHN,China,119.47942078100004,31.95649941100004,119.64112375000002,32.05983372900005
30_9072,Utsunomiya,JPN,Japan,139.82733158100007,36.46876135000008,139.960084595,36.61815939400003
30_12771,Vinh,VNM,Vietnam,105.62471146900003,18.630801103000067,105.72076533600006,18.754655274000072
30_12683,Catia La Mar,VEN,Venezuela,-67.09017512399998,10.577464712000051,-66.81001179599997,10.62631172700003
30_864,Gravataí,BRA,Brazil,-51.12062617599997,-29.967081424999947,-50.94071220099994,-29.89021613899996
30_3868,Qus,EGY,Egypt,32.71212886200004,25.829658949000077,32.82983976200006,26.057052834000046
30_854,Canoas,BRA,Brazil,-51.24597601199997,-29.967081424999947,-51.10698637599995,-29.87313801199997
30_12375,Baton Rouge,USA,United States,-91.22450351599997,30.351746966000064,-90.97596880999998,30.51433266600003
30_9280,Vilnius,LTU,Lithuania,25.17970268700003,54.62643908500007,25.35164998600004,54.765457455000046
30_9561,Sikasso,MLI,Mali,-5.706396543999972,11.277896552000072,-5.635202680999953,11.351234607000038
30_4298,Shashamane,ETH,Ethiopia,38.57144435200007,7.172865701000035,38.623708186000044,7.221539023000048
30_2303,Wafangdian,CHN,China,121.94552543100008,39.58535979800007,122.05719027000009,39.71037058600007
30_7177,Kadapa,IND,India,78.80103164600007,14.438554983000074,78.86389991800007,14.504059471000062
30_3007,Linhai,CHN,China,121.0852982350001,28.816419389000032,121.24310412600005,28.892978123000034
30_10430,N/A,NPL,Nepal,80.35060914300004,28.629365347000032,80.47499393300006,28.714374203000034
30_2256,Shouguang,CHN,China,118.67280803500012,36.838060391000056,118.87052854300009,36.92608724200005
30_6006,Satara,IND,India,73.96462359100008,17.649422548000075,74.05693555600004,17.71533230500006
30_745,Boa Vista,BRA,Brazil,-60.77970259699998,2.7583068170000615,-60.65093764699998,2.8634951570000453
30_7007,Karimnagar,IND,India,79.09133201700007,18.39144703900007,79.18085337200006,18.473968513000045
30_6295,Budaun,IND,India,79.10468499600006,28.00958369400007,79.15470527800005,28.060473243000047
30_2297,Yongcheng,CHN,China,116.33489589100009,33.89287293900003,116.51017952500001,33.97969703700005
30_13104,Bulawayo,ZWE,Zimbabwe,28.457675235000067,-20.227111735999927,28.60574003200003,-20.094544784999982
30_4586,Grenoble,FRA,France,5.658121858000072,45.11761790200006,5.821208615000046,45.24681930500003
30_2712,Kaiping,CHN,China,112.6249711160001,22.312609052000028,112.73176168000009,22.43760449000007
30_6053,Mathura,IND,India,77.60651226200008,27.441930678000062,77.72547370000007,27.55198495700006
30_1298,Baoshan,CHN,China,99.13500306800006,25.047669894000023,99.24738984800007,25.232483106000075
30_1467,Zhaotong,CHN,China,103.64505851600006,27.247321025000076,103.81137659700005,27.399613198000054
30_12594,Jizzax,UZB,Uzbekistan,67.77420600500005,40.07696367500006,67.92127169600008,40.193354473000056
30_9229,Tripoli,LBN,Lebanon,35.79318804900004,34.405620863000024,35.96230611200008,34.501348337000024
30_11448,Kas,SDN,Sudan,24.273582757000042,12.48484561500004,24.30443704000004,12.525657327000033
30_8660,Qazvin,IRN,Iran,49.97285574000006,36.240479152000034,50.04040948900007,36.32825022800006
30_8544,Nagaon,IND,India,92.61799471800003,26.30990934400006,92.75491714700007,26.402675755000075
30_9045,Kinokawa [Wakayama],JPN,Japan,135.0776261640001,34.14475503600005,135.3870056940001,34.283845522000036
30_7378,Kushinagar,IND,India,83.78089734300005,26.613613959000077,83.99017315500004,26.807807527000023
30_2131,Lixian,CHN,China,111.68241007700004,29.608567933000074,111.96035467300004,29.69388428600007
30_905,Franca,BRA,Brazil,-47.455032227999936,-20.600188275999983,-47.34635936899997,-20.46749934199994
30_11726,Malmö,SWE,Sweden,12.904837302000033,55.543228215000056,13.096569288000069,55.65336403300006
30_3002,Ningde,CHN,China,119.4930624110001,26.62205454900004,119.58384643400007,26.69803051300005
30_342,Parakou,BEN,Benin,2.56537731800006,9.308444620000046,2.6658652830000733,9.405995869000037
30_948,Francisco Morato,BRA,Brazil,-46.77242323699994,-23.36392210699995,-46.68828125699997,-23.255309265999983
30_5279,Palu,IDN,Indonesia,119.83152096100002,-0.9543630399999756,119.92315154200003,-0.8330421899999578
30_2184,Xinyang,CHN,China,113.98797797400005,32.068446910000034,114.16258734600001,32.18906365300006
30_2667,Sihui,CHN,China,112.65212936500006,23.313788912000064,112.74338058700005,23.397348239000053
30_7546,Korba,IND,India,82.67107992000007,22.32094075300006,82.77762795800004,22.412601984000048
30_12500,Raleigh,USA,United States,-78.82760506499994,35.74088686500005,-78.52970474499995,35.924808891000055
30_6649,Yavatmal,IND,India,78.06886155200004,20.36801132100004,78.15974145400008,20.41775227000005
30_3826,Al-Manzala,EGY,Egypt,31.896478499000068,31.139967959000046,32.04834265900007,31.200041825000028
30_2909,Jiashan,CHN,China,120.85556862300007,30.805532785000025,120.9829159950001,30.899815868000076
30_10213,Daura,NGA,Nigeria,8.283701804000032,12.966582947000063,8.354336278000062,13.064606621000053
30_10574,Jehangira Dobandi,PAK,Pakistan,72.05800547500007,33.92759857500005,72.25715471600006,34.02312161400005
30_4691,Middlesbrough,GBR,United Kingdom,-1.3755260589999807,54.50741877100006,-1.0948064549999685,54.65621407100008
30_11199,Tula,RUS,Russia,37.51265938700004,54.09184103000007,37.73838803900003,54.25986612100007
30_9906,Iseyin,NGA,Nigeria,3.5632894750000332,7.943769688000032,3.623602697000024,8.008712462000062
30_2694,Enping,CHN,China,112.27012871400007,22.154342563000057,112.36591171900011,22.23763223800006
30_6086,Dewas,IND,India,75.99426560700005,22.91298048300007,76.08342282500007,22.996444788000076
30_2207,Liaoyuan,CHN,China,125.05243261600003,42.86452713300008,125.24517101900005,42.97370641200007
30_1391,Jianyang,CHN,China,104.49551703300006,30.351746966000064,104.57862568500008,30.44586303500006
30_3310,Impfondo,COG,Republic of Congo,18.04420748000007,1.5690848890000666,18.074236992000067,1.633796008000047
30_3275,Uvira,COD,Democratic Republic of the Congo,29.126630973000033,-3.446147479999979,29.205790276000073,-3.3409369279999623
30_11940,Kapaklı,TUR,Turkey,27.935774344000038,41.26230472100008,28.03354362700003,41.34341333800006
30_5129,Temanggung,IDN,Indonesia,110.03153676500006,-7.367571077999969,110.22685945900008,-7.221539022999934
30_8153,Deoghar,IND,India,86.66457206200005,24.460326542000075,86.75635713800006,24.519013612000037
30_12481,Dayton,USA,United States,-84.30031606299997,39.58535979800007,-84.06621920599997,39.853344023000034
30_4506,Jijiga,ETH,Ethiopia,42.76634892900006,9.332831451000061,42.83862499800006,9.373477621000063
30_6218,Khandwa,IND,India,76.28419866200005,21.79640960100005,76.38097344100004,21.846333170000037
30_3931,Granada,ESP,Spain,-3.675216531999979,37.102255693000075,-3.559848254999963,37.234483037000075
30_5411,Junagadh,IND,India,70.39845059600003,21.488693186000035,70.48353855600004,21.580150402000072
30_12631,San Cristóbal,VEN,Venezuela,-72.28130556499997,7.716500726000049,-72.19358316699999,7.822012559000029
30_10591,Swabi,PAK,Pakistan,72.34545708500008,34.02312161400005,72.50391321600006,34.14475503600005
30_5331,Timika,IDN,Indonesia,136.86544399500008,-4.603787842999964,136.90352498700008,-4.522812617999932
30_3147,Matadi,COD,Democratic Republic of the Congo,13.433036107000078,-5.859394019999968,13.49345567100005,-5.802667652999958
30_3619,Setif,DZA,Algeria,5.356560116000026,36.15274511300004,5.4602780810000695,36.22292938600003
30_9568,Valletta,MLT,Malta,14.418220671000029,35.84596552700003,14.584757116000048,35.933571088000065
30_2194,Laiwu,CHN,China,117.54986966100012,36.170288965000054,117.75821768500009,36.28436005100008
30_5101,Babakan,IDN,Indonesia,108.69378626500009,-6.92952870299996,108.86504325300007,-6.80787834299997
30_7462,Kanchipuram,IND,India,79.67180515900003,12.80324289400005,79.74808767100006,12.876740880000057
30_10132,Umuahia,NGA,Nigeria,7.43489362400004,5.502864081000041,7.525080346000038,5.559579140000039
30_2882,海丰县,CHN,China,115.28449914100008,22.938017719000072,115.4071498080001,23.004792296000062
30_10546,Charsadda,PAK,Pakistan,71.70538479200007,34.11868518600005,71.80435187800003,34.20559648100004
30_9916,Ijebu-Ode,NGA,Nigeria,3.8782117780000362,6.783549695000033,3.978714895000053,6.856537059000061
30_7524,Cuddalore,IND,India,79.72872626400004,11.677269413000033,79.79521858000004,11.783262102000037
30_2786,Liyang,CHN,China,119.38151112800006,31.38893945500007,119.52881106500001,31.474849432000042
30_6612,Sitapur,IND,India,80.63968613800006,27.526584112000023,80.74634148600006,27.594324649000043
30_3097,Bamenda,CMR,Cameroon,10.11090073500003,5.924226858000054,10.211939873000063,6.013376777000076
30_164,Santiago Del Estero,ARG,Argentina,-64.31344581699994,-27.840017519999947,-64.21158739799995,-27.71290880899994
30_4591,Toulon,FRA,France,5.716762103000065,43.06474437700007,6.094733263000023,43.17405652600007
30_2246,Qingzhou,CHN,China,118.40586870200002,36.61815939400003,118.56604670600007,36.75886876100003
30_9008,Ōita,JPN,Japan,131.53199966300008,33.173505861000024,131.7914289150001,33.28602932100006
30_2995,Xianyou,CHN,China,118.58055964800008,25.324929677000057,118.78612212100006,25.459445311000025
30_8667,Arak,IRN,Iran,49.60927438400006,34.04049378900004,49.77091382400005,34.13606474900007
30_9836,Tawau,MYS,Malaysia,117.84232797800007,4.231330067000044,117.9591908320001,4.304196651000041
30_4954,Banda Aceh,IDN,Indonesia,95.26189672000004,5.4785582620000355,95.40173245200003,5.624398914000039
30_10881,Naga,PHL,Philippines,123.11707495200005,13.579477788000077,123.25171985800011,13.677596417000075
30_2528,Wuzhou,CHN,China,111.22012147100008,23.44749345500003,111.33592093500005,23.53108490900007
30_1708,Wanzhou,CHN,China,108.32825287000009,30.728418086000033,108.48276738200008,30.865527057000065
30_8575,Aizawl,IND,India,92.68592126500005,23.69832849200003,92.75969061700005,23.756882963000066
30_1831,Yongnian,CHN,China,114.42462869000008,36.73247838000003,114.59794788500005,36.890871926000045
30_8085,Giridih,IND,India,86.24802983200004,24.133544999000037,86.36071021100008,24.217304701000046
30_11506,Kosti,SDN,Sudan,32.62972806600004,13.129963996000072,32.70952529700003,13.178986387000066
30_6203,Morena,IND,India,77.94325280100009,26.470160003000046,78.02158491800003,26.51234528200007
30_13124,Chitungwiza,ZWE,Zimbabwe,31.01843430200006,-18.04502047799997,31.125851527000066,-17.979064128999937
30_3895,Santa Cruz De Tenerife,ESP,Spain,-16.335230225999965,28.39997134200007,-16.190442815999972,28.510396718000038
30_10542,Kohat,PAK,Pakistan,71.38171869100006,33.545908232000045,71.49568762800004,33.61525895200003
30_9900,Saki,NGA,Nigeria,3.356364271000075,8.625871235000034,3.4368021830000544,8.70710447700003
30_11968,Sakarya [Adapazarı],TUR,Turkey,30.33849559300006,40.695590356000025,30.497211322000055,40.830357606000064
30_11100,Wonsan,PRK,North Korea,127.38555912200002,39.13067360200006,127.49231945300005,39.18410870300005
30_11716,Bratislava,SVK,Slovakia,17.022494126000026,48.08988242300006,17.228937882000025,48.22174860400003
30_12697,Cumana,VEN,Venezuela,-64.20743193699997,10.414662734000046,-64.11773815599997,10.479779593000046
30_11350,Novokuznetsk,RUS,Russia,86.99187846000007,53.69746606500007,87.38757963600005,53.81563551600004
30_1123,London,CAN,Canada,-81.34402447799994,42.91910775500003,-81.13498107499998,43.05563831400008
30_828,Anápolis,BRA,Brazil,-48.996898029999954,-16.398841413999946,-48.89836706799997,-16.26738375499997
30_9382,La Paz,MEX,Mexico,-110.35201840199994,24.04143339700005,-110.25987049399998,24.175422239000056
30_9982,Ikerre,NGA,Nigeria,5.195880099000021,7.464935996000065,5.256124463000049,7.529850547000024
30_909,Piracicaba,BRA,Brazil,-47.71473675599998,-22.779478206999954,-47.58589261099996,-22.654364938999947
30_11597,Bo,SLE,Sierra Leone,-11.774199345999932,7.919417163000048,-11.703506495999932,7.9843584590000205
30_5506,Mahesana,IND,India,72.33716366400006,23.55616628000007,72.42233194000005,23.631421320000072
30_6814,Tumakuru,IND,India,77.05183822800007,13.30973116000007,77.16024009700004,13.391460327000061
30_12127,Morogoro,TZA,Tanzania,37.629677585000024,-6.864647028999968,37.731069338000054,-6.7511122289999435
30_12183,Vinnytsia,UKR,Ukraine,28.380200957000056,49.195827879000035,28.565833552000072,49.271778994000044
30_12240,Luhansk,UKR,Ukraine,39.21235219400006,48.48585924100007,39.42815203600003,48.61810530500003
30_1323,Ya'An,CHN,China,102.93384041000007,29.96708142500006,103.05957928800007,30.02688108700005
30_11181,Tver,RUS,Russia,35.74442507900005,56.79144348400007,36.060711869000045,56.91303519600007
30_10311,Potiskum,NGA,Nigeria,11.047997081000062,11.677269413000033,11.129063375000044,11.73434046400007
30_180,Santa Fe,ARG,Argentina,-60.757016335999936,-31.67255566999995,-60.65727297199999,-31.56078920999994
30_11553,Port Sudan,SDN,Sudan,37.15290972200006,19.564701067000044,37.24640326200006,19.655720205000023
30_12801,Sa Dec City,VNM,Vietnam,105.70488867100005,10.14611031800007,106.04414155000006,10.341412485000035
30_8637,Zanjan,IRN,Iran,48.43441913100003,36.635742778000065,48.57172435900003,36.70609140800008
30_5932,Modinagar,IND,India,77.53285435000004,28.79090454900006,77.61850318900008,28.86745617300005
30_2235,Bayuquan,CHN,China,122.06500368100001,40.16648843300004,122.21337867600005,40.36359876600005
30_3205,Kolwezi,COD,Democratic Republic of the Congo,25.37812731400004,-10.748442372999932,25.548329916000057,-10.675161730999946
30_13080,Mansa,ZMB,Zambia,28.865787950000026,-11.23715628399998,28.928377887000067,-11.147535431999927
30_1125,Kitchener,CAN,Canada,-80.61368951899993,43.374651967000034,-80.40051179999995,43.51156340600005
30_3014,Zhoushan,CHN,China,122.03733321900006,29.958539728000062,122.27074431500012,30.043969210000057
30_7006,Hosur,IND,India,77.72510904700005,12.680764425000064,77.90522843400004,12.795076957000049
30_7880,Samastipur,IND,India,85.71549925500005,25.829658949000077,85.84783821900004,26.006506444000024
30_2754,Taizhou,CHN,China,119.78658637900003,32.40460107000007,120.02983436600005,32.53401672100006
30_5852,Bhiwadi,IND,India,76.75486670300006,28.128340184000024,76.90475939900006,28.255634636000025
30_5709,Silvassa,IND,India,72.97711726200004,20.185679953000033,73.06642750100008,20.30169955200006
30_11758,Qamishli,SYR,Syria,41.186947032000035,37.02296090400006,41.284737955000026,37.102255693000075
30_10643,Mansehra,PAK,Pakistan,73.16178496500004,34.283845522000036,73.24339724100008,34.37952053600003
30_7445,Ghazipur,IND,India,83.52431320200003,25.54354655800006,83.60997069700005,25.619256833000065
30_12804,Hue,VNM,Vietnam,107.52964174800007,16.431711112000073,107.65252106400004,16.530332963000035
30_82,Benguela,AGO,Angola,13.330068423000057,-12.639943283999969,13.450297598000077,-12.550145537999981
30_4679,Southampton,GBR,United Kingdom,-1.5306838989999392,50.84814990400008,-1.2774547869999537,50.95393093400003
30_6815,Palakkad,IND,India,76.59593231200006,10.740299744000026,76.72082919500008,10.821729821000076
30_11629,Burao,SOM,Somalia,45.51664962800004,9.495427095000025,45.56763564500005,9.544211524000048
30_2551,Shuyang,CHN,China,118.71934770400003,34.03180753400005,118.85074966400009,34.153445660000045
30_3853,Balyana,EGY,Egypt,31.912555835000035,26.149742726000056,32.091056854000044,26.25089084800004
30_11905,Port Of Spain,TTO,Trinidad and Tobago,-61.616560386999936,10.62631172700003,-61.32705467499994,10.740299744000026
30_8351,Dhulian,IND,India,87.86838497400004,24.594483730000036,87.97542762400008,24.703526666000073
30_7459,Kumbakonam,IND,India,79.32005612200004,10.943890827000075,79.44791573200007,11.000905877000037
30_9291,Safi,MAR,Morocco,-9.270641611999963,32.21491794100007,-9.189842164999959,32.335608035000064
30_982,Montes Claros,BRA,Brazil,-43.896031360999984,-16.77697202199994,-43.80702602599996,-16.678301844999964
30_537,Faridpur,BGD,Bangladesh,89.77299712500007,23.53944516400003,89.89227384400004,23.639784005000024
30_9626,Naypyidaw,MMR,Myanmar,96.13106251500005,19.72192830000006,96.23663779600008,19.771591228000034
30_3041,Wenling,CHN,China,121.28958064900007,28.349020494000058,121.420466153,28.47641502500005
30_3236,Kongolo,COD,Democratic Republic of the Congo,26.983045928000024,-5.413744592999933,27.013948438000057,-5.357034815999953
30_1961,Kaili,CHN,China,107.88269809200006,26.52922103900005,108.01838503500005,26.62205454900004
30_9928,Ogbomosho,NGA,Nigeria,4.186539441000036,8.089896509000027,4.307230224000023,8.179206193000027
30_3840,Tima,EGY,Egypt,31.40620771500005,26.824699872000053,31.536672777000035,26.926074030000052
30_5573,Nadiad,IND,India,72.80729256300003,22.66270447100004,72.89670030300005,22.729427678000036
30_679,Satkania,BGD,Bangladesh,91.98459100500008,21.95452369900005,92.15720781000005,22.129359321000038
30_11202,Belgorod,RUS,Russia,36.49148805100003,50.54092374000004,36.68086922600003,50.65604669000004
30_1221,Changji/Sanji,CHN,China,87.21284750100006,43.95961848300004,87.35896500500007,44.05121247400007
30_9206,Pohang-Si,KOR,South Korea,129.3141635290001,35.94233365100007,129.44248766200008,36.126432101000034
30_7160,Dindigul,IND,India,77.94194329700008,10.333273973000075,78.02000672000008,10.390245255000025
30_6464,Shivamogga,IND,India,75.52578596200004,13.890240560000052,75.62742206200005,13.963865467000062
30_208,Posadas,ARG,Argentina,-55.964783119999936,-27.467324118999954,-55.83311569999995,-27.34884032599996
30_10091,Abuja,NGA,Nigeria,7.160890765000033,9.129627637000056,7.2313951420000535,9.235288025000045
30_8805,Fallujah,IRQ,Iraq,43.740982185000064,33.312004037000065,43.82178754800003,33.38128422300008
30_2204,Tianmen,CHN,China,113.0370234400001,30.625634743000035,113.19189584600008,30.694152376000034
30_8238,Katihar,IND,India,87.54067784700004,25.51831383600006,87.59685450700005,25.577193325000053
30_11904,Dili,TLS,Timor-Leste,125.50375845000008,-8.58525712599993,125.6208911870001,-8.53652238999996
30_3708,Kafr Al-Sheikh,EGY,Egypt,30.892575457000078,31.011286608000034,30.979293469000027,31.12280664000008
30_256,Ganja,AZE,Azerbaijan,46.297990619000075,40.62375618600004,46.39656650200004,40.73151830200004
30_8543,Tezpur,IND,India,92.72113619000004,26.613613959000077,92.87087617200007,26.73180377400007
30_9446,Celaya,MEX,Mexico,-100.87757912299998,20.48408306400006,-100.76349825599999,20.567011930000035
30_6593,Lakhimpur,IND,India,80.74670901900004,27.924788008000064,80.81528972900009,27.984142336000048
30_3629,Batna,DZA,Algeria,6.1116836770000305,35.513394979000054,6.2242265470000575,35.58336656200004
30_11941,Manisa,TUR,Turkey,27.306950887000028,38.60603170600007,27.47189521400003,38.64155494200003
30_2947,Yongkang,CHN,China,119.96629731400003,28.858949384000027,120.11134646900007,28.969558239000037
30_8013,Saharsa,IND,India,86.52493985500007,25.854916720000062,86.63228395700008,25.913859487000025
30_1039,Colina De Laranjeiras,BRA,Brazil,-40.29937100799998,-20.268547724999962,-40.20331264999993,-20.12768250299996
30_1336,Hangyulu,CHN,China,109.69920077200004,38.135967160000064,109.81322287500006,38.277752931000066
30_10867,Batangas City,PHL,Philippines,120.92191811100008,13.710306094000032,121.1126025430001,13.808445590000076
30_6050,Bharatpur,IND,India,77.45673528600008,27.196574550000037,77.53913673800008,27.247321025000076
30_8037,Munger,IND,India,86.44791793900004,25.324929677000057,86.50103820300006,25.400587717000064
30_2646,Yanji,CHN,China,129.41260339000007,42.86452713300008,129.55776127100012,42.96460538200006
30_10054,Asaba,NGA,Nigeria,6.639437077000025,6.159270572000025,6.759543569000073,6.248435427000061
30_7575,Eluru,IND,India,81.04124422300004,16.67830184500002,81.15179901900007,16.735857079000027
30_2703,Gaoyou,CHN,China,119.40543381700002,32.74122839300003,119.48320789700006,32.827620198000034
30_1074,Campina Grande,BRA,Brazil,-35.94612192999995,-7.278327099999956,-35.84585380799996,-7.189089919999958
30_10961,Port Moresby,PNG,Papua New Guinea,147.13524404400005,-9.495427094999968,147.22432203300002,-9.42225543099994
30_11205,Ivanovo,RUS,Russia,40.85111526400004,56.943455663000066,41.07048716700007,57.05507489400003
30_6932,Gonda,IND,India,81.92098366800008,27.103562072000045,81.99688058300006,27.17120459800003
30_9644,Taunggyi,MMR,Myanmar,96.95851010100006,20.73292121700007,97.06864706900006,20.824200817000076
30_12233,Mariupol,UKR,Ukraine,37.46910392600006,47.03004430500005,37.69661462900007,47.217050967000034
30_10018,Bida,NGA,Nigeria,5.973105234000059,9.048358577000045,6.043579977000036,9.11337326000006
30_4630,Cardiff,GBR,United Kingdom,-3.27271349199998,51.41656602200004,-3.086174962999962,51.55182536800004
30_9068,Kai [Kofu],JPN,Japan,138.43303570900002,35.54837789900006,138.70933691300002,35.705872244000034
30_3031,Fuqing,CHN,China,119.28727709400005,25.669740466000064,119.44659602400009,25.762314889000038
30_9667,Bago,MMR,Myanmar,96.43864702500008,17.287082319000035,96.52346921500003,17.36940826500006
30_10050,Gusau,NGA,Nigeria,6.628104997000037,12.142123550000065,6.708804181000062,12.215549630000055
30_7773,Hajipur,IND,India,85.17188399600008,25.66132596400007,85.26391839000007,25.720232216000056
30_4666,Bournemouth,GBR,United Kingdom,-2.0447268569999437,50.67524395300006,-1.7784871779999776,50.780880713000045
30_8630,Ardabil,IRN,Iran,48.23668956300003,38.19798568900006,48.34044882400008,38.29548344600005
30_6249,Jalna,IND,India,75.83033547300005,19.812981507000075,75.93640779900005,19.879214495000042
30_8842,As Samawah,IRQ,Iraq,45.24235612200005,31.277300844000024,45.31935502600004,31.354583782000077
30_2222,Haicheng,CHN,China,122.6680908400001,40.81238273100007,122.80152296100005,40.90227534400003
30_12397,Des Moines,USA,United States,-93.85453517499997,41.51476684200003,-93.52347689399994,41.686289990000034
30_185,Corrientes,ARG,Argentina,-58.866029916999935,-27.518117657999937,-58.74502082199996,-27.44193067799995
30_4929,Gonaïves,HTI,Haiti,-72.72077199599994,19.41580284500003,-72.64258353599996,19.49024543200005
30_11259,Ulyanovsk,RUS,Russia,48.23662084500006,54.22030829100004,48.44112120200003,54.36872194400007
30_3822,Qism Auwal Faqus,EGY,Egypt,31.74368063000003,30.66845611100007,31.85677688100003,30.771256702000073
30_8420,Cooch Behar,IND,India,89.39113647700003,26.26775211300003,89.49792316500003,26.36893924700007
30_12785,Hong Ngu,VNM,Vietnam,105.21335791300004,10.496059625000044,105.45191712200005,10.829873294000038
30_8888,Bergamo,ITA,Italy,9.518252785000072,45.60731604700004,9.781240594000053,45.75546090900008
30_8759,Bandar Abbas,IRN,Iran,56.19119128500006,27.137381395000034,56.39200776000007,27.247321025000076
30_9120,Kisumu,KEN,Kenya,34.74262678800005,-0.1294029069999283,34.812471241000026,-0.0485260769999627
30_6256,Haldwani,IND,India,79.47237550600005,29.148328768000056,79.55808659000007,29.27609409200005
30_7413,Thanjavur,IND,India,79.09504557100007,10.740299744000026,79.18102852600003,10.821729821000076
30_1220,Shihezi,CHN,China,85.96478370100004,44.27125379100005,86.12911447000005,44.37220849700003
30_5191,Probolinggo,IDN,Indonesia,113.07106400200007,-7.805779306999966,113.27382718500007,-7.692153277999978
30_709,Hrodna,BLR,Belarus,23.77397680000007,53.63842695400007,23.88850622600006,53.72699700700008
30_12018,İskenderun,TUR,Turkey,36.084178499000075,36.521477686000026,36.23824241500006,36.653327671000056
30_7875,Bakhtiyarpur,IND,India,85.51811443900004,25.442627741000024,85.75991993100007,25.509903376000068
30_2369,Yongzhou,CHN,China,111.55161157600008,26.402675755000075,111.63655041800007,26.487033410000038
30_10342,Jimeta,NGA,Nigeria,12.37257506900005,9.22715987500004,12.483045803000039,9.292187094000042
30_7141,Basti,IND,India,82.69978444800006,26.77402569900005,82.79689856600004,26.833146403000057
30_4282,Hawassa,ETH,Ethiopia,38.45402748300006,7.01063560800003,38.51459050100004,7.107971036000038
30_12482,Charlotte,USA,United States,-81.00945627799996,35.085316840000075,-80.68710188799997,35.294881289000045
30_11212,Lipetsk,RUS,Russia,39.488814465000075,52.522334029000035,39.74455689500007,52.65883009200007
30_6945,Chandrapur,IND,India,79.25725047800006,19.92061546700006,79.33497925900008,20.028277356000046
30_2397,Guiping,CHN,China,110.03044489100006,23.313788912000064,110.11121502000009,23.422419943000023
30_2766,Xuancheng,CHN,China,118.70214999000007,30.908388797000043,118.82079869500001,30.985558226000023
30_6346,Bhind,IND,India,78.74845046300004,26.537659270000063,78.82338681400006,26.588293606000036
30_9030,Takamatsu,JPN,Japan,133.93056970300006,34.231676450000066,134.2191018630001,34.37082110800003
30_12014,Sivas,TUR,Turkey,36.96036466800007,39.719303170000046,37.06935038100005,39.78184340200005
30_12547,Brick,USA,United States,-74.20879438099996,39.996429044000024,-73.95692062699999,40.381528564000064
30_992,Volta Redonda,BRA,Brazil,-44.225867051999955,-22.587655611999935,-44.036190173999955,-22.462608711999962
30_12325,Ogden,USA,United States,-112.10140013899996,40.96522735800005,-111.87090640299999,41.28933673900008
30_9706,Chimoio,MOZ,Mozambique,33.438872428000025,-19.15122290599993,33.51431777000005,-19.085103278999952
30_5656,Navsari,IND,India,72.88829526700005,20.907200552000063,72.98698222100006,20.96531077000003
30_11568,Kaolack,SEN,Senegal,-16.118929395999942,14.111142303000065,-16.027045572999953,14.18479433400006
30_3280,Butembo,COD,Democratic Republic of the Congo,29.264829485000064,0.07278911900004914,29.33473542100006,0.16984135600006312
30_12535,Rochester,USA,United States,-77.74058014299999,43.04653275600003,-77.52455710299995,43.283441664000065
30_9817,Kota Bharu,MYS,Malaysia,102.19177471800003,6.037691359000064,102.32814062700004,6.167376230000059
30_1797,Jiyuan,CHN,China,112.50321468200002,35.03295743900003,112.63873220100004,35.12895933900006
30_9130,Nakuru,KEN,Kenya,36.039991445000055,-0.33159555099996396,36.09989048700004,-0.26689377899992905
30_11068,Sariwŏn,PRK,North Korea,125.71680445000004,38.48175222800006,125.80007123900009,38.53500500200005
30_2482,Liuyang,CHN,China,113.58302576000006,28.128340184000024,113.66412829000001,28.18773711500006
30_5499,Bathinda,IND,India,74.90135541800004,30.146521394000047,75.00124961500006,30.283320418000073
30_5697,Bhilwara,IND,India,74.56897009900007,25.308119219000048,74.67098865100007,25.37536637200003
30_2817,Yixing,CHN,China,119.7604841650001,31.33740772500005,119.87839760300005,31.414709326000036
30_2912,Longyan,CHN,China,116.95893341400006,25.030873951000046,117.06939077300001,25.165266004000046
30_710,Brest,BLR,Belarus,23.61980051100005,52.045816527000056,23.80549633100003,52.15262623500007
30_6373,Vijayapura,IND,India,75.66129892400005,16.793418949000056,75.76373208400008,16.875661755000067
30_687,রামু Ramu,BGD,Bangladesh,91.94290986700008,21.405569246000027,92.11697387600003,21.47206695400007
30_5300,Kendari,IDN,Indonesia,122.43845994000003,-4.061318170999925,122.60981717900006,-3.956079622999937
30_7035,Sultanpur,IND,India,82.02112979800006,26.217171102000066,82.10610005300003,26.293045754000048
30_1896,Xingyang,CHN,China,113.24172117700004,34.75391979300008,113.45621011600008,34.841080755000064
30_2870,Haimen,CHN,China,121.08939714000007,31.86181484000008,121.30625703100009,31.947890202000053
30_3019,Hui'An,CHN,China,118.71982282800002,24.946907319000047,118.93476403600005,25.089663576000078
30_9801,Limbe,MWI,Malawi,34.96653180200008,-15.865002336999964,35.11399372500006,-15.79933673499994
30_846,Caxias Do Sul,BRA,Brazil,-51.251250234999986,-29.216462768999975,-51.12162602099994,-29.114268183999968
30_11129,Hebron,PSE,Palestina,35.01434821000004,31.492034999000055,35.13052343900006,31.59517349200007
30_3808,Nazlet Rimeih,EGY,Egypt,30.869475841000053,27.298076276000074,31.039799393000067,27.408076202000075
30_9842,Windhoek,NAM,Namibia,16.999935108000045,-22.612670166999976,17.11650674300006,-22.479279145999953
30_2724,Xinghua,CHN,China,119.78099512800009,32.879470498000046,119.88837315900003,32.957267417000025
30_2435,Ezhou,CHN,China,114.80248756500009,30.317531433000056,114.92435734800006,30.437305611000056
30_7405,Mau,IND,India,83.52326697900008,25.905438408000066,83.59414957400008,25.98123634600006
30_3294,Bunia,COD,Democratic Republic of the Congo,30.209638383000026,1.5286408310000752,30.289550924000025,1.6095292460000223
30_12802,Tây Ninh,VNM,Vietnam,106.01032339100004,11.237156284000037,106.16740672600008,11.351234607000038
30_3162,Gemena,COD,Democratic Republic of the Congo,19.745484115000068,3.2114529340000217,19.815593024000066,3.2761941290000323
30_719,Vitebsk,BLR,Belarus,30.103050652000036,55.15364964500003,30.282916925000052,55.24342828400006
30_5632,Bharuch,IND,India,72.94887325600007,21.688264556000036,73.06376838100005,21.75481168500005
30_326,Liège,BEL,Belgium,5.378138734000061,50.56010369400008,5.680541137000034,50.713647165000054
30_409,Dinajpur,BGD,Bangladesh,88.57023394300006,25.577193325000053,88.67469596100005,25.69498532500006
30_2999,Beilun,CHN,China,121.75002255600009,29.873138012000027,121.90237236700011,29.975623400000075
30_721,Mahilyow,BLR,Belarus,30.237499805000027,53.84519695400007,30.418391477000057,53.96351935600006
30_3024,Huangyan,CHN,China,121.1796686350001,28.595369110000036,121.35838006000006,28.697370342000056
30_6411,Neeleshwaram,IND,India,74.95173625300004,12.207390793000059,75.14827913200008,12.550145538000038
30_9078,Mishima,JPN,Japan,138.71106506800004,35.02423210100005,138.97910988600006,35.19007363400004
30_8500,Canning,IND,India,88.59265349600008,22.26262281000004,88.79817401400004,22.412601984000048
30_10725,Hafizabad,PAK,Pakistan,73.63841467400005,32.051220855000054,73.75088345300003,32.094288289000076
30_5183,Gresik,IDN,Indonesia,112.58239397700004,-7.205314359999932,112.67882668900006,-7.107971035999981
30_3383,Santa Marta,COL,Colombia,-74.22943657699994,11.196418218000076,-74.12587128099995,11.261600180000073
30_2486,Jixi,CHN,China,130.86791118700012,45.24681930500003,131.03985655400004,45.36688991400007
30_2886,Fuyang,CHN,China,119.87135409500002,29.98416565200006,120.04722449000008,30.08669439700003
30_3872,Aswan,EGY,Egypt,32.85103298300004,24.016316412000037,32.93422439600005,24.12517017700003
30_3228,Malemba Nkulu,COD,Democratic Republic of the Congo,26.772796292000066,-8.05742214299994,26.813612316000047,-8.016830586999959
30_6737,Irinjalakuda,IND,India,76.17687624500007,10.243755648000047,76.37758252100008,10.398384333000024
30_9816,Seremban,MYS,Malaysia,101.87225837000005,2.645031048000021,102.02370404100009,2.7583068170000615
30_12487,Grand Rapids,USA,United States,-85.87136849799998,42.809964501000024,-85.49972634799997,43.05563831400008
30_11182,Bryansk,RUS,Russia,34.20805877000004,53.186793081000076,34.49344507100005,53.343683819000034
30_130,Saurimo,AGO,Angola,20.343499691000034,-9.698713249999969,20.444465233000074,-9.64178841499995
30_2962,Raoping,CHN,China,116.83638612800007,23.581249470000046,117.06171432600001,23.72342204100005
30_10215,Oron,NGA,Nigeria,8.189275019000036,4.76574894700002,8.26956983100007,4.830537454000023
30_5010,Bengkulu,IDN,Indonesia,102.24027041000005,-3.891319993999957,102.34374718600009,-3.7132407519999333
30_1459,Xingping,CHN,China,108.35950978200009,34.27514983000003,108.53075004700008,34.318631682000046
30_1322,Dujiangyan,CHN,China,103.57491443300006,30.891243231000033,103.70498508500003,31.054173081000044
30_9401,Tepic,MEX,Mexico,-104.93443171499996,21.455441445000076,-104.80782338699998,21.54689069400007
30_2905,Qidong,CHN,China,121.59604211700002,31.784372958000063,121.72760097200012,31.879027481000037
30_183,Resistencia,ARG,Argentina,-59.05842180299999,-27.518117657999937,-58.91132586599997,-27.40807620199996
30_12277,Stockton,USA,United States,-121.39941274499995,37.88809015600003,-121.19775367699998,38.05625808800005
30_5164,Blitar,IDN,Indonesia,112.10148200300011,-8.162967500999969,112.262114612,-8.008712461999949
30_3349,Ibagué,COL,Colombia,-75.26168501299998,4.417549999000073,-75.16172262099997,4.458034937000036
30_1077,Potengi,BRA,Brazil,-35.29237333999998,-5.78646052199997,-35.200741893999975,-5.713530626999955
30_3455,Bonn,DEU,Germany,7.020134723000069,50.64644914300004,7.269361099000037,50.80970599500006
30_7673,Arrah,IND,India,84.63385722000004,25.535135427000057,84.70548360700008,25.610843682000052
30_9396,Mazatlán,MEX,Mexico,-106.47784775799994,23.180135476000032,-106.35617411999999,23.288725010000064
30_741,Porto Velho,BRA,Brazil,-63.927656439999964,-8.820842371999959,-63.79039679899995,-8.723351932999947
30_10627,Sadiqabad,PAK,Pakistan,70.03538587000008,28.264122977000056,70.16144763600005,28.34052958600006
30_1205,Yining/Qulja,CHN,China,81.23194174300005,43.88638113700006,81.37973878000008,43.97793307000006
30_10781,Piura,PER,Peru,-80.69471919299997,-5.235520626999971,-80.58404788799999,-5.162616467999953
30_12039,Elazig,TUR,Turkey,39.13502575500007,38.63267351400003,39.27517544600005,38.694852179000065
30_3536,Djibouti,DJI,Djibouti,43.10573833400008,11.538686946000041,43.16946920600003,11.62835494500007
30_3792,Mallawi,EGY,Egypt,30.81467599000007,27.653610636000053,30.91568823800003,27.79764169300006
30_12317,Boise,USA,United States,-116.46769807299995,43.53895956900004,-116.11192245599995,43.712576572000046
30_12812,My Tho,VNM,Vietnam,106.26091151400004,10.211205932000041,106.50962083800005,10.430941459000053
30_3965,Tallinn,EST,Estonia,24.611424283000076,59.35580007500005,24.910908678000055,59.48062056500004
30_8486,Hatisala,IND,India,88.49090302400003,22.404268195000043,88.66133537000007,22.53763168300003
30_6868,Anantapur,IND,India,77.54449983900008,14.62690036600003,77.63077272700008,14.708808872000077
30_1992,Changge,CHN,China,113.64814436900008,34.153445660000045,113.83447079400003,34.25775946300007
30_1442,Zigong,CHN,China,104.64596180200004,29.318695956000056,104.83622932300005,29.40391990300003
30_2404,Xinxing,CHN,China,130.8017483420001,45.75546090900008,130.94037536000008,45.85739526100008
30_7099,Nagercoil,IND,India,77.37434749900007,8.138609938000059,77.48285201400006,8.203564705000076
30_6743,Nizamabad,IND,India,78.03219520300007,18.639056975000074,78.14423043900007,18.721624116000044
30_6855,Rae Bareli,IND,India,81.21671798700004,26.200312619000044,81.29872731300003,26.26775211300003
30_6133,Sambhal,IND,India,78.53812404700005,28.53588570900007,78.60695101200008,28.612366708000025
30_1676,Changping,CHN,China,116.14467997400004,40.15753397100008,116.27838788600002,40.25605739900004
30_12792,Long Xuyen,VNM,Vietnam,105.39249118900005,10.219343241000047,105.56881631300007,10.414662734000046
30_2063,Heze,CHN,China,115.36898444400003,35.18134196200003,115.59237843100004,35.294881289000045
30_6449,Parbhani,IND,India,76.73976028200008,19.242153897000037,76.82247627200007,19.291760708000027
30_12199,Mykolaiv,UKR,Ukraine,31.91844363100006,46.908620202000066,32.09915042700004,47.04873401900005
30_9089,Aktobe,KAZ,Kazakhstan,57.08715423800004,50.23443365400004,57.346602965000045,50.35885719100003
30_3473,Bremen,DEU,Germany,8.67706058400006,53.02032713600005,8.983781726000075,53.15739954000003
30_6138,Ichalkaranji,IND,India,74.41395535500004,16.66185870700002,74.49327332500008,16.735857079000027
30_11167,Kaliningrad,RUS,Russia,20.414952907000043,54.65621407100008,20.59773141100004,54.765457455000046
30_3344,Manizales,COL,Colombia,-75.53603110799997,5.024917333000076,-75.42192916299996,5.089715519000038
30_13029,Daveyton,ZAF,South Africa,28.36518171700004,-26.166598431999944,28.497478578000027,-26.082329131999927
30_1747,Daqing,CHN,China,125.044444397,46.50770947600006,125.21629467100001,46.63811742400003
30_11248,Stavropol,RUS,Russia,41.891998115000035,44.979308400000036,42.07946545300007,45.154521471000066
30_2784,Taixing,CHN,China,119.95467645200006,32.145979332000024,120.09543429700011,32.21491794100007
30_6657,Unnao,IND,India,80.41200627900008,26.461723652000046,80.55898148000006,26.571414551000032
30_12689,Guarenas,VEN,Venezuela,-66.65141125999997,10.447220511000069,-66.49694982399996,10.496059625000044
30_7485,Uchkagaon,IND,India,84.05867797700006,26.284614308000073,84.28524990500006,26.453287535000072
30_6527,Hardoi,IND,India,80.10404798500008,27.365763636000054,80.16848347100006,27.416539452000052
30_2736,Jingdezhen,CHN,China,117.12048146300003,29.233498948000033,117.3329431950001,29.335738587000037
30_8906,Florence,ITA,Italy,11.110612409000055,43.740006890000075,11.325186981000058,43.84062482500008
30_2836,惠东县,CHN,China,114.65452920000007,22.938017719000072,114.76658237100003,23.038184296000054
30_922,Americana,BRA,Brazil,-47.437227261999965,-22.779478206999954,-47.27629628599993,-22.696064528999955
30_1159,Basel,CHE,Switzerland,7.521196122000049,47.460525870000026,7.711544541000023,47.648098754000046
30_835,São José Do Rio Preto,BRA,Brazil,-49.44991764599996,-20.84909890499995,-49.328457199999946,-20.74121849499994
30_11362,Irkutsk,RUS,Russia,104.17959015800005,52.21092578900004,104.40024231500007,52.33733813400005
30_9547,Skopje,MKD,Macedonia,21.301681634000033,41.94841856000005,21.523455451000075,42.06605503000003
30_656,Feni,BGD,Bangladesh,91.34914319000006,22.946363855000072,91.45762949700008,23.07157944200003
30_10078,Owerri,NGA,Nigeria,6.994133494000039,5.446151093000026,7.13427593800003,5.5433746250000695
30_2769,Dongtai,CHN,China,120.26365001300007,32.810339304000024,120.36403440600009,32.88811332700004
30_10706,Jhelum,PAK,Pakistan,73.66599793300003,32.90539993800007,73.76613295500005,33.00049908900007
30_9949,Ilesa,NGA,Nigeria,4.705195505000063,7.586653830000046,4.805688170000053,7.667806365000047
30_11237,Penza,RUS,Russia,44.864233193000075,53.11821963600005,45.08491634400008,53.25540679300008
30_10058,Lokoja,NGA,Nigeria,6.693350980000048,7.724616662000074,6.753884815000049,7.822012559000029
30_7310,Azamgarh,IND,India,83.13724717300005,26.014930269000047,83.23365531900004,26.107607501000075
30_3026,Changle,CHN,China,119.33376087200008,25.87175637100006,119.56252302900009,26.031778606000046
30_1021,Petrolina,BRA,Brazil,-40.55777316199993,-9.47916620999996,-40.455399772999954,-9.349089700999968
30_3470,Wiesbaden,DEU,Germany,8.161722983000061,49.94775786200006,8.335712613000055,50.10057286700004
30_11867,Hat Yai,THA,Thailand,100.39795606900009,6.929528703000074,100.51037184800003,7.059302342000024
30_9742,Quelimane,MOZ,Mozambique,36.867581071000075,-17.88838948299997,36.93141942600005,-17.838938036999934
30_12296,Indio,USA,United States,-116.57079089599995,33.649942200000055,-116.14463003299994,33.86683220900005
30_8822,Hindiya,IRQ,Iraq,44.19851175900004,32.50812797200007,44.373317203000056,32.56853943600004
30_10561,Nowshera,PAK,Pakistan,71.84710201000007,33.962329547000024,72.05138957900004,34.04049378900004
30_11239,Cheboksary,RUS,Russia,47.14498275400007,56.054818054000066,47.36736823700005,56.16548494800003
30_9940,Ife,NGA,Nigeria,4.503764796000041,7.43248010700006,4.6041772800000444,7.546079764000069
30_9044,Niigata,JPN,Japan,138.87156820400003,37.817325752000045,139.28540624000004,38.020842291000065
30_12866,Nha Trang,VNM,Vietnam,109.03123727500008,12.19923205200007,109.22323576100007,12.305303200000026
30_594,Barisal,BGD,Bangladesh,90.30774899800008,22.65436493900006,90.40605904500006,22.76279392200007
30_431,Naogaon,BGD,Bangladesh,88.87188335200005,24.703526666000073,89.05885152200005,24.871355936000043
30_10915,General Santos,PHL,Philippines,125.09317138500012,6.013376777000076,125.21145824500002,6.167376230000059
30_11703,Torit,SSD,South Sudan,32.54709659300005,4.393259443000034,32.59729613400003,4.417549999000073
30_4599,Strasbourg,FRA,France,7.642916177000075,48.504743715000075,7.839342431000034,48.64646040500003
30_1585,Jinzhong,CHN,China,112.64758951100009,37.64936213900006,112.79966332400011,37.72890602500007
30_148,San Juan,ARG,Argentina,-68.61178230799999,-31.60377031099995,-68.47642950599999,-31.483442065999952
30_8907,Bologna,ITA,Italy,11.203357894000021,44.445670791000055,11.44732245800003,44.55592876000003
30_6120,Hathras,IND,India,78.02403744400004,27.55198495700006,78.09809571000005,27.721380974000056
30_3157,Mbandaka,COD,Democratic Republic of the Congo,18.219416555000066,0.016175358000054985,18.289265473000057,0.0647014380000428
30_1646,Yangquan,CHN,China,113.40510601300002,37.817325752000045,113.66779193400009,37.88809015600003
30_10466,Al Ghubra,OMN,Oman,58.334609294000074,23.564527141000042,58.525169524000034,23.648146893000046
30_12994,Bloemfontein,ZAF,South Africa,26.16567788900005,-29.216462768999975,26.303980615000057,-29.09723949399995
30_5774,Karnal,IND,India,76.94948735700007,29.608567933000074,77.03513569200004,29.71948453300007
30_1935,中塘镇,CHN,China,117.37812939900004,38.757051114000035,117.56455485800006,38.89040306900006
30_1934,Chaoyang,CHN,China,120.3545489280001,41.52379013500007,120.4950925820001,41.64113579700006
30_5301,Kupang,IDN,Indonesia,123.54916843400008,-10.211205931999928,123.69253522300005,-10.12983720699998
30_11318,Orenburg,RUS,Russia,55.00707735600008,51.745310302000064,55.25548980100007,51.880931274000034
30_3949,Alacant / Alicante,ESP,Spain,-0.5801086229999441,38.29548344600005,-0.35997073299995463,38.44625857600005
30_230,Werribee,AUS,Australia,144.59629946500002,-37.914633385999934,144.8036094140001,-37.83501446399998
30_2695,Tongling,CHN,China,117.69949485300003,30.848384389000046,117.91430630800005,30.985558226000023
30_11521,Wad Madanī,SDN,Sudan,33.48154518000007,14.307568067000034,33.57723076900004,14.454930413000056
30_5161,Kediri,IDN,Indonesia,111.97331122800006,-7.870713764999948,112.10376946800011,-7.7733135289999495
30_9037,Tokushima,JPN,Japan,134.13329624000005,33.997065864000035,134.64903908700012,34.20559648100004
30_10677,Jhang,PAK,Pakistan,72.28839372100003,31.242960555000025,72.37766011000008,31.32023285100007
30_3943,Murcia,ESP,Spain,-1.23757434099997,37.932330868000065,-0.9952113379999332,38.05625808800005
30_8573,Dimapur,IND,India,93.68151220200008,25.829658949000077,93.79689566700006,25.93912409400008
30_11347,Barnaul,RUS,Russia,83.54354305700008,53.28482503100008,83.82914982300008,53.40257243100007
30_12443,Jacksonville,USA,United States,-81.79427136399994,30.180714409000075,-81.49066060599995,30.411635041000068
23_57852,Sheyban,IRN,Iran,48.776240924000035,31.38035009200007,48.80658884400003,31.414709326000036
30_10613,Dera Ghazi Khan,PAK,Pakistan,70.61171991100008,30.018337443000064,70.73265256100007,30.078148801000054
30_1635,Bijie,CHN,China,105.24919570100008,27.28115688200006,105.32203395400006,27.331917997000062
30_9590,Myitkyina,MMR,Myanmar,97.35018669100003,25.316524337000033,97.45664950500009,25.459445311000025
30_8946,Catania,ITA,Italy,14.98923833300006,37.472712227000045,15.142374456000027,37.587516777000076
30_4723,Brighton,GBR,United Kingdom,-0.4519019999999614,50.80009683900005,-0.09301447699994014,50.86737623600004
30_1312,Pingliang,CHN,China,106.62721931400006,35.522140171000046,106.73743537900003,35.56587151200006
30_10917,Toril,PHL,Philippines,125.47410945500008,6.99441379700005,125.58708454300006,7.107971036000038
30_1913,Songyuan,CHN,China,124.7358579050001,45.07150091300008,124.92231971100011,45.21912410900006
30_11558,Mbour,SEN,Senegal,-17.09067259699998,14.340312050000023,-16.920507292999957,14.495871006000073
30_8482,Jaynagar Majilpur,IND,India,88.28578341400004,22.037768506000077,88.48774079500004,22.195985051000036
30_1365,Panzhihua,CHN,China,101.65896991900007,26.470160003000046,101.77656889600007,26.60517360500006
30_1957,Dezhou,CHN,China,116.20749459500007,37.37562161000005,116.40593566700011,37.52569070000004
30_1545,Luzhou,CHN,China,105.40098038700006,28.86745617300005,105.54191500700006,29.01211201500007
30_2853,Huzhou,CHN,China,120.04885124900011,30.831242880000048,120.21337685600008,30.925535524000054
30_4976,Pematang Siantar,IDN,Indonesia,99.02071214300008,2.920136557000035,99.14188557200004,3.041514697000025
30_8735,Yazd,IRN,Iran,54.25536101000006,31.810184193000055,54.41308110700004,31.947890202000053
30_2810,Heyuan,CHN,China,114.63898864800001,23.631421320000072,114.72470584500002,23.773614649000024
30_11840,Phuket,THA,Thailand,98.30946110700006,7.765197234000027,98.42874104300006,7.968122766000022
30_8539,Dhing,IND,India,92.30177334700005,26.385807034000038,92.62411082000006,26.503907756000046
30_12071,Zhanghua City,TWN,Taiwan,120.41696994800009,24.00794449800003,120.61592669800007,24.14192003000005
30_9953,Ondo,NGA,Nigeria,4.7920802000000435,7.04307988100004,4.862363052000035,7.124194372000034
30_1561,Guang'An,CHN,China,106.55542942500006,30.437305611000056,106.70495290700006,30.54001347700006
30_10045,Minna,NGA,Nigeria,6.501803151000047,9.568604740000069,6.583102671000063,9.67431644100003
30_9435,Irapuato,MEX,Mexico,-101.40018541799998,20.633367372000066,-101.29953243299997,20.73292121700007
30_8843,Kut,IRQ,Iraq,45.748546229000056,32.464986305000025,45.87054235200003,32.55127745200008
30_1904,Zhaodong,CHN,China,125.88426621200006,46.03362744100008,126.03852398100003,46.098607654000034
30_9011,Kagoshima,JPN,Japan,130.47575707500005,31.457665056000053,130.60235213600004,31.663956449000068
30_2685,Pukou,CHN,China,118.58869151800002,32.02538406800005,118.75789438700008,32.18906365300006
30_2199,Zoucheng,CHN,China,116.84452103300009,35.329828518000056,117.03128877900008,35.46093134800003
30_1409,Ziyang,CHN,China,104.59408864800008,30.08669439700003,104.67648888300005,30.15506922700007
30_10631,Haripur,PAK,Pakistan,72.82209777900005,33.962329547000024,73.00140734500008,34.04049378900004
30_9163,Osh,KGZ,Kyrgyzstan,72.74420941900007,40.47120436300003,72.86218055700004,40.569899519000046
30_11559,Thiès,SEN,Senegal,-16.962254952999956,14.749767524000049,-16.879574108999975,14.823500525000043
30_4089,Bahir Dar,ETH,Ethiopia,37.35829952600005,11.563140764000025,37.43308382500004,11.62020285400007
30_2549,Danzhou,CHN,China,109.52270899200005,19.498517634000052,109.63661663700009,19.54815424000003
30_5903,Roorkee,IND,India,77.83740558500006,29.821910263000063,77.94223330100004,29.898755618000052
30_12340,Colorado Springs,USA,United States,-104.88070138399996,38.73039194200004,-104.67817600299998,38.97045927800008
30_5305,Gorontalo,IDN,Indonesia,123.01957656100001,0.49335075900006586,123.10005474800005,0.6227559870000619
30_9939,Osogbo,NGA,Nigeria,4.475507059000051,7.724616662000074,4.60640070900007,7.838246052000045
30_7400,Deoria,IND,India,83.75334642500007,26.470160003000046,83.81059984600006,26.537659270000063
30_769,Macapá,BRA,Brazil,-51.10616030999995,-0.016175357999941298,-51.03632247599995,0.10513985100004675
30_4488,Dire Dawa,ETH,Ethiopia,41.81949217500005,9.576735961000054,41.89118786800003,9.625524853000059
30_4538,Nantes,FRA,France,-1.663805990999947,47.142219053000076,-1.4485366009999439,47.291922043000056
30_2960,Lishui,CHN,China,119.8684641540001,28.425450245000036,119.9740462740001,28.48491006000006
30_8800,Ramadi,IRQ,Iraq,43.21044275400004,33.39860752100003,43.40825081500003,33.467913743000054
30_8337,Siuri,IND,India,87.48659460400006,23.865653570000063,87.55339658400004,23.940976634000037
30_1174,La Serena,CHL,Chile,-71.37477063099993,-30.00125099099995,-71.19874744499998,-29.864599362999968
30_467,Barkhada,BGD,Bangladesh,89.01557519700003,23.840549585000076,89.20235773600007,23.95771736000006
30_12838,Vung Tau,VNM,Vietnam,107.04898604600004,10.325135542000055,107.24395423100009,10.430941459000053
30_3647,Annaba,DZA,Algeria,7.6613387840000655,36.77646424300008,7.792343517000063,36.95250273900007
30_3158,Kikwit,COD,Democratic Republic of the Congo,18.763691230000063,-5.089715518999981,18.863564947000043,-5.000618650999968
30_2455,Jiaozhou,CHN,China,119.90591827800006,36.23170408400006,120.19852424500004,36.36336906100007
30_6919,Kurnool,IND,India,77.98590779000006,15.725472650000029,78.06867406200007,15.856793691000064
30_9348,Chișinău,MDA,Moldova,28.725890633000063,46.95530968800006,28.950703591000035,47.076773143000025
30_1468,Yibin,CHN,China,104.49415049800007,28.67186651000003,104.71969938200004,28.850442858000065
30_12083,Chiayi,TWN,Taiwan,120.38997134800002,23.422419943000023,120.52723316900006,23.53944516400003
30_6781,Fatehpur,IND,India,80.77029055600008,25.897017556000037,80.86280871900004,25.964390759000025
30_3865,Ezbet Abu Habashi,EGY,Egypt,32.61168197100005,25.728648298000053,32.65999719000007,25.762314889000038
30_12321,Provo,USA,United States,-111.87562295699996,40.21126737900005,-111.61739607699997,40.42636087200003
30_3673,Cuenca,ECU,Ecuador,-79.07560509799998,-2.9444117759999244,-78.94579289099994,-2.847312097999975
30_7353,Tirupati,IND,India,79.34809396400004,13.595829812000034,79.51906390900007,13.661242230000028
30_1786,Langfang,CHN,China,116.5979337870001,39.46935393700005,116.83010384400006,39.603213303000075
30_8826,Al Hillah,IRQ,Iraq,44.34104068600004,32.37872635200006,44.48202374600004,32.53401672100006
30_5310,Manado,IDN,Indonesia,124.7861150330001,1.415398997000068,124.93947514000001,1.5448184190000234
30_940,Jundiaí,BRA,Brazil,-46.94127006499997,-23.255309265999983,-46.74699249899993,-23.130028539999955
30_3720,Shibin Al-Kom,EGY,Egypt,30.961069249000047,30.53145292100004,31.096814739000024,30.608508202000053
30_5976,Hapur,IND,India,77.72875009100005,28.705872142000032,77.86944540600007,28.773895969000023
30_2492,Rizhao,CHN,China,119.39887559100009,35.31235419300003,119.61740551600008,35.50465014500003
30_2420,Gaomi,CHN,China,119.67421991000003,36.30191500700005,119.83586541500006,36.43362461300006
30_3896,Las Palmas De Gran Canaria,ESP,Spain,-15.497312199999953,27.958703253000067,-15.366631525999935,28.17076528900003
30_2887,Shanwei,CHN,China,115.3060825770001,22.721086601000025,115.43636173000004,22.821192316000065
30_71,Jalalabad,AFG,Afghanistan,70.36065900800008,34.38822030400007,70.52894138300007,34.47523674300004
30_2526,Cenxi,CHN,China,110.88504082800006,22.88794500700004,111.11598572100007,22.938017719000072
30_13040,Polokwane,ZAF,South Africa,29.342634064000038,-23.93260657999997,29.511430997000048,-23.79034715399996
30_11398,At Taif,SAU,Saudi Arabia,40.36526943700005,21.214452333000054,40.472321624000074,21.36401402900003
30_9014,Matsuyama,JPN,Japan,132.66912944800004,33.73667338900003,132.9265438210001,33.91023509000007
30_6801,Bahraich,IND,India,81.57107413700004,27.55198495700006,81.66298569500003,27.619731440000066
30_7664,Chhapra,IND,India,84.69137686200008,25.762314889000038,84.78719363000005,25.804403225000044
30_4613,Belfast,GBR,United Kingdom,-6.086923026999955,54.497506146000035,-5.783716401999925,54.705856804000064
30_4696,Portsmouth,GBR,United Kingdom,-1.2626673529999266,50.76166749600003,-0.9573423639999419,50.94431081500005
30_7748,Sitamarhi,IND,India,85.44100195600004,26.52922103900005,85.57033971400006,26.613613959000077
30_8816,At Tarimiyah,IRQ,Iraq,44.31182946500007,33.589249970000026,44.437517515000025,33.693303670000034
30_6451,Latur,IND,India,76.51562266200006,18.36669353800005,76.61292480400004,18.432705888000044
30_8866,Haifa,ISR,Israel,34.94489659000004,32.74986615000006,35.12905509400008,32.91404372200003
30_10819,Cusco,PER,Peru,-72.01993196099994,-13.554950557999973,-71.85344078899993,-13.497724114999926
30_6354,Etawah,IND,India,78.93949196700004,26.73180377400007,79.07790385400006,26.858487429000036
30_12052,Batman,TUR,Turkey,41.07738313400006,37.85270476800008,41.17908886300006,37.932330868000065
30_2668,Yangjiang,CHN,China,111.91188387600005,21.80472973600007,112.03897163200008,21.90458572500006
30_3130,Maroua,CMR,Cameroon,14.237490390000062,10.544901689000028,14.400708958000052,10.63445318600003
30_12203,Kryvyi Rih,UKR,Ukraine,33.26232839700003,47.78894224600003,33.49874614500004,48.05222937000008
30_9330,Tétouan,MAR,Morocco,-5.421484776999932,35.53963163000003,-5.274038537999957,35.600863050000044
30_6921,Satna,IND,India,80.77847403900006,24.544168401000036,80.88093135200006,24.602870365000058
30_3427,Santiago De Cuba,CUB,Cuba,-75.88446390599995,19.978583772000036,-75.75509155699996,20.09454478500004
30_1758,Chengde,CHN,China,117.86500660900003,40.92925203300007,118.00212124200004,40.98321776900008
30_6063,Ahmadnagar,IND,India,74.66803803500005,19.04378362500006,74.79883589300005,19.184286506000035
30_11456,Buram,SDN,Sudan,25.132678551000026,10.838016850000031,25.183973110000068,10.870591926000031
30_9818,Melaka City,MYS,Malaysia,102.14006526500003,2.1676961380000535,102.32904127600005,2.297136662000071
30_3963,Palma De Mallorca,ESP,Spain,2.5202127040000732,39.49611808100008,2.766817521000064,39.62106853200004
30_10887,Zamboanga City,PHL,Philippines,122.00880123600007,6.897087441000053,122.15914478500008,6.961970821000023
30_1862,Tongliao,CHN,China,122.16818899500004,43.54809265400007,122.32455779600002,43.676010087000066
30_9186,Cheonan-Si,KOR,South Korea,127.04091730100004,36.767666312000074,127.22600955100006,36.899675183000056
30_2916,Zhuji,CHN,China,120.09954647100005,29.668286506000072,120.284694822,29.779228059000047
30_7234,Jaunpur,IND,India,82.64339006900008,25.711816359000068,82.72881502000007,25.779149543000074
30_7553,Ballia,IND,India,84.08408496500005,25.737064606000047,84.25536530300008,25.821240147000026
30_9872,Maradi,NER,Niger,7.076255488000072,13.465025646000072,7.147625861000051,13.546775030000049
30_8757,Kerman,IRN,Iran,56.96355040800006,30.240562992000037,57.158565347000035,30.317531433000056
30_2627,淮安区,CHN,China,119.08878222400006,33.476578489000076,119.17809219800006,33.55457592400006
30_85,Lobito,AGO,Angola,13.524224529000037,-12.444036362999952,13.627031272000067,-12.337943764999977
30_9535,Villahermosa,MEX,Mexico,-93.03203225599998,17.92960303500007,-92.88080321799998,18.053265685000042
30_10514,Bannu,PAK,Pakistan,70.54816866400006,32.93133224400003,70.72371723100008,33.04373875400006
30_2654,Anqing,CHN,China,116.98494480400007,30.497213551000073,117.1921234140001,30.582820536000042
30_9066,Toyohashi,JPN,Japan,137.21603566900012,34.67550453800004,137.51126239500002,34.85851711500004
30_8645,Hamedan,IRN,Iran,48.44517368800007,34.75391979300008,48.577290505000065,34.85851711500004
30_2566,Gaozhou,CHN,China,110.81226601500003,21.879619236000053,110.91191512700004,21.937876967000022
30_2044,Huludao,CHN,China,120.77687868900011,40.68660950200007,120.95798306800009,40.81238273100007
30_5234,Selong,IDN,Indonesia,116.39904351400003,-8.707104476999973,116.58532466600002,-8.552767036999967
30_951,Praia Grande,BRA,Brazil,-46.88111508399993,-24.23405914999995,-46.38659934999998,-23.974458911999932
30_5612,Hisar,IND,India,75.68347740000007,29.097239494000064,75.84704743500004,29.182393628000057
30_12701,Maturin,VEN,Venezuela,-63.32212301799996,9.682448635000071,-63.114507464999974,9.812574040000072
30_7799,Kakinada,IND,India,82.18548928800004,16.91678827900006,82.28761616900005,17.02373330100005
30_2105,Siping,CHN,China,124.29960401200003,43.11028225900003,124.47005386600006,43.21051011000003
30_1202,Kashgar,CHN,China,75.92194345400003,39.42475559700006,76.06304502300003,39.51396298700007
30_790,Maringá,BRA,Brazil,-51.99052154599997,-23.472568775999946,-51.84727078999998,-23.372278338999934
30_472,Pabna,BGD,Bangladesh,89.17161217800003,23.95771736000006,89.36464401700005,24.07492561500004
30_11345,Kemerovo,RUS,Russia,85.91006618000006,55.273370965000026,86.23420993600007,55.43320502200004
30_11463,Ad Da'Ein,SDN,Sudan,26.105323548000058,11.432729791000042,26.165939625000078,11.489781751000066
30_2881,Meizhou,CHN,China,116.0302316530001,24.225681821000023,116.14902392700003,24.37650588100007
30_13027,Tsakane,ZAF,South Africa,28.341186980000032,-26.40267575499996,28.432152725000037,-26.276183093999975
30_5685,Vapi,IND,India,72.85528264300007,20.309987931000023,72.98437225500004,20.442625039000063
30_9497,Oaxaca,MEX,Mexico,-96.78767359799997,16.99905161600003,-96.66923827899996,17.147160403000044
30_2293,Shaoyang,CHN,China,111.38919023000005,27.188117657000078,111.57647595800006,27.28115688200006
30_5765,Rohtak,IND,India,76.52926376600004,28.850442858000065,76.66317236000003,28.935519987000077
30_11926,Sousse,TUN,Tunisia,10.51512107000002,35.767151632000036,10.679752525000026,35.90728559100006
30_13077,Ndola,ZMB,Zambia,28.580577221000055,-13.048268311999948,28.674739978000048,-12.909409292999953
30_4698,Leicester,GBR,United Kingdom,-1.2268792199999439,52.56131697400008,-1.0360313419999443,52.68809960400006
30_11271,Tolyatti,RUS,Russia,49.21237152000003,53.49096146900007,49.49605256800004,53.599084377000054
30_4678,Coventry,GBR,United Kingdom,-1.6038410279999766,52.36652906300003,-1.4265491049999355,52.54182391200004
30_9800,Blantyre,MWI,Malawi,34.942595019000066,-15.79933673499994,35.09848810400007,-15.71726616199993
30_1926,北塘,CHN,China,117.61960959800001,39.09505864000005,117.81350613000006,39.166295313000035
30_12391,Memphis,USA,United States,-90.07931111499994,34.97188742600008,-89.70897102399994,35.19007363400004
30_12537,Allentown,USA,United States,-75.65673691999996,40.52503134600005,-75.12801985799996,40.75846902300003
30_6207,Rampur,IND,India,78.99733496100004,28.75688844000007,79.06348306100006,28.833430597000074
30_2014,Liaocheng,CHN,China,115.88559745000009,36.416058486000054,116.04909091500008,36.53026505400004
30_1153,Geneva,CHE,Switzerland,6.049645607000059,46.16361630800003,6.27423095000006,46.265830436000044
30_11370,Khabarovsk,RUS,Russia,134.9974548250001,48.353740610000045,135.19788207500005,48.58030766500008
30_1479,Bazhong,CHN,China,106.73172992500008,31.82739319700005,106.83729308500006,31.87042100900004
30_2106,Hegang,CHN,China,130.1832932220001,47.207694839000055,130.35562090100007,47.38556617100005
30_6012,Bulandshahr,IND,India,77.78598875300008,28.374494759000072,77.89484783700004,28.433943729000077
30_1702,Chifeng,CHN,China,118.84843649100003,42.22001027700003,119.04371786600007,42.337835332000054
30_10036,Yenagoa,NGA,Nigeria,6.250230446000046,4.871031473000073,6.390863922000051,5.008718173000034
30_8273,Siliguri,IND,India,88.29605491200005,26.647377739000035,88.47537549100008,26.77402569900005
30_11446,Kebkabiya,SDN,Sudan,24.068473682000047,13.636711762000061,24.110127679000072,13.661242230000028
30_151,Salta,ARG,Argentina,-65.47827988699999,-24.87135593599993,-65.35543284799996,-24.745475904999978
30_9530,Matamoros,MEX,Mexico,-97.59515773499999,25.795985104000067,-97.41818113099998,25.897017556000037
30_11383,Tabuk,SAU,Saudi Arabia,36.50931194700007,28.33203893600006,36.61902496000005,28.442437471000062
30_5103,Cilacap,IDN,Indonesia,108.98472476800004,-7.757080999999971,109.18282076600008,-7.635344643999929
30_4633,Edinburgh,GBR,United Kingdom,-3.3155319529999474,55.894054562000065,-3.0121343299999808,55.99450314900008
30_9283,Riga,LVA,Latvia,23.985969557000033,56.88262375900007,24.261183635000066,57.05507489400003
30_3758,Mit Ghamr,EGY,Egypt,31.211943258000076,30.685586667000052,31.327298212000073,30.805532785000025
30_5070,Purwakarta,IDN,Indonesia,107.39455894000008,-6.597045560999959,107.60958166200004,-6.467319455999927
30_8565,Silchar,IND,India,92.70731751700004,24.75386639800007,92.83445898100007,24.854569124000022
30_6517,Davanagere,IND,India,75.87983607800004,14.41399270100004,75.95780271200005,14.495871006000073
30_9032,Kanazawa,JPN,Japan,136.53533018000007,36.49511783200006,136.72844431200008,36.67091407200007
30_12371,Tulsa,USA,United States,-96.06412144399997,35.96862353200004,-95.75472563099999,36.22292938600003
30_10403,Utrecht,NLD,Netherlands,4.991126757000075,51.97789557600004,5.181204809000064,52.15262623500007
30_6421,Farrukhabad,IND,India,79.54938631800007,27.348840326000072,79.64921694600008,27.408076202000075
30_1300,Dongsheng,CHN,China,109.92220472700006,39.78184340200005,110.07502139500008,39.84440492200008
30_11963,Denizli,TUR,Turkey,28.99461089700003,37.72890602500007,29.168472304000034,37.84385941700003
30_2672,Shaoguan,CHN,China,113.53255447400011,24.66997113900004,113.62208834900002,24.871355936000043
30_2580,Sanya,CHN,China,109.35142618300006,18.20170469900006,109.57227263900006,18.325440711000056
30_11283,Naberezhnye Chelny,RUS,Russia,52.18872772800006,55.64334701400003,52.52283288800004,55.79370084300007
30_8537,Shillong,IND,India,91.83689187100003,25.55195791400007,91.94061222200008,25.610843682000052
30_1716,Shunyi,CHN,China,116.4827956150001,40.05011484200003,116.70453185100007,40.18439868400003
30_8881,Genoa,ITA,Italy,8.735041717000058,44.37220849700003,9.088242456000046,44.47322801300004
30_12587,Qarshi,UZB,Uzbekistan,65.62829017400003,38.74816430900006,65.85721631600006,38.91708471000004
30_114,Huambo,AGO,Angola,15.686266510000053,-12.827741309999965,15.807865475000028,-12.729753096999957
30_1000,Juiz De Fora,BRA,Brazil,-43.44979410499997,-21.813050054999962,-43.281587900999966,-21.67162960299993
30_10465,Seeb,OMN,Oman,58.09202768800003,23.589610938000078,58.26648346300004,23.69832849200003
30_2555,Weihai,CHN,China,121.97978537600011,37.446228279000024,122.16710668000007,37.552185233000046
30_2807,Jingjiang,CHN,China,120.20373197100002,31.939281297000036,120.31634757300003,32.077060396000036
30_12703,Ciudad Guayana,VEN,Venezuela,-62.802247147999935,8.23604361100007,-62.68812508899998,8.325365875000045
30_1897,Fengrun,CHN,China,118.07065924300002,39.79077945700004,118.21818862700002,39.88016394300007
30_12958,Al Mansurah,YEM,Yemen,44.96008459900003,12.844074094000064,45.023612238000055,12.925744112000075
30_3849,Suez,EGY,Egypt,32.45943926000007,29.924375716000043,32.58459744100003,30.018337443000064
30_8773,Zahedan,IRN,Iran,60.79230351500007,29.446542011000076,60.90686469700006,29.540334519000055
30_12108,Mbeya,TZA,Tanzania,33.39588178100007,-8.95084497199997,33.567704922000075,-8.87771633799997
30_4781,Tamale,GHA,Ghana,-0.8954705559999638,9.373477621000063,-0.7948213339999484,9.471035878000066
30_1757,Anshun,CHN,China,105.89047223200004,26.22560069000008,106.01743441100007,26.276183094000032
30_11298,Astrakhan,RUS,Russia,47.910422219000054,46.24724079400005,48.15301720800005,46.47047139400007
30_10882,Iloilo City,PHL,Philippines,122.40200059800009,10.67516173100006,122.60610747800001,10.805443131000061
30_2149,东营区,CHN,China,118.39545760900012,37.38444607800005,118.59678874400004,37.54335332900007
30_1399,Lucheng,CHN,China,101.47302727300007,24.98049135800005,101.60623934300008,25.089663576000078
30_3242,Manono,COD,Democratic Republic of the Congo,27.36590830700004,-7.335117930999957,27.416967921000037,-7.278327099999956
30_592,Homna,BGD,Bangladesh,90.72576420400009,23.639784005000024,90.93791548900003,23.87402197600005
30_2419,Zucheng,CHN,China,119.30057570600002,35.95109657900008,119.48800691200006,36.082584449000024
30_9409,Durango,MEX,Mexico,-104.72019473399996,23.982829999000046,-104.57034726799998,24.07492561500004
30_10719,Ghaseet Pura69 Rb,PAK,Pakistan,73.21027367700003,31.44048187100003,73.50304893900005,31.586576972000046
30_11457,Al-Fashir,SDN,Sudan,25.31705561700005,13.571301937000044,25.388685318000057,13.661242230000028
30_1863,Enshi,CHN,China,109.44780360300007,30.232012352000027,109.50525936700006,30.360301556000024
30_11372,Vladivostok,RUS,Russia,131.82438402200012,43.05563831400008,132.13477079300003,43.34728351500007
30_900,Joinville,BRA,Brazil,-48.92486229499997,-26.38580703399998,-48.75659599099998,-26.234030510999958
30_502,Jessore,BGD,Bangladesh,89.15957657000007,23.12167807700007,89.27206827500004,23.221896706000052
30_10978,Poznan,POL,Poland,16.776594574000057,52.317881449000026,17.041828595000027,52.483363791000045
30_1452,Lüliang,CHN,China,111.06728028800006,37.48154099300007,111.22023332200007,37.561017529000026
30_10835,Baguio,PHL,Philippines,120.54376503500009,16.37419053000002,120.64928861200008,16.472801221000054
30_1354,Mianyang,CHN,China,104.59367526500006,31.406119072000024,104.80574984500004,31.526409715000057
30_646,Daganbhuiyan,BGD,Bangladesh,91.12189558400007,22.804506090000075,91.43318239300004,22.954710187000046
30_5953,Malegaon,IND,India,74.48914992600004,20.517252556000074,74.57479219000004,20.591893932000062
30_12249,Honolulu,USA,United States,-158.04301620199996,21.247683264000045,-157.73052875099998,21.422192592000044
30_9509,Xalapa,MEX,Mexico,-96.96720230199998,19.49024543200005,-96.83914377599996,19.597796664000043
30_1476,渭城区,CHN,China,108.59109151200005,34.283845522000036,108.78917462900006,34.42302278600005
30_853,Gama,BRA,Brazil,-48.08878021399994,-16.103108881999958,-47.96074195199998,-15.988147381999966
30_852,Novo Hamburgo,BRA,Brazil,-51.20261679699996,-29.804836553999962,-51.02576801699996,-29.63415996599997
30_3691,Damanhur,EGY,Egypt,30.41294172000005,31.002710189000027,30.516887225000062,31.08848751800008
30_9261,Kandy,LKA,Sri Lanka,80.50974001400004,7.18097778300006,80.70747365400007,7.351344391000055
30_3522,Leipzig,DEU,Germany,12.244877029000065,51.26216406800006,12.490742190000049,51.41656602200004
30_1491,Zhangjiakou,CHN,China,114.81356509200009,40.713553423000064,114.94621247700002,40.857323336000036
30_2226,Bozhou,CHN,China,115.71249814300006,33.823437643000034,115.83913597000003,33.91023509000007
30_269,Sumgayit,AZE,Azerbaijan,49.539222091000056,40.50708722300004,49.73429777300004,40.63273387600003
30_12019,Antakya,TUR,Turkey,36.11054434500005,36.126432101000034,36.225810902000035,36.33702937800007
30_9795,Port Louis,MUS,Mauritius,57.42936927000005,-20.334854081999936,57.546315238000034,-20.10282896299998
30_11198,Yaroslavl,RUS,Russia,39.74691024800006,57.533381543000075,39.99474358700007,57.74783123100008
30_2508,Huangdao,CHN,China,120.093084395,35.91604705900005,120.30932478600005,36.06504796300004
30_9980,Ado Ekiti,NGA,Nigeria,5.176718296000047,7.5623092150000275,5.287074694000069,7.675921944000038
30_10442,Pokhariya,NPL,Nepal,84.71243783100005,27.002127320000056,84.92801752700007,27.11201654000007
30_12031,Malatya,TUR,Turkey,38.16822811600008,38.31321558700006,38.38586087900006,38.39303036600006
30_1955,Dengzhou,CHN,China,112.01353728700008,32.646233892000055,112.148727398,32.706680524000035
30_3476,Mannheim,DEU,Germany,8.335412106000035,49.385786762000066,8.589339994000056,49.566499289000035
30_7703,Rajamahendravaram,IND,India,81.75780765900004,16.941465837000067,81.85321470600007,17.056644148000032
30_4840,Bata,GNQ,Equatorial Guinea,9.741258339000069,1.795577369000057,9.811454064000031,1.9088275580000413
30_12005,Adana,TUR,Turkey,35.132833273000074,36.95250273900007,35.41067424700003,37.06700972100003
30_1048,Feira De Santana,BRA,Brazil,-39.00253577999996,-12.31346319599993,-38.90728260599997,-12.199232051999957
30_2434,Yulin,CHN,China,110.06703312600007,22.562642785000037,110.25359100800006,22.687724225000068
30_8646,Rasht,IRN,Iran,49.47428184700004,37.225665175000074,49.66551188200003,37.34915054500004
30_2610,Jiujiang,CHN,China,115.8895627600001,29.625629015000072,116.10535104500002,29.770692444000076
30_7892,Bihar Sharif,IND,India,85.48526027200006,25.165266004000046,85.55626757000005,25.232483106000075
30_3634,Constantine,DZA,Algeria,6.56059341200006,36.26680657900005,6.675160118000065,36.459976605000065
30_4373,Adama,ETH,Ethiopia,39.23093788600005,8.495911930000034,39.30436244600003,8.585257126000045
30_10133,Katsina,NGA,Nigeria,7.563666910000052,12.917576652000037,7.675351610000064,13.031930416000023
30_2491,Baishan,CHN,China,126.37752501800003,41.91223904000003,126.46967653500008,41.966511196000056
30_2684,Luhe,CHN,China,118.67814227800011,32.180446173000064,118.87104051600011,32.37872635200006
30_12023,Kahramanmaraş,TUR,Turkey,36.843951719000074,37.516859974000056,37.003169237000066,37.60518491000005
30_3392,Valledupar,COL,Colombia,-73.29657014799994,10.430941459000053,-73.22006251499994,10.496059625000044
30_11332,Tyumen,RUS,Russia,65.42658415200003,57.08553771100003,65.70918755200006,57.21764882300005
30_12552,Bridgeport,USA,United States,-73.37310603899994,41.118204450000064,-72.78184708899994,41.36144259900004
30_9806,Bukit Mertajam,MYS,Malaysia,100.35852195300004,5.251721992000057,100.52124253400007,5.454252822000058
30_6685,Manjeri,IND,India,76.07641486500006,11.074217143000055,76.16689806200003,11.237156284000037
30_10769,Kasur,PAK,Pakistan,74.38697159400004,31.054173081000044,74.49730626600007,31.157130452000047
30_9531,Tuxtla Gutiérrez,MEX,Mexico,-93.19821645499997,16.694745522000062,-93.02956328799996,16.801642617000027
30_722,Homel,BLR,Belarus,30.894327591000035,52.395727082000064,31.05195171400004,52.493105161000074
30_2578,Chenzhou,CHN,China,112.980028618,25.745481141000027,113.07374569600006,25.854916720000062
30_1750,Changzhi,CHN,China,113.0453111810001,36.117661834000046,113.20134552000002,36.23170408400006
30_8157,Brahmapur,IND,India,84.74543397800005,19.242153897000037,84.85150068200005,19.34137325000006
30_11724,Gothenburg,SWE,Sweden,11.791394037000032,57.615022330000045,12.144326358000058,57.81941725200005
30_6535,Sagar,IND,India,78.70003037700008,23.79871371400003,78.83180432000006,23.89075940500004
30_1368,Meishan,CHN,China,103.79584658600004,29.975623400000075,103.90055186600006,30.09524027200007
30_1605,Jiangjin,CHN,China,106.18241146000008,29.24201744000004,106.34578818500006,29.327217137000048
30_2165,Changde,CHN,China,111.58076434700007,28.978068464000046,111.75936297900006,29.08872554800007
30_407,Chapainawabganj,BGD,Bangladesh,88.14437599100006,24.56093932500005,88.33078745200004,24.695137462000048
30_8329,Jalpaiguri,IND,India,88.62541099400005,26.49547046600003,88.74558388200006,26.562975377000043
30_2430,Pizhou,CHN,China,117.90248156400003,34.266454477000025,117.99995127800003,34.37952053600003
30_6680,Ballari,IND,India,76.84484278300005,15.093937337000057,76.98393316700003,15.175913740000055
30_10624,Wah Cantonment,PAK,Pakistan,72.61782620100007,33.71065056700007,72.83387988100003,33.83211589200005
30_1308,Tianshui,CHN,China,105.63597304700005,34.54487450700003,105.83420924300003,34.61453422400007
30_2120,Panjin,CHN,China,121.99238466800011,41.064197351000075,122.14289925000003,41.181233734000045
30_3785,Beni Suef,EGY,Egypt,31.033294986000044,29.01211201500007,31.13696694500004,29.156844582000076
30_10980,Wroclaw,POL,Poland,16.895087039000032,51.04054506300008,17.148646798000073,51.16575980400006
30_12047,Diyarbakir,TUR,Turkey,40.12484613000004,37.88809015600003,40.255031958000075,37.97658157300003
30_7255,Mirzapur,IND,India,82.47091564900006,25.106462580000027,82.62660617700004,25.190470766000033
30_6024,Ujjain,IND,India,75.74846631200006,23.12167807700007,75.85186330300007,23.23860258900004
30_11338,Tomsk,RUS,Russia,84.76836313700005,56.43761728000004,85.11685610200004,56.639655567000034
30_11415,Khamis Mushait,SAU,Saudi Arabia,42.616697301000045,18.218200893000073,42.791820302000076,18.35019195600006
30_10448,Itahari,NPL,Nepal,87.18876123500007,26.546097737000025,87.30642488000007,26.723360102000072
30_11486,Al-Ubayyid,SDN,Sudan,30.176388214000042,13.13813413400004,30.268926941000075,13.219841248000023
30_2977,Longhai,CHN,China,117.73944127400011,24.334603472000026,117.89664629300012,24.510629108000046
30_10996,Lodz,POL,Poland,19.34137196000006,51.69691055700008,19.565035258000023,51.83247797100006
30_1180,Concepción,CHL,Chile,-73.16255299299996,-36.85566271299996,-72.97592246399995,-36.70609140799996
30_3334,Pereira,COL,Colombia,-75.77661436599993,4.781945853000025,-75.64829130999993,4.862932595000075
30_11125,Ciudad Del Este,PRY,Paraguay,-54.74942204599995,-25.585605576999967,-54.495448952999936,-25.46785442999993
30_11738,Latakia,SYR,Syria,35.71601582200003,35.49590567000007,35.86747790000004,35.600863050000044
30_2832,Shangrao,CHN,China,117.86465154200005,28.408464052000056,118.02770996100003,28.50190090600006
30_2829,惠阳区,CHN,China,114.34200747600005,22.712745717000075,114.51558122900008,22.83787932000007
30_2503,Liling,CHN,China,113.45661229500001,27.628200866000043,113.53173888700007,27.704436894000025
30_9311,Kenitra,MAR,Morocco,-6.670527652999965,34.214289466000025,-6.499569283999961,34.30123792400008
30_9828,Kuching,MYS,Malaysia,110.27785242200008,1.4477535830000647,110.40991872000006,1.6095292460000223
30_3530,Dresden,DEU,Germany,13.560560664000036,50.96355178700003,13.891713863000064,51.13685300000003
30_5868,Alwar,IND,India,76.58282167300007,27.492719778000037,76.73330020000003,27.619731440000066
30_9977,Akure,NGA,Nigeria,5.1340125650000346,7.172865701000035,5.244664798000031,7.3107786650000435
30_1586,Beibei,CHN,China,106.32517428900007,29.736552738000057,106.48086298200008,29.873138012000027
30_2363,兴安街道,CHN,China,119.1672446340001,36.37214970000008,119.27787247900005,36.47754647000005
30_2330,市中区,CHN,China,117.43387834900011,34.736491761000025,117.6622305080001,34.936997973000075
30_9346,Oujda,MAR,Morocco,-1.9601004789999479,34.64066229100007,-1.8583504379999454,34.72777826300006
30_11281,Izhevsk,RUS,Russia,53.066962499000056,56.78131733400005,53.36252928600004,56.91303519600007
30_3603,Djelfa,DZA,Algeria,3.2211407590000363,34.623243235000075,3.300628967000023,34.701639846000035
30_5977,Dhule,IND,India,74.73069283700005,20.832500006000032,74.80339541400008,20.94040533900005
30_2387,Beihai,CHN,China,109.04969167300004,21.405569246000027,109.23978874100004,21.55520534900006
30_6381,Jhansi,IND,India,78.51043185600008,25.40899527600004,78.62352953000004,25.48467333800005
30_12559,Providence,USA,United States,-71.54117698799996,41.65919605500005,-71.23258017899997,41.93937296200005
30_2534,Pingxiang,CHN,China,113.67105236500004,27.585856215000035,113.93499294600008,27.67055172700003
30_12530,Buffalo,USA,United States,-78.96540210699999,42.77359938600006,-78.65004730999993,43.06474437700007
30_5691,Ambala,IND,India,76.73492547900008,30.300425362000055,76.89570730800006,30.411635041000068
30_10281,Bauchi,NGA,Nigeria,9.755978205000076,10.251893277000022,9.89707706400003,10.36582850600007
30_8852,Amarah,IRQ,Iraq,47.10362504300008,31.784372958000063,47.192024168000046,31.88763425700006
30_11833,Chiang Mai,THA,Thailand,98.90910111700003,18.672081991000027,99.09379762000003,18.870283776000065
30_9544,Cancún,MEX,Mexico,-86.92802529799997,21.123081943000045,-86.79425089099999,21.214452333000054
30_9523,Nuevo Laredo,MEX,Mexico,-99.61800549399999,27.408076202000075,-99.42704914199999,27.619731440000066
30_2863,Xingning,CHN,China,115.66268289300001,24.100046959000053,115.78937866600006,24.175422239000056
30_1454,Suining,CHN,China,105.53983475300004,30.462978736000025,105.63254132000009,30.548574318000078
30_12619,Fergana,UZB,Uzbekistan,71.65428096100004,40.345670753000036,71.86628540700008,40.52503134600005
30_12931,Ibb,YEM,Yemen,44.143460695000044,13.931142179000062,44.19622240800004,13.988409097000044
30_3841,Al Ismailiya,EGY,Egypt,32.13914547500008,30.54001347700006,32.31399558700008,30.63419844300006
30_4839,Malabo,GNQ,Equatorial Guinea,8.712054187000035,3.713240752000047,8.81211406600005,3.7699008050000202
30_5094,Kuningan,IDN,Indonesia,108.43469078700008,-7.010635607999973,108.65753232700007,-6.848427140999945
30_11930,Sfax,TUN,Tunisia,10.66013719800003,34.65808272500004,10.85741925700006,34.841080755000064
30_3753,Al-Minya,EGY,Egypt,30.689642934000062,28.00110298800007,30.817736052000043,28.196223411000062
30_3793,Dairut,EGY,Egypt,30.774783178000064,27.425002948000042,30.874439620000032,27.602793331000044
30_5621,Ajmer,IND,India,74.58447283300006,26.394241278000038,74.71174651800004,26.52078304300005
30_7463,Kuchai Kot,IND,India,84.11197643000008,26.562975377000043,84.50295173700005,26.73180377400007
30_1149,Quebec,CAN,Canada,-71.43597038599995,46.722012680000034,-71.11408589499996,46.91795689200006
30_9512,Tampico,MEX,Mexico,-97.92740318599999,22.179327492000027,-97.78843293899996,22.354269454000075
30_9246,Benghazi,LBY,Libya,20.011522985000056,31.990939298000058,20.202514404000055,32.18906365300006
30_2971,Zhangzhou,CHN,China,117.5993941160001,24.451943523000068,117.74832573300012,24.586097309000024
30_9196,Jeonju,KOR,South Korea,127.04448233700009,35.77590728000007,127.18961543600005,35.88100337800006
30_9043,Moriyama [Otsu],JPN,Japan,135.84209965900004,34.92827648300005,136.0546215600001,35.18134196200003
30_2220,Liaoyang,CHN,China,123.09541389500009,41.181233734000045,123.26779609300002,41.30736040900007
30_6429,Shahjahanpur,IND,India,79.81282281100005,27.806116357000064,79.98596586000008,27.916309827000077
30_4836,Bissau,GNB,Guinea-Bissau,-15.653724371999942,11.832187072000067,-15.57167542999997,11.913736134000033
30_9525,Reynosa,MEX,Mexico,-98.41928707599999,25.98123634600006,-98.19298797299996,26.107607501000075
30_4542,Bordeaux,FRA,France,-0.704834731999938,44.758270683000035,-0.49437242799996284,44.92401935000004
30_12065,Van,TUR,Turkey,43.30774842300008,38.464004583000076,43.45880845200003,38.55275921100008
30_10786,Chiclayo,PER,Peru,-79.88998989499999,-6.824097704999929,-79.80402584599994,-6.734893807999981
30_1923,Cangzhou,CHN,China,116.74470350500007,38.22457112300003,116.96320638500003,38.38416042700004
30_2125,Jingzhou,CHN,China,112.13189667400002,30.27476837000006,112.33095218300002,30.420191614000032
30_10515,Larkana,PAK,Pakistan,68.15506194400007,27.526584112000023,68.24339494000003,27.594324649000043
30_12169,Lviv,UKR,Ukraine,23.895578991000036,49.77605452800003,24.127536315000043,49.890498380000054
30_2114,Binzhou,CHN,China,117.8651688000001,37.34032763600004,118.0666273600001,37.43740107800005
30_216,Mar Del Plata,ARG,Argentina,-57.64840064599997,-38.11825121299995,-57.51250229499993,-37.923481926999955
30_10224,Calabar,NGA,Nigeria,8.30068052100006,4.911526426000023,8.381325638000021,5.089715519000038
30_9430,Morelia,MEX,Mexico,-101.28988451399994,19.655720205000023,-101.12482427399999,19.771591228000034
30_802,Londrina,BRA,Brazil,-51.295588770999984,-23.39734823899994,-51.10374440399994,-23.23860258899998
30_11435,Al Khobar,SAU,Saudi Arabia,50.11208116800003,26.23403051100007,50.238591951000046,26.394241278000038
30_11999,Samsun,TUR,Turkey,36.18489772800007,41.25329497800004,36.382484257000044,41.406523923000066
30_5157,Tulungagung,IDN,Indonesia,111.83352058100007,-8.187325633999933,112.11850795400005,-8.000594398999965
30_4692,Nottingham,GBR,United Kingdom,-1.3412531089999788,52.87364101900005,-1.0545951489999652,53.04968631300005
30_12386,Omaha,USA,United States,-96.23086188599996,41.136210506000054,-95.89216739499994,41.334399407000035
30_3075,Bouaké,CIV,Côte d'Ivoire,-5.076870731999975,7.643459986000039,-4.976831281999978,7.748964826000076
30_7446,Nellore,IND,India,79.92647104200006,14.397618421000061,80.06968162100003,14.512248052000075
30_10635,Rahimyar Khan,PAK,Pakistan,70.24231090000006,28.374494759000072,70.36086520400005,28.459425731000067
30_10832,Dagupan,PHL,Philippines,120.25985137100008,15.97172637500006,120.51542513900006,16.144172712000056
30_1995,Fuxin,CHN,China,121.53829893500006,41.91223904000003,121.81031721800002,42.111321485000076
30_12273,Bakersfield,USA,United States,-119.18865902999994,35.26867459400006,-118.88949581599996,35.452188662000026
30_2809,Jiangyin,CHN,China,120.11069323900006,31.82739319700005,120.35550142500006,31.95649941100004
30_3591,Blida,DZA,Algeria,2.729424694000045,36.44240823600006,2.926260816000024,36.55662940900004
30_9000,Kumamoto,JPN,Japan,130.57011400700003,32.715317018000064,130.83969565600012,32.879470498000046
30_3453,Wuppertal,DEU,Germany,6.880061629000068,51.127218880000044,7.331595668000034,51.31039411900008
30_10728,Sahiwal,PAK,Pakistan,73.05784363800007,30.591382805000023,73.16045520700004,30.70271837200005
30_866,Uberlândia,BRA,Brazil,-48.35119445899994,-18.977680327999963,-48.20957011699994,-18.862023590999968
30_10888,Bacolod,PHL,Philippines,122.89613170500002,10.593746719000023,123.0051185420001,10.75658508600003
30_5582,Anand,IND,India,72.87060668000004,22.50428622900006,73.00958567300006,22.595993605000047
30_12123,Arusha,TZA,Tanzania,36.63802551800006,-3.438054203999968,36.807641242000045,-3.3247510759999273
30_895,Ribeirao Preto,BRA,Brazil,-47.86510200599997,-21.22275979799997,-47.727558821999935,-21.098166468999977
30_1868,Hengshui,CHN,China,115.614878008,37.68471102400008,115.75620303400001,37.77311092800005
30_5171,Jombang,IDN,Indonesia,112.15179512500004,-7.72461666199996,112.35763956400001,-7.489278518999981
30_919,Florianópolis,BRA,Brazil,-48.72091917599994,-27.687493811999957,-48.48719019299995,-27.484254311999962
30_3489,Hanover,DEU,Germany,9.567342369000073,52.27897750600005,9.898806085000047,52.46388342900008
30_3511,Nuremberg,DEU,Germany,10.905186525000033,49.366778691000036,11.181558849000055,49.528434065000056
30_2579,Maoming,CHN,China,110.80670036900005,21.58846578200007,110.99860051900004,21.72985513800006
30_3945,Zaragoza,ESP,Spain,-1.0164779819999694,41.605020952000075,-0.765348127999971,41.71338818700008
30_10984,Gdansk,POL,Poland,18.420719077000058,54.29943785800003,18.75878894500005,54.566913028000045
30_12213,Zaporizhzhia,UKR,Ukraine,34.99110026000005,47.732587925000075,35.31982704700005,47.91112101200008
30_1566,Yongchuan,CHN,China,105.84092243700007,29.301654403000043,105.95521917000008,29.38687295300008
30_13073,Kitwe,ZMB,Zambia,28.168742407000025,-12.89307488299994,28.264450640000064,-12.737918227999955
30_5384,Jamnagar,IND,India,69.99638744100008,22.404268195000043,70.13781911400008,22.50428622900006
30_9395,Culiacán,MEX,Mexico,-107.52398684599996,24.737085627000056,-107.32723275499995,24.879749667000056
30_1650,Yuncheng,CHN,China,110.93672687500003,34.98061066300005,111.07932760200003,35.12023013500004
30_12624,Andijan,UZB,Uzbekistan,72.24572485000004,40.713553423000064,72.42245606800003,40.86631282500008
30_2662,Zhaoqing,CHN,China,112.37529729800008,22.979750359000036,112.5390442050001,23.12167807700007
30_5781,Yamunanagar,IND,India,77.22586570400006,30.06105844700005,77.34854019600004,30.189263364000055
30_3204,Kamina,COD,Democratic Republic of the Congo,24.96371060000007,-8.755847658999926,25.044782938000026,-8.715228170999978
30_2675,Qingyuan,CHN,China,112.93638320200012,23.656509984000024,113.11412598200002,23.756882963000066
30_9883,Zinder,NER,Niger,8.950631767000061,13.775730676000023,9.012175417000037,13.841162258000054
30_4646,Bristol,GBR,United Kingdom,-2.7369361599999706,51.397255295000036,-2.465968754999949,51.55182536800004
30_6410,Akola,IND,India,76.95720195300004,20.658253503000026,77.09237877100009,20.741218495000055
30_5177,Mojokerto,IDN,Indonesia,112.37703775300008,-7.562309214999971,112.66952404900007,-7.416252505999978
30_9915,Oyo,NGA,Nigeria,3.8835484700000507,7.757081000000028,3.9742454010000756,7.895065190000025
30_12305,Tucson,USA,United States,-111.09237698899994,32.10290269600006,-110.75066542699994,32.37872635200006
30_2318,Louxing,CHN,China,111.92383158200005,27.695965229000024,112.04761304100009,27.780693116000066
30_5627,Patiala,IND,India,76.33260886800008,30.300425362000055,76.47095810000008,30.403078752000056
30_12406,Bradenton,USA,United States,-82.75640083899998,26.88383060700005,-82.25077991799998,27.56045240000003
30_6471,Kannur,IND,India,75.19385943700007,11.815878378000036,75.44034232300004,12.052391071000045
30_9516,Veracruz,MEX,Mexico,-96.24872786399999,19.10163224100006,-96.08148783499996,19.233886652000024
30_343,Porto-Novo,BEN,Benin,2.5646461840000256,6.459212000000036,2.6747922670000435,6.572720934000074
30_9207,Changwon,KOR,South Korea,128.5398841010001,35.16387967700007,128.72294610500012,35.26867459400006
30_4609,Libreville,GAB,Gabon,9.389279558000055,0.28306920900007526,9.518899703000045,0.47717517900002804
30_5924,Haridwar,IND,India,78.00138385600007,29.890216139000074,78.22849160000004,30.009794078000027
30_3116,Garoua,CMR,Cameroon,13.338812086000075,9.284058440000024,13.451207521000072,9.373477621000063
30_8602,Urmia,IRN,Iran,44.98921604000003,37.49919970000008,45.14905272500005,37.622854619000066
30_5240,Balikpapan,IDN,Indonesia,116.79733728200006,-1.2859823419999543,116.9858394690001,-1.1889215149999472
30_11075,Chŏngjin,PRK,North Korea,129.662207372,41.70435498000006,129.86148698600005,41.83086309000004
30_2890,Shengze,CHN,China,120.58204315100011,30.83981349000004,120.7557819430001,30.959832465000034
30_9190,Cheongju-Si,KOR,South Korea,127.37147389100005,36.59178714300003,127.53397038600008,36.67970783900006
30_3395,Cúcuta,COL,Colombia,-72.54792691799997,7.862596746000065,-72.42572018799996,7.951887319000036
30_4597,Nice,FRA,France,6.9227336620000415,43.51156340600005,7.351129449000041,43.80402918300007
30_2119,Zhoukou,CHN,China,114.58491488100003,33.58058096600007,114.69667233200005,33.68463071600007
30_4553,Toulouse,FRA,France,1.2927791310000316,43.51156340600005,1.548306182000033,43.721719491000044
30_11696,Nimule,SSD,South Sudan,32.047372960000075,3.5594561400000657,32.08715734400005,3.608018619000063
30_4916,Zagreb,HRV,Croatia,15.828635640000073,45.72767264000004,16.192626571000062,45.866665459000046
30_12693,Barcelona,VEN,Venezuela,-64.72272104499996,10.048476381000057,-64.57372636799994,10.251893277000022
30_10152,Zaria,NGA,Nigeria,7.660838335000051,11.033487798000067,7.762704245000066,11.15568234500006
30_5132,Magelang,IDN,Indonesia,110.18170949300008,-7.643459985999925,110.37622556000008,-7.416252505999978
30_1079,Natal,BRA,Brazil,-35.28487102099996,-5.89991420399997,-35.15631783499998,-5.76215015899993
30_1579,Qujing,CHN,China,103.76137559500006,25.417403059000037,103.85671605800007,25.619256833000065
30_2292,Yiyang,CHN,China,112.28832813600002,28.53588570900007,112.41715433500008,28.637865058000045
30_2138,Tai'An,CHN,China,117.0775158350001,36.10889193600008,117.25668234700004,36.240479152000034
30_2146,Shangqiu,CHN,China,115.52854574600008,34.336026798000034,115.7346060210001,34.48394026600005
30_3817,Damietta,EGY,Egypt,31.750779572000056,31.34599560500004,31.87728491100006,31.526409715000057
30_1596,Dazhou,CHN,China,107.42356560700006,31.157130452000047,107.53957084800004,31.242960555000025
30_10745,Okara,PAK,Pakistan,73.40752643200005,30.73698523300004,73.51996776300007,30.831242880000048
30_2496,Bengbu,CHN,China,117.2272284930001,32.87082798700004,117.47106183000005,33.00049908900007
30_8933,Palermo,ITA,Italy,13.219924117000062,38.065113041000075,13.477203450000047,38.21570890700008
30_3222,Likasi,COD,Democratic Republic of the Congo,26.68403311800006,-11.057925144999956,26.796419658000048,-10.952035576999947
30_924,Sorocaba,BRA,Brazil,-47.537203928999986,-23.581249469999932,-47.39663540399994,-23.422419942999966
30_12509,Pittsburgh,USA,United States,-80.14363058899994,40.29189740400005,-79.79514169199996,40.58784993800003
30_129,Luena,AGO,Angola,19.856018756000026,-11.81587837799998,19.956386859000077,-11.750647306999952
30_12265,Concord,USA,United States,-122.29752086899998,37.64052590400007,-121.81859142199994,38.18026408900005
30_2021,Qinhuangdao,CHN,China,119.49018872300007,39.889104789000044,119.70781595200003,39.987482947000046
30_2723,Yangzhou,CHN,China,119.30614689600009,32.326985302000026,119.512662868,32.47361401400008
30_6154,Sangli,IND,India,74.52946090000006,16.80986642000005,74.67298393400006,16.91678827900006
30_142,Abu Dhabi,ARE,United Arab Emirates,54.30181722000003,24.30108533600003,54.54597143400008,24.535783259000027
30_9775,Nampula,MOZ,Mozambique,39.20810576300005,-15.151319546999957,39.31101684300006,-15.077543507999962
30_124,Kuito,AGO,Angola,16.906584561000045,-12.444036362999952,16.968310674000065,-12.321623287999955
30_12364,Oklahoma City,USA,United States,-97.68215139699998,35.294881289000045,-97.31738649799996,35.618360977000066
30_6564,Kalaburagi,IND,India,76.79138290500003,17.287082319000035,76.88379130800007,17.394108798000047
30_10547,Sukkur,PAK,Pakistan,68.78681738000006,27.68749381200007,68.88856685900004,27.76374554000006
30_12040,Şanlıurfa,TUR,Turkey,38.75620454400007,37.07582063700005,38.88538968800003,37.225665175000074
30_2510,Lu'An,CHN,China,116.43004449500006,31.706955563000065,116.58451953500003,31.80158014600005
30_1983,Pingdingshan,CHN,China,113.18992977700009,33.67595809300008,113.40652345800004,33.78005137500003
30_11961,İzmit,TUR,Turkey,29.66184561500006,40.713553423000064,30.069310509000047,40.80339597600005
30_10645,Abbottabad,PAK,Pakistan,73.18354252100005,34.11868518600005,73.29025068800007,34.292541553000035
30_10688,Bahawalpur,PAK,Pakistan,71.60389979800004,29.352782296000044,71.74210653500006,29.446542011000076
30_11997,Mersin,TUR,Turkey,34.43174331800003,36.67970783900006,34.76906676200008,36.87326655700008
30_146,Al Ain,ARE,United Arab Emirates,55.60132493000003,24.108421157000066,55.82245114600005,24.30108533600003
30_10186,Uyo,NGA,Nigeria,7.871184548000031,4.968220946000031,7.971260780000023,5.073515739000072
30_11003,Krakow,POL,Poland,19.841837406000025,49.97639702200007,20.149531035000052,50.11012977000007
30_26,Mazar I Sharif,AFG,Afghanistan,67.05550543100003,36.67970783900006,67.16623933300008,36.74127479500004
30_5053,Cilegon,IDN,Indonesia,105.89966974100008,-6.078216591999933,106.11825858800006,-5.8756019579999474
30_5786,Panipat,IND,India,76.89942028300004,29.327217137000048,77.07327795200007,29.46359275100008
30_11229,Krasnodar,RUS,Russia,38.88595478700006,44.97009218200003,39.18723662900004,45.16374875100007
30_6559,Nanded-Waghala,IND,India,77.27956538100005,19.093367682000064,77.35745154300008,19.209085866000066
30_5535,Bhavnagar,IND,India,72.05859373400006,21.72153665600007,72.19435630200007,21.80472973600007
30_2179,Jiamusi,CHN,China,130.17789109500006,46.74998851500004,130.49229855900012,46.85261271500008
30_2746,Fuzhou,CHN,China,116.27174864100004,27.90783189800004,116.4033715280001,28.018064652000078
30_4682,Sheffield,GBR,United Kingdom,-1.5710793919999446,53.29463276200005,-1.1722746289999577,53.48113713100008
30_9482,Saltillo,MEX,Mexico,-101.04844315299994,25.35014702600006,-100.89281640899998,25.493083127000034
30_538,Mymensingh,BGD,Bangladesh,90.29687218200007,24.695137462000048,90.47693632600004,24.795822092000037
30_1515,Yuxi,CHN,China,102.47464862100009,24.317843983000046,102.59296572900007,24.468709772000068
30_6114,Jalgaon,IND,India,75.48768517200006,20.96531077000003,75.61781717900004,21.03173298200005
30_1377,Leshan,CHN,China,103.64597400100007,29.54886274200004,103.80381075000008,29.634159966000027
30_35,Kandahar,AFG,Afghanistan,65.61305188000006,31.57798075200003,65.81522818900004,31.646758908000038
30_13014,Evaton,ZAF,South Africa,27.801207790000035,-26.613613958999963,27.90734909300005,-26.444851652999944
30_500,Jamalpur,BGD,Bangladesh,89.86252347000004,24.879749667000056,90.06507053900003,25.081264402000045
30_9436,Acapulco,MEX,Mexico,-99.97237908699998,16.793418949000056,-99.79050691699996,16.941465837000067
30_11307,Makhachkala,RUS,Russia,47.34181476500004,42.88271867200007,47.58744845600006,43.02832315100005
30_3545,Santiago De Los Caballeros,DOM,Dominican Republic,-70.76597222799995,19.399261814000056,-70.57888243999997,19.51506252400003
30_3025,龙港市,CHN,China,120.4389234460001,27.501185491000058,120.61176766300002,27.662081057000023
30_12288,Fresno,USA,United States,-119.93038968499997,36.66212068300007,-119.63539994399997,36.899675183000056
30_211,La Plata,ARG,Argentina,-58.10987317599995,-34.980610662999936,-57.839122456999974,-34.84108075499995
23_58124,Kavar,IRN,Iran,52.67580721600007,29.182393628000057,52.70837004800006,29.21646276900003
30_2449,Mudanjiang,CHN,China,129.49517797700003,44.509978509000064,129.70684123600006,44.638673261000065
30_1631,Ankang,CHN,China,108.86444268100007,32.646233892000055,109.13057682500005,32.758504223000045
30_11077,Hamhung,PRK,North Korea,127.48243769900012,39.79971594700004,127.68420358700007,39.960647288000075
30_5589,Udaipur,IND,India,73.64660457300005,24.519013612000037,73.79335763300008,24.66997113900004
30_11255,Volgograd,RUS,Russia,44.37803677900007,48.54252047400007,44.70921095800003,48.845111674000066
30_1139,Ottawa,CAN,Canada,-75.84634064299996,45.320697722000034,-75.56048400099996,45.514799313000026
30_9896,Abeokuta,NGA,Nigeria,3.2583556810000687,7.099859451000043,3.459173804000045,7.2377639080000336
30_9327,Meknes,MAR,Morocco,-5.6103514609999365,33.814759726000034,-5.465120008999975,33.91891666600003
30_1120,Winnipeg,CAN,Canada,-97.33469747899994,49.76652204700008,-96.95100334099999,49.96684993700006
30_8387,Kharagpur,IND,India,87.25240297600004,22.28761508100007,87.35387694900004,22.36260210300003
30_1850,Jiaozuo,CHN,China,113.13274495200005,35.19007363400004,113.3707644220001,35.321091178000074
30_2851,Changshu,CHN,China,120.67050488600012,31.586576972000046,120.86149340100008,31.74136027700007
30_12878,Hodeidah,YEM,Yemen,42.92110992600004,14.757959608000021,43.01179604200007,14.839886938000063
30_1810,Xingtai,CHN,China,114.37694588200009,37.03176989900004,114.60014315900003,37.11988098900008
30_6542,Amravati,IND,India,77.71696676200008,20.824200817000076,77.81402363400008,20.973612931000048
30_3935,Bilbao,ESP,Spain,-3.088711840999963,43.20139595300003,-2.8306852899999626,43.38377580800005
30_11455,Nyala,SDN,Sudan,24.844419129000073,12.011607378000065,24.926749941000026,12.09317713400003
30_9804,George Town,MYS,Malaysia,100.21950219900003,5.267923518000032,100.35430316000009,5.486660159000053
30_10100,Oboama Nguru,NGA,Nigeria,7.194372168000029,5.470456407000029,7.374916512000027,5.6973244680000334
30_11969,Eskisehir,TUR,Turkey,30.435883322000052,39.719303170000046,30.68693664500006,39.80865287100005
30_9390,Hermosillo,MEX,Mexico,-111.05225727699997,28.99508970900007,-110.90749739699999,29.173877012000048
30_2741,Zhenjiang,CHN,China,119.3752726240001,32.16321213700007,119.56338716200003,32.23215567500006
30_2867,Quzhou,CHN,China,118.78104404800001,28.909994076000032,118.97482487000002,29.01211201500007
30_7322,Vellore,IND,India,79.07860298000008,12.844074094000064,79.23649298600003,12.999255859000073
30_1227,Tianshan,CHN,China,86.08049522800007,41.73145602200003,86.20345839900006,41.80374636200003
30_12072,Hsinchu,TWN,Taiwan,120.89304939700003,24.737085627000056,121.09555291600009,24.921721572000024
30_3815,An Nazlah,EGY,Egypt,31.55964888500006,30.505772966000052,31.75728337700008,30.70271837200005
30_7812,Gaya,IND,India,84.93731589800007,24.75386639800007,85.08227242500004,24.84617604300007
30_757,Cuiabá,BRA,Brazil,-56.197851286999935,-15.692647455999975,-55.98246668199994,-15.536755254999946
30_8849,Nasiriyah,IRQ,Iraq,46.192929467000056,30.994134062000057,46.29495049800005,31.09706685900005
30_7976,Rourkela,IND,India,84.75845385200006,22.179327492000027,84.94261677900005,22.27928413500007
30_6188,Belagavi,IND,India,74.46246564400008,15.774714233000054,74.56395794900004,15.930676106000021
30_2637,Xinyu,CHN,China,114.878550915,27.76374554000006,115.04672627200011,27.865446027000075
30_8825,Sulaymaniyah,IRQ,Iraq,45.33612919500007,35.513394979000054,45.497981218000064,35.60961183400008
30_2285,Benxi,CHN,China,123.66476553700011,41.244285699000045,123.838655732,41.34341333800006
30_8583,Imphal,IND,India,93.85972292800005,24.602870365000058,93.99597081900004,24.879749667000056
30_3751,Banha,EGY,Egypt,31.114056826000024,30.420191614000032,31.291109534000043,30.582820536000042
30_11252,Saratov,RUS,Russia,45.825782735000075,51.42622251100005,46.12746311400008,51.62918288800006
30_8728,Shiraz,IRN,Iran,52.394976445000054,29.540334519000055,52.67147102400003,29.76215710500003
30_1164,Zurich,CHE,Switzerland,8.350346756000022,47.217050967000034,8.764532551000059,47.469898615000034
30_4675,Newcastle Upon Tyne,GBR,United Kingdom,-1.737488113999973,54.91459990900006,-1.3699987459999647,55.06394483200006
30_9384,Mexicali,MEX,Mexico,-115.55659232,32.55990828800003,-115.32502987299995,32.698044346000074
30_1352,Deyang,CHN,China,104.29183429900007,31.079908470000078,104.43619571700003,31.18287639400006
30_9425,Chihuahua,MEX,Mexico,-106.17084912199999,28.569874664000054,-105.98250240299996,28.75688844000007
30_4844,Thessaloniki,GRC,Greece,22.837126366000064,40.54297726600004,23.008770630000072,40.713553423000064
30_1970,Nanyang,CHN,China,112.38319447300012,32.91404372200003,112.66667757000005,33.06103686100005
30_2158,Jining,CHN,China,116.51957101300002,35.364781433000076,116.72754872700011,35.46967439200006
30_10478,Quetta,PAK,Pakistan,66.93823917200007,30.09524027200007,67.05477042200005,30.240562992000037
30_2286,Xiaogan,CHN,China,113.85685995900008,30.891243231000033,114.01221609400011,30.976982681000038
30_3274,Kalemie,COD,Democratic Republic of the Congo,29.171186230000046,-5.997167286999968,29.240732966000053,-5.883705994999957
30_12472,Cincinnati,USA,United States,-84.66165958199997,39.03274866900006,-84.26115487799996,39.43367440900005
30_7135,Warangal,IND,India,79.47170130900008,17.92960303500007,79.65922385400006,18.036775419000037
30_1374,Baoji,CHN,China,107.03596065800008,34.318631682000046,107.43359565900005,34.41432165400005
30_8284,Cuttack,IND,India,85.80832758600008,20.39288103100006,85.93762941500006,20.492375181000057
30_9834,Kota Kinabalu,MYS,Malaysia,116.03090762200009,5.859394020000025,116.18333660400003,6.070111452000049
30_2519,Leiyang,CHN,China,112.7871703940001,26.377373024000065,112.94095299800006,26.470160003000046
30_3263,Bukavu,COD,Democratic Republic of the Congo,28.822207715000047,-2.572213013999942,28.922477780000065,-2.4508531419999713
30_9905,Ikorodu,NGA,Nigeria,3.436711659000025,6.524073043000044,3.636770985000055,6.751112229000057
30_7425,Bilaspur,IND,India,82.06858096700006,22.029443189000062,82.21492660500007,22.137686881000036
30_11016,Río Piedras [San Juan],PRI,Puerto Rico,-66.25032630299995,18.325440711000056,-65.89015182699995,18.473968513000045
30_12450,Louisville,USA,United States,-85.90268631699996,38.082824155000026,-85.47609563599997,38.36642177300007
30_2323,Yueyang,CHN,China,113.04826539300007,29.318695956000056,113.18816589300002,29.472118528000067
30_3206,Kisangani,COD,Democratic Republic of the Congo,25.134645703000047,0.4852629670000397,25.254402028000072,0.5661410650000676
30_6084,Kolhapur,IND,India,74.16372743700003,16.653637341000035,74.32335901000005,16.752302650000047
30_2474,Huangshi,CHN,China,114.87235938100002,30.02688108700005,115.19603225200001,30.27476837000006
30_12323,Albuquerque,USA,United States,-106.76394644899995,35.01550711300007,-106.47475822499996,35.27740980400006
30_2112,Zhumadian,CHN,China,113.9425290480001,32.93133224400003,114.08021145500004,33.035090181000044
30_962,Sao Jose Dos Campos,BRA,Brazil,-46.03259508999997,-23.33049917699998,-45.76937381199997,-23.130028539999955
30_12989,Port Elizabeth,ZAF,South Africa,25.436105540000028,-34.00575077899998,25.67652392800005,-33.81475972599998
30_568,Kishoreganj,BGD,Bangladesh,90.70661943800008,24.309464554000044,90.95866728500005,24.50224481600003
30_3922,Málaga,ESP,Spain,-4.6633971579999525,36.50390407500004,-4.211595680999949,36.75886876100003
30_10727,Gujrat,PAK,Pakistan,74.00504774900008,32.50812797200007,74.12042191900008,32.62033291400007
30_2033,Jinzhou,CHN,China,121.00788581400002,41.04619867100007,121.24117294700011,41.17222816300006
30_1985,Puyang,CHN,China,114.9269243230001,35.688367103000076,115.12099738800009,35.81969096000006
30_12209,Dnipro,UKR,Ukraine,34.856265353000026,48.363173446000076,35.221330109000064,48.56141276400007
30_9811,Ipoh,MYS,Malaysia,101.02819099200008,4.5066179910000415,101.17230627300006,4.741453861000025
30_12654,Barquisimeto,VEN,Venezuela,-69.47310260599994,10.00779890900003,-69.26587099099999,10.113564412000073
30_2506,Suqian,CHN,China,118.1871298320001,33.87551212000005,118.37039783800003,33.988381283000024
30_8969,Irbid,JOR,Jordan,35.74018831500007,32.464986305000025,35.924461628000074,32.62896625900004
30_12613,Namangan,UZB,Uzbekistan,71.52987728800008,40.884293171000024,71.87704330800005,41.073197382000046
30_8632,Kermanshah,IRN,Iran,46.997791161000066,34.283845522000036,47.19067606100003,34.39692041300003
30_12104,Mwanza,TZA,Tanzania,32.876106622000066,-2.636940074999927,32.997055888000034,-2.442762635999941
30_1630,Liupanshui,CHN,China,104.79027012900008,26.546097737000025,104.93515636800004,26.60517360500006
30_8091,Bokaro,IND,India,86.04752363300008,23.614696559000038,86.20924501200005,23.715057321000074
30_1789,Jincheng,CHN,China,112.7880183640001,35.46093134800003,112.92405778700004,35.53088572100006
30_12001,Kayseri,TUR,Turkey,35.41653103200008,38.677084781000076,35.63109698900007,38.80149136700004
30_3276,Goma,COD,Democratic Republic of the Congo,29.162515201000076,-1.7065969729999324,29.312667802000078,-1.6095292459999655
30_321,Antwerp,BEL,Belgium,4.243907046000061,51.04054506300008,4.530014975000029,51.36829483200006
30_10247,Jos,NGA,Nigeria,8.809118369000032,9.739376110000023,8.923252409000042,9.967123387000072
30_8683,Qom,IRN,Iran,50.79416493800005,34.57970161700007,50.935915513000054,34.701639846000035
30_5122,Pontianak,IDN,Indonesia,109.22670405600007,-0.18601674399997137,109.45653795800007,0.04852607700001954
30_5446,Bikaner,IND,India,73.25905933700005,27.967182695000076,73.38839491300007,28.07743845500005
30_7873,Darbhanga,IND,India,85.83930965700006,26.090755024000032,85.96438059700006,26.208741745000054
30_12589,Samarkand,UZB,Uzbekistan,66.79899543200008,39.567508015000044,67.08620758800004,39.71037058600007
30_6658,Malappuram,IND,India,75.93703188000006,10.911312684000052,76.18934790800006,11.098655790000066
30_7040,Erode,IND,India,77.62668397600004,11.294193277000034,77.81447723400004,11.497932391000063
30_2409,Xiangtan,CHN,China,112.82359517200007,27.74679896400005,112.99610720900012,27.941745126000058
30_8461,Krishnanagar,IND,India,88.44325489300007,23.355566074000023,88.52729909600004,23.43077758000004
30_5023,Jambi,IDN,Indonesia,103.53488253100005,-1.6661518649999607,103.66539608900007,-1.5609960539999292
30_762,Campo Grande,BRA,Brazil,-54.71213515399995,-20.56701192999998,-54.52333416099998,-20.401171273999978
30_2709,花都区,CHN,China,113.13160648200005,23.32214394400006,113.289958866,23.47256877600006
23_58139,Kharameh,IRN,Iran,53.288139184000045,29.489170896000076,53.33721268900007,29.514751484000044
30_9539,Mérida,MEX,Mexico,-89.70362418399998,20.890599208000026,-89.53519493899995,21.056644216000052
30_12513,Virginia Beach,USA,United States,-76.45068060599993,36.73247838000003,-75.95406401799994,36.97011498200004
30_2439,Hengyang,CHN,China,112.47187578300009,26.841593172000046,112.68082324200009,26.993675992000078
30_2336,Huaibei,CHN,China,116.70495002100006,33.85815263100005,116.8655246510001,34.02312161400005
30_8837,Ad Diwaniyah,IRQ,Iraq,44.85451063200003,31.95649941100004,44.98186148100007,32.03399602400003
30_12376,New Orleans,USA,United States,-90.31039989099997,29.83044753000007,-89.91558921799998,30.069603485000073
30_7431,Guntur,IND,India,80.30463301800006,16.267383755000026,80.47860762800008,16.349540836000074
30_2587,Yichun,CHN,China,114.32991809700002,27.772219203000077,114.49138582800003,27.831541853000033
30_9021,Okayama,JPN,Japan,133.63894417900008,34.46653356300004,134.0952152440001,34.701639846000035
30_1909,Xinxiang,CHN,China,113.7898306410001,35.24247108900005,113.97497615300006,35.35604267100007
30_6221,Firozabad,IND,India,78.33979072400007,27.12892620100007,78.47186087200004,27.213489068000058
30_3450,Dusseldorf,DEU,Germany,6.588769521000074,51.127218880000044,6.915573348000066,51.32004236800003
30_11353,Krasnoyarsk,RUS,Russia,92.72386177100003,55.95431229600007,93.15889392700007,56.11516741400004
30_3839,Port Said,EGY,Egypt,32.24057961500006,31.200041825000028,32.34688076000003,31.277300844000024
30_9426,Aguascalientes,MEX,Mexico,-102.36390546299998,21.82969124400006,-102.21863595499997,21.979495190000023
30_12672,Maracay,VEN,Venezuela,-67.64829770199998,10.14611031800007,-67.41807980499993,10.325135542000055
30_2395,Suzhou,CHN,China,116.9129476280001,33.589249970000026,117.05441331500003,33.66728579900007
30_9462,Cuernavaca,MEX,Mexico,-99.27990521399994,18.762913449000052,-99.10500695799999,18.994205214000033
30_9214,Ulsan,KOR,South Korea,129.24113273700004,35.399740045000044,129.47044557000004,35.59211462600007
30_5900,Muzaffarnagar,IND,India,77.66389818500005,29.38687295300008,77.76713151300004,29.531806569000025
30_11433,Hofuf,SAU,Saudi Arabia,49.51878450500004,25.324929677000057,49.756736956000054,25.51831383600006
30_8540,Agartala,IND,India,91.17312444300006,23.773614649000024,91.40871798000006,23.915867092000042
30_121,Malanje,AGO,Angola,16.303148127000043,-9.57673596099994,16.394445302000065,-9.511688274999926
30_424,Rajshahi,BGD,Bangladesh,88.51070033300005,24.342983532000062,88.72214491100004,24.510629108000046
30_9976,Sokoto,NGA,Nigeria,5.181221261000076,12.991087477000065,5.2835859130000244,13.105454203000022
30_1562,Qiqihar,CHN,China,123.87966146100007,47.28256101200003,124.07486573200003,47.38556617100005
23_58138,Sarvestan,IRN,Iran,53.20521690900006,29.25905522800008,53.24054926300005,29.284613926000077
30_2264,Tengzhou,CHN,China,117.090110159,35.02423210100005,117.24827896800002,35.13768889500005
30_10429,Oslo,NOR,Norway,10.469015348000028,59.772521778000055,11.016004237000061,59.981589703000054
30_5148,Madiun,IDN,Indonesia,111.36454316900006,-7.911299777999943,111.57602553000004,-7.5379651259999605
30_9452,Querétaro,MEX,Mexico,-100.48557742499997,20.517252556000074,-100.31249691299996,20.683141186000057
30_1176,Viña Del Mar [Valparaíso],CHL,Chile,-71.66054832999998,-33.07833625099994,-71.33098496199995,-32.914043721999974
30_2321,Fuyang,CHN,China,115.74238010700003,32.836261121000064,115.90913985100008,32.965913113000056
30_1812,Shiyan,CHN,China,110.62130259200006,32.59443476300004,110.83220011900005,32.698044346000074
30_1729,Baoding,CHN,China,115.36349623000001,38.73927791800003,115.5887593760001,38.934874560000026
30_11213,Voronezh,RUS,Russia,39.04737257200003,51.54215908400005,39.35364523100003,51.754992540000046
30_3910,Seville,ESP,Spain,-6.088491813999951,37.30503988900006,-5.868518606999942,37.446228279000024
30_6304,Dharwad,IND,India,74.96226298800008,15.389109442000063,75.08395423500008,15.479332661000058
30_1067,Aracaju,BRA,Brazil,-37.11316845599998,-11.00905122699993,-37.02235319899995,-10.821729820999963
30_8784,Zakho,IRQ,Iraq,42.58657156900006,37.12869421500005,42.73683495200004,37.172766129000024
30_11984,Konya,TUR,Turkey,32.39913073400004,37.76426915400003,32.57792298000004,38.020842291000065
30_2540,Lianyungang,CHN,China,119.10428610100007,34.55358077000005,119.25071072700007,34.68421596300004
30_11312,Ufa,RUS,Russia,55.88055146700003,54.67606849800006,56.201876506000076,54.94445264500007
30_6977,Faizabad,IND,India,81.96055303000009,26.723360102000072,82.24884624200007,26.824699872000053
30_10909,Cagayan De Oro,PHL,Philippines,124.55609391700011,8.43093861400007,124.79044057800002,8.552767037000024
30_2088,Huaihua,CHN,China,109.89757659100007,27.51811765800005,110.01539185000007,27.585856215000035
30_4584,Marseille,FRA,France,5.275081895000028,43.19228230300007,5.605362848000027,43.40202502400007
30_11747,Homs,SYR,Syria,36.629548630000045,34.65808272500004,36.78327159000003,34.806212206000055
30_2192,Yingkou,CHN,China,122.1660387070001,40.60580216000005,122.32313484400004,40.72253563600003
30_10821,Arequipa,PER,Peru,-71.60124170999995,-16.47280122099994,-71.46446353999994,-16.31667642499997
30_4568,Lille,FRA,France,2.9547620810000694,50.56969475000005,3.2533959850000542,50.76166749600003
30_4528,Helsinki,FIN,Finland,24.684348207000028,60.138704853000036,25.210091445000046,60.32760251600007
30_3848,Girga,EGY,Egypt,31.71502537500004,26.284614308000073,31.922004165000033,26.537659270000063
30_612,Lakshmipur,BGD,Bangladesh,90.72947691200005,22.879600238000023,91.03750237000008,23.096627871000067
30_1617,Linfen,CHN,China,111.44755810200007,36.02121317700005,111.60068756600003,36.13520273600005
30_11337,Omsk,RUS,Russia,73.16964861300005,54.88475527300005,73.53567776800008,55.09383825500004
30_10559,Swat City,PAK,Pakistan,72.24683388700004,34.692927732000044,72.42273694700003,34.849798761000045
30_3353,Cartagena,COL,Colombia,-75.57297401699998,10.276306643000055,-75.43950003699996,10.487919568000052
30_12229,Donetsk,UKR,Ukraine,37.649240304000045,47.92052379800003,38.04315372700006,48.09929728000003
30_5220,Banjarmasin,IDN,Indonesia,114.53835543100001,-3.4218677309999634,114.68391682000004,-3.243823332999966
30_227,Adelaide,AUS,Australia,138.45940416200006,-35.05040916799993,138.74283671800004,-34.71906511199995
30_981,Teresina,BRA,Brazil,-42.860432180999965,-5.203118378999932,-42.71906632199995,-5.0168177339999716
30_8966,Kingston,JAM,Jamaica,-77.01761196099994,17.92960303500007,-76.64775055299998,18.06975654000007
30_6830,Ettumanoor,IND,India,76.48173706400007,9.357218935000049,76.64264969900006,9.706845671000053
30_10787,Trujillo,PER,Peru,-79.08853587699997,-8.15484824999993,-78.97810506999997,-8.041185333999977
30_1484,Nanchong,CHN,China,106.01978198000006,30.73698523300004,106.13764587000009,30.848384389000046
30_4753,Tbilisi,GEO,Georgia,44.70863006400003,41.62307743000008,44.932271601000025,41.81278479500003
30_427,Rangpur,BGD,Bangladesh,89.17067986900008,25.63608381000006,89.44851937100003,25.829658949000077
30_11574,Touba,SEN,Senegal,-15.937416722999956,14.782536566000033,-15.82458203899995,14.913631671000076
30_2436,Zhuzhou,CHN,China,113.06050641500008,27.76374554000006,113.22276441300005,27.916309827000077
30_158,San Miguel De Tucumán,ARG,Argentina,-65.31772023399998,-26.89227881299996,-65.11898670099998,-26.757136214999946
30_3715,Tanta,EGY,Egypt,30.939673952000078,30.745552668000073,31.074632894000047,30.83981349000004
30_139,Tirana,ALB,Albania,19.678321243000028,41.28032560100007,19.88954345600007,41.406523923000066
30_12770,Haiphong,VNM,Vietnam,106.50865090900004,20.78270748500006,106.77499730600005,20.973612931000048
30_12133,Zanzibar City,TZA,Tanzania,39.18235959500004,-6.232223204999968,39.28471972800003,-6.045796311999936
30_3825,Asyut,EGY,Egypt,31.12995655000003,27.103562072000045,31.300117226000054,27.23040455900008
30_6359,Mangaluru,IND,India,74.77789980600005,12.762414221000029,74.93310841200008,13.031930416000023
30_10125,Enugu,NGA,Nigeria,7.391930614000046,6.353819581000039,7.562949229000026,6.532180899000025
30_4618,Glasgow,GBR,United Kingdom,-4.53942899499998,55.763613150000026,-4.096181115999968,55.95431229600007
30_2306,Weifang,CHN,China,118.97726329200009,36.582997146000025,119.27181380600007,36.78526255300005
30_9104,Shymkent,KAZ,Kazakhstan,69.48258168000007,42.26531787700003,69.71715750700008,42.39224390800007
30_2002,Fancheng,CHN,China,111.98913811700004,31.990939298000058,112.24277986900006,32.180446173000064
30_11327,Chelyabinsk,RUS,Russia,61.24913540000006,55.02409963100007,61.56165217400007,55.30332190200005
30_520,Tangail,BGD,Bangladesh,89.84404117400004,24.183798313000068,90.04737955000007,24.510629108000046
30_7952,Begusarai,IND,India,85.94698658700008,25.38377326400007,86.21156624300005,25.501493140000036
30_10027,Okene,NGA,Nigeria,6.1396854040000335,7.48116428700007,6.280355669000073,7.619114137000054
30_9456,San Luis Potosí,MEX,Mexico,-101.05092033999995,22.062745579000023,-100.86815486799998,22.220972798000048
30_9798,Lilongwe,MWI,Malawi,33.722858003000056,-14.062046002999978,33.85151063600006,-13.865700912999955
30_6780,Alappuzha,IND,India,76.29606496700006,9.340960540000026,76.39016234200005,9.771907763000058
30_8666,Ahwaz,IRN,Iran,48.55605065900005,31.217208433000053,48.78169567800006,31.38035009200007
30_1086,João Pessoa,BRA,Brazil,-34.95965002599996,-7.221539022999934,-34.809264378999956,-7.059302341999967
30_13022,Klipgat,ZAF,South Africa,27.96518942700004,-25.61084368199994,28.19048361600005,-25.375366371999974
30_11280,Samara,RUS,Russia,50.01736306000004,53.137807948000045,50.40783309200003,53.343683819000034
30_8815,Karbala,IRQ,Iraq,43.95866061900006,32.55990828800003,44.13357691600004,32.68077293500005
30_2495,Dandong,CHN,China,124.31270042000006,40.05011484200003,124.4768149250001,40.21126737900005
30_6531,Thalassery,IND,India,75.43062929700005,11.46533037200004,75.66031450300005,11.872960437000074
30_2826,Zhangjiagang,CHN,China,120.36147528200001,31.767166979000024,120.61055432800003,31.990939298000058
30_221,Yerevan,ARM,Armenia,44.39241082800004,40.085914167000055,44.61126729800003,40.238140061000024
30_12192,Odesa,UKR,Ukraine,30.616994929000043,46.284422419000066,30.825414247000026,46.60084613500004
30_149,Mendoza,ARG,Argentina,-68.89963078599999,-32.99185211599996,-68.72312924199997,-32.81033930399997
30_9038,Naha,JPN,Japan,127.63798391800003,26.116034085000024,127.88284622800006,26.394241278000038
30_2898,Jiaxing,CHN,China,120.49785908700005,30.591382805000023,120.86529378000012,30.831242880000048
30_1075,Maceió,BRA,Brazil,-35.829840445999935,-9.690580904999933,-35.68098534099994,-9.519818975999954
30_83,Lubango,AGO,Angola,13.451648873000067,-14.95460513699993,13.575855155000056,-14.87266118599996
30_5886,Dehradun,IND,India,77.97006685200006,30.257665118000034,78.10787756200006,30.377411584000072
30_958,Santos,BRA,Brazil,-46.43494674799996,-24.01631641199998,-46.18921493099998,-23.915867091999928
30_11901,Ashgabat,TKM,Turkmenistan,58.30718588700006,37.870396665000044,58.482165535000036,38.011989346000064
30_244,Brisbane,AUS,Australia,152.912672121,-27.670551726999975,153.20062121900003,-27.289616456999966
30_3487,Stuttgart,DEU,Germany,9.047842634000062,48.68427638000003,9.441259122000076,48.96823229200004
30_694,Sofia,BGR,Bulgaria,23.21277251500004,42.610054716000036,23.436730573000034,42.76450935200006
30_3167,Tshikapa,COD,Democratic Republic of the Congo,20.724056477000033,-6.4754269609999255,20.83423754100005,-6.394354140999951
30_11226,Rostov-On-Don,RUS,Russia,39.55423037600008,47.170276440000066,39.89384835300007,47.32937231000005
30_10918,Davao City,PHL,Philippines,125.5724695450001,7.04307988100004,125.68092466000007,7.253989017000038
30_2698,Ma'Anshan,CHN,China,118.43597840300004,31.612367431000052,118.58198969700004,31.75856444300007
30_12924,Ta'Izz,YEM,Yemen,43.957416257000034,13.55495055800003,44.07005153600005,13.604005986000061
30_1927,Binhai,CHN,China,117.46450629900005,38.94377011200004,117.83304000800001,39.08615595400005
30_352,Bobo-Dioulasso,BFA,Burkina Faso,-4.361747775999959,11.131241870000053,-4.2202483539999776,11.245304161000035
30_12084,Tainan,TWN,Taiwan,120.13724735900007,22.88794500700004,120.34856417700007,23.096627871000067
30_9097,Nur-Sultan,KAZ,Kazakhstan,71.30275099100004,51.088689799000065,71.58552952100007,51.22359344100005
30_5229,Mataram,IDN,Indonesia,116.02909634900004,-8.698980849999941,116.2699641590001,-8.479668206999975
30_9297,Marrakesh,MAR,Morocco,-8.036774761999936,31.569384831000036,-7.926530937999928,31.715556290000052
30_11114,Porto,PRT,Portugal,-8.735132970999928,40.99221366300003,-8.440382917999955,41.28032560100007
30_3387,Bucaramanga,COL,Colombia,-73.18289749499996,7.04307988100004,-73.07024611599996,7.164753675000043
30_7508,Puducherry,IND,India,79.68728502100004,11.881115389000058,79.85531701200006,11.995294562000026
30_2208,Fushun,CHN,China,123.67798161600001,41.79470840500005,124.05633343600005,41.92128320200004
30_79,Cabinda,AGO,Angola,12.15851828600006,-5.640604288999953,12.258484053000075,-5.52717027999995
30_3731,El Mahalla El Kubra,EGY,Egypt,31.12017756000006,30.925535524000054,31.27380326000008,31.019863319000024
30_10673,Sargodha,PAK,Pakistan,72.62388584700005,32.01677241700003,72.73868471300005,32.12013242900008
30_3844,Sohag,EGY,Egypt,31.548012843000038,26.503907756000046,31.825105157000053,26.647377739000035
30_2013,Xuchang,CHN,China,113.72575804500002,33.97101312500007,113.92091579500004,34.11868518600005
30_5001,Pekanbaru,IDN,Indonesia,101.33659129100005,0.4286485230000494,101.53592856500006,0.5984924220000494
30_2544,Zhanjiang,CHN,China,110.26326611200005,21.139693144000034,110.46784532600009,21.322463300000038
30_6372,Solapur,IND,India,75.87219507500004,17.599996271000066,75.98790839900005,17.70709308100004
30_2284,Guilin,CHN,China,110.12981092300004,25.198872794000067,110.35463027600008,25.434219291000034
30_535,Khulna,BGD,Bangladesh,89.44942624900006,22.746110412000064,89.68114934600004,22.946363855000072
30_9289,Agadir,MAR,Morocco,-9.670416064999927,30.308978256000046,-9.42460886899994,30.462978736000025
30_1772,Zunyi,CHN,China,106.86196305000004,27.636670541000058,107.01773770900007,27.738326051000058
30_9850,Niamey,NER,Niger,2.050794273000065,13.456851296000025,2.1827298240000346,13.595829812000034
30_2710,Yancheng,CHN,China,120.05250911500002,33.303345474000025,120.25702319600009,33.467913743000054
30_12823,Đà Nẵng,VNM,Vietnam,108.09338569100004,15.922466437000026,108.27707535700006,16.144172712000056
30_9065,Takasaki [Maebashi],JPN,Japan,138.8482753080001,36.20538110000007,139.50674025800004,36.44240823600006
30_4832,Serrekunda,GMB,Gambia,-16.776332528999944,13.350594422000029,-16.592606684999964,13.489549337000028
30_8597,Dublin,IRL,Ireland,-6.475368312999933,53.22599597700008,-6.067875190999928,53.42220861200008
30_2372,Linyi,CHN,China,118.1123224590001,34.91083454900007,118.45599428900005,35.20753803800005
30_11321,Yekaterinburg,RUS,Russia,60.42970212300003,56.71046214000006,60.77094123100005,56.943455663000066
30_12322,Salt Lake City,USA,United States,-112.11729937999996,40.49811583500008,-111.78081399999996,40.80339597600005
30_6958,Tiruppur,IND,India,77.24938017500006,11.025342188000025,77.42440863500008,11.204565656000057
30_12800,Can Tho,VNM,Vietnam,105.65141401100004,9.918315323000058,105.85802265800004,10.137973723000073
30_2907,Jinhua,CHN,China,119.52320078800005,29.037647466000067,119.71844696400001,29.156844582000076
30_2059,Luohe,CHN,China,113.88180056500005,33.50257468900003,114.1825880560001,33.63259991800004
30_8786,Duhok,IRQ,Iraq,42.78298164900008,36.829259801000035,43.06942368000006,36.890871926000045
30_9004,Hiroshima,JPN,Japan,132.25117284100008,34.266454477000025,132.62150149,34.56228737600003
30_10111,Aba,NGA,Nigeria,7.301606387000049,5.016817734000028,7.411862021000047,5.178817113000036
30_5403,Jammu,IND,India,74.79155315500003,32.61169988300003,74.95742087100007,32.79305967700003
30_12469,Milwaukee,USA,United States,-88.29899458799997,42.846337592000054,-87.82477546899997,43.228739948000054
30_8288,Bhubaneshwar,IND,India,85.76060204000004,20.210538518000078,85.90407496500006,20.39288103100006
30_5503,Jalandhar,IND,India,75.49377773800006,31.26871532900003,75.66605402800008,31.397529115000054
30_3477,Frankfurt Am Main,DEU,Germany,8.42199755400003,50.04324621300003,8.981472565000047,50.20573754900005
30_4989,Padang,IDN,Indonesia,100.30238536500008,-1.002891826999928,100.48507815100004,-0.7683383349999531
30_12505,Cleveland,USA,United States,-81.97116255499998,41.27131492900003,-81.27504151499994,41.73145602200003
30_12403,St. Louis,USA,United States,-90.49000422699999,38.419642632000034,-90.04087393099996,38.84594201200008
30_11251,Kazan,RUS,Russia,48.87744569700004,55.67340088000003,49.31070731300008,55.894054562000065
30_8828,Najaf,IRQ,Iraq,44.29283266200008,31.973718745000042,44.42027819800006,32.077060396000036
30_5898,Kota,IND,India,75.79142454300006,25.106462580000027,75.91706091800006,25.249289585000042
30_9239,Tripoli,LBY,Libya,12.923171337000042,32.758504223000045,13.408297464000043,32.91404372200003
30_4765,Takoradi [Sekondi-Takoradi],GHA,Ghana,-1.830067473999975,4.871031473000073,-1.660199089999935,5.008718173000034
30_9938,Ilorin,NGA,Nigeria,4.480665377000037,8.414695939000069,4.641103284000053,8.544644680000033
30_5242,Samarinda,IDN,Indonesia,117.0725506120001,-0.58231673399996,117.23260300800007,-0.4286485229999357
30_2473,Tianjia‘An,CHN,China,116.8120903900001,32.55127745200008,117.10555229200008,32.698044346000074
30_2447,Yantai,CHN,China,121.10571640100011,37.32268298500003,121.55239958000004,37.631690064000054
30_2000,Kaifeng,CHN,China,114.23777713300001,34.736491761000025,114.45579321600007,34.849798761000045
30_730,Cochabamba,BOL,Bolivia,-66.34239471099994,-17.49292368099998,-65.99976237099997,-17.320011007999938
30_1117,Edmonton,CAN,Canada,-113.70302260099999,53.42220861200008,-113.23108289399994,53.66794271800006
30_12462,Indianapolis,USA,United States,-86.41682156899998,39.549657953000064,-85.89626655199999,40.014322553000056
30_4579,Lyon,FRA,France,4.705929395000055,45.65359567000007,5.033101929000054,45.84812563700007
30_10563,Mardan,PAK,Pakistan,71.98653076500005,34.083930096000074,72.22298497700007,34.24037045000006
30_3027,Yueqing,CHN,China,120.76912753800002,27.984142336000048,121.07951340700004,28.255634636000025
30_10354,Maiduguri,NGA,Nigeria,13.063306546000035,11.783262102000037,13.236168462000023,11.881115389000058
30_8399,Berhampore,IND,India,88.20418197500004,23.90749765700008,88.32130238200006,24.158670717000064
30_11217,Nizhny Novgorod,RUS,Russia,43.72964605900006,56.18561869800004,44.12537444800006,56.39725667700003
30_5196,Jember,IDN,Indonesia,113.40504782300002,-8.42281724399993,113.77508112900011,-8.130490875999953
30_8804,Kirkuk,IRQ,Iraq,44.312789630000054,35.38226002700003,44.446414178000055,35.53088572100006
30_12246,Montevideo,URY,Uruguay,-56.30476280399995,-34.928276482999934,-56.019132293999974,-34.77134921099997
30_5042,Bandar Lampung,IDN,Indonesia,105.19344978600009,-5.559579139999926,105.38203946800007,-5.308428041999946
30_3795,Al-Zaqaziq‎,EGY,Egypt,31.37227968700006,30.548574318000078,31.59528597800005,30.64276243000006
30_12384,Kansas City,USA,United States,-94.86512474799997,38.82816050500003,-94.33812590199994,39.29993703500003
30_2930,Yiwu,CHN,China,119.93664777700008,29.224980724000034,120.27636483700007,29.395396293000033
30_5839,Saharanpur,IND,India,77.48373887700006,29.898755618000052,77.65455183500006,30.009794078000027
30_8872,Turin,ITA,Italy,7.495503686000063,44.97009218200003,7.788359654000033,45.154521471000066
30_3563,Oran,DZA,Algeria,-0.7150838439999347,35.60961183400008,-0.510879043999978,35.767151632000036
30_7475,Vijayawada,IND,India,80.56822130700004,16.45636477900007,80.74831538200004,16.563211182000032
30_3437,Prague,CZE,Czech Republic,14.272536689000049,49.95730355000006,14.631108533000031,50.167485972000065
30_3037,Taizhou,CHN,China,121.22035719900009,28.433943729000077,121.49998097100001,28.705872142000032
30_1101,Bangui,CAF,Central African Republic,18.502045467000073,4.320389587000022,18.601878702000022,4.474229151000031
30_11118,Asuncion,PRY,Paraguay,-57.676858928999934,-25.47626377199998,-57.39928003699998,-25.148463927999956
30_10399,Amsterdam,NLD,Netherlands,4.69037465100007,52.22064511500008,5.048432078000076,52.522334029000035
30_950,São Luís,BRA,Brazil,-44.33868461099996,-2.6531220409999605,-44.13815165699998,-2.4751247729999477
30_6744,Mysuru,IND,India,76.55966325700007,12.248185940000042,76.71425687400006,12.378746658000068
30_10004,Warri,NGA,Nigeria,5.654154392000066,5.502864081000041,5.884222821000037,5.616296292000072
30_451,Bogura,BGD,Bangladesh,89.28715316800003,24.737085627000056,89.48781191400008,25.190470766000033
30_277,Bujumbura,BDI,Burundi,29.295535777000055,-3.4785208479999596,29.42568311200006,-3.3166581879999626
30_2820,Sha Tin,CHN,China,114.08986999700005,22.354269454000075,114.27583186700008,22.52095857300003
30_2758,Zhongshan,CHN,China,113.24720231600008,22.43760449000007,113.55178697000008,22.612670167000033
30_224,Perth,AUS,Australia,115.70579480600009,-32.13736338999996,116.01709666700003,-31.715556289999938
30_11649,Belgrade,SRB,Serbia,20.320746945000053,44.69386065300006,20.58439813800004,44.89638224600003
30_1037,Vila Velha,BRA,Brazil,-40.46476732999997,-20.401171273999978,-40.26717465999997,-20.25197282399995
30_9058,Sendai,JPN,Japan,140.71795196800008,38.144825738000065,141.07656587700012,38.38416042700004
30_1114,Calgary,CAN,Canada,-114.26888728599994,50.86737623600004,-113.90683056999995,51.16575980400006
30_8982,Kitakyushu,JPN,Japan,130.6448133660001,33.72799878500007,131.03906403700012,34.04049378900004
30_11617,Hargeisa,SOM,Somalia,44.02109356500006,9.519818976000067,44.10225872400008,9.592998626000053
30_7750,Muzaffarpur,IND,India,85.27231107000006,25.99808284900007,85.48341217500007,26.25089084800004
30_10457,Auckland,NZL,New Zealand,174.5817787620001,-37.08463193699998,174.98911423000004,-36.81165976199998
30_186,Rosario,ARG,Argentina,-60.84871987099996,-33.043738753999946,-60.59278085999995,-32.689408482999966
30_4904,San Pedro Sula,HND,Honduras,-88.05722534799997,15.380908073000057,-87.88844126499998,15.627003116000026
30_12214,Kharkiv,UKR,Ukraine,36.081292018000056,49.90958208600006,36.44464192000004,50.07190637900004
30_2241,Liuzhou,CHN,China,109.26954809000006,24.234059150000064,109.48492377500008,24.418413567000073
30_5109,Purwokerto,IDN,Indonesia,109.16874330200005,-7.505507155999965,109.40713972900005,-7.286439906999931
30_7130,Salem,IND,India,78.03786300500008,11.579443764000075,78.34107967200003,11.742493840000066
30_5027,Batam City,IDN,Indonesia,103.88009213800007,1.0190681500000665,104.09016869500005,1.1970098660000303
30_3862,Naj Al Madamud,EGY,Egypt,32.58248106000008,25.610843682000052,32.75148600700004,25.737064606000047
30_5377,Srinagar,IND,India,74.75275623800007,33.97969703700005,74.91742667200003,34.20559648100004
30_5481,Jodhpur,IND,India,72.93111548900004,26.183455063000054,73.11760403000005,26.35207239500005
30_9440,Torreon,MEX,Mexico,-103.56189665399995,25.48467333800005,-103.30383427699996,25.62767020900003
30_5,Herat,AFG,Afghanistan,62.14836354300007,34.27514983000003,62.28001957600003,34.38822030400007
30_5120,Pekalongan,IDN,Indonesia,109.48752985300007,-7.00252467599995,109.82445079500008,-6.815987997999969
30_11977,Antalya,TUR,Turkey,30.589810896000074,36.829259801000035,30.83927170000004,37.02296090400006
30_5437,Amritsar,IND,India,74.76548196400006,31.57798075200003,74.99455758500005,31.72415731700005
30_10104,Abuja,NGA,Nigeria,7.291020076000052,8.94271929100006,7.54148335800005,9.186520194000025
30_9324,Tangier,MAR,Morocco,-5.938770204999969,35.69711949300006,-5.737132263999968,35.793419663000066
30_4634,Liverpool,GBR,United Kingdom,-3.1302051949999736,53.304441319000034,-2.5820283029999587,53.57941812800004
30_1246,Xining,CHN,China,101.66592047000006,36.53026505400004,101.89521989300005,36.75886876100003
30_7296,Tiruchirappalli,IND,India,78.62004406900007,10.740299744000026,78.83803515500006,10.886879974000067
30_6723,Thrissur,IND,India,76.13971083400008,10.439080944000068,76.28955544500008,10.63445318600003
30_848,Ceilândia,BRA,Brazil,-48.168390097999975,-15.906047482999952,-47.970639957999936,-15.77471423299994
30_8532,Guwahati,IND,India,91.63068449100007,26.08232913200004,91.85808505800009,26.208741745000054
30_7312,Durg,IND,India,81.25740748900006,21.139693144000034,81.46955998700008,21.26429979900007
30_2344,Xuzhou,CHN,China,117.048669571,34.14475503600005,117.40096096500008,34.344724865000046
30_11339,Novosibirsk,RUS,Russia,82.76265718800005,54.91459990900006,83.15044887700003,55.133708874000035
30_9164,Bishkek,KGZ,Kyrgyzstan,74.42746218300005,42.81905702600005,74.77334068100004,42.94640482600005
30_4673,Leeds,GBR,United Kingdom,-1.8578907379999805,53.64826470000003,-1.4282925249999607,53.86490883000005
30_9433,León,MEX,Mexico,-101.77512542099998,21.04834029500006,-101.57372409899995,21.214452333000054
30_11884,Dushanbe,TJK,Tajikistan,68.69010093900005,38.455131375000065,68.91624970300006,38.60603170600007
30_2600,Haikou,CHN,China,110.23124666500007,19.928896157000054,110.42505506800006,20.08626077300005
30_12488,Columbus,USA,United States,-83.19135731799997,39.86228356000004,-82.75328955199996,40.193354473000056
30_5074,Garut,IDN,Indonesia,107.77415440000004,-7.286439906999931,108.02768121600008,-7.051191083999981
30_3540,Copenhagen,DNK,Denmark,12.218405673000063,55.55323589800008,12.664576560000057,55.80373196100004
30_9697,Ulaanbaatar,MNG,Mongolia,106.71268790300007,47.86411656400003,107.05665727100006,47.98636103300004
30_10374,Managua,NIC,Nicaragua,-86.38963036199993,12.027920571000038,-86.14544492199997,12.19923205200007
30_11389,Medina,SAU,Saudi Arabia,39.47263235300005,24.384886996000034,39.697959463000075,24.56093932500005
30_633,Sylhet,BGD,Bangladesh,91.77795100600008,24.795822092000037,92.03800251100006,24.972095022000076
30_6301,Bareilly,IND,India,79.33174308900004,28.306568527000024,79.48481026300004,28.442437471000062
30_10776,Panama City,PAN,Panama,-79.61681941399996,8.94271929100006,-79.37773443099996,9.14588229800006
30_10843,Angeles [San Fernando],PHL,Philippines,120.53915618400003,15.003777243000059,120.74360918200011,15.241503609000063
30_8606,Tabriz,IRN,Iran,46.00771556800004,37.94118020900004,46.50279306700003,38.135967160000064
30_9198,Gwangju,KOR,South Korea,126.74113205700007,35.094044636000035,126.95314075100009,35.24247108900005
30_168,Cordoba,ARG,Argentina,-64.32334120699994,-31.49203499899994,-64.07003509999998,-31.277300843999967
30_2813,Huizhou,CHN,China,114.26690459000008,22.988097476000064,114.50157092500001,23.196839373000046
30_2735,Ganzhou,CHN,China,114.82391685100004,25.804403225000044,115.03593836100004,25.913859487000025
30_702,Manama,BHR,Bahrain,50.426450224000064,26.048627862000046,50.69320038400008,26.293045754000048
30_9335,Fez,MAR,Morocco,-5.077996379999945,33.94496339300008,-4.933214496999938,34.07524216300004
30_12526,Baltimore,USA,United States,-76.83595975099996,39.11286527800007,-76.40348915699997,39.505040320000035
30_3765,Mansoura,EGY,Egypt,31.305781686000046,30.994134062000057,31.656839570000045,31.10564649300005
30_8799,Erbil,IRQ,Iraq,43.90625974300008,36.10889193600008,44.160996418000025,36.27558313000003
30_11381,Kigali,RWA,Rwanda,29.974045320000073,-2.013991002999944,30.204070927000032,-1.868380742999932
30_9148,Mombasa,KEN,Kenya,39.57137553300004,-4.134178697999971,39.73223167900005,-3.980364981999969
30_6252,Gwalior,IND,India,78.10810191600007,26.166598432000058,78.24303685800004,26.284614308000073
30_11980,Sincan,TUR,Turkey,32.49073945600003,39.853344023000034,32.721420830000056,40.03221781900004
30_2224,Jilin,CHN,China,126.45794655800012,43.77658793200004,126.64106707100007,43.95046197800008
30_12433,Orlando,USA,United States,-81.55507800599997,28.28110042800006,-81.15357963699995,28.72287652700004
30_9192,Daejeon,KOR,South Korea,127.28446344700001,36.27558313000003,127.4817407380001,36.459976605000065
30_3180,Kananga,COD,Democratic Republic of the Congo,22.363101948000065,-5.940435521999973,22.483833952000055,-5.851290118999941
30_2211,Anshan,CHN,China,122.8903003370001,41.04619867100007,123.11248413300007,41.23527688400003
30_9789,Nouakchott,MRT,Mauritania,-16.030763554999965,17.970820246000073,-15.883849383999973,18.143972708000035
30_322,Brussels,BEL,Belgium,4.242110638000042,50.73285312000007,4.521960622000051,50.95393093400003
30_6132,Aurangabad,IND,India,75.26464416500005,19.804703123000024,75.42559197500003,19.928896157000054
30_8423,Tamluk,IND,India,87.75285340600004,22.229302424000025,88.02923900600007,22.562642785000037
30_6117,Moradabad,IND,India,78.54089533400008,28.74838506800006,78.89141891300005,28.901485967000042
30_3950,Valencia,ESP,Spain,-0.5631958159999613,39.353420474000075,-0.29283662099993535,39.61214070200003
30_5415,Rajkot,IND,India,70.73226522600004,22.195985051000036,70.86312347900008,22.345936995000045
30_929,Campinas,BRA,Brazil,-47.25283075999994,-23.013140000999954,-46.962464695999984,-22.80450608999996
30_13122,Harare,ZWE,Zimbabwe,30.877177268000025,-17.954332921999935,31.18350282700004,-17.72357167399997
30_7361,Raipur,IND,India,81.48282376700007,21.19783793600004,81.72922401200003,21.33077308700007
30_2018,Yichang,CHN,China,111.24119095900005,30.625634743000035,111.42076327300003,30.805532785000025
30_10994,Katowice,POL,Poland,18.585650255000076,50.167485972000065,19.309709799000075,50.40674441300007
30_1421,Datong,CHN,China,113.10934829900009,39.97853728900003,113.39957096900002,40.16648843300004
30_12342,Austin,USA,United States,-97.89532919999999,30.146521394000047,-97.58411166099995,30.57425855300005
30_6827,Jabalpur,IND,India,79.86237066800004,23.104977742000074,80.02807598300006,23.23860258900004
30_12664,Valencia,VEN,Venezuela,-68.11854344199998,10.05661211000006,-67.81853596399998,10.325135542000055
30_9457,Toluca,MEX,Mexico,-99.79897485699996,19.209085866000066,-99.44529970199994,19.390991539000026
30_2607,Huai'An,CHN,China,118.96953928100004,33.50257468900003,119.15950630400005,33.66728579900007
30_11734,Stockholm,SWE,Sweden,17.773042632000056,59.18963112400007,18.28510171000005,59.470212478000064
30_4910,Tegucigalpa,HND,Honduras,-87.27271567599996,14.004772074000073,-87.13335853099994,14.127508633000048
30_5715,Vasai-Virar,IND,India,72.76450678300006,19.32483509800005,72.89437462900008,19.481973390000064
30_7254,Gorakhpur,IND,India,83.16227535200005,26.706473472000027,83.46192066300006,26.824699872000053
30_8788,Mosul,IRQ,Iraq,43.027496135000035,36.28436005100008,43.17515036800006,36.451192234000075
30_1811,Luoyang,CHN,China,112.25908204900009,34.56228737600003,112.62591446700003,34.78006444000005
30_7944,Visakhapatnam,IND,India,83.08510697800006,17.649422548000075,83.35551315700008,17.830696639000053
30_5139,Pati,IDN,Indonesia,110.63156171200006,-6.8565370589999475,111.07601444500006,-6.499749776999977
30_10108,Kaduna,NGA,Nigeria,7.350539002000062,10.406523493000066,7.500687052000046,10.610029057000077
30_9227,Beirut,LBN,Lebanon,35.44037334800004,33.73667338900003,35.68926659600004,34.153445660000045
30_3713,Faiyum,EGY,Egypt,30.657765432000076,29.250536200000056,30.94144722900006,29.514751484000044
30_7981,Ranchi,IND,India,85.25192356300005,23.24695582800007,85.41258608800007,23.439135417000045
30_12030,Gaziantep,TUR,Turkey,37.29932511700008,36.97892167800006,37.459388459000024,37.11106814800007
30_11606,San Salvador,SLV,El Salvador,-89.31872421699995,13.628535156000055,-89.03566971099997,13.841162258000054
30_3452,Cologne,DEU,Germany,6.785593409000057,50.780880713000045,7.190558293000038,51.127218880000044
30_2168,Zibo,CHN,China,117.79519192400005,36.459976605000065,118.13509002700005,36.91728284000004
30_6093,Aligarh,IND,India,78.01343288200007,27.84001752000006,78.17186399500008,27.975662389000036
30_9455,Ciudad Juárez,MEX,Mexico,-106.54721686999994,31.53500414000007,-106.22492507099997,31.82739319700005
30_1009,Sao Goncalo,BRA,Brazil,-43.14862591299993,-22.93801771899996,-42.80614003399995,-22.71274571699996
30_4930,Port-Au-Prince,HTI,Haiti,-72.46275521199993,18.440958110000054,-72.18864971299996,18.672081991000027
30_9999,Benin City,NGA,Nigeria,5.518159345000072,6.232223205000025,5.7393193220000285,6.499749777000034
30_10076,Port Harcourt,NGA,Nigeria,6.959586983000065,4.73335557200005,7.079997282000022,4.879130389000068
30_3492,Hamburg,DEU,Germany,9.770076018000054,53.42220861200008,10.192711076000023,53.736842343000035
30_12291,Sacramento,USA,United States,-121.58987432099997,38.375290896000024,-121.19087809899997,38.84594201200008
30_13023,Pretoria,ZAF,South Africa,28.01166862200006,-25.85491671999995,28.451323398000056,-25.644497635999983
30_12429,Atlanta,USA,United States,-84.58570429699995,33.52857383200006,-83.93500000199998,34.02312161400005
30_3283,Beni,COD,Democratic Republic of the Congo,29.405194986000026,0.46099961300006953,29.505044172000055,0.5337897770000382
30_5090,Cirebon,IDN,Indonesia,108.29369898100003,-6.815987997999969,108.68351845200004,-6.548396760999935
30_4949,Budapest,HUN,Hungary,18.934668484000042,47.33873641400004,19.32100858800004,47.61994694900005
30_3520,Munich,DEU,Germany,11.395108906000075,48.04281770000006,11.75848348900007,48.24059688300008
30_856,Porto Alegre,BRA,Brazil,-51.26821170699998,-30.172165734999965,-50.99528456899998,-29.97562339999996
30_11396,Mecca,SAU,Saudi Arabia,39.74762079200008,21.33908305400007,39.92207371100005,21.51363388900006
30_1859,Anyang,CHN,China,114.06629097300004,36.03874599000005,114.45590661100005,36.170288965000054
30_8705,Isfahan,IRN,Iran,51.47758071900006,32.585802674000035,51.80620714300005,32.74986615000006
30_12427,Minneapolis [Saint Paul],USA,United States,-93.52810676699994,44.79508840400007,-92.86204305199999,45.23758701600008
30_2835,Nantong,CHN,China,120.70112672400012,31.947890202000053,121.11796442600007,32.137363390000075
30_479,Sirajganj,BGD,Bangladesh,89.54477104100005,24.11679556300004,89.74395896500005,24.745475905000035
30_3412,Havana,CUB,Cuba,-82.49901839399996,22.96305671600004,-82.20371102799999,23.180135476000032
30_10067,Amaigbo,NGA,Nigeria,6.78695024600006,5.648707041000023,7.226247643000022,5.94043552200003
30_637,Noakhali,BGD,Bangladesh,90.95021110300007,22.804506090000075,91.31761371600004,23.155081117000066
30_12309,Portland,USA,United States,-123.00962869499995,45.34841135600004,-122.37283703299994,45.73693482600004
30_6640,Guruvayur,IND,India,75.82890912800008,10.51233998400005,76.18355632300006,11.098655790000066
30_12335,San Antonio,USA,United States,-98.73285341299999,29.318695956000056,-98.27850381799999,29.668286506000072
30_11434,Dammam,SAU,Saudi Arabia,49.956773629000054,26.343639318000044,50.195699097000045,26.60517360500006
30_11767,N'Djamena,TCD,Chad,14.963811245000045,12.052391071000045,15.145355085000062,12.19923205200007
30_1265,Yinchuan,CHN,China,106.04633040600004,38.357553057000075,106.38046633200008,38.58827256200004
30_5844,Nashik,IND,India,73.69725292000004,19.879214495000042,73.86947666400005,20.061409737000076
30_11135,Doha,QAT,Qatar,51.354990385000065,25.14846392800007,51.595149778000064,25.425811063000026
30_9232,Monrovia,LBR,Liberia,-10.828112923999981,6.216011174000073,-10.625102169999934,6.442997238000032
30_271,Baku,AZE,Azerbaijan,49.69270448700007,40.31878207600005,50.01610700700007,40.51605906000003
30_7195,Madurai,IND,India,78.03364853800008,9.869510040000023,78.19909373700006,9.983393362000072
30_1852,Handan,CHN,China,114.38046179300011,36.53026505400004,114.59592046800003,36.67091407200007
30_11156,Bucharest,ROU,Romania,25.95906763800008,44.35384828400004,26.240086874000042,44.509978509000064
30_8978,Sapporo,JPN,Japan,141.13588826600005,42.955504853000036,141.59389491700006,43.17405652600007
30_737,Santa Cruz De La Sierra,BOL,Bolivia,-63.26328783099996,-17.88838948299997,-63.055746701999965,-17.682376273999978
30_11592,Freetown,SLE,Sierra Leone,-13.300999070999978,8.374090392000028,-13.087481865999962,8.504033890000073
30_8170,Jamshedpur,IND,India,86.06769882200007,22.746110412000064,86.28546161200006,22.854567103000022
30_1311,Hohhot,CHN,China,111.51710983600009,40.73151830200004,111.79933816300007,40.91126711700008
30_726,El Alto [La Paz],BOL,Bolivia,-68.28838775499997,-16.628974048999964,-68.02264216599997,-16.43992886799998
30_11004,Warsaw,POL,Poland,20.755500392000044,52.06522948300005,21.192774575000044,52.356797966000045
30_8097,Dhanbad,IND,India,86.09937200000007,23.673236777000056,86.65393119000004,23.857285369000067
30_11126,Gaza,PSE,Palestina,34.22375324700005,31.242960555000025,34.54864629300005,31.569384831000036
30_9481,Puebla,MEX,Mexico,-98.36301203799997,18.94463243200005,-98.01604453399995,19.142957401000047
30_3016,Putian,CHN,China,118.85677310000005,25.324929677000057,119.21553763500003,25.51831383600006
30_8858,Basra,IRQ,Iraq,47.702558063000026,30.428748470000073,47.872442498000055,30.608508202000053
30_9592,Mandalay,MMR,Myanmar,95.93483499300004,21.79640960100005,96.16825213700008,22.046094011000037
30_5219,Denpasar,IDN,Indonesia,115.12365899800011,-8.837091733999955,115.36416207400009,-8.487790035999978
30_585,Brahmanbaria,BGD,Bangladesh,90.79547039600004,23.865653570000063,91.15973086500009,24.250814438000077
30_5102,Tegal,IDN,Indonesia,108.84182886000008,-7.067413654999939,109.25619881100005,-6.80787834299997
30_11128,Jerusalem,PSE,Palestina,35.058860061000075,31.68975501500006,35.28569906900003,31.947890202000053
30_10389,Rotterdam [The Hague],NLD,Netherlands,4.008995181000046,51.81310202000003,4.63245067500003,52.12348698400007
30_714,Minsk,BLR,Belarus,27.40683658200004,53.80578340200003,27.734798397000077,53.97338510800006
30_254,Vienna,AUT,Austria,16.20402881800004,48.04281770000006,16.558661982000046,48.31601572200003
30_12637,Maracaibo,VEN,Venezuela,-71.73658245399997,10.51233998400005,-71.57816712799996,10.748442373000046
30_9307,Rabat,MAR,Morocco,-6.97698722399997,33.87551212000005,-6.71247451499994,34.12737480000004
30_11109,Lisbon,PRT,Portugal,-9.45298712999994,38.58827256200004,-9.034218687999953,38.90819041200007
30_12566,Boston,USA,United States,-71.28533968999994,42.15660001200007,-70.79532507399995,42.58281286300007
30_3409,San José,CRI,Costa Rica,-84.27381619999994,9.845108437000022,-83.95874977599999,10.048476381000057
30_3371,Barranquilla,COL,Colombia,-74.85456642899999,10.821729821000076,-74.73846509399993,11.049779276000038
30_5930,Meerut,IND,India,77.59011359200008,28.88447054200003,77.81816285700006,29.10575370600003
30_804,Belém,BRA,Brazil,-48.51194500399998,-1.4801083459999518,-48.30080518699998,-1.2455401649999658
30_6880,Coimbatore,IND,India,76.87695990000003,10.862448030000053,77.15392718100003,11.12309521900005
30_1107,Vancouver,CAN,Canada,-123.28524578799994,49.10094952700007,-122.71873268399997,49.366778691000036
30_339,Cotonou,BEN,Benin,2.1835028950000606,6.337606099000027,2.6442678620000493,6.515965238000035
30_2704,Wuhu,CHN,China,118.32478607900009,31.242960555000025,118.44693261900011,31.492034999000055
30_9176,Phnom Penh,KHM,Cambodia,104.77601050000004,11.449029902000063,104.98704424000005,11.677269413000033
30_8981,Fukuoka,JPN,Japan,130.173932787,33.424594909000064,130.60687637700005,33.823437643000034
30_5035,Palembang,IDN,Indonesia,104.61004876000004,-3.065790945999936,104.87437609800008,-2.879678303999981
30_5637,Chandigarh,IND,India,76.60939458900003,30.625634743000035,76.89994278900008,30.788394166000046
30_12407,Tampa,USA,United States,-82.86640518199994,27.636670541000058,-82.21465337599994,28.374494759000072
30_2775,Zhuhai,CHN,China,113.3642726270001,22.179327492000027,113.62401148900005,22.395934597000064
30_2950,Cixi,CHN,China,120.93718647300011,29.98416565200006,121.51124257900005,30.27476837000006
30_1284,Baotou,CHN,China,109.69237732600004,40.54297726600004,110.10017446800003,40.713553423000064
30_7053,Prayagraj,IND,India,81.71660490200009,25.35014702600006,81.89728850800003,25.509903376000068
30_9111,Almaty,KAZ,Kazakhstan,76.74662138800005,43.164944397000056,77.03283328500004,43.38377580800005
30_880,Curitiba,BRA,Brazil,-49.401963200999944,-25.602430755999933,-49.11924949399997,-25.308119218999934
30_815,Goiânia,BRA,Brazil,-49.38548413199993,-16.842762995999976,-49.13539677799997,-16.57143107099995
30_5259,Makassar,IDN,Indonesia,119.3660884950001,-5.365136088999975,119.5961671120001,-4.968220945999974
30_12074,Taichung,TWN,Taiwan,120.56495823900002,24.049806140000044,120.75637406500005,24.28432753000004
30_4653,Manchester,GBR,United Kingdom,-2.5021236629999635,53.31425070300003,-2.02882997699993,53.64826470000003
30_5540,Ludhiana,IND,India,75.76446171500004,30.805532785000025,76.02179881300003,30.994134062000057
30_9201,Daegu,KOR,South Korea,128.45495941900003,35.77590728000007,128.87953336700002,35.96862353200004
30_5614,Vadodara,IND,India,73.07140419400008,22.220972798000048,73.27400888400007,22.420935962000044
30_11954,Bursa,TUR,Turkey,28.88060306500006,40.16648843300004,29.222734392000064,40.30982007400007
30_748,Manaus,BRA,Brazil,-60.080757827999946,-3.154805678999935,-59.90873928499997,-2.960595367999929
30_12302,Las Vegas,USA,United States,-115.36646084599994,35.924808891000055,-114.91354886199997,36.32825022800006
30_11824,Lomé,TGO,Togo,1.1015134640000497,6.078216592000047,1.4520639160000428,6.280860448000055
30_12085,Kaohsiung,TWN,Taiwan,120.21906776200001,22.470943833000035,120.44299461100002,22.82953572100007
30_10746,Sialkot,PAK,Pakistan,74.23798736800006,32.30111896400007,74.60834493800007,32.59443476300004
30_8923,Rome,ITA,Italy,12.349985841000034,41.758561335000024,12.70856605800003,42.01175118200007
30_1910,Tangshan,CHN,China,117.99462309500007,39.49611808100008,118.51617663700006,39.76397259400005
30_3239,Lubumbashi,COD,Democratic Republic of the Congo,27.398693386000048,-11.758800866999934,27.572002092000048,-11.563140763999968
30_11938,Izmir,TUR,Turkey,26.938953350000077,38.29548344600005,27.327138884000078,38.561636931000066
30_3678,Quito,ECU,Ecuador,-78.58557488199995,-0.38012198499995975,-78.40537988999995,-0.0485260769999627
30_6324,Bhopal,IND,India,77.31143268700004,23.138379201000078,77.51271080200007,23.330499177000036
30_12341,Denver,USA,United States,-105.24469923899994,39.51396298700007,-104.66714145299994,39.960647288000075
30_11920,Tunis,TUN,Tunisia,10.046221541000023,36.66212068300007,10.359978304000037,36.97011498200004
30_4663,Birmingham,GBR,United Kingdom,-2.221075485999961,52.38599362100007,-1.7137739449999572,52.65883009200007
30_12184,Kyiv,UKR,Ukraine,30.313050427000064,50.32056023700005,30.723637094000026,50.60806617700007
30_3321,Cali,COL,Colombia,-76.58585889299997,3.3328439890000254,-76.45320306499997,3.527081699000064
30_1256,Lanzhou,CHN,China,103.57866600900007,36.00368183000006,103.95667204800009,36.15274511300004
30_10576,Hyderabad,PAK,Pakistan,68.29614123200008,25.299714322000057,68.41004545800007,25.467854430000045
30_12684,Caracas,VEN,Venezuela,-67.03809428699998,10.406523493000066,-66.71442814699998,10.536761140000067
30_4874,Guatemala City,GTM,Guatemala,-90.65265340099995,14.438554983000074,-90.41138662899994,14.717000367000026
30_6130,Agra,IND,India,77.89265358800003,27.04438757400004,78.08910880700006,27.247321025000076
30_1806,Guiyang,CHN,China,106.52911417300004,26.470160003000046,106.83947738000006,26.73180377400007
30_2797,Changzhou,CHN,China,119.81746144500005,31.59517349200007,120.16818527800001,31.89624133700005
30_11053,Pyongyang,PRK,North Korea,125.6189711190001,38.952666082000064,125.88922146200002,39.14848361300005
30_5084,Tasikmalaya,IDN,Indonesia,108.04210045700006,-7.432480106999947,108.41800521200008,-7.107971035999981
30_2983,Xiamen,CHN,China,117.85327425000003,24.418413567000073,118.2031566710001,24.779039168000054
30_4817,Conakry,GIN,Guinea,-13.726646426999935,9.495427095000025,-13.368121713999926,9.836974723000026
30_12311,Seattle,USA,United States,-122.63350807699999,47.058079786000064,-122.01986340899998,48.01458650600006
30_3866,Luxor,EGY,Egypt,32.601672747000066,25.652911688000074,32.71466330700002,25.770732102000068
30_369,Ouagadougou,BFA,Burkina Faso,-1.6705726029999255,12.256345259000057,-1.407113337999931,12.452198017000057
30_3004,Fuzhou,CHN,China,119.14658369500012,25.97281343800006,119.44518973100003,26.158170464000023
30_8865,Tel Aviv,ISR,Israel,34.73010311500008,31.844603412000026,34.992894199000034,32.20629953700006
30_2981,Ningbo,CHN,China,121.36454557600007,29.736552738000057,121.75814731300011,30.018337443000064
30_10658,Multan,PAK,Pakistan,71.30008513300004,30.06105844700005,71.63281366000007,30.300425362000055
30_10528,Peshawar,PAK,Pakistan,71.35400070100007,33.87551212000005,71.75332191900003,34.10999590900008
30_10897,Cebu City,PHL,Philippines,123.62285759200006,10.05661211000006,124.05199693300005,10.561183036000045
30_7751,Patna,IND,India,85.01714911500005,25.54354655800006,85.28622890300005,25.652911688000074
30_8884,Milan,ITA,Italy,8.97847482900005,45.35765035500003,9.428724923000061,45.75546090900008
30_8936,Naples,ITA,Italy,14.012629420000053,40.67762910000005,14.70514791100004,41.02820183000006
30_8213,Asansol,IND,India,86.66809476500003,23.623058838000077,87.05195512900008,23.87402197600005
30_3306,Brazzaville,COG,Republic of Congo,15.21215797700006,-4.304196650999927,15.341594807000035,-4.1503702729999645
30_11745,Aleppo,SYR,Syria,36.972727263000024,36.126432101000034,37.302172893000034,36.30191500700005
30_3341,Medellín,COL,Colombia,-75.66467733799993,6.110637619000045,-75.49745066299994,6.361926395000069
30_1489,Kunming,CHN,China,102.60691453200008,24.91332675700005,102.85950532300006,25.173667372000068
30_4847,Athens,GRC,Greece,23.543291676000024,37.82616990900004,23.891232597000055,38.144825738000065
30_9698,Maputo,MOZ,Mozambique,32.413874349000025,-25.98965948299997,32.672412773000076,-25.72864829799994
30_13046,Durban,ZAF,South Africa,30.753022169000076,-30.103786425999942,31.098795522000046,-29.61709833799995
30_3658,Guayaquil,ECU,Ecuador,-80.02794202899997,-2.2890464999999267,-79.78731116899996,-2.0463495019999414
30_6949,Thiruvananthapuram,IND,India,76.83038334000008,8.38221137100004,77.11970971300008,8.65024050300002
30_6820,Kollam,IND,India,76.39704502300003,8.820842372000072,76.74365307100004,9.357218935000049
30_8756,Mashhad,IRN,Iran,59.440900217000035,36.214155058000074,59.70894808700007,36.459976605000065
30_2391,Changsha,CHN,China,112.82896224800004,28.02654586400007,113.14783405300011,28.28958953800003
30_1142,Montreal,CAN,Canada,-73.97732641899995,45.35765035500003,-73.38387379399995,45.70914998000006
30_12498,Detroit,USA,United States,-83.56742886499995,42.075107356000046,-82.68339067099998,42.70089303100008
30_1700,Shijiazhuang,CHN,China,114.27848491000009,37.94118020900004,114.75018177400011,38.24229677000005
30_1057,Salvador,BRA,Brazil,-38.539769106999984,-13.015592931999947,-38.282476730999974,-12.819575069999928
30_1043,Fortaleza,BRA,Brazil,-38.674947213999985,-3.90750972099994,-38.44493636599998,-3.6889582999999675
30_12532,Philadelphia,USA,United States,-75.81002657699997,39.576433691000034,-74.78804641399995,40.193354473000056
30_6784,Nagpur,IND,India,78.94772066600007,21.06494831300006,79.18344047700003,21.28091704800005
30_2661,Nanchang,CHN,China,115.72305016300004,28.586870701000066,116.06463928100004,28.84193659600004
30_9368,Antananarivo,MDG,Madagascar,47.42958718300008,-19.03552016499998,47.60342972600006,-18.795947689999934
30_10740,Gujranwala,PAK,Pakistan,74.07696295200003,31.922064400000068,74.27899225100003,32.275255412000035
30_13072,Lusaka,ZMB,Zambia,28.18023299600003,-15.495738494999955,28.432621718000064,-15.30710129199997
30_2090,Changchun,CHN,China,125.09949867700004,43.76744189000004,125.47932252500004,43.98709115200006
30_3528,Berlin,DEU,Germany,13.120922711000048,52.37626094800004,13.66535933800003,52.65883009200007
30_5130,Semarang,IDN,Indonesia,110.00721291600007,-7.278327099999956,110.63170764400007,-6.87275705299993
30_9211,Busan,KOR,South Korea,128.7821667930001,35.041683128000045,129.22051349800006,35.303617564000035
30_3192,Mbuji-Mayi,COD,Democratic Republic of the Congo,23.499864649000074,-6.167376229999945,23.71213280300003,-6.078216591999933
30_6056,Indore,IND,India,75.71562521700008,22.52095857300003,75.95556886200006,22.804506090000075
30_2193,Nanning,CHN,China,108.20671357200007,22.746110412000064,108.43085798500005,22.91298048300007
30_2326,Dalian,CHN,China,121.43558402600002,38.810380664000036,121.88890661200003,39.15738925200003
30_2497,Qingdao,CHN,China,120.26608391100001,36.03874599000005,120.53470377700012,36.451192234000075
30_10444,Kathmandu,NPL,Nepal,85.21220397600007,27.585856215000035,85.45140155200005,27.780693116000066
30_11981,Ankara,TUR,Turkey,32.672195171000055,39.84440492200008,33.03434812100005,40.06801362400006
30_12922,Sana'A,YEM,Yemen,44.12981080700007,15.266101823000042,44.260328997000045,15.495738495000069
30_12596,Tashkent,UZB,Uzbekistan,69.08860233500008,41.10920211400003,69.41621774900005,41.406523923000066
30_9219,Kuwait City,KWT,Kuwait,47.79935904800004,29.003600730000073,48.17005008500007,29.395396293000033
30_6746,Kochi,IND,India,76.20301122600006,9.771907763000058,76.52719423300005,10.211205932000041
30_2073,Jinan,CHN,China,116.68582662100005,36.50390407500004,117.24558322200005,36.82045959100003
30_9555,Bamako,MLI,Mali,-8.11271714999998,12.517494787000032,-7.831287331999931,12.72975309700007
30_12516,Washington D.C.,USA,United States,-77.56702982799999,38.68596827300007,-76.80269760699997,39.21974056000005
30_3448,Dortmund,DEU,Germany,6.477071565000074,51.29109986000003,7.717507201000046,51.638855989000035
30_1082,Recife,BRA,Brazil,-35.06290782399998,-8.22792378899993,-34.816474427999935,-7.8138959029999455
30_9913,Ibadan,NGA,Nigeria,3.790940171000045,7.262101655000038,4.0618135090000465,7.546079764000069
30_11557,Dakar,SEN,Senegal,-17.53112290599995,14.643281131000037,-17.212140760999944,14.823500525000043
30_3005,Quanzhou,CHN,China,118.32622481100009,24.569325106000065,118.78937495900004,24.98049135800005
30_5767,Jaipur,IND,India,75.67344733400006,26.75713621500006,75.89460163900003,27.035935041000073
30_1225,Ürümqi,CHN,China,87.44416725700006,43.70343417200007,87.77066851000006,44.00540889600006
30_6617,Kanpur,IND,India,80.15110646900007,26.36893924700007,80.43953508100003,26.546097737000025
30_7311,Varanasi,IND,India,82.81062497300007,25.14846392800007,83.21411308000006,25.451036414000043
30_231,Melbourne,AUS,Australia,144.72197134300006,-38.206847094999944,145.3928454070001,-37.62285461899995
30_9495,Monterrey,MEX,Mexico,-100.52343755199996,25.568781297000044,-100.06888904699997,25.829658949000077
30_3593,Algiers,DZA,Algeria,2.803915603000064,36.60057751700003,3.585224255000071,36.82045959100003
30_11744,Damascus,SYR,Syria,36.16874056100005,33.389945709000074,36.46645637900008,33.606588963000036
30_9405,Guadalajara,MEX,Mexico,-103.48973199099999,20.475791118000075,-103.20213804099996,20.78270748500006
30_3092,Douala,CMR,Cameroon,9.593770384000038,3.972269832000052,9.813688909000064,4.117987250000056
30_143,Dubai,ARE,United Arab Emirates,55.030472917000054,24.938511853000023,55.55526213400003,25.442627741000024
30_3009,Wenzhou,CHN,China,120.5084434480001,27.704436894000025,120.86688839100009,28.10288817600008
30_11630,Mogadishu,SOM,Somalia,45.25661379600007,1.997811845000058,45.39691918500006,2.111067257000059
30_1541,Taiyuan,CHN,China,112.40311975300006,37.70238783700006,112.65948960900005,38.00313680100004
30_237,Sydney,AUS,Australia,150.7558305670001,-34.08393009599996,151.32513346000007,-33.667285798999956
30_984,Belo Horizonte,BRA,Brazil,-44.22647881499995,-20.053126391999967,-43.85552050499996,-19.73848195499994
30_12303,Phoenix,USA,United States,-112.46444350199994,33.19946797000006,-111.50948962299998,33.71065056700007
30_12150,Kampala,UGA,Uganda,32.43797411500003,0.16175366400005942,32.77747163300006,0.46099961300006953
30_12977,Cape Town,ZAF,South Africa,18.36988364900003,-34.10130696899995,18.763606023000023,-33.788727964999964
30_10651,Rawalpindi [Islamabad],PAK,Pakistan,72.90395359500008,33.51124074300003,73.25104231500006,33.75402359100008
30_4969,Medan,IDN,Indonesia,98.40143704200005,3.438054204000025,98.84774962500006,3.802278612000066
30_11391,Jeddah,SAU,Saudi Arabia,39.07313362300005,21.347393200000056,39.39029970200005,21.72153665600007
30_9300,Casablanca,MAR,Morocco,-7.796767245999945,33.493908962000035,-7.326552991999961,33.73667338900003
30_2001,Harbin,CHN,China,126.40422529500006,45.57030256000007,126.83992757200008,45.84812563700007
30_3553,Santo Domingo,DOM,Dominican Republic,-70.10969108899997,18.374944554000024,-69.58965769099996,18.589524039000025
30_3961,Barcelona,ESP,Spain,1.9421289900000716,41.26230472100008,2.400727062000044,41.64113579700006
30_9254,Colombo,LKA,Sri Lanka,79.80990305200004,6.418675467000071,80.12547261500004,7.3107786650000435
30_12266,Tijuana,USA,United States,-117.41891561299997,32.43047858700004,-116.79018014799999,33.26871446400003
30_6586,Kozhikode,IND,India,75.66637428600006,11.025342188000025,76.02687873100007,11.46533037200004
30_12257,San Jose,USA,United States,-122.53039915599999,37.19921391200006,-121.73426544699998,38.065113041000075
30_11172,Saint Petersburg,RUS,Russia,30.07293018200005,59.782963883000036,30.604650441000047,60.08630302300003
30_10063,Onitsha,NGA,Nigeria,6.727435925000066,5.9080183760000295,7.1187825170000565,6.272754120000059
30_6713,Lucknow,IND,India,80.82095671600007,26.681145306000076,81.23750220900007,26.976774059000036
30_4767,Kumasi,GHA,Ghana,-1.7535140219999334,6.588937301000044,-1.4329009059999294,6.856537059000061
30_1925,Zhengzhou,CHN,China,113.46001351300004,34.63195259100007,113.89967094400004,34.893394011000055
30_5131,Yogyakarta,IDN,Indonesia,110.24384604800008,-8.016830586999959,110.98973605200007,-7.359457705999944
30_10219,Kano,NGA,Nigeria,8.366557584000077,11.815878378000036,8.658805134000033,12.117649913000037
30_1492,Xi'An,CHN,China,108.67677568900007,34.10999590900008,109.10634193200008,34.41432165400005
30_12740,Hanoi,VNM,Vietnam,105.68018326300006,20.840799368000035,106.11424475200005,21.297535012000026
30_3109,Yaounde,CMR,Cameroon,11.440559489000066,3.729429195000023,11.600495842000043,3.972269832000052
30_4793,Accra,GHA,Ghana,-0.4903227289999563,5.462354594000033,0.05003978100006634,5.7621501590000435
30_2573,Hefei,CHN,China,117.11942623700008,31.681155192000062,117.50908223500005,31.990939298000058
30_666,Chattogram,BGD,Bangladesh,91.60913301900007,22.129359321000038,92.00296229500003,22.729427678000036
30_10709,Faisalabad,PAK,Pakistan,72.91937610800005,31.311645859000066,73.30326134900008,31.526409715000057
30_2808,Hong Kong,CHN,China,113.90676248600005,22.220972798000048,114.2835391220001,22.479279146000067
30_3928,Madrid,ESP,Spain,-3.9525691579999602,40.21126737900005,-3.429000243999951,40.578874503000065
30_12428,Miami,USA,United States,-80.46848910299997,25.535135427000057,-80.01897200899998,26.993675992000078
30_58,Kabul,AFG,Afghanistan,68.98189192900003,34.41432165400005,69.38933319000006,34.60582555600007
30_2151,Shenyang,CHN,China,123.15635083200004,41.614048955000044,123.58214435800005,41.92128320200004
30_9135,Nairobi,KEN,Kenya,36.65363766400003,-1.342601803999969,36.96313313600007,-1.164656516999969
30_12354,Dallas,USA,United States,-97.52212275599999,32.55127745200008,-96.42693424499998,33.22543298200003
30_12352,Houston,USA,United States,-95.87275315699998,29.438017048000063,-94.92887938099994,30.240562992000037
30_596,Comilla,BGD,Bangladesh,90.62771185600008,23.07157944200003,91.33912610900006,23.857285369000067
30_9657,Yangon,MMR,Myanmar,96.00673570500004,16.719412050000074,96.29093357600004,17.06487220500003
30_3078,Abidjan,CIV,Côte d'Ivoire,-4.141934832999937,5.235520627000028,-3.861367113999961,5.510966105000023
30_11496,Khartoum,SDN,Sudan,32.31253036600003,15.372706827000059,32.67077903300003,15.782921607000048
30_1187,Santiago,CHL,Chile,-70.83205346599993,-33.65861383399994,-70.48524789399994,-33.286029320999944
30_1129,Toronto,CAN,Canada,-80.00135722599998,43.17405652600007,-78.97046071699998,43.96877551400007
30_8971,Amman,JOR,Jordan,35.79927372100008,31.835998153000048,36.149478284000054,32.145979332000024
30_2880,Hangzhou,CHN,China,119.95365511900002,29.94999830900008,120.67082529000004,30.497213551000073
30_2697,Nanjing,CHN,China,118.58832878800001,31.80158014600005,118.96920445700005,32.180446173000064
30_5911,Pune,IND,India,73.68839994500007,18.41620189500003,74.04564708200007,18.779430261000073
30_1335,Chengdu,CHN,China,103.63825168400007,30.462978736000025,104.33633589400006,30.93410932300003
30_5605,Surat,IND,India,72.62109895900005,21.081557038000028,72.90623290400003,21.26429979900007
30_4289,Addis Ababa,ETH,Ethiopia,38.59219481500003,8.84521651700004,38.93688785200004,9.097119166000027
30_8810,Baghdad,IRQ,Iraq,44.07885780200007,33.035090181000044,44.56068794300006,33.493908962000035
30_12453,Chicago,USA,United States,-88.42760999499995,41.43357832700008,-87.19284912399996,42.22001027700003
30_1858,Tianjin,CHN,China,116.96775748300001,38.934874560000026,117.41891284500002,39.25537919400006
30_3685,Alexandria,EGY,Egypt,29.660349908000057,30.985558226000023,30.224689590000025,31.33740772500005
30_11590,Singapore,SGP,Singapore,103.58278645200005,1.253628582000033,103.98580560700009,1.6095292460000223
30_11426,Riyadh,SAU,Saudi Arabia,46.51587265900008,24.519013612000037,46.93134228100007,24.888143615000047
30_5533,Ahmedabad,IND,India,72.44278427700004,22.938017719000072,72.70816352300005,23.138379201000078
30_9048,Nagoya,JPN,Japan,136.4320692130001,34.64066229100007,137.23267899300004,35.50465014500003
30_1611,Chongqing,CHN,China,106.39224483700008,29.352782296000044,106.68009608700004,29.796300114000076
30_2334,Wuhan,CHN,China,113.99920751500008,30.36885642900006,114.49513312800002,30.70271837200005
30_13015,Johannesburg,ZAF,South Africa,27.73652683800003,-26.427980591999983,28.353243234000047,-25.947546086999978
30_12129,Dar Es Salaam,TZA,Tanzania,38.97252094000004,-6.986302971999976,39.36705390000003,-6.613262233999933
30_9813,Kuala Lumpur,MYS,Malaysia,101.35065781400004,2.8796783040000378,101.87487370600007,3.2761941290000323
30_5180,Surabaya,IDN,Indonesia,112.4669877020001,-8.219804030999967,112.83440052800006,-7.189089919999958
30_5069,Bandung,IDN,Indonesia,107.41302928700009,-7.132306122999978,107.90151906800008,-6.7835496949999765
30_6862,Hyderabad,IND,India,78.22613250900008,17.262387278000062,78.62831991000007,17.616471122000064
30_12077,New Taipei [Taipei],TWN,Taiwan,121.07359758500002,24.82099809500005,121.812221754,25.165266004000046
30_4559,Paris,FRA,France,1.9020872710000276,48.57085988800003,2.68131784600007,49.07249909700005
30_10799,Lima,PER,Peru,-77.17928238899998,-12.256345258999943,-76.73284419599997,-11.807724169999972
30_999,Rio De Janeiro,BRA,Brazil,-43.73256462099994,-23.03818429599994,-43.12864679799998,-22.57098020199993
30_3370,Bogota,COL,Colombia,-74.28180781899994,4.474229151000031,-74.01076879099998,4.822438761000058
30_81,Luanda,AGO,Angola,13.070813004000058,-9.08899222499997,13.502220476000048,-8.747723625999981
30_4716,London,GBR,United Kingdom,-0.6289718259999404,51.27180858600008,0.4021675620000451,51.78404383800006
30_7522,Chennai,IND,India,79.98465885400003,12.713423139000042,80.33826439700005,13.244355419000044
30_2824,Suzhou,CHN,China,120.09400294600005,31.045595202000072,121.10141234600007,31.74136027700007
30_2915,Jieyang,CHN,China,116.00182335800002,23.13002854000007,116.8423042600001,23.706692805000046
30_3152,Kinshasa,COD,Democratic Republic of the Congo,15.18327031800004,-4.482326308999973,15.484700343000043,-4.296100232999947
30_9893,Lagos,NGA,Nigeria,2.995247126000038,6.394354141000065,3.66631368700007,6.848427141000059
30_8675,Tehran,IRN,Iran,50.838944318000074,35.47841779300006,51.62782429200007,35.89852448900007
30_207,Buenos Aires,ARG,Argentina,-58.90376687799994,-34.945719811999936,-58.13917069699994,-34.37952053599997
30_11947,Istanbul,TUR,Turkey,28.498381391000066,40.749484996000035,29.517668945000025,41.22626853400004
30_6906,Bengaluru,IND,India,77.36213457100007,12.860407284000075,77.72055972700008,13.219841248000023
30_10744,Lahore,PAK,Pakistan,73.76329387400006,31.20862498200006,74.53646449200005,31.749962209000046
30_12821,Ho Chi Minh City,VNM,Vietnam,106.45580145200006,10.577464712000051,107.03343647300005,11.106802179000056
30_9031,Osaka [Kyoto],JPN,Japan,134.50978392700006,34.30993463300007,135.87788591100002,35.085316840000075
30_12261,Los Angeles,USA,United States,-118.67564332899997,33.389945709000074,-117.11153201199994,34.327329070000076
30_11188,Moscow,RUS,Russia,37.22931403700005,55.34326935000007,38.09044273100005,56.02465630200004
30_12545,New York,USA,United States,-74.68045441799995,40.36359876600005,-72.90239322299993,41.17222816300006
30_9463,Mexico City,MEX,Mexico,-99.37923006899996,19.167754390000027,-98.80842472399996,19.738481955000054
30_1678,Beijing,CHN,China,115.88911373200006,39.62999679400008,116.74633801400012,40.18439868400003
30_11846,Bangkok,THA,Thailand,100.16191834300008,13.505899000000056,100.88386221300004,14.168426428000032
30_941,São Paulo,BRA,Brazil,-46.99907919299994,-23.81544744699994,-46.15316640299994,-23.372278338999934
30_10497,Karachi,PAK,Pakistan,66.88270736500004,24.77064802900003,67.32140520000007,25.039271813000028
30_9178,Seoul,KOR,South Korea,126.57324903800009,37.04938904200003,127.25500919600006,37.76426915400003
30_8451,Kolkata,IND,India,87.94534988600003,22.154342563000057,88.55303585100006,23.063230360000034
30_5720,Mumbai,IND,India,72.76939273300007,18.88680461100006,73.27740003700006,19.32483509800005
30_10858,Quezon City [Manila],PHL,Philippines,120.7885354120001,14.021135496000056,121.29702796700008,14.987386062000041
30_3740,Cairo,EGY,Egypt,31.005551567000055,29.64269119100004,31.53027022200007,30.411635041000068
30_2889,Shanghai,CHN,China,120.98141257100008,30.891243231000033,121.85475875400004,31.500628230000075
30_544,Dhaka,BGD,Bangladesh,90.00429341400007,23.422419943000023,90.79547039600004,24.351363803000027
30_5829,Delhi [New Delhi],IND,India,76.86599071900008,28.29807890400008,77.71792737500004,29.08021186900004
30_9071,Tokyo,JPN,Japan,139.0858306880001,35.17261064300004,140.2917728980001,36.18783429400003
30_5056,Jakarta,IDN,Indonesia,106.09581938900004,-6.978192200999956,107.59260595800004,-6.013376776999962
30_2701,Guangzhou,CHN,China,112.76360817300008,22.44593904000004,114.40864127300006,23.380634772000064
