SMOD_ID,city,ISO,country,tesserav2,tesserav1.1_global
30_2602,Deqing,CHN,China,0.0,0.0
30_4854,San Pedro Sacatepéquez [San Marcos],GTM,Guatemala,0.0,0.0
30_10829,Vigan,PHL,Philippines,0.6285528535732767,0.0
30_11154,Botoșani,ROU,Romania,0.0,0.0
30_11430,Sharurah,SAU,Saudi Arabia,0.623387708841476,0.0
30_12735,Quốc Oai,VNM,Vietnam,0.0,0.0
30_8009,,IND,India,0.0,0.0
30_798,Abaetetuba,BRA,Brazil,0.0,0.0
30_2413,Gaodu,CHN,China,0.0,0.0
30_10910,Surigao City,PHL,Philippines,1.0,0.0
30_4152,Mota,ETH,Ethiopia,0.0,0.0
30_9634,Aungpan,MMR,Myanmar,0.0,0.0
30_8392,Kandi,IND,India,0.0,0.0
30_2405,Yingshan,CHN,China,0.0,0.0
30_4377,Asassa,ETH,Ethiopia,0.0,0.0
30_193,Puerto Madryn,ARG,Argentina,1.0,0.0
30_11488,Al Rahad,SDN,Sudan,0.0,0.0
30_13044,Mpumalanga,ZAF,South Africa,0.0,0.0
30_1235,Golmud,CHN,China,0.0,0.0
30_11214,Murom,RUS,Russia,0.8672982580755463,0.0
30_182,Reconquista,ARG,Argentina,0.0,0.0
30_8885,Como,ITA,Italy,0.9999999466806574,0.0
30_11419,Abu Arish,SAU,Saudi Arabia,0.0,0.0
30_9141,Ruiru,KEN,Kenya,1.0,0.0
30_1741,Shizhu,CHN,China,0.0,0.0
30_320,La Louvière,BEL,Belgium,0.0,0.0
30_3568,Adrar,DZA,Algeria,0.6512351188432317,0.0
30_1629,Xinjiang,CHN,China,0.0,0.0
30_9241,Qabilat Alturki,LBY,Libya,0.20664002740699042,0.0
30_11018,Tǒktaedonggok,PRK,North Korea,0.0,0.0
30_1698,Tang,CHN,China,0.0,0.0
30_7861,,IND,India,0.0,0.0
30_4351,Shakiso,ETH,Ethiopia,0.0,0.0
30_5237,Kotabaru,IDN,Indonesia,0.0,0.0
30_12554,Waterbury,USA,United States,0.05393318041541531,0.0
30_9654,Pyu,MMR,Myanmar,0.0,0.0
30_12028,Kilis,TUR,Turkey,0.0,0.0
30_7441,Tiruvethipuram,IND,India,0.0,0.0
30_1667,Liangping,CHN,China,1.0,0.0
30_991,Angra Dos Reis,BRA,Brazil,0.19402855830618357,0.0
30_7822,Shahpur Paton,IND,India,0.0,0.0
30_3229,Kingombe,COD,Democratic Republic of the Congo,0.0,0.0
30_2883,Shaxi,CHN,China,0.9999998938259916,0.0
30_6545,,IND,India,0.0,0.0
30_9138,Ruaka,KEN,Kenya,1.0,0.6620012219194712
30_5979,Hodal,IND,India,0.0,0.0
30_8299,Byasanagar,IND,India,0.0,0.0
30_4662,Worcester,GBR,United Kingdom,0.9999999110864335,0.9999999110864336
30_8616,Ahar,IRN,Iran,1.0,0.0
30_5849,Lonavala,IND,India,1.0,0.0
30_3656,Zarumilla,ECU,Ecuador,0.0,0.0
30_106,Waku Kungo,AGO,Angola,0.0,0.0
30_7236,Nautanwa,IND,India,1.0,0.0
30_4565,Lagny-Sur-Marne,FRA,France,1.0,1.0
30_884,Formosa,BRA,Brazil,0.8632981710174944,0.0
30_2550,Mishan,CHN,China,0.0,0.0
30_11158,Buzău,ROU,Romania,0.6484949175072163,0.0
30_12580,Hazorasp,UZB,Uzbekistan,0.0,0.0
30_4050,Aykel,ETH,Ethiopia,0.0,0.0
30_3322,Jamundí,COL,Colombia,0.0,0.0
30_1590,Huailai,CHN,China,0.8720191491550433,0.0
30_10376,Esteli,NIC,Nicaragua,0.0,0.0
30_995,Barbacena,BRA,Brazil,0.8358069563199932,0.0
30_6765,Panna,IND,India,0.0,0.0
30_7039,Kadiri,IND,India,0.0,0.0
30_795,Maraba,BRA,Brazil,1.0,0.0
30_11085,Kowon,PRK,North Korea,0.0,0.0
30_9210,Jinhae-Gu,KOR,South Korea,1.0,0.0
30_8909,Vicenza,ITA,Italy,0.7525461751606576,0.0
30_4780,Akim Oda,GHA,Ghana,0.0,0.0
30_10074,Omo,NGA,Nigeria,0.0,0.0
30_11285,Nazran,RUS,Russia,0.0,0.0
30_2615,阳山县,CHN,China,1.0,0.0
30_2054,Qixian,CHN,China,0.0,0.0
30_3008,Daishan,CHN,China,0.0,0.0
30_11739,Jablah,SYR,Syria,1.0,0.0
30_2187,Shuangyang,CHN,China,0.0,0.0
30_8614,Baneh,IRN,Iran,0.0,0.0
30_8208,Purnea,IND,India,0.0,0.0
30_12094,Mpanda,TZA,Tanzania,1.0,0.0
30_5467,Malout,IND,India,0.47285984933170644,0.0
30_12003,Günyurdu,TUR,Turkey,0.0,0.0
30_3777,Biba,EGY,Egypt,0.0,0.0
30_9950,Eripa,NGA,Nigeria,0.0,0.0
30_1905,Tangyin,CHN,China,0.0,0.0
30_8831,Al-Manathera,IRQ,Iraq,0.0,0.0
30_772,Toledo,BRA,Brazil,0.9966371603780655,0.0
30_2176,Pingyu,CHN,China,0.0,0.0
30_1536,Chengcheng,CHN,China,0.0,0.0
30_3148,Kimpese,COD,Democratic Republic of the Congo,0.0,0.0
30_1181,Coronel,CHL,Chile,0.0,0.0
30_10116,Okwuohia,NGA,Nigeria,0.0,0.0
30_1971,Jia,CHN,China,0.4877322855912628,0.0
30_3323,Quibdó,COL,Colombia,1.0,0.0
30_346,Pobè,BEN,Benin,0.0,0.0
30_8079,Chakradharpur,IND,India,0.0,0.0
30_8655,Andimeshk,IRN,Iran,1.0,0.0
30_9316,Tiflet,MAR,Morocco,0.0,0.0
23_4425,Barguna,BGD,Bangladesh,0.0,0.0
30_10976,Wałbrzych,POL,Poland,0.4492181819912903,0.0
30_2920,黄宅镇,CHN,China,0.0,0.0
30_8997,Matsue,JPN,Japan,0.9221167030397454,0.0
30_1296,Guyuan,CHN,China,0.648308103736361,0.0
30_5181,Sukorejo,IDN,Indonesia,0.9999999686960892,0.0
30_5112,Klampok,IDN,Indonesia,0.0,0.0
30_11384,Al Qurayyat,SAU,Saudi Arabia,0.0,0.0
30_10351,Gombi,NGA,Nigeria,0.0,0.0
30_2058,Linghai,CHN,China,0.0,0.0
30_5459,Kathua,IND,India,0.8992622251972325,0.0
30_12669,Biruaca,VEN,Venezuela,0.017206204768377323,0.0
30_10970,Gorzów Wielkopolski,POL,Poland,0.0,0.0
30_1953,Xunxian,CHN,China,0.0,0.0
30_12149,Gulu,UGA,Uganda,1.0,0.0
30_2814,Guangde,CHN,China,0.0,0.0
30_6858,Wani,IND,India,0.0,0.0
30_7605,Maharajganj,IND,India,0.0,0.0
30_12041,Akçakale,TUR,Turkey,1.0,0.0
30_3111,Banyo,CMR,Cameroon,0.6150983213647075,0.0
23_20501,,CHN,China,0.0,0.0
30_324,Mechelen,BEL,Belgium,0.4181023850353095,0.0
22_4934,华林镇,CHN,China,0.26116420727951317,0.0
30_5138,Demak,IDN,Indonesia,0.0,0.0
30_1672,Luoxiong,CHN,China,0.30378801058447297,0.0
30_8256,Dalkola,IND,India,0.0,0.0
30_5505,Shihi Village,IND,India,0.0,0.0
23_80522,Ceel Afweyn,SOM,Somalia,0.0,0.0
30_4513,Dasgahbur,ETH,Ethiopia,0.0,0.0
30_765,Altamira,BRA,Brazil,0.0,0.0
30_680,Keochia,BGD,Bangladesh,0.0,0.0
30_9502,Teziutlán,MEX,Mexico,0.0,0.0
30_2065,Biyang,CHN,China,0.0,0.0
30_11041,Kujang,PRK,North Korea,0.0,0.0
30_2132,Xupu,CHN,China,0.0,0.0
30_4768,Kintampo,GHA,Ghana,0.0,0.0
30_9230,Zahlé,LBN,Lebanon,0.2107796325098673,0.0
30_4544,Pau,FRA,France,0.9999997860791664,0.0
30_9678,Thaton,MMR,Myanmar,0.0,0.0
30_10119,Umuellem,NGA,Nigeria,0.0,0.0
30_2522,Qichun,CHN,China,0.0,0.0
30_5025,Tanjung Enim,IDN,Indonesia,0.0,0.0
30_1204,Tacheng/Sawesek,CHN,China,1.0,0.0
30_2923,Kuitan,CHN,China,0.0,0.0
30_2527,Changfeng,CHN,China,0.0,0.0
30_6237,Gokak,IND,India,0.0,0.0
30_1534,Dajie,CHN,China,0.0,0.0
30_7765,Tekari,IND,India,0.0,0.0
30_12685,Cúa,VEN,Venezuela,0.031622992599475756,0.0
30_10859,Santiago,PHL,Philippines,0.0,0.0
30_2706,Yongfeng,CHN,China,0.0,0.0
30_6591,Shorapur,IND,India,0.0,0.0
30_163,San Carlos De Bariloche,ARG,Argentina,1.0,0.0
30_11324,Miass,RUS,Russia,0.0,0.0
30_7018,Bodinayakkanur,IND,India,0.0,0.0
30_11064,Anak,PRK,North Korea,0.0,0.0
30_1792,Xianghe,CHN,China,0.9996531661998166,0.9996531661998824
30_6037,Bayana,IND,India,0.0,0.0
30_9228,Nabatieh,LBN,Lebanon,0.0,0.0
30_3231,Kabalo,COD,Democratic Republic of the Congo,0.0,0.0
30_7554,Gopalganj,IND,India,0.0,0.0
30_12759,Nga Sơn,VNM,Vietnam,0.0,0.0
30_204,Pilar,ARG,Argentina,1.0,0.0
23_58123,Tasouj,IRN,Iran,0.0,0.0
30_5584,Kapadvanj,IND,India,0.0,0.0
30_5891,Sinnar,IND,India,0.0,0.0
30_8782,Al Baaj,IRQ,Iraq,0.0,0.0
30_1675,Pingshan,CHN,China,0.4335248523109367,0.0
30_475,Bangala,BGD,Bangladesh,0.0,0.0
30_12635,El Vigía,VEN,Venezuela,0.8464480127920833,0.0
23_24837,Dongjiao,CHN,China,1.0,0.0
30_12271,Fairfield,USA,United States,1.0,1.0
30_2691,Fengcheng,CHN,China,0.0,0.0
30_11876,Savannakhet,THA,Thailand,0.856265193269904,0.0
30_5788,Vadkhal,IND,India,1.0,0.4494589758902918
30_12300,Medford,USA,United States,0.5439215595754315,0.0
30_785,Tucuruí,BRA,Brazil,0.0,0.0
30_824,Taquaralto,BRA,Brazil,0.06779033922369246,0.0
30_9248,Marj,LBY,Libya,0.23206803489856628,0.0
30_3367,Facatativá,COL,Colombia,0.0,0.0
30_1190,Curicó,CHL,Chile,0.7467548398952389,0.0
30_1954,Lushan,CHN,China,0.5865396557377902,0.0
30_9908,Sagamu,NGA,Nigeria,1.0,0.0
30_3800,Bush,EGY,Egypt,0.0,0.0
30_11560,Tivaouane,SEN,Senegal,0.0,0.0
30_7878,Lohardaga,IND,India,0.0,0.0
30_5081,Malangbong,IDN,Indonesia,0.0,0.0
30_3209,Kabongo,COD,Democratic Republic of the Congo,0.0,0.0
30_7972,Barhiya,IND,India,0.0,0.0
30_9005,Iwakuni,JPN,Japan,0.6578485378080189,0.0
23_77700,Sergiyev Posad,RUS,Russia,1.0,0.0
30_9213,Geoje-Si,KOR,South Korea,0.0,0.0
30_9412,Ocotlán,MEX,Mexico,0.0,0.0
30_10782,Tumbes,PER,Peru,0.0,0.0
30_12593,Urgut,UZB,Uzbekistan,0.0,0.0
30_5087,Majalengka,IDN,Indonesia,0.0,0.0
30_2457,Hengshanxian,CHN,China,0.0,0.0
30_10568,Char Bagh,PAK,Pakistan,0.0,0.0
30_2725,Nanxiong,CHN,China,0.0,0.0
30_9971,Omu Aran,NGA,Nigeria,0.0,0.0
30_3970,Asosa,ETH,Ethiopia,1.0,0.0
30_10109,Ikolo,NGA,Nigeria,0.0,0.0
30_3780,Naj Al Shaykh Hasan Abu Sabir,EGY,Egypt,0.6248561357930085,0.0
30_989,Resende,BRA,Brazil,0.8869703960363473,0.0
30_3151,Kisantu,COD,Democratic Republic of the Congo,0.0,0.0
30_11741,Tartus,SYR,Syria,0.0,0.0
30_8458,Pandua,IND,India,1.0,0.0
30_12021,Kırıkhan,TUR,Turkey,0.0,0.0
30_8894,Massa,ITA,Italy,0.0,0.0
30_1624,Wangjiazhai,CHN,China,0.0,0.0
30_2107,Taikang,CHN,China,0.0,0.0
30_9619,Labutta,MMR,Myanmar,0.0,0.0
30_447,Bangasonahat,BGD,Bangladesh,0.0,0.0
30_9615,Kyaukme,MMR,Myanmar,0.0,0.0
30_9182,Gwangju-Si,KOR,South Korea,1.0,0.0
30_10329,Zinna,NGA,Nigeria,0.0,0.0
30_439,Meherpur,BGD,Bangladesh,0.0,0.0
30_9312,Oued Zem,MAR,Morocco,0.0,0.0
30_1919,Longshan,CHN,China,0.0,0.0
30_226,Old Reynella,AUS,Australia,0.5835420830689678,0.0
30_744,Ji-Paraná,BRA,Brazil,0.0,0.0
30_1756,Yima,CHN,China,0.0,0.0
30_3587,Khemis Miliana,DZA,Algeria,0.0,0.0
30_11201,Kolomna,RUS,Russia,0.20895889411921253,0.0
30_563,Shibchar,BGD,Bangladesh,0.0,0.0
23_80471,Buulo Mareer,SOM,Somalia,0.0,0.0
30_1146,Repentigny,CAN,Canada,0.9999999832452758,0.0
30_4053,Seka,ETH,Ethiopia,0.0,0.0
30_8734,Ardakan,IRN,Iran,0.0,0.0
30_5213,Negara,IDN,Indonesia,0.0,0.0
30_1991,Fengqiu,CHN,China,0.0,0.0
30_3820,Nazlet Al Khalayfa,EGY,Egypt,0.21878256433804566,0.0
30_9933,Ede,NGA,Nigeria,0.6418622842237444,0.0
30_11079,Jongphyong,PRK,North Korea,0.0,0.0
30_5681,Bilimora,IND,India,0.0,0.0
30_930,Itu,BRA,Brazil,0.0,0.0
30_6766,Mannarkkad,IND,India,0.0,0.0
30_10445,,NPL,Nepal,0.0,0.0
30_564,Hossainpur,BGD,Bangladesh,0.0,0.0
30_10936,Mendi,PNG,Papua New Guinea,0.0,0.0
30_10857,Calumpit,PHL,Philippines,1.0,0.0
30_4845,Volos,GRC,Greece,0.7077917789365019,0.0
30_8448,Bethuadahari,IND,India,0.0,0.0
22_4237,尤集镇,CHN,China,0.14738201190888234,0.0
30_12956,Rada'A,YEM,Yemen,0.0,0.0
30_2358,Huinan,CHN,China,0.0,0.0
30_5216,Kuala Kapuas,IDN,Indonesia,0.0,0.0
30_3140,Yagoua,CMR,Cameroon,1.0,0.0
30_9830,Bintulu,MYS,Malaysia,0.8424078290402583,0.0
30_2612,Shanggao,CHN,China,0.0,0.0
30_12882,Abs,YEM,Yemen,0.19356908546637547,0.0
30_11820,Blitta-Gare,TGO,Togo,0.0,1.0
30_7476,Mangalagiri,IND,India,0.6962018273431311,0.0
30_12706,Tucupita,VEN,Venezuela,0.0,0.0
30_12069,Yüksekova,TUR,Turkey,0.0,0.0
30_800,Arapongas,BRA,Brazil,0.0,0.0
30_3831,Kafr Al Hawi,EGY,Egypt,0.0,0.0
30_11291,Grozny,RUS,Russia,1.0,0.0
30_4736,Chelmsford,GBR,United Kingdom,1.0,1.0
30_9338,Errachidia,MAR,Morocco,1.0,0.0
30_4735,Basildon,GBR,United Kingdom,1.0,1.0
30_786,Três Lagoas,BRA,Brazil,0.6852240051734758,0.0
30_4864,Santa Lucía Cotzumalguapa,GTM,Guatemala,0.0,0.0
30_5308,Atambua,IDN,Indonesia,0.0,0.0
30_932,Passos,BRA,Brazil,0.651525357010468,0.0
30_7484,Bapatla,IND,India,0.0,0.0
30_5362,Bandipora,IND,India,0.0,0.0
30_7837,Islampur,IND,India,0.0,0.0
30_1718,Zhijin,CHN,China,0.93584124540958,0.0
30_11269,Georgiyevsk,RUS,Russia,0.811821163670854,0.0
30_9157,Mandera,KEN,Kenya,0.9924899506687905,0.0
30_8529,,IND,India,0.0,0.0
30_104,N'Dalatando,AGO,Angola,0.37591876468526775,0.0
30_13108,Gweru,ZWE,Zimbabwe,0.32846647565510995,0.0
30_9437,Silao,MEX,Mexico,1.0,0.0
30_11995,Niğde,TUR,Turkey,0.0,0.0
30_2523,Yangxin,CHN,China,0.0,0.0
30_481,Mahmudpur,BGD,Bangladesh,0.0,0.0
30_5147,Juwana,IDN,Indonesia,0.0,0.0
30_8947,Acireale,ITA,Italy,0.0,0.0
30_715,Achotnica,BLR,Belarus,0.0,0.0
30_9184,Pyeongtaek-Si,KOR,South Korea,0.5634035146976659,0.0
23_62367,Pyeongtaek-Si,KOR,South Korea,0.5634035146976659,0.0
30_5345,Kotaraja,IDN,Indonesia,0.0,0.0
30_5693,Pardi,IND,India,0.0,0.0
30_3869,Al Arish,EGY,Egypt,0.5424677787972074,0.0
30_2253,Dawu,CHN,China,0.0,0.0
30_8746,Quchan,IRN,Iran,0.3654747449561587,0.0
30_6667,Siruguppa,IND,India,0.0,0.0
30_477,Islampur-ইসলামপুর,BGD,Bangladesh,0.0,0.0
30_8834,Ash Shamiya,IRQ,Iraq,0.0,0.0
30_12599,Gulistan,UZB,Uzbekistan,0.34563687743362986,0.0
30_1693,Kaizhou,CHN,China,0.0,0.0
30_11330,Orsk,RUS,Russia,0.4076742112202672,0.0
30_851,Catanduva,BRA,Brazil,0.9775682177144988,0.0
30_12787,An Chau,VNM,Vietnam,0.0,0.0
23_56164,Arambagh,IND,India,0.0,0.0
30_2649,Yangxi,CHN,China,0.0,0.0
30_4739,Maidstone,GBR,United Kingdom,1.0,1.0
30_6236,Ambah,IND,India,0.0,0.0
30_10554,Pabbi,PAK,Pakistan,0.0,0.0
30_4905,Villanueva,HND,Honduras,0.0,0.0
30_11228,Bataysk,RUS,Russia,0.0,0.0
30_5302,Raha,IDN,Indonesia,0.0,0.0
30_1649,Wenxi,CHN,China,0.0,0.0
30_7432,Kavali,IND,India,0.8979208709342004,0.0
30_630,বিশ্বনাথ - Biswanath,BGD,Bangladesh,0.11245787604500275,0.0
30_11143,Baia Mare,ROU,Romania,0.2633885450730304,0.0
30_1122,Sarnia,CAN,Canada,1.0,0.0
30_12434,Bloomington,USA,United States,0.3694874973446477,0.0
30_10048,Ogwashi Uku,NGA,Nigeria,0.0,0.0
30_9146,Meru,KEN,Kenya,0.0,0.0
30_1148,Trois-Rivières,CAN,Canada,0.797227480125442,0.0
30_13078,Kapiri Mposhi,ZMB,Zambia,0.0,0.0
30_6352,Majalgaon,IND,India,0.0,0.0
30_12067,Doğubayazıt,TUR,Turkey,0.0,0.0
30_2567,Chaling,CHN,China,0.0,0.0
30_6275,Ujhani,IND,India,0.0,0.0
30_235,Campbelltown,AUS,Australia,1.0,0.0
30_5324,Nabire,IDN,Indonesia,1.0,0.0
30_1841,Xixia,CHN,China,0.0,0.0
30_10097,Madalla,NGA,Nigeria,0.47625638849047497,0.0
30_2385,Yangluo,CHN,China,1.0,1.0
30_9392,Navojoa,MEX,Mexico,0.0,0.0
23_61752,,KEN,Kenya,0.0,0.0
30_9155,Hagadera Refugee Camp,KEN,Kenya,0.0,0.0
30_11670,Yambio,SSD,South Sudan,0.0,0.0
30_2770,Xinfeng,CHN,China,0.0,0.0
30_836,Ourinhos,BRA,Brazil,0.7196677406900212,0.0
22_12248,Chak 11 Gajjiani,PAK,Pakistan,0.0,0.0
30_2019,Weishi,CHN,China,0.0,0.0
30_1500,Longjiang,CHN,China,0.0,0.0
30_7050,Palani,IND,India,0.0,0.0
30_6018,Sheopur,IND,India,0.7114834887999363,0.0
30_6656,Parasia,IND,India,0.0,0.0
30_12245,Las Piedras,URY,Uruguay,0.6123571730817654,0.0
30_1495,Banzeng,CHN,China,0.0,0.0
30_9336,Sefrou,MAR,Morocco,0.0,0.0
30_10230,Dambarta,NGA,Nigeria,0.0,0.0
30_663,Brac Poultry Farm,BGD,Bangladesh,0.0,0.0
30_12752,Hưng Yên,VNM,Vietnam,0.0,0.0
30_2793,Huangqiao,CHN,China,0.0,0.0
30_9664,Tangyan,MMR,Myanmar,0.0,0.0
30_5688,Bardoli,IND,India,0.0,0.0
30_11290,Berezniki,RUS,Russia,0.0,0.0
30_3426,Palma Soriano,CUB,Cuba,0.0,0.0
30_10912,Valencia,PHL,Philippines,0.0,0.0
30_2209,Guangshui,CHN,China,0.7076444732614606,0.0
30_1461,Anyue,CHN,China,0.0,0.0
30_7974,Bhurkunda,IND,India,0.0,0.0
30_7199,Shahganj,IND,India,0.0,0.0
30_4906,Comayagua,HND,Honduras,0.0,0.0
30_11996,Bafra,TUR,Turkey,0.0,0.0
30_2614,Fenyi,CHN,China,0.0,0.0
30_3537,Aalborg,DNK,Denmark,0.0,0.0
30_3243,,COD,Democratic Republic of the Congo,0.9363612179262274,0.0
30_1058,Simões Filho,BRA,Brazil,0.3440665494213469,0.0
30_5319,Masohi,IDN,Indonesia,0.0,0.0
30_1084,Cabo De Santo Agostinho,BRA,Brazil,0.7291296650557988,0.0
30_3185,Tshimbulu,COD,Democratic Republic of the Congo,0.0,0.0
30_1835,Qinyang,CHN,China,0.0,0.0
30_8863,Ashkelon,ISR,Israel,1.0,0.0
30_9975,Idanre,NGA,Nigeria,0.0,0.0
23_72828,Wandhi Ghund Wali,PAK,Pakistan,0.0,0.0
30_9006,Beppu,JPN,Japan,0.0,0.0
30_8968,Aqaba,JOR,Jordan,0.9963441804271737,0.0
30_10162,Abiriba,NGA,Nigeria,0.0,0.0
30_10029,Obinomba,NGA,Nigeria,0.0,0.0
30_9735,Milange,MOZ,Mozambique,1.0,0.0
30_10274,Ningi,NGA,Nigeria,0.0,0.0
30_92,Cubal,AGO,Angola,0.0,0.0
30_11459,Shearia,SDN,Sudan,0.0,0.0
30_12401,Chesterfield,USA,United States,0.03149471838636585,0.0
30_212,Tandil,ARG,Argentina,0.0,0.0
30_2079,Zhijiang,CHN,China,0.0,0.0
30_2779,Xinqiao,CHN,China,0.0,0.0
30_7471,,IND,India,0.0,0.0
30_8994,Ōmuta,JPN,Japan,0.0,0.0
30_5050,Mekarjaya,IDN,Indonesia,0.0,0.0
30_1713,Renhuai,CHN,China,0.0,0.0
30_4181,Sodo,ETH,Ethiopia,0.0,0.0
30_9275,Klaipėda,LTU,Lithuania,0.36866062970343105,0.0
30_1011,Teresópolis,BRA,Brazil,0.7951366007314009,0.0
30_2872,‎Jiaolin,CHN,China,0.0,0.0
30_2154,Xinchengzi,CHN,China,0.0,0.0
30_8600,Salmas,IRN,Iran,0.0,0.0
30_2989,Qingtian,CHN,China,0.0,0.0
30_11275,Водник,RUS,Russia,0.0,0.0
30_10145,Ishiagu,NGA,Nigeria,0.0,0.0
30_2802,Heping,CHN,China,0.0,0.0
30_1093,Mmopane,BWA,Botswana,0.0,0.0
30_8364,Rampur Hat,IND,India,0.0,0.0
30_1425,大英县,CHN,China,0.0,0.0
30_8603,Marand,IRN,Iran,0.0,0.0
30_4176,Shire,ETH,Ethiopia,0.0,0.0
30_1019,Teófilo Otoni,BRA,Brazil,0.5393213945918209,0.0
30_7012,Cumbum,IND,India,0.0,0.0
30_6647,Laharpur,IND,India,0.0,0.0
30_6718,Bodhan,IND,India,0.0,0.0
30_12528,York,USA,United States,0.1107743588932542,0.0
30_9596,Bhamo,MMR,Myanmar,1.0,0.0
30_4909,Choluteca,HND,Honduras,1.0,0.0
30_3125,Banki,CMR,Cameroon,0.0,0.0
30_8557,Pathar Kandi,IND,India,0.006019343860600495,0.0
30_6935,Maihar,IND,India,0.0,0.0
30_8582,Senapati,IND,India,0.0,0.0
30_159,Yacuiba,ARG,Argentina,0.0013152522629513582,0.0
30_6875,Khaga,IND,India,0.0,0.0
23_76411,Zielona Góra,POL,Poland,0.0,0.0
30_8309,Rajmahal,IND,India,0.0,0.0
30_9010,Tottori,JPN,Japan,0.4792087687704878,0.0
30_12844,Tan Phu,VNM,Vietnam,0.0,0.0
30_3155,Kenge,COD,Democratic Republic of the Congo,0.0,0.0
30_3601,Larbaa,DZA,Algeria,0.012713337870396649,0.0
30_3314,Ipiales,COL,Colombia,1.0,0.0
30_10890,Tabaco,PHL,Philippines,0.0,0.0
30_10207,Bichi,NGA,Nigeria,0.0,0.0
30_4994,Payakumbuh,IDN,Indonesia,0.0,0.0
30_12424,Peoria,USA,United States,0.986156037421963,0.0
30_11078,Hamju,PRK,North Korea,0.0,0.0
30_49,Chayab,AFG,Afghanistan,0.0,0.0
30_12337,Pueblo,USA,United States,1.0,0.0
30_523,Pirojpur,BGD,Bangladesh,0.0,0.0
30_6699,Sulthan Bathery,IND,India,0.0,0.0
30_11116,Braga,PRT,Portugal,0.0,0.0
30_2202,Anxiang,CHN,China,0.6577071836412993,0.0
30_8453,,IND,India,1.0,0.0
30_4701,Basingstoke,GBR,United Kingdom,0.9999997192755362,0.9999997192755364
30_7531,Gummidipundi,IND,India,0.0,0.0
30_12932,Jibla,YEM,Yemen,0.0,0.0
30_2315,Xinhe,CHN,China,1.0,0.8886227847636684
30_12314,Mountain View,USA,United States,0.13748780637190652,0.0
30_12223,Sloviansk,UKR,Ukraine,0.0,0.0
30_1977,Huanghua,CHN,China,0.0,0.0
30_11250,Nevinnomyssk,RUS,Russia,1.0,0.0
30_12360,Sachse,USA,United States,0.0,0.0
30_881,Araucária,BRA,Brazil,1.0,0.0
30_6541,Pipariya,IND,India,0.0,0.0
30_9447,Zitácuaro,MEX,Mexico,0.0,0.0
30_6683,Biswan,IND,India,0.0,0.0
30_12048,Bingöl,TUR,Turkey,0.0,0.0
30_2868,织里镇,CHN,China,0.0,0.0
30_4625,Torquay,GBR,United Kingdom,1.0,1.0
30_5452,Dhire Kot,IND,India,0.0,0.0
30_9063,Ishinomaki,JPN,Japan,0.9399038840128136,0.0
30_1344,Shifang,CHN,China,0.0,0.0
30_4790,Winneba,GHA,Ghana,0.0,0.0
30_10623,Oghi,PAK,Pakistan,0.0,0.0
30_801,Apucarana,BRA,Brazil,0.0,0.0
30_5517,Palitana,IND,India,0.0,0.0
30_8472,Chakdaha,IND,India,1.0,0.0
30_3904,Badajoz,ESP,Spain,0.691431461825896,0.0
30_955,Ribeirão Pires,BRA,Brazil,1.0,1.0
30_2963,濠江区,CHN,China,0.04947326925681808,0.0
30_1544,Jiaocheng,CHN,China,0.0,0.0
30_6121,Bari,IND,India,0.0,0.0
30_12260,San Rafael,USA,United States,1.0,0.5488764494596811
30_2747,Wengyuan,CHN,China,0.0,0.0
30_12691,Valle De La Pascua,VEN,Venezuela,0.7376132849936702,0.0
30_2653,Jinhu,CHN,China,0.0,0.0
30_2006,高唐县,CHN,China,0.0,0.0
30_1169,Arica,CHL,Chile,0.5779480589182826,0.0
30_11103,Paechon,PRK,North Korea,0.0,0.0
30_5422,Fazilka,IND,India,0.0,0.0
30_2692,Jishui,CHN,China,0.0,0.0
30_5764,Alibag,IND,India,1.0,1.0
30_1949,Laiji,CHN,China,0.0,0.0
30_6403,Tilhar,IND,India,0.0,0.0
30_10129,Avodim,NGA,Nigeria,0.0,0.0
30_11046,Musan,PRK,North Korea,0.0,0.0
30_4721,Bedford,GBR,United Kingdom,1.0,1.0
30_2794,Nanfeng,CHN,China,0.0,0.0
30_7049,Chintamani,IND,India,0.0,0.0
30_7790,Sursand,IND,India,0.0,0.0
30_9888,Idiroko,NGA,Nigeria,0.0,0.0
30_7593,Birgunj,IND,India,1.0,0.0
30_6020,Shrirampur,IND,India,0.0,0.0
30_8678,Chalus,IRN,Iran,0.3418846013083588,0.0
30_8904,Bolzano - Bozen,ITA,Italy,1.0,0.0
30_9663,Loikaw,MMR,Myanmar,0.6804132547952187,0.0
30_9079,泉町黒須野,JPN,Japan,0.6502205024558297,0.0
30_7397,Anpara,IND,India,0.0,0.0
30_3569,Mecheria,DZA,Algeria,0.998169536786924,0.0
30_13049,Ehlau-Hlau,ZAF,South Africa,0.8497223987663604,0.0
30_10757,Bhai Pheru,PAK,Pakistan,0.0,0.0
30_12524,Columbia,USA,United States,0.99999998579588,0.0
30_6561,Pukhrayan,IND,India,0.0,0.0
30_7014,Shahpura,IND,India,0.0,0.0
30_5085,Tanjung Pandan,IDN,Indonesia,0.0,0.0
30_4572,Valenciennes,FRA,France,0.44796086279051567,0.0
30_2317,Panshi,CHN,China,0.0,0.0
30_3512,Erlangen,DEU,Germany,0.0,0.0
30_6557,Kalpi,IND,India,0.0,0.0
30_1310,Longnan,CHN,China,0.0,0.0
30_6836,Kothamangalam,IND,India,0.38961486360011344,0.0
30_3028,Pingyang,CHN,China,0.10088792583253955,0.0
30_7381,Tirukkovilur,IND,India,0.0,0.0
30_3218,Kakanda,COD,Democratic Republic of the Congo,0.0,0.0
30_2249,Huarong,CHN,China,0.0,0.0
30_7437,Vriddhachalam,IND,India,0.0,0.0
30_1749,Lucheng,CHN,China,0.0,0.0
30_7824,,IND,India,0.0,0.0
30_11185,Obninsk,RUS,Russia,0.0,0.0
30_10500,Chitral,PAK,Pakistan,0.0,0.0
30_9344,Taourirt,MAR,Morocco,0.0,0.0
30_7180,Rayachoti,IND,India,0.0,0.0
30_2590,Ruichang,CHN,China,0.0,0.0
30_11086,Hongwon,PRK,North Korea,0.0,0.0
30_5981,Dhar,IND,India,0.0,0.0
30_6507,Mau Ranipur,IND,India,0.0,0.0
30_11882,Hisor,TJK,Tajikistan,1.0,0.0
30_1436,威远县,CHN,China,0.0,0.0
30_12310,Olympia,USA,United States,0.15143623045686738,0.0
30_3500,Göttingen,DEU,Germany,1.0,0.0
30_8377,,IND,India,0.0,0.0
30_9453,Iguala,MEX,Mexico,0.0,0.0
30_6283,Aonla,IND,India,0.0,0.0
30_5241,Tenggarong,IDN,Indonesia,0.0,0.0
30_9749,Gurue,MOZ,Mozambique,0.0,0.0
30_704,Banja Luka,BIH,Bosnia and Herzegovina,0.0,0.0
30_13135,Mutare,ZWE,Zimbabwe,0.0,0.0
30_7354,Hata,IND,India,0.0,0.0
30_3750,Abu Sir Bana,EGY,Egypt,0.0,0.0
30_6821,Sangareddy,IND,India,0.0,0.0
30_6528,Basmat,IND,India,0.0,0.0
30_4386,Kobo,ETH,Ethiopia,0.0,0.0
30_7124,Iltifatganj,IND,India,0.0,0.0
30_4627,Exeter,GBR,United Kingdom,0.9999998839310441,0.999999883931044
30_12471,Florence,USA,United States,0.5085725760428301,0.0
30_12312,Sunland Park,USA,United States,0.015464277238705724,0.0
30_3380,Ciénaga,COL,Colombia,0.0,0.0
30_4825,Kissidougou,GIN,Guinea,0.0,0.0
30_11090,Sinpho,PRK,North Korea,0.7876540628684151,0.0
30_10087,Oyigbo,NGA,Nigeria,0.0013663024770380525,0.0
30_8541,Marigaon,IND,India,0.0,0.0
30_5011,Bangko,IDN,Indonesia,0.0,0.0
30_12060,Patnos,TUR,Turkey,0.0,0.0
30_2575,Wanzai,CHN,China,0.0,0.0
30_5920,Chiplun,IND,India,0.0,0.0
30_7163,Shahdol,IND,India,0.0,0.0
30_7778,Samarlakota,IND,India,0.0,0.0
30_33,Tarinkot,AFG,Afghanistan,0.7979270090171755,0.0
30_9422,La Piedad De Cabadas,MEX,Mexico,0.0,0.0
30_12208,Nikopol,UKR,Ukraine,0.4003946785290134,0.0
30_11768,Pala,TCD,Chad,0.79602886746486,0.0
30_9304,El Kelaa Des Sraghna,MAR,Morocco,0.0,0.0
30_12976,Shihr,YEM,Yemen,0.0,0.0
30_9243,Sabha,LBY,Libya,0.9431780480303453,0.0
30_10533,Thul,PAK,Pakistan,0.0,0.0
30_2099,Dongping,CHN,China,0.0,0.0
30_599,,BGD,Bangladesh,0.6415777149702788,0.0
30_1509,Tongnan,CHN,China,0.0,0.0
30_5965,Suket,IND,India,0.0,0.0
30_2036,Yicheng,CHN,China,0.0,0.0
30_4588,Besançon,FRA,France,0.0,0.0
30_1069,Garanhuns,BRA,Brazil,1.0,0.0
30_7364,Dohrighat,IND,India,0.0,0.0
30_1574,Weixin,CHN,China,0.0,0.0
30_10113,Umu Lawlaw,NGA,Nigeria,0.0,0.0
30_1964,Longhu,CHN,China,0.5991635523681167,0.0
30_12934,Al Milhi,YEM,Yemen,0.0,0.0
30_4857,Mazatenango,GTM,Guatemala,0.0,0.0
30_10622,Kot Addu,PAK,Pakistan,1.0,0.0
30_6946,Sirsilla,IND,India,0.0,0.0
30_1711,Fengdu,CHN,China,0.0,0.0
30_4708,High Wycombe,GBR,United Kingdom,1.0,1.0
30_1657,Bei'An,CHN,China,0.0,0.0
30_236,Penrith,AUS,Australia,1.0,1.0
30_10300,Katsiro,NGA,Nigeria,0.0,0.0
30_7424,Bhatpara,IND,India,0.0,0.0
30_1116,Red Deer,CAN,Canada,0.0,0.0
30_3681,Ibarra,ECU,Ecuador,1.0,0.0
30_1498,Hunyuan,CHN,China,0.0,0.0
30_12614,Rishtan,UZB,Uzbekistan,0.0,0.0
30_3948,Torrevieja,ESP,Spain,0.0,0.0
30_10120,Bori,NGA,Nigeria,0.0,0.0
30_2557,Linjiang,CHN,China,0.7939085648686419,0.0
30_9586,Shwebo,MMR,Myanmar,0.0,0.0
30_5449,Tarn Taran Sahib,IND,India,0.0,0.0
30_8411,Bazarsau,IND,India,0.0,0.0
30_10365,Jaudiri,NGA,Nigeria,0.0,0.0
30_11887,Vahdat,TJK,Tajikistan,0.0,0.0
30_1080,Vitória De Santo Antão,BRA,Brazil,0.0,0.0
30_6803,Lalganj,IND,India,0.0,0.0
30_7453,Salempur,IND,India,0.0,0.0
30_12851,Bảo Lộc,VNM,Vietnam,0.0,0.0
30_5791,Kotputli,IND,India,0.0,0.0
30_8029,Jamui,IND,India,0.926781944663848,0.0
30_10694,Kahror Pakka,PAK,Pakistan,0.0,0.0
30_2848,Chun'An,CHN,China,0.6095718068692281,0.0
30_2669,Wuwei,CHN,China,0.0,0.0
30_4664,Cheltenham,GBR,United Kingdom,0.9999998911039021,0.9999998911039025
30_9882,Magaria,NER,Niger,0.5127500153888396,0.0
30_2379,Penglai,CHN,China,0.912186443143608,0.0
30_2901,长安镇,CHN,China,1.0,0.0
30_10617,Battagram,PAK,Pakistan,0.0,0.0
30_8819,Baqubah,IRQ,Iraq,0.0,0.0
30_9404,Agua Prieta,MEX,Mexico,0.0,0.0
30_10372,Chinandega,NIC,Nicaragua,1.0,0.0
30_9152,Wajir,KEN,Kenya,1.0,0.0
30_2616,Xiangshui,CHN,China,0.0,0.0
30_524,Noapara,BGD,Bangladesh,0.0,0.0
30_3059,Méagui,CIV,Côte d'Ivoire,0.0,0.0
30_3722,Mehallet Roh,EGY,Egypt,0.0,0.0
30_716,Zhodzina,BLR,Belarus,0.0,0.0
30_960,Pouso Alegre,BRA,Brazil,0.0,0.0
30_1592,Hejiang,CHN,China,0.0,0.0
30_1109,Langley,CAN,Canada,1.0,1.0
30_3778,Kafr Al Dayr,EGY,Egypt,1.0,1.0
30_8195,Kahalgaon,IND,India,0.0,0.0
30_6021,Kotdwar,IND,India,0.0,0.0
30_8598,Blanchardstown,IRL,Ireland,1.0,0.0
30_12046,Geyiktepe,TUR,Turkey,0.0,0.0
30_3775,Dundet,EGY,Egypt,0.0,0.0
30_8492,,IND,India,0.0,0.0
30_7625,Bikramganj,IND,India,0.0,0.0
30_11470,Adiela,SDN,Sudan,0.0,0.0
30_2743,Xiongxiangcun,CHN,China,1.0,0.0
30_4464,Chiro,ETH,Ethiopia,0.0,0.0
30_12694,Anaco,VEN,Venezuela,0.0,0.0
30_8712,Bagh-E Zahra,IRN,Iran,1.0,0.0
30_671,Raujan,BGD,Bangladesh,0.0,0.0
30_6562,Rath,IND,India,0.0,0.0
30_7626,Garhwa,IND,India,0.0,0.0
30_12253,Santa Cruz,USA,United States,0.15974728459539037,0.0
30_4814,Kamsar,GIN,Guinea,0.0,0.0
30_6489,Ilkal,IND,India,0.0,0.0
30_2673,Tianchang,CHN,China,0.6659776271555601,0.0
30_12988,Uitenhage,ZAF,South Africa,0.43947457178574184,0.0
30_529,Delduar,BGD,Bangladesh,0.18889030145440266,0.0
30_2147,Zhecheng,CHN,China,0.0,0.0
30_9543,San Miguel De Cozumel,MEX,Mexico,0.41651146455060767,0.0
30_1744,Yangcheng,CHN,China,0.0,0.0
30_7464,Neyveli,IND,India,0.0,0.0
30_11735,Västerhaninge,SWE,Sweden,0.0,0.0
30_3417,Sancti Spiritus,CUB,Cuba,0.0,0.0
30_12623,Quva,UZB,Uzbekistan,0.6525566325787033,0.0
30_1201,Punta Arenas,CHL,Chile,1.0,0.0
30_867,Barretos,BRA,Brazil,1.0,0.0
30_8042,Mahespatti,IND,India,0.0,0.0
30_12100,Kahama,TZA,Tanzania,0.0,0.0
30_10795,Huaraz,PER,Peru,0.0,0.0
30_5031,Tanjung Pinang,IDN,Indonesia,0.0,0.0
30_11591,Honiara,SLB,Solomon Islands,1.0,0.0
30_9143,Thika,KEN,Kenya,0.7344847109847593,0.0
30_9983,Tuga Nama,NGA,Nigeria,0.5921759761827877,0.0
30_9825,Kluang,MYS,Malaysia,1.0,0.0
30_9640,Letpadan,MMR,Myanmar,0.0,0.0
30_6832,Kamareddy,IND,India,0.0,0.0
30_2097,Shimen,CHN,China,0.0,0.0
30_1559,Qingxu,CHN,China,0.3203075171118668,0.0
30_10553,Thana,PAK,Pakistan,0.0,0.0
30_9998,Egbe,NGA,Nigeria,0.0,0.0
30_2613,Tongcheng,CHN,China,0.0,0.0
30_8131,Chaibasa,IND,India,0.6418754789389827,0.0
30_2357,Baiyun,CHN,China,0.0,0.0
30_3013,Shuitou,CHN,China,0.0,0.0
30_11873,Yala,THA,Thailand,0.6208328101194875,0.0
30_11022,Tongrim,PRK,North Korea,0.0,0.0
30_5280,Sengkang,IDN,Indonesia,0.0,0.0
30_11238,Vesyoloye,RUS,Russia,0.0,0.0
30_11771,Bongor,TCD,Chad,1.0,0.0
30_892,Sertãozinho,BRA,Brazil,0.0,0.0
30_1434,Yangling,CHN,China,0.0,0.0
30_2979,Zhangpu,CHN,China,0.0,0.0
30_2624,Suifenhe,CHN,China,0.5802409920017984,0.0
30_3559,Maghnia,DZA,Algeria,0.0,0.0
30_3699,Shubra Khit,EGY,Egypt,0.0,0.0
30_4524,Turku,FIN,Finland,0.28999181786914935,0.0
30_12248,Maldonado,URY,Uruguay,0.5538664978146319,0.0
30_6000,Kosi Kalan,IND,India,0.0,0.0
30_11638,Las Anod,SOM,Somalia,1.0,0.0
30_8758,Torbate Heydariye,IRN,Iran,0.7762301729250819,0.0
30_1851,Suiling,CHN,China,0.0,0.0
30_317,Kortrijk,BEL,Belgium,0.0,0.0
30_12468,Kenosha,USA,United States,0.7861333234756163,0.0
30_5581,Fatehpur Shekhawati,IND,India,0.0,0.0
30_6613,Gadarwara,IND,India,0.0,0.0
30_9341,Guercif,MAR,Morocco,0.0,0.0
30_12263,Simi Valley,USA,United States,0.9999986052932763,0.28701457884455245
30_3870,Faris,EGY,Egypt,0.0,0.0
30_12678,San Juan De Los Morros,VEN,Venezuela,0.0,0.0
30_3153,Kibomango,COD,Democratic Republic of the Congo,0.8104228984574672,0.0
30_10534,Tangi,PAK,Pakistan,0.0,0.0
30_5349,Auwoora,IND,India,0.0,0.0
30_13017,Lenasia,ZAF,South Africa,1.0,0.0
30_8845,Al Hai,IRQ,Iraq,1.0,0.0
23_58178,Neqab,IRN,Iran,0.0,0.0
30_584,Jhalokati,BGD,Bangladesh,0.0,0.0
30_3757,Kafr Al Arab,EGY,Egypt,0.0,0.0
30_6004,Jhalawar,IND,India,0.6737260876206609,0.0
30_4685,Cudworth,GBR,United Kingdom,1.0,1.0
30_4718,Lincoln,GBR,United Kingdom,1.0,1.0
30_1525,Dazu,CHN,China,0.0,0.0
30_10824,Puno,PER,Peru,0.8973683803522572,0.0
30_12508,Youngstown,USA,United States,0.0,0.0
30_9310,Fkih Ben Salah,MAR,Morocco,0.0,0.0
30_5303,Luwuk,IDN,Indonesia,0.21175341977607148,0.0
30_2080,Yuanling,CHN,China,1.0,0.0
30_10919,Panabo,PHL,Philippines,0.0,0.0
30_10697,Dina,PAK,Pakistan,0.0,0.0
30_3420,Manzanillo,CUB,Cuba,0.7930721570594443,0.0
30_1619,Xuanhan,CHN,China,0.0,0.0
30_11200,Orekhovo-Zouïevo,RUS,Russia,0.0,0.0
30_2676,Ji'An,CHN,China,0.7193560177092742,0.0
30_1140,Orléans,CAN,Canada,0.0,0.0
30_52,Rustaq,AFG,Afghanistan,0.0,0.0
30_1071,Santa Cruz Do Capibaribe,BRA,Brazil,0.0,0.0
30_6710,Zaheerabad,IND,India,0.0,0.0
30_2319,Guoyang,CHN,China,0.0,0.0
30_5227,Amuntai,IDN,Indonesia,0.0,0.0
30_3401,Uribia,COL,Colombia,0.0,0.0
30_570,Swarupkathi,BGD,Bangladesh,0.0,0.0
30_9935,Koko,NGA,Nigeria,0.0,0.0
30_6158,Jaysingpur,IND,India,0.0,0.0
30_12569,Lowell,USA,United States,0.0,0.0
30_12872,Prizren,XKO,Kosovo,0.6741908081665889,0.0
30_10911,Koronadal,PHL,Philippines,0.0,0.0
30_7818,Bodhgaya,IND,India,0.544937924977511,0.0
30_2003,Nanzhang,CHN,China,0.0,0.0
30_1939,Beipiao,CHN,China,0.0,0.0
30_11623,Berbera,SOM,Somalia,0.0,0.0
30_2028,Yucheng,CHN,China,0.007794705662018033,0.0
30_6772,Nanjanagudu,IND,India,0.0,0.0
30_11124,Encarnacion,PRY,Paraguay,1.0,0.0
30_928,Salto,BRA,Brazil,0.0,0.0
30_2888,Lvsigang,CHN,China,1.0,0.0
30_6715,Pattambi,IND,India,0.0,0.0
30_6068,Vasco Da Gama,IND,India,0.577310594277858,0.0
30_10110,Rubuchi,NGA,Nigeria,0.0,0.0
30_10223,Doma,NGA,Nigeria,0.0,0.0
30_7469,Panruti,IND,India,0.0,0.0
23_27425,Pinillos,COL,Colombia,0.0,0.0
30_3328,Buga,COL,Colombia,0.0,0.0
30_6955,Tadipatri,IND,India,0.0,0.0
30_80,Soyo,AGO,Angola,1.0,0.0
30_8985,Saga,JPN,Japan,1.0,0.0
30_11847,Surat Thani,THA,Thailand,0.8615343860476772,0.0
30_12419,Lakeland,USA,United States,0.165069243162241,0.0
30_9418,Hidalgo Del Parral,MEX,Mexico,0.7061207369049063,0.0
30_6728,Thanagaon,IND,India,0.0,0.0
30_10900,Tagbilaran,PHL,Philippines,0.8908059817666294,0.0
30_12461,Lafayette,USA,United States,0.5695393349434161,0.0
30_9249,Bayda,LBY,Libya,0.0,0.0
30_6627,Sandila,IND,India,0.0,0.0
30_8579,Kohima,IND,India,0.0,0.0
30_1307,Jiagedaqi,CHN,China,0.0,0.0
30_8774,Zabol,IRN,Iran,1.0,0.0
30_3046,Jinqing,CHN,China,0.0,0.0
30_1226,Fukang,CHN,China,0.0,0.0
30_1832,Maojian,CHN,China,0.0,0.0
30_3065,Sinfra,CIV,Côte d'Ivoire,0.0,0.0
30_4133,Debark,ETH,Ethiopia,0.0,0.0
30_3600,Bougara,DZA,Algeria,0.0,0.0
30_1794,Qingzhen,CHN,China,0.08424871351077916,0.0
30_12422,Evansville,USA,United States,0.16507932373135478,0.0
30_8638,Kuhdasht,IRN,Iran,0.0,0.0
30_10652,Alipur,PAK,Pakistan,0.0,0.0
30_498,পাংশা,BGD,Bangladesh,0.0,0.0
30_4758,Berekum,GHA,Ghana,0.0,0.0
30_11110,Amora,PRT,Portugal,0.9999999834316871,0.7627361179198984
30_12218,Melitopol,UKR,Ukraine,0.8439463982059124,0.0
30_2280,Fangcheng,CHN,China,0.0,0.0
30_3602,Meftah,DZA,Algeria,0.916387816821768,0.0
30_4970,Stabat,IDN,Indonesia,0.0,0.0
30_6636,Sindhanur,IND,India,0.0,0.0
30_2201,Qianjiang,CHN,China,0.7618128698358129,0.0
30_813,Birigui,BRA,Brazil,0.0,0.0
30_1606,Mile,CHN,China,0.7382527662913434,0.0
30_8818,Al Khalis,IRQ,Iraq,1.0,0.0
30_8391,Falakata,IND,India,0.0,0.0
30_4741,Colchester,GBR,United Kingdom,1.0,1.0
30_6779,Nirmal,IND,India,0.0,0.0
30_6334,Hubballi,IND,India,0.11311286216243593,0.0
30_1195,Los Ángeles,CHL,Chile,1.0,0.0
30_4947,Pécs,HUN,Hungary,0.5757879995055503,0.0
30_577,Shariatpur,BGD,Bangladesh,0.0,0.0
30_2765,Qianjin Committee,CHN,China,0.0,0.0
30_176,Santa Rosa,ARG,Argentina,0.15455735802442278,0.0
30_8972,Jerash,JOR,Jordan,0.0,0.0
30_287,Kayanza,BDI,Burundi,0.0,0.0
30_9490,Ciudad Valles,MEX,Mexico,0.0,0.0
30_2007,Shenxian,CHN,China,0.0,0.0
30_9119,Kisii,KEN,Kenya,0.8187413723795136,0.0
30_11636,Erigavo,SOM,Somalia,1.0,0.0
30_4973,Lubuk Pakam,IDN,Indonesia,0.0,0.0
30_3161,Idiofa,COD,Democratic Republic of the Congo,0.0,0.0
30_12161,Mbale,UGA,Uganda,0.0,0.0
30_2031,Nong'An,CHN,China,0.0,0.0
30_2569,Changqi,CHN,China,0.0,0.0
30_463,Saghatta,BGD,Bangladesh,0.0,0.0
30_8665,Shoushtar,IRN,Iran,0.0,0.0
30_3103,Kumbo,CMR,Cameroon,0.0,0.0
30_3771,Awlad Sarhan,EGY,Egypt,0.7934774624997748,0.0
30_869,Itapoã,BRA,Brazil,0.0,0.0
30_3610,Tizi Ouzou,DZA,Algeria,0.0,0.0
30_6987,Gobichettipalayam,IND,India,0.0,0.0
30_3413,Managua,CUB,Cuba,1.0,0.0
30_9413,Cuauhtémoc,MEX,Mexico,0.0,0.0
30_758,Sinop,BRA,Brazil,0.04005016654531726,0.0
30_2625,Fengxin,CHN,China,0.0,0.0
30_5156,Purworejo,IDN,Indonesia,0.0,0.0
30_9019,Hirosaki,JPN,Japan,0.5185568977889253,0.0
30_731,Trinidad,BOL,Bolivia,0.0,0.0
30_1906,Fengquan,CHN,China,0.0,0.0
30_8016,Balia,IND,India,0.0,0.0
30_194,Trelew,ARG,Argentina,1.0,0.0
30_2507,Donggang,CHN,China,0.0,0.0
30_1279,Dingxi,CHN,China,0.0,0.0
30_144,Green Community West,ARE,United Arab Emirates,0.0,0.0
30_11834,Chiang Rai,THA,Thailand,0.5459885757839132,0.0
30_1273,Lintao,CHN,China,0.0,0.0
30_8489,Mankachar,IND,India,0.0,0.0
30_9432,Lagos De Moreno,MEX,Mexico,0.8177115696910804,0.0
30_12348,Greeley,USA,United States,0.9999999651664,0.0
23_79975,Jubayt,SDN,Sudan,1.0,0.0
30_3782,Ghayyadah Al Gharbiyah,EGY,Egypt,0.0,0.0
30_11850,,THA,Thailand,0.0,0.0
30_993,Conselheiro Lafaiete,BRA,Brazil,0.0,0.0
30_2186,Shangzhi,CHN,China,0.5695685233984702,0.0
30_763,Uruguaiana,BRA,Brazil,1.0,0.0
30_5552,Sujangarh,IND,India,0.0,0.0
30_2686,Suichuan,CHN,China,0.7858261010587012,0.0
30_4322,Meki,ETH,Ethiopia,0.0,0.0
30_10883,Roxas City,PHL,Philippines,1.0,0.0
30_6878,Channapattana,IND,India,0.0,0.0
30_11883,Ghafurov,TJK,Tajikistan,1.0,0.0
30_12820,Trà Vinh City,VNM,Vietnam,0.0,0.0
30_4576,Troyes,FRA,France,0.3074890692968753,0.0
30_6664,Kalpetta,IND,India,0.0,0.0
30_1401,Zalantun,CHN,China,0.8893853949113533,0.0
30_7067,Phaphamau,IND,India,1.0,0.0
30_3179,Luiza,COD,Democratic Republic of the Congo,0.0,0.0
23_69054,Numai,NGA,Nigeria,1.0,0.0
30_5344,Sentani,IDN,Indonesia,0.2705128408173758,0.0
30_2083,梁山县,CHN,China,0.0,0.0
30_10309,Gashua,NGA,Nigeria,0.0,0.0
30_9978,Ido Ekiti,NGA,Nigeria,0.0,0.0
30_11450,Tulus,SDN,Sudan,0.0,0.0
30_12408,Huntsville,USA,United States,0.27256716690122257,0.0
30_8663,Khorramshahr,IRN,Iran,0.0,0.0
30_9839,Lahad Datu,MYS,Malaysia,0.0,0.0
30_11725,Helsingborg,SWE,Sweden,0.0,0.0
30_15,Maymana,AFG,Afghanistan,0.7497197288137121,0.0
30_8899,Reggio Nell'Emilia,ITA,Italy,0.0,0.0
30_2188,Shenqiu,CHN,China,0.0,0.0
30_60,Injerak,AFG,Afghanistan,1.0,0.0
30_11092,Munchon,PRK,North Korea,0.0,0.0
30_3418,Ciego De Ávila,CUB,Cuba,0.0,0.0
30_5041,Tanjungsari,IDN,Indonesia,0.0,0.0
30_7454,Renukut,IND,India,0.0,0.0
30_2172,Dancheng,CHN,China,0.0,0.0
30_10839,Subic,PHL,Philippines,0.822675183044629,0.0
30_4734,Eastbourne,GBR,United Kingdom,1.0,1.0
30_5329,Enarotali,IDN,Indonesia,1.0,0.0
30_9661,Hlegu,MMR,Myanmar,0.0,0.0
30_7436,Palwancha,IND,India,0.0,0.0
30_8588,Duliajan,IND,India,0.0,0.0
30_10633,Badin,PAK,Pakistan,1.0,0.0
30_9866,Tchin-Tabaradene,NER,Niger,0.0,0.0
30_3219,Kikondja,COD,Democratic Republic of the Congo,0.0,0.0
30_11865,Udon Thani,THA,Thailand,0.30872161232590617,0.0
30_3238,Kyolo,COD,Democratic Republic of the Congo,0.0,0.0
30_12660,San Carlos,VEN,Venezuela,0.7145523104546677,0.0
30_6519,Karanja,IND,India,0.0,0.0
30_5593,Modasa,IND,India,0.0,0.0
30_4526,Tampere,FIN,Finland,0.0,0.0
23_108,Pastun Kot,AFG,Afghanistan,0.014271521908820944,0.0
30_12610,Yangikurgan,UZB,Uzbekistan,0.020845535290685342,0.0
30_5276,Bulukumba,IDN,Indonesia,0.0,0.0
30_4647,Runcorn,GBR,United Kingdom,1.0,1.0
30_8747,Rafsanjan,IRN,Iran,0.14840894982442576,0.0
30_4593,Annecy,FRA,France,0.7742185907413393,0.0
30_1974,Baise,CHN,China,1.0,0.0
30_1493,Huyi,CHN,China,0.4306725564619194,0.0
30_10998,Tychy,POL,Poland,0.7668536783717451,0.0
30_10870,Calauan,PHL,Philippines,0.2261863191999181,0.0
30_12840,Long Khanh,VNM,Vietnam,0.2069417639884463,0.0
30_8552,Bishwanath Charaili,IND,India,0.0,0.0
30_7220,Aruppukkottai,IND,India,0.2293846798716512,0.0
30_1172,Calama,CHL,Chile,1.0,0.0
30_12479,Charleston,USA,United States,0.5342242797949738,0.0
30_11388,Sakaka,SAU,Saudi Arabia,0.0,0.0
30_3805,Kafr Ismail,EGY,Egypt,0.0,0.0
30_1128,Guelph,CAN,Canada,0.7579995211244365,0.0
30_2349,Sangyuan Wangjia,CHN,China,0.4898409258348038,0.0
30_12118,Ndiuka,TZA,Tanzania,0.0,0.0
30_9520,Ciudad Acuña,MEX,Mexico,0.7553149854971338,0.0
30_4042,Jinka,ETH,Ethiopia,0.0,0.0
23_72830,Bhakkar,PAK,Pakistan,0.0,0.0
30_9410,Apatzingán,MEX,Mexico,0.0,0.0
30_11262,Yessentuki,RUS,Russia,0.0,0.0
30_4942,Ouanaminthe,HTI,Haiti,0.0,0.0
30_4280,Morocho,ETH,Ethiopia,0.0,0.0
30_4981,Panyabungan,IDN,Indonesia,0.0,0.0
23_57047,Dhekiajuli,IND,India,0.0,0.0
30_10742,Ghakhar Mandi,PAK,Pakistan,0.0,0.0
30_5539,Dholka,IND,India,0.0,0.0
30_9001,Yonago,JPN,Japan,0.7941814667898429,0.0
30_5704,Palghar,IND,India,0.5771345117447563,0.0
30_10638,Talagang,PAK,Pakistan,0.0,0.0
30_8454,Tufanganj,IND,India,0.0,0.0
30_10135,Itaja,NGA,Nigeria,0.3653562161684266,0.0
30_549,Bhaluka,BGD,Bangladesh,0.2889071737137818,0.0
30_5409,Phalodi,IND,India,1.0,0.0
30_10545,Bathkela,PAK,Pakistan,0.0,0.0
30_9487,Apizaco,MEX,Mexico,0.0,0.0
30_1147,Sherbrooke,CAN,Canada,0.2265257089898056,0.0
30_11026,Kusong,PRK,North Korea,1.0,0.0
30_952,Bragança Paulista,BRA,Brazil,1.0,0.0
30_10022,Kabba,NGA,Nigeria,0.0,0.0
30_10013,Isanlu Mopo,NGA,Nigeria,0.0,0.0
30_1582,Zhenxiong,CHN,China,0.0,0.0
30_1394,Xingxian,CHN,China,0.6279709644319447,0.0
30_5199,Paiton,IDN,Indonesia,0.0,0.0
30_9819,Muar,MYS,Malaysia,0.0,0.0
30_8755,Rooh Abad,IRN,Iran,0.0,0.0
30_11257,Kirova,RUS,Russia,0.0,0.0
30_461,Ishurdi,BGD,Bangladesh,0.15279195462425557,0.0
30_1730,Tongzi,CHN,China,0.0,0.0
30_11266,Syzran,RUS,Russia,0.5705476519429531,0.0
30_4958,Bireuen,IDN,Indonesia,0.0,0.0
30_8732,Marvdasht,IRN,Iran,0.0,0.0
30_12439,Champaign,USA,United States,0.6868200213409195,0.0
30_3333,Cartago,COL,Colombia,0.8737996404859386,0.0
30_5178,Tegalsari,IDN,Indonesia,1.0,0.0
30_3284,Butusande,COD,Democratic Republic of the Congo,0.0,0.0
30_11288,Almetyevsk,RUS,Russia,0.0,0.0
30_6299,Chikhli,IND,India,0.0,0.0
30_3093,Kribi,CMR,Cameroon,1.0,0.0
30_12665,Puerto Ayacucho,VEN,Venezuela,1.0,0.0
30_8718,Yasuj,IRN,Iran,0.7017936619356733,0.0
30_11432,Jubail,SAU,Saudi Arabia,0.0,0.0
30_3637,El Khroub,DZA,Algeria,0.2816066242883853,0.0
30_12486,Kalamazoo,USA,United States,0.41222310843742727,0.0
30_8422,Khanakul,IND,India,0.009472011190653462,0.0
30_6349,Faridpur,IND,India,0.0,0.0
30_11732,Uppsala,SWE,Sweden,0.0,0.0
30_4951,Miskolc,HUN,Hungary,0.0,0.0
30_5082,Sumuradem,IDN,Indonesia,0.0,0.0
30_3018,Fuding,CHN,China,0.6886782940722079,0.0
30_9583,Pakokku,MMR,Myanmar,0.7313366796639255,0.0
30_10302,Misau,NGA,Nigeria,0.0,0.0
30_11666,Wau,SSD,South Sudan,0.23462254679934896,0.0
30_5569,Churu,IND,India,0.5381353255248872,0.0
30_3597,Ain Oussara,DZA,Algeria,0.0,0.0
30_3505,Ulm,DEU,Germany,0.17241566934881888,0.0
30_6074,Sherkot,IND,India,0.0,0.0
30_5944,Sangamner,IND,India,0.0,0.0
30_3213,Lubao,COD,Democratic Republic of the Congo,0.0,0.0
30_8744,Sabzevar,IRN,Iran,0.8109409642059809,0.0
30_2639,Guangning,CHN,China,1.0,0.0
30_18,Sar-E Pol,AFG,Afghanistan,0.0,0.0
30_8467,Badkulla,IND,India,0.6343653092068252,0.0
30_4635,Newport,GBR,United Kingdom,0.9999158645283774,0.9999158645283314
30_13,,AFG,Afghanistan,0.0,0.0
30_3462,Osnabrück,DEU,Germany,0.0,0.0
30_5803,Shahapur,IND,India,1.0,0.0
30_2961,Pinghe,CHN,China,0.0,0.0
30_2940,Tinglin,CHN,China,1.0,0.9243320554326591
30_8424,Panskura,IND,India,0.0,0.0
30_6670,Areecode,IND,India,0.0,0.0
30_11946,Akhisar,TUR,Turkey,0.9903387231832065,0.0
30_7723,,IND,India,0.16448236902470673,0.0
30_3082,Abengourou,CIV,Côte d'Ivoire,0.0,0.0
30_2576,Zhangpu,CHN,China,0.0,0.0
30_11101,Omong-Ri,PRK,North Korea,0.0,0.0
30_9963,Mokwa,NGA,Nigeria,0.0,0.0
30_7339,Mubarakpur,IND,India,0.5276286116321844,0.0
23_26111,Tshimbalanga,COD,Democratic Republic of the Congo,0.0,0.0
30_3944,Cartagena,ESP,Spain,0.09079367506796401,0.0
30_11939,Çorlu,TUR,Turkey,0.0,0.0
30_9434,Uriangato,MEX,Mexico,0.0,0.0
30_6274,Bhatkal,IND,India,0.6727469927082713,0.0
30_10656,Khushab,PAK,Pakistan,1.0,0.0
30_6724,Tanduru,IND,India,0.0,0.0
30_2257,Xi,CHN,China,0.0,0.0
30_1644,Shangluo,CHN,China,0.936780599269629,0.0
30_2071,平阴县,CHN,China,0.0,0.0
30_12742,Đại Nghĩa,VNM,Vietnam,0.0,0.0
30_7683,Bairgania,IND,India,0.0,0.0
30_11020,Ryongchon,PRK,North Korea,0.0,0.0
30_9400,Tecoman,MEX,Mexico,0.0,0.0
30_1417,Rongxian,CHN,China,0.0,0.0
30_890,Botucatu,BRA,Brazil,0.0,0.0
30_2764,Wanqingsha,CHN,China,1.0,0.0
30_10560,Thatta,PAK,Pakistan,0.0,0.0
30_12997,Botshabelo,ZAF,South Africa,0.0,0.0
30_10010,Oka-Akoko,NGA,Nigeria,0.0,0.0
30_9996,Emure,NGA,Nigeria,0.0,0.0
30_8275,Sahibganj,IND,India,0.0,0.0
30_3288,Ndalama,COD,Democratic Republic of the Congo,0.0,0.0
30_1550,Tongliang,CHN,China,0.0,0.0
30_7879,Gumla,IND,India,0.0,0.0
30_11817,Kpalimé,TGO,Togo,1.0,1.0
30_12053,Muş,TUR,Turkey,0.6361881464310659,0.0
30_2965,Jinyun,CHN,China,0.0,0.0
23_73232,Tanveer Abad,PAK,Pakistan,0.2956826806320955,0.0
30_1801,Bazhou,CHN,China,0.673588232195418,0.0
30_2655,Quanjiao,CHN,China,0.0575152530706689,0.0
30_9904,Eruwa Titun,NGA,Nigeria,0.0,0.0
30_12011,Yumurtalık,TUR,Turkey,0.0,0.0
30_6920,Kottarakara,IND,India,0.0,0.0
23_72,Qeysar,AFG,Afghanistan,0.7476546692475788,0.0
30_9652,Pyapon,MMR,Myanmar,0.6585705305921472,0.0
30_6455,Ranebennur,IND,India,0.0,0.0
30_12571,Lawrence,USA,United States,0.8119712516339921,0.0
30_12492,Fayetteville,USA,United States,0.2794399259744208,0.0
30_2142,Zhenxiabo,CHN,China,0.0,0.0
30_10765,Allahabad,PAK,Pakistan,0.0,0.0
30_11043,Sukchon,PRK,North Korea,0.0,0.0
30_162,San Rafael,ARG,Argentina,0.1559801556435031,0.0
30_7532,Thiruvarur,IND,India,0.0,0.0
30_12051,Kızıltepe,TUR,Turkey,0.0,0.0
30_9408,Lázaro Cárdenas,MEX,Mexico,0.0,0.0
30_2483,Rongxian,CHN,China,0.0,0.0
30_4805,Somanya,GHA,Ghana,0.0,1.0
30_12008,Tokat,TUR,Turkey,0.0,0.0
30_9251,Tobruk,LBY,Libya,0.0,0.0
23_3432,Uttar Baghoil,BGD,Bangladesh,1.0,0.0
30_5591,Rajsamand,IND,India,0.5158161505611538,0.0
30_8672,Saveh,IRN,Iran,0.0,0.0
30_24,Girishk,AFG,Afghanistan,0.0,0.0
30_11374,Yuzhno-Sakhalinsk,RUS,Russia,0.64920584098938,0.0
30_10750,Renala Khurd,PAK,Pakistan,0.0,0.0
30_2687,Shuikoucun,CHN,China,0.0,0.0
30_10856,Gapan,PHL,Philippines,0.0,0.0
30_5653,Hansi,IND,India,0.0,0.0
30_7402,Bagaha,IND,India,0.0,0.0
30_9460,Capulhuac De Mirafuentes,MEX,Mexico,0.0,0.0
30_7481,Tindivanam,IND,India,0.0,0.0
30_12515,Manassas,USA,United States,0.9999999872350168,0.0
30_10597,Tando Muhammad Khan,PAK,Pakistan,0.0,0.0
30_1777,播州区,CHN,China,1.0,0.0
30_2454,Dongfang,CHN,China,1.0,0.0
30_12834,Gia Kiệm,VNM,Vietnam,0.0,0.0
30_12470,Racine,USA,United States,0.3992765583596439,0.0
30_7771,,IND,India,0.0,0.0
30_11912,Qafsa,TUN,Tunisia,0.0,0.0
30_11979,Manavgat,TUR,Turkey,0.0,0.0
30_6102,Pachora,IND,India,0.0,0.0
30_3546,Baní,DOM,Dominican Republic,0.0,0.0
30_8619,Marivan,IRN,Iran,0.0,0.0
30_9286,Guelmim,MAR,Morocco,0.0,0.0
30_12531,Lancaster,USA,United States,0.6270557799652167,0.0
30_1808,Yiyang,CHN,China,0.0,0.0
30_9651,Kyaiklat,MMR,Myanmar,0.0,0.0
30_4552,Limoges,FRA,France,0.1357989806634577,0.0
30_2295,微山县,CHN,China,0.0,0.0
30_5263,Waingapu,IDN,Indonesia,0.046712852484050604,0.0
30_10898,Dipolog,PHL,Philippines,0.9820001778134158,0.0
30_11803,Am Timan,TCD,Chad,1.0,0.0
30_12895,Sa'Dah,YEM,Yemen,1.0,0.0
30_2577,Guanyun,CHN,China,0.35201799990893984,0.0
30_7756,Jeypore,IND,India,0.0,0.0
30_12814,Tan An,VNM,Vietnam,0.9909688686690129,0.0
30_9566,Timbuktu,MLI,Mali,0.9996623654876755,0.0
30_8813,Hamdi Al Bajaji,IRQ,Iraq,0.9690484108805845,0.0
30_2148,Gong'An,CHN,China,0.0,0.0
30_12026,Elbistan,TUR,Turkey,0.0,0.0
30_9194,Gangneung-Si,KOR,South Korea,1.0,0.0
30_9936,Argungu,NGA,Nigeria,0.0,0.0
30_1041,Linhares,BRA,Brazil,1.0,0.0
30_6434,Itarsi,IND,India,0.0,0.0
30_5021,Lahat,IDN,Indonesia,0.0,0.0
30_7882,Keotiranway,IND,India,0.0,0.0
30_10090,Alesa,NGA,Nigeria,0.0,0.0
30_4747,Margate,GBR,United Kingdom,1.0,1.0
30_10418,Zwolle,NLD,Netherlands,0.0,1.0
30_3620,Barika,DZA,Algeria,0.852067642658812,0.0
30_12973,Al Mutadarririn,YEM,Yemen,0.0,0.0
30_11714,São Tomé,STP,São Tomé and Príncipe,1.0,0.0
30_2145,宁阳县,CHN,China,0.0,0.0
30_7769,Masaurhi,IND,India,0.0,0.0
30_10641,Dhudial,PAK,Pakistan,0.0,0.0
30_5756,Narnaul,IND,India,0.290140716420233,0.0
30_1113,Midnapore,CAN,Canada,0.0,0.0
30_11751,As Suwayda,SYR,Syria,0.0,0.0
30_8084,Sultanganj,IND,India,0.0,0.0
30_5067,Citeko Kaler,IDN,Indonesia,1.0,0.0
30_4926,Jacmel,HTI,Haiti,0.0,0.0
22_16865,Jondor,UZB,Uzbekistan,0.0,0.0
30_8338,Jajpur,IND,India,0.0,0.0
30_2689,Taihe,CHN,China,0.5962742098754268,0.0
30_13001,Bronville,ZAF,South Africa,0.3272482713741744,0.0
30_7359,Muhammadabad,IND,India,0.0,0.0
30_8272,Gangtok,IND,India,0.5505640632528727,0.0
30_5113,Gombong,IDN,Indonesia,0.0,0.0
30_2077,Xiping,CHN,China,0.0,0.0
30_906,Itapetininga,BRA,Brazil,0.0,0.0
30_10024,Ekogboro,NGA,Nigeria,0.0,0.0
30_11906,San Fernando,TTO,Trinidad and Tobago,0.34283482278483224,0.0
30_12673,Calabozo,VEN,Venezuela,0.5545718396051742,0.0
30_8974,Ar Ramtha,JOR,Jordan,0.7261554082876231,0.0
30_2240,Jieshou,CHN,China,0.0,0.0
30_8587,Thoubal,IND,India,0.7320587462251755,0.0
30_7696,Tanuku,IND,India,0.0,0.0
30_4700,Doncaster,GBR,United Kingdom,0.9999998643398658,0.9999998643398658
30_4925,Léogâne,HTI,Haiti,0.0,0.0
30_12144,Masaka,UGA,Uganda,0.0,0.0
30_5949,Dadri,IND,India,0.9999999132231335,0.0
30_11852,,THA,Thailand,0.0,0.0
30_1494,Yuanping,CHN,China,1.0,0.0
30_10321,Bajoga,NGA,Nigeria,0.0,0.0
30_7939,,IND,India,0.0,0.0
30_2611,Xuyi,CHN,China,0.0,0.0
30_430,Joypurhat,BGD,Bangladesh,0.0,0.0
30_2343,Hong'An,CHN,China,0.0,0.0
30_8285,Islampur,IND,India,0.0,0.0
30_12387,Mobile,USA,United States,0.4404098247702211,0.0
30_1548,Yiliang,CHN,China,0.0,0.0
30_1825,Da'An,CHN,China,0.0,0.0
30_3548,La Vega,DOM,Dominican Republic,0.0,0.0
30_11827,Kara,TGO,Togo,0.6524499621202136,1.0
30_9387,Guaymas,MEX,Mexico,0.7144450216065614,0.0
30_7161,Handia,IND,India,0.0,0.0
30_1706,Xinle,CHN,China,0.0,0.0
30_964,Varginha,BRA,Brazil,1.0,0.0
30_12154,Lira,UGA,Uganda,1.0,0.0
30_12186,Brovary,UKR,Ukraine,0.0,0.0
30_12013,Kadirli,TUR,Turkey,0.0,0.0
30_3752,Nazlet Abu Haseiba,EGY,Egypt,0.0,0.0
30_10848,Balanga,PHL,Philippines,0.0,0.0
30_9815,Rawang,MYS,Malaysia,0.0,0.0
30_11235,Maykop,RUS,Russia,0.0,0.0
30_258,Mingachevir,AZE,Azerbaijan,1.0,0.0
30_11189,Кстово,RUS,Russia,1.0,0.0
30_2422,Fengcheng,CHN,China,0.0,0.0
30_10369,Dikwa,NGA,Nigeria,0.0,0.0
30_8358,Malda,IND,India,0.0,0.0
30_5249,Sangatta,IDN,Indonesia,0.0,0.0
30_11988,Karaman,TUR,Turkey,0.0,0.0
23_74098,Haroonabad,PAK,Pakistan,0.0,0.0
30_2401,Zhuanghe,CHN,China,0.19012608640748369,0.0
30_1111,Abbotsford,CAN,Canada,0.5589234368239099,0.0
30_68,Mihtarlam,AFG,Afghanistan,0.6776800091221258,0.0
30_11620,Buurhakaba,SOM,Somalia,0.0,0.0
30_1520,Yingshan,CHN,China,0.0,0.0
30_7340,Chunar,IND,India,0.0,0.0
30_319,Mons,BEL,Belgium,0.0,0.0
30_1918,宁河区,CHN,China,0.0,0.0
30_1775,Zhao,CHN,China,0.0,0.0
30_608,Lakhai,BGD,Bangladesh,0.0,0.0
30_7494,Kurinjippadi,IND,India,0.0,0.0
30_7158,Thalaiyuthu,IND,India,0.49790062459766843,0.0
30_1549,Naxi,CHN,China,1.0,0.0
30_1802,Chengde,CHN,China,0.0,0.0
30_755,Corumbá,BRA,Brazil,0.985518171193151,0.0
30_6369,Kaimganj,IND,India,0.0,0.0
30_3964,Girona,ESP,Spain,0.0,0.0
30_9536,Comitán,MEX,Mexico,1.0,0.0
30_3478,Paderborn,DEU,Germany,0.0,0.0
30_969,Caxias,BRA,Brazil,1.0,0.0
30_12165,Uzhhorod,UKR,Ukraine,0.0,0.0
30_1838,Mengzhou,CHN,China,0.0,0.0
30_1826,Huaxi,CHN,China,0.8408438681097167,0.0
30_6589,,IND,India,0.0,0.0
30_1814,Yunyang,CHN,China,1.0,0.0
30_1762,Gu'An,CHN,China,1.0,0.0
30_11952,Salihli,TUR,Turkey,0.0,0.0
30_5141,Wonokarto,IDN,Indonesia,0.9133814935258864,0.0
30_12750,Phủ Lý,VNM,Vietnam,0.0,0.0
30_2866,Jiangshan,CHN,China,0.0,0.0
30_943,Poços De Caldas,BRA,Brazil,0.9144880549127565,0.0
30_11955,Nazilli,TUR,Turkey,0.0,0.0
30_7955,Shaikhpura,IND,India,0.0,0.0
30_2480,Luchuan,CHN,China,0.0,0.0
30_12252,Santa Barbara,USA,United States,0.4271737553327092,0.0
30_9510,Túxpam,MEX,Mexico,1.0,0.0
30_2069,Heishan,CHN,China,0.0,0.0
30_2053,齐河县,CHN,China,1.0,0.0
30_3607,Ghardaia,DZA,Algeria,0.6811569513562309,0.0
30_11942,Bandırma,TUR,Turkey,0.0,0.0
30_2467,Lingbi,CHN,China,0.0,0.0
30_3172,Lwebo,COD,Democratic Republic of the Congo,0.0,0.0
30_8920,Rimini,ITA,Italy,0.0,0.0
30_12695,Las Delicias,VEN,Venezuela,0.0,0.0
30_5154,Blora,IDN,Indonesia,0.0,0.0
30_2778,Longnan,CHN,China,0.0,0.0
30_2721,Fogang,CHN,China,0.9522823784506808,0.0
30_5066,Cipeuyeum,IDN,Indonesia,1.0,0.0
30_9892,Ilaro,NGA,Nigeria,0.7266893173718926,0.0
30_8790,Qadiyah,IRQ,Iraq,0.6445273890849137,0.0
30_1396,三台县,CHN,China,0.326569855009251,0.0
30_9326,Khenifra,MAR,Morocco,0.0,0.0
30_291,Ngozi,BDI,Burundi,0.0,0.0
30_2840,Changting,CHN,China,0.9427648450998648,0.0
30_12808,Sóc Trăng,VNM,Vietnam,0.899356216928042,0.0
30_5166,Sintang,IDN,Indonesia,0.6391719201323558,0.0
30_1881,Wuzhi,CHN,China,0.0,0.0
30_6922,Dharmavaram,IND,India,0.0,0.0
30_11748,`Uthman,SYR,Syria,1.0,0.0
30_11067,Sinchon,PRK,North Korea,0.0,0.0
30_10082,Doka Ashafa,NGA,Nigeria,0.0,0.0
30_5833,Kairana,IND,India,0.0,0.0
30_5787,Neemuch,IND,India,1.0,0.0
30_11268,Balakovo,RUS,Russia,0.3470643229610159,0.0
30_11989,Kırşehir,TUR,Turkey,0.0,0.0
30_10772,David,PAN,Panama,1.0,0.0
30_3389,Piedecuesta,COL,Colombia,0.0,0.0
30_6660,Yadgir,IND,India,0.0,0.0
30_12097,Bukoba,TZA,Tanzania,0.7400024939379547,0.0
30_11111,Barreiro,PRT,Portugal,1.0,1.0
30_5252,Bima,IDN,Indonesia,0.0,0.0
30_9238,Al Zawiyah,LBY,Libya,0.0,0.0
30_11139,Arad,ROU,Romania,0.229458135165002,0.0
30_11499,Ed Dueim,SDN,Sudan,0.6203221694307467,0.0
30_10101,Lawmu Umunze,NGA,Nigeria,0.0,0.0
30_2346,Yueyang,CHN,China,0.0,0.0
30_11326,Kamensk-Uralsky,RUS,Russia,0.1567833027084104,0.0
30_5095,Banjar,IDN,Indonesia,0.0,0.0
30_5583,Khanna,IND,India,0.0,0.0
30_11073,Rason,PRK,North Korea,0.0,0.0
30_1799,Ningjin,CHN,China,0.0,0.0
30_11375,Petropavlovsk-Kamchatsky,RUS,Russia,0.29945864397046507,0.0
30_3905,Cádiz,ESP,Spain,0.6538012335735958,0.0
30_11210,Kovrov,RUS,Russia,0.0,0.0
30_8945,Foggia,ITA,Italy,0.0,0.0
30_9958,Effon Alaiye,NGA,Nigeria,0.0,0.0
30_6266,Pandharpur,IND,India,0.0,0.0
30_1837,Shengfang,CHN,China,0.0,0.0
30_1857,Xichuan,CHN,China,0.0,0.0
30_9673,Thongwa,MMR,Myanmar,0.0,0.0
30_9428,San Francisco Del Rincón,MEX,Mexico,0.0,0.0
30_6399,Akot,IND,India,0.0,0.0
30_2955,芝英镇,CHN,China,0.0,0.0
30_4623,Wishaw,GBR,United Kingdom,1.0,1.0
30_1936,Qinghe,CHN,China,0.0,0.0
30_2855,Caohu,CHN,China,0.9999999814213193,0.0
30_13012,Sasolburg,ZAF,South Africa,0.0,0.0
30_9565,Socoura,MLI,Mali,1.0,0.0
30_4602,Mamoudzou,FRA,France,1.0,0.0
30_11091,Sinpyong,PRK,North Korea,0.0,0.0
30_4843,Larissa,GRC,Greece,0.0,0.0
30_12497,Cary,USA,United States,0.5084243649589497,0.0
30_9859,Dogondoutchi,NER,Niger,0.0,0.0
30_1710,Mancheng,CHN,China,0.5714488587428479,0.0
30_1705,Liuzhi,CHN,China,0.0,0.0
30_12444,Stuart,USA,United States,0.309713521971471,0.0
30_2027,Shanhaiguan,CHN,China,0.9999875357563859,0.0
30_11346,Rubtsovsk,RUS,Russia,0.5329178829361556,0.0
30_10330,Geidam,NGA,Nigeria,0.0,0.0
30_3807,Al-Qobabat,EGY,Egypt,0.0,0.0
30_9488,Tulancingo,MEX,Mexico,0.7425736650449748,0.0
30_619,Bholaganj,BGD,Bangladesh,0.0,0.0
30_9419,Zamora,MEX,Mexico,0.18434382151285852,0.0
30_10907,Marawi,PHL,Philippines,0.0,0.0
30_10317,Kaltungo,NGA,Nigeria,0.0,0.0
30_12987,Kwanobuhle 1,ZAF,South Africa,0.043916802147395836,0.0
30_9356,Soaindrana,MDG,Madagascar,0.13222157575350763,0.0
30_11987,Keskin,TUR,Turkey,0.0,0.0
30_4501,Fik',ETH,Ethiopia,0.0,0.0
30_1774,Jinzhou,CHN,China,0.0,0.0
30_11050,Sillyeonpo,PRK,North Korea,0.0,0.0
30_2722,Hunchun,CHN,China,0.0,0.0
30_925,Patos De Minas,BRA,Brazil,0.889953488436735,0.0
30_2924,Donghe,CHN,China,0.0,0.0
30_2010,Changli,CHN,China,0.0,0.0
30_331,Djougou,BEN,Benin,0.0,1.0
30_4384,Weldiya,ETH,Ethiopia,0.0,0.0
30_11371,Ussurijsk,RUS,Russia,0.9999981978021211,0.0
30_457,Bheramara,BGD,Bangladesh,0.0,0.0
30_4578,Nimes,FRA,France,0.9104858914402149,0.0
30_5272,Ruteng,IDN,Indonesia,0.660217517542938,0.0
30_3001,Honglai,CHN,China,0.43564126250092805,0.0
30_5005,Pangkalan Kerinci,IDN,Indonesia,0.0,0.0
30_6043,Pithampur,IND,India,0.0,0.0
30_882,Jaú,BRA,Brazil,1.0,0.0
30_9919,Epe,NGA,Nigeria,0.0,0.0
30_10676,Gujar Khan,PAK,Pakistan,1.0,0.0
30_2416,Hengyang,CHN,China,0.0,0.0
30_591,,BGD,Bangladesh,0.0,0.0
30_7905,,IND,India,0.0,0.0
30_8613,Miandoab,IRN,Iran,0.0,0.0
30_3163,Basankusu,COD,Democratic Republic of the Congo,0.0,0.0
30_12581,Gijduvan,UZB,Uzbekistan,0.06788831803248703,0.0
30_364,Koudougou,BFA,Burkina Faso,0.0,0.0
30_3812,Al Halawat,EGY,Egypt,0.0,0.0
30_8922,Acilia,ITA,Italy,0.9999999996612483,0.23478071034894907
30_11207,Шахманово,RUS,Russia,0.6580137727486141,0.0
30_6978,Udumalaippettai,IND,India,0.0,0.0
30_11936,Çanakkale,TUR,Turkey,0.0,0.0
30_7577,Karaikal,IND,India,1.0,0.0
30_2994,Nan'An,CHN,China,0.0,0.0
30_6959,Venjaramoodu,IND,India,0.0,0.0
30_5680,Kalka,IND,India,0.0,0.0
30_9093,Petropavl,KAZ,Kazakhstan,0.5558876595818484,0.0
30_2720,Shuikou,CHN,China,1.0,0.0
30_5490,Kapurthala,IND,India,0.6592731847288076,0.0
30_4570,Perpignan,FRA,France,0.0,0.0
30_6306,Barshi,IND,India,0.0,0.0
30_6944,Jagtial,IND,India,0.0,0.0
30_6258,Malkapur,IND,India,0.0,0.0
30_12702,Carúpano,VEN,Venezuela,1.0,0.0
30_8832,Al Madhatiyah,IRQ,Iraq,0.0,0.0
30_6785,Emmiganuru,IND,India,0.0,0.0
30_8738,Jahrom,IRN,Iran,0.0,0.0
30_3373,Zipaquirá,COL,Colombia,0.0,0.0
30_6835,Coonoor,IND,India,1.0,0.0
30_2140,Runan,CHN,China,0.0,0.0
30_1016,Nova Friburgo,BRA,Brazil,0.7527664714368306,0.0
30_11108,Funchal,PRT,Portugal,1.0,0.0
30_1591,Huozhou,CHN,China,0.0,0.0
30_11253,Cherkessk,RUS,Russia,0.7903401262332358,0.0
30_6390,Bisalpur,IND,India,0.0,0.0
30_10603,,PAK,Pakistan,0.0,0.0
30_3057,Soubré,CIV,Côte d'Ivoire,0.0,0.0
30_6492,Harihara,IND,India,0.0,0.0
30_2242,Fengxian,CHN,China,0.0,0.0
30_2464,Changning,CHN,China,0.0,0.0
30_6967,Siddipet,IND,India,0.0,0.0
30_14,Koh-I-Sayad,AFG,Afghanistan,0.0,0.0
30_10662,Bani Gala,PAK,Pakistan,1.0,1.0
30_3169,Boende,COD,Democratic Republic of the Congo,1.0,0.0
23_74056,Fort Abbas,PAK,Pakistan,0.7284585081544593,0.0
30_773,Rivera,BRA,Brazil,0.892833896482988,0.0
30_1720,Qianxi,CHN,China,0.0,0.0
30_11192,Serpukhov,RUS,Russia,0.538204128548462,0.0
30_4278,Aletawendo,ETH,Ethiopia,0.0,0.0
30_11261,Kislovodsk,RUS,Russia,0.7572311513516258,0.0
30_9588,Myingyan,MMR,Myanmar,0.7420479428548624,0.0
30_10736,Jalalpur Jattan,PAK,Pakistan,0.0,0.0
30_458,Chuadanga,BGD,Bangladesh,0.9732413782661099,0.0
30_11294,Neftekamsk,RUS,Russia,0.0,0.0
30_8570,Lakhipur,IND,India,0.0,0.0
30_2572,Dingyuan,CHN,China,0.0,0.0
30_5466,Faridkot,IND,India,0.0,0.0
30_582,Nikli,BGD,Bangladesh,0.46203558659787836,0.0
30_3599,Hassi Bahbah,DZA,Algeria,0.0,0.0
30_2311,马口镇,CHN,China,1.0,0.0
30_3502,Würzburg,DEU,Germany,0.0,0.0
30_11147,Târgu Mureș,ROU,Romania,0.9382107460187564,0.0
30_1662,Pingding,CHN,China,0.16925335355997537,0.0
30_1543,通海县,CHN,China,0.0,0.0
30_4561,Amiens,FRA,France,0.30156444369561797,0.0
30_4762,Sunyani,GHA,Ghana,0.6661186334342364,0.0
30_10831,Lingayen,PHL,Philippines,0.04402098138821051,0.0
30_7010,Balaghat,IND,India,0.0,0.0
30_9589,Magway,MMR,Myanmar,1.0,0.0
30_11431,Al Jubayl Industrial City,SAU,Saudi Arabia,0.0,0.0
30_996,Parnaíba,BRA,Brazil,1.0,0.0
30_3403,Arauca,COL,Colombia,0.8396232466856796,0.0
30_10026,Enwan,NGA,Nigeria,0.0,0.0
23_26188,Luputa,COD,Democratic Republic of the Congo,0.8376145995179557,0.0
30_4730,Grimsby,GBR,United Kingdom,1.0,1.0
30_4950,Szeged,HUN,Hungary,0.8988036514145272,0.0
30_1216,Kuqa,CHN,China,0.6181868439223809,0.0
30_4752,Kutaisi,GEO,Georgia,1.0,0.0
30_3687,Abu Huminus,EGY,Egypt,0.0,0.0
30_2354,Lixin,CHN,China,0.0,0.0
30_2423,Wulian,CHN,China,0.0,0.0
30_3481,Darmstadt,DEU,Germany,0.36499552221719916,0.0
30_3547,Puerto Plata,DOM,Dominican Republic,0.3614669991681944,0.0
30_8457,Mahishadal,IND,India,0.8051207541630346,0.0
30_10142,Malumfashi,NGA,Nigeria,0.0,0.0
30_6425,Chhibramau,IND,India,0.0,0.0
30_6463,Shahabad,IND,India,0.0,0.0
30_2356,Anqiu,CHN,China,0.0,0.0
30_9973,Ilawe-Ekiti,NGA,Nigeria,0.15299211810916563,0.0
30_4998,Bangkinang,IDN,Indonesia,0.0,0.0
30_4192,Hossana,ETH,Ethiopia,0.0,0.0
30_7216,Gopiganj,IND,India,0.0,0.0
30_2171,京山市,CHN,China,0.0,0.0
30_8652,Malayer,IRN,Iran,0.45829562975599447,0.0
30_1704,Taonan,CHN,China,0.0,0.0
30_5029,Prabumulih,IDN,Indonesia,0.0,0.0
30_3230,Mukanga,COD,Democratic Republic of the Congo,0.0,0.0
30_4727,Crawley,GBR,United Kingdom,1.0,1.0
30_10095,Onne,NGA,Nigeria,0.0,0.0
30_7919,Anakapalle,IND,India,0.0,0.0
30_11983,Alanya,TUR,Turkey,0.0,0.0
30_10712,Sarai Alamgir,PAK,Pakistan,0.5356605486265333,0.0
30_6294,Baheri,IND,India,0.0,0.0
30_7857,Tuni,IND,India,1.0,0.0
30_2167,Huantai,CHN,China,1.0,0.0
30_11314,Derbent,RUS,Russia,1.0,0.0
30_12042,Rize,TUR,Turkey,0.8689014437008744,0.0
30_1473,Huize,CHN,China,0.7973251850135001,0.0
30_7394,Ramanathapuram,IND,India,0.0,0.0
30_3467,Bremerhaven,DEU,Germany,0.017778610412792988,0.0
30_1056,Alagoinhas,BRA,Brazil,0.0,0.0
30_3491,Heilbronn,DEU,Germany,0.0,0.0
30_1203,Artush,CHN,China,0.0,0.0
30_1714,Zhong,CHN,China,0.0,0.0
30_4737,St Leonards,GBR,United Kingdom,1.0,1.0
30_2388,Huadian,CHN,China,0.9916625356572544,0.0
30_7711,Narasapuram,IND,India,1.0,0.0
30_8596,Cork,IRL,Ireland,0.9999999312645828,0.0
30_4908,El Progreso,HND,Honduras,0.0,0.0
30_4931,Saint-Louis-Du-Nord,HTI,Haiti,0.0,0.0
30_12353,College Station,USA,United States,0.2700452133803864,0.0
30_3769,Kafr Al Sharaqwah,EGY,Egypt,0.0,0.0
30_10417,Apeldoorn,NLD,Netherlands,0.0,1.0
30_1943,Laohekou,CHN,China,0.8862209172800454,0.0
30_7718,Palakollu,IND,India,0.0,0.0
30_631,,BGD,Bangladesh,0.0,0.0
30_192,San Nicolás De Los Arroyos,ARG,Argentina,0.0,0.0
30_9929,Ejigbo,NGA,Nigeria,0.0,0.0
30_11742,Idlib,SYR,Syria,1.0,0.0
30_7594,Madhobani,IND,India,0.0,0.0
30_335,Whydah,BEN,Benin,0.0,0.0
30_1620,Hongtong,CHN,China,0.0,0.0
30_3246,Isiro,COD,Democratic Republic of the Congo,0.960912059174194,0.0
30_6422,Hoshangabad,IND,India,1.0,0.0
30_2630,Diancheng,CHN,China,0.9999999698476874,0.0
30_1538,岳池县,CHN,China,0.0,0.0
30_2757,戴南镇,CHN,China,0.0,0.0
30_9672,Kayan,MMR,Myanmar,0.0,0.0
30_2487,浠水县,CHN,China,0.0,0.0
30_10414,Maastricht,NLD,Netherlands,0.0,1.0
30_8551,Kailashahar,IND,India,0.8334831296196407,0.0
30_11526,Sennar,SDN,Sudan,0.7293369997090741,0.0
30_12756,Ninh Bình,VNM,Vietnam,0.0,0.0
30_9270,Batticaloa,LKA,Sri Lanka,0.6753766088137034,0.0
30_9656,Twante,MMR,Myanmar,0.0,0.0
30_2236,Dangshan,CHN,China,0.7540776038904009,0.0
30_9373,,MDG,Madagascar,0.0,0.0
30_10612,Topi,PAK,Pakistan,0.0,0.0
30_10668,Rana Khemraj,PAK,Pakistan,0.8529263006783987,0.0
30_2871,Jiande,CHN,China,0.0,0.0
30_508,Dhanbari,BGD,Bangladesh,0.0,0.0
30_12727,Việt Trì,VNM,Vietnam,0.0,0.0
30_1727,Changling,CHN,China,0.0,0.0
30_9858,Gaya,NER,Niger,0.8314453844649907,0.0
30_9034,Hachinohe,JPN,Japan,0.7568074957329124,0.0
30_10582,Shahdadpur,PAK,Pakistan,0.0,0.0
30_868,Lages,BRA,Brazil,0.7107998800216379,0.0
30_2582,Shucheng,CHN,China,0.0,0.0
30_2899,揭西县,CHN,China,0.0,0.0
30_1241,Jinchang,CHN,China,0.3167035001861753,0.0
30_4465,Filtu,ETH,Ethiopia,0.0,0.0
30_700,Burgas,BGR,Bulgaria,0.0,0.0
30_7792,Dobhi,IND,India,0.6549482326972147,0.0
30_1864,Xitao,CHN,China,0.0,0.0
30_7498,Narkatiaganj,IND,India,0.0,0.0
30_7479,Muhammadabad,IND,India,0.0,0.0
30_3143,Tshela,COD,Democratic Republic of the Congo,0.0,0.0
30_9431,Delicias,MEX,Mexico,0.0,0.0
30_7054,Mancherial,IND,India,0.0,0.0
30_4651,Telford,GBR,United Kingdom,1.0,1.0
30_12529,Niagara Falls,USA,United States,0.9090743477800521,0.0
30_4560,Dunkirk,FRA,France,0.0,0.0
30_9041,Sanda,JPN,Japan,1.0,0.0
30_616,Chhatak Bazaar,BGD,Bangladesh,0.0,0.0
30_9814,Meru,MYS,Malaysia,0.024254197016049486,0.0
30_2320,Dengfeng,CHN,China,0.0,0.0
30_5568,Sangrur,IND,India,0.0,0.0
30_12971,Seiyun,YEM,Yemen,0.7537148935282909,0.0
30_9200,Suncheon-Si,KOR,South Korea,0.0,0.0
30_5649,Kamrej,IND,India,0.0,0.0
30_7447,Arakkonam,IND,India,0.895985227440129,0.0
30_1408,Qiaogou,CHN,China,1.0,0.0
30_2481,Huaiyuan,CHN,China,0.0,0.0
30_12027,Giresun,TUR,Turkey,0.42177258601222245,0.0
30_11194,Zhukovsky,RUS,Russia,0.9999999540383757,0.9999999540383756
30_5465,Gurdaspur,IND,India,0.0,0.0
30_172,Río Cuarto,ARG,Argentina,0.8200594676150732,0.0
30_11230,Shakhty,RUS,Russia,0.5772117906609583,0.0
30_4964,Langsa,IDN,Indonesia,0.0,0.0
30_2972,Zhaoan,CHN,China,0.0,0.0
30_12045,Viranşehir,TUR,Turkey,0.0,0.0
30_5590,Nabha,IND,India,0.0,0.0
30_1840,Linzhou,CHN,China,0.0,0.0
30_6530,Koppala,IND,India,1.0,0.0
30_1807,Hailun,CHN,China,1.0,0.0
30_1978,夏津县,CHN,China,0.0,0.0
30_9169,Poipet,KHM,Cambodia,1.0,0.0
30_10853,Hagonoy,PHL,Philippines,0.7989591566767906,0.0
30_11317,Salavat,RUS,Russia,0.0,0.0
30_9532,Cárdenas,MEX,Mexico,0.0,0.0
30_13099,Chipata,ZMB,Zambia,0.0,0.0
30_9897,Igbo Ora,NGA,Nigeria,0.0,0.0
30_9318,Larache,MAR,Morocco,0.879181446275827,0.0
30_2788,Nancheng,CHN,China,1.0,0.0
30_8951,Reggio Calabria,ITA,Italy,0.531374128026567,0.0
30_8960,Taranto,ITA,Italy,0.41846169509396836,0.0
30_8427,Bhagabanpur,IND,India,0.0,0.0
30_12460,Elgin,USA,United States,0.9999999041134708,0.0
30_7118,Kolar Gold Fields,IND,India,1.0,0.0
30_3989,Tepi,ETH,Ethiopia,0.0,0.0
30_5771,Gohana,IND,India,0.0,0.0
30_9343,Melilla,MAR,Morocco,0.0,0.0
30_4396,Debre Birhan,ETH,Ethiopia,0.0,0.0
30_2429,Chengjun,CHN,China,0.006490511721928411,0.0
30_12250,Santa Maria,USA,United States,0.8954108347623686,0.0
30_8979,Sasebo,JPN,Japan,0.6644779707787555,0.0
30_1405,Mianxian,CHN,China,0.0,0.0
30_10462,Sohar,OMN,Oman,0.038737018376854275,0.0
30_6873,Thodupuzha,IND,India,0.0,0.0
30_2974,Yunxiao,CHN,China,0.0,0.0
30_453,Aria,BGD,Bangladesh,0.0,0.0
30_4325,Kefole,ETH,Ethiopia,0.0,0.0
30_2442,莒南县,CHN,China,0.0,0.0
30_9666,Dagon Seikkan,MMR,Myanmar,0.0,0.0
23_31174,Izbat Al Hajjah Duwah,EGY,Egypt,0.06640928718545454,0.0
30_2367,Miluo,CHN,China,0.0,0.0
30_12796,Thới Lai,VNM,Vietnam,0.0,0.0
30_5901,Bandikui,IND,India,0.0,0.0
30_2348,Jiaohe,CHN,China,0.8064473140305438,0.0
30_210,Río Gallegos,ARG,Argentina,0.716282906775511,0.0
30_6992,Mandla,IND,India,0.3955976227857021,0.0
30_2400,Xinzhou,CHN,China,1.0,1.0
30_5511,Kadi,IND,India,0.0,0.0
30_536,Phulbaria,BGD,Bangladesh,0.0,0.0
30_1952,,CHN,China,0.16736785878402646,0.0
30_12972,Tarim,YEM,Yemen,0.0,0.0
30_11976,Bolu,TUR,Turkey,1.0,0.0
30_2554,Guiyang,CHN,China,0.0,0.0
30_6899,Hindupur,IND,India,0.0,0.0
30_11145,Sibiu,ROU,Romania,0.982553815637795,0.0
30_1319,Jingbian,CHN,China,0.0,0.0
30_9441,Guanajuato,MEX,Mexico,0.9269391908786931,0.0
22_9563,Valiasr,IRN,Iran,0.0,0.0
30_1941,Gucheng,CHN,China,0.1373122169767503,0.0
30_9912,Igboho,NGA,Nigeria,0.0,0.0
30_9074,Fujieda,JPN,Japan,0.8503753653236025,0.0
30_1350,Lincang,CHN,China,0.0,0.0
30_8811,Al Mushahidah,IRQ,Iraq,0.0,0.0
30_8567,North Lakhimpur,IND,India,1.0,0.0
30_8995,Tomakomai,JPN,Japan,0.38681600630612817,0.0
30_12082,Danhai,TWN,Taiwan,0.5993251662198681,0.0
30_9113,Busia,KEN,Kenya,0.0,0.0
30_5330,Serui Kota,IDN,Indonesia,1.0,0.0
30_12680,La Victoria,VEN,Venezuela,0.37254995843085886,0.0
30_1285,Yakeshi/Yaysi,CHN,China,0.0,0.0
30_3232,Ankoro,COD,Democratic Republic of the Congo,0.0,0.0
30_8562,Hailakandi,IND,India,0.0,0.0
30_6538,Chikkamagaluru,IND,India,0.2780332797715904,0.0
30_3664,Esmeraldas,ECU,Ecuador,1.0,0.0
30_11245,Volgodonsk,RUS,Russia,0.0,0.0
30_10268,Gumel,NGA,Nigeria,0.0,0.0
30_3940,Albacete,ESP,Spain,0.5322917505461545,0.0
30_11689,Bor,SSD,South Sudan,0.0,0.0
30_10,Farah,AFG,Afghanistan,0.4807281048820506,0.0
30_9567,Gao,MLI,Mali,1.0,0.0
30_1208,Kargilik,CHN,China,0.0,0.0
30_1531,Pingchang,CHN,China,0.0,0.0
30_8853,Al Majar Al Kabir,IRQ,Iraq,0.0,0.0
30_1766,Liangmatai,CHN,China,0.0,0.0
30_2392,Lingling,CHN,China,0.680061908939165,0.0
30_2538,东村街道办事处,CHN,China,0.0,0.0
30_12609,Kosonsoy,UZB,Uzbekistan,0.5734322168615483,0.0
30_10796,Huacho,PER,Peru,0.0,0.0
30_2057,Dangyang,CHN,China,0.0,0.0
30_11361,Мамоны,RUS,Russia,0.02466476996681807,0.0
30_11232,Syktyvkar,RUS,Russia,0.6639401808861195,0.0
30_12621,Shahrixon,UZB,Uzbekistan,0.0,0.0
30_5416,Jetpur,IND,India,0.0,0.0
30_1855,Yutian,CHN,China,0.0,0.0
30_11025,Sonchon,PRK,North Korea,0.0,0.0
30_10066,Ojaima,NGA,Nigeria,0.0,0.0
30_2659,Xinxing,CHN,China,0.0,0.0
30_4804,Yendi,GHA,Ghana,0.7611701245916576,1.0
30_8530,Azara,IND,India,0.5823183935002123,0.0
30_13019,Ga-Rankuwa,ZAF,South Africa,0.0,0.0
30_2270,Taojiang,CHN,China,0.0,0.0
30_1990,陵城区,CHN,China,0.8351220528254536,0.0
30_10705,Mailsi,PAK,Pakistan,0.0,0.0
30_1030,Jequié,BRA,Brazil,0.0,0.0
30_12017,Samandağ,TUR,Turkey,0.1001843829715516,0.0
30_1733,Yunyang,CHN,China,0.0,0.0
30_10061,Idah,NGA,Nigeria,0.0,0.0
30_5488,Botad,IND,India,0.0,0.0
30_9090,Zhanaozen,KAZ,Kazakhstan,0.0,0.0
30_12575,Khiva,UZB,Uzbekistan,0.7151358282865425,0.0
30_12993,Mafikeng,ZAF,South Africa,0.9350916606725577,0.0
30_12563,Fall River,USA,United States,0.8655640913621034,0.0
30_1018,Sobral,BRA,Brazil,1.0,0.0
30_3494,Reutlingen,DEU,Germany,0.20554795283702443,0.0
30_2396,Macheng,CHN,China,0.3828987336182528,0.0
30_4177,Ambo,ETH,Ethiopia,0.0,0.0
30_12775,Cẩm Phả,VNM,Vietnam,0.0,0.0
30_10439,Sitāpur,NPL,Nepal,0.0,0.0
30_7211,Suryapet,IND,India,0.0,0.0
30_10620,Jampur,PAK,Pakistan,0.0,0.0
30_11414,Abha,SAU,Saudi Arabia,0.0,0.0
30_6487,Tikamgarh,IND,India,1.0,0.0
30_3415,Cienfuegos,CUB,Cuba,1.0,0.0
30_2599,Huaiji,CHN,China,0.0,0.0
30_7061,Mettur,IND,India,0.0,0.0
30_10902,Ozamiz,PHL,Philippines,0.0,0.0
30_4443,Robe,ETH,Ethiopia,1.0,0.0
30_1438,Jiulongba,CHN,China,0.0,0.0
30_933,Mogi Guaçu,BRA,Brazil,0.0,0.0
30_9688,Myawaddy,MMR,Myanmar,0.5486285946868417,0.0
30_8878,Gallarate,ITA,Italy,1.0,0.3729799605695414
30_10069,Ozu,NGA,Nigeria,0.0,0.0
30_5357,Baramulla,IND,India,0.0,0.0
30_11839,Ranong,THA,Thailand,1.0,0.0
30_1535,Fenyang,CHN,China,0.0,0.0
30_7578,Manjha,IND,India,0.0,0.0
30_11157,Bacău,ROU,Romania,1.0,0.0
30_10393,Heemskerk,NLD,Netherlands,1.0,1.0
30_12779,Chaudok City,VNM,Vietnam,0.0,0.0
30_4376,Dodolla,ETH,Ethiopia,0.0,0.0
30_10052,Uduagba,NGA,Nigeria,0.0,0.0
30_6027,Baran,IND,India,0.0,0.0
30_9992,Ise,NGA,Nigeria,0.0,0.0
30_9154,Dadaab,KEN,Kenya,0.0,0.0
30_2755,Dafeng,CHN,China,0.0,0.0
30_2444,郯城县,CHN,China,0.0,0.0
30_3783,Zayyan,EGY,Egypt,0.0,0.0
30_7410,Dhamtari,IND,India,0.0,0.0
30_11813,Dapaong,TGO,Togo,0.5590887721347916,1.0
30_4914,Rijeka,HRV,Croatia,0.4994717997341011,0.0
30_12648,Carora,VEN,Venezuela,0.0,0.0
30_2228,Wugang,CHN,China,1.0,0.0
30_9322,Sidi Slimane,MAR,Morocco,0.0,0.0
30_1347,Xinjin,CHN,China,0.6745376883575738,0.0
30_2628,Lujiang,CHN,China,0.0,0.0
30_136,Durrës,ALB,Albania,0.4359239019856636,0.0
30_5014,Selatpanjang,IDN,Indonesia,0.0,0.0
30_13032,Embalenhle,ZAF,South Africa,0.0,0.0
30_2290,蒙阴县,CHN,China,0.0,0.0
30_2331,Funan,CHN,China,0.0,0.0
30_12089,Hualien,TWN,Taiwan,0.9198964634979252,0.0
30_2847,Rudong,CHN,China,0.0,0.0
30_12318,Kennewick,USA,United States,0.6195747066325559,0.0
30_6428,Puranpur,IND,India,0.0,0.0
30_2945,Raoyang,CHN,China,0.0,0.0
30_3842,Fazarah Bil Qaryah,EGY,Egypt,0.0,0.0
30_3022,Lianjiang,CHN,China,0.0,0.0
30_10190,Eket,NGA,Nigeria,0.0,0.0
30_2749,Gaochun,CHN,China,0.0,0.0
23_56932,,IND,India,0.0,0.0
30_9123,Kitale,KEN,Kenya,1.0,0.0
30_12332,Brownsville,USA,United States,0.6270895606328858,0.0
30_3954,Lleida,ESP,Spain,0.14476468201533357,0.0
30_12319,Anchorage,USA,United States,0.5129950716301768,0.0
30_3575,Relizane,DZA,Algeria,0.0,0.0
30_1981,Zhongmu,CHN,China,0.0,0.0
30_1655,Mengzi,CHN,China,0.6941294653917688,0.0
30_1924,Wei,CHN,China,0.0,0.0
30_7183,Virudhunagar,IND,India,0.0,0.0
30_873,Planaltina,BRA,Brazil,1.0,0.0
30_6936,Doddaballapura,IND,India,0.6872079054011119,0.0
30_768,Santana,BRA,Brazil,0.0,0.0
30_12998,Jouberton,ZAF,South Africa,0.0,0.0
30_10862,Trece Martires,PHL,Philippines,1.0,0.0
30_12839,Ba Ria,VNM,Vietnam,0.7500384014196396,0.0
30_9747,Mocuba,MOZ,Mozambique,0.8270841174272116,0.0
30_8617,Saqqez,IRN,Iran,0.9717474966792329,0.0
30_10263,Obudu,NGA,Nigeria,0.0,0.0
30_4660,Burnley,GBR,United Kingdom,1.0,1.0
30_5943,Nagda,IND,India,0.0,0.0
30_3556,Higüey,DOM,Dominican Republic,0.7178421656128342,0.0
30_1198,Osorno,CHL,Chile,0.0,0.0
30_6176,Bilari,IND,India,0.0,0.0
30_10648,Shahr Sultan,PAK,Pakistan,0.0,0.0
30_5423,Gondal,IND,India,0.0,0.0
30_2638,Lushan,CHN,China,1.0,0.0
30_8390,Paradip,IND,India,0.7780492571273013,0.0
30_8533,Mangaldoi,IND,India,0.0,0.0
30_9711,Moatize,MOZ,Mozambique,0.16848058409689887,0.0
30_7660,Tadepallegudem,IND,India,0.5264479462734729,0.0
30_9025,Kushiro,JPN,Japan,0.6385772461539287,0.0
30_12111,Musoma,TZA,Tanzania,1.0,0.0
30_2571,Lianzhou,CHN,China,0.9926120023058115,0.0
30_2366,沂南县,CHN,China,0.0,0.0
30_3066,Bouaflé,CIV,Côte d'Ivoire,0.0,0.0
30_11654,Kragujevac,SRB,Serbia,0.0,0.0
30_12061,Cizre,TUR,Turkey,0.5048703063291186,0.0
30_12776,Mong Cai,VNM,Vietnam,0.9087241247976654,1.0
30_11539,New Halfa,SDN,Sudan,0.988057771393501,0.0
30_4732,Cambridge,GBR,United Kingdom,1.0,1.0
30_1902,Danjiangkou,CHN,China,0.007513471645437671,0.0
30_808,Guarapuava,BRA,Brazil,0.957919568525201,0.0
30_1487,三原县,CHN,China,0.0,0.0
30_1087,Bridgetown,BRB,Barbados,0.730551392346352,0.0
30_5442,Abohar,IND,India,0.0,0.0
30_12731,Phúc Thọ,VNM,Vietnam,0.0,0.0
30_1437,Nenjiang,CHN,China,0.7157524098236999,0.0
30_4877,San José Pinula,GTM,Guatemala,0.0,0.0
30_11786,Doba,TCD,Chad,1.0,0.0
30_5043,Gunung Sugih,IDN,Indonesia,0.0,0.0
30_6694,Narsinghpur,IND,India,0.0,0.0
30_10381,Matagalpa,NIC,Nicaragua,0.0,0.0
30_10041,Onitu,NGA,Nigeria,0.0,0.0
30_1677,Linshi,CHN,China,0.0,0.0
30_2117,Diaobingshan,CHN,China,0.0,0.0
30_10243,Ikom,NGA,Nigeria,0.9946075456044746,0.0
30_3799,Al Ayyat,EGY,Egypt,1.0,1.0
30_3227,Kasongo,COD,Democratic Republic of the Congo,0.0,0.0
30_4894,Flores,GTM,Guatemala,0.3800488253126187,0.0
30_5268,Pare-Pare,IDN,Indonesia,0.0,0.0
30_3400,Maicao,COL,Colombia,0.0,0.0
30_1861,Huaguanying,CHN,China,0.20033326458124004,0.0
30_9826,Kulai,MYS,Malaysia,0.999999775791681,0.0
30_12746,Phú Minh,VNM,Vietnam,0.0,0.0
30_9101,Turkestan,KAZ,Kazakhstan,0.7823696020855392,0.0
30_3107,Ebolowa,CMR,Cameroon,1.0,0.0
30_1514,新兴街道,CHN,China,0.0,0.0
30_10337,Sangasumi,NGA,Nigeria,0.0,0.0
30_4534,Brest,FRA,France,0.0,0.0
30_9047,Hikone,JPN,Japan,0.38141951376387395,0.0
30_2445,临沭县,CHN,China,0.0,0.0
30_2790,Guixi,CHN,China,0.7751805532045859,0.0
30_5514,Visnagar,IND,India,0.0,0.0
30_9991,Kontagora,NGA,Nigeria,0.0,0.0
30_3552,San Francisco De Macoris,DOM,Dominican Republic,0.0,0.0
30_7913,Rayagada,IND,India,0.0,0.0
30_2064,Dehui,CHN,China,0.0,0.0
30_11037,Huichon,PRK,North Korea,1.0,0.0
30_5256,Mamuju,IDN,Indonesia,0.0,0.0
30_5088,Jatibarang,IDN,Indonesia,0.0,0.0
30_865,Sobradinho,BRA,Brazil,0.0,0.0
30_8999,Shunan,JPN,Japan,0.0,0.0
30_2052,Xingcheng,CHN,China,0.0,0.0
30_12441,Port St. Lucie,USA,United States,0.0,0.0
30_8564,Lumding,IND,India,0.9974178656303677,0.0
30_6596,Gangawati,IND,India,0.0,0.0
30_3759,Aghour Al-Kubra,EGY,Egypt,0.999999928790341,0.8738003682676885
30_6385,Basoda,IND,India,0.0,0.0
30_12372,Lafayette,USA,United States,0.6680031410654167,0.0
30_12393,Sioux Falls,USA,United States,0.5194021179129127,0.0
30_1182,Chiguayante,CHL,Chile,0.13506425116602216,0.0
30_1286,Longxi,CHN,China,0.0,0.0
30_557,Bagerhat,BGD,Bangladesh,0.0,0.0
30_1463,Tongchuan,CHN,China,0.0,0.0
30_2390,Qiyang,CHN,China,0.0,0.0
30_7776,Amalapuram,IND,India,0.0,0.0
30_1759,Gaocheng,CHN,China,0.001027199198498136,0.0
30_10505,Mehar,PAK,Pakistan,0.0,0.0
30_8802,Soran,IRQ,Iraq,0.0,0.0
30_3149,Kwilu-Ngongo,COD,Democratic Republic of the Congo,0.0,0.0
30_2017,Laoling,CHN,China,0.0,0.0
30_10124,Shema,NGA,Nigeria,0.0,0.0
30_10283,Wukari,NGA,Nigeria,0.0,0.0
30_12224,Kramatorsk,UKR,Ukraine,0.0,0.0
30_10720,Sangla Hill,PAK,Pakistan,0.0,0.0
30_2854,Zhangzhishan,CHN,China,0.0,0.0
30_12423,Homestead,USA,United States,0.1486271630718293,0.0
30_7017,Pudukadai,IND,India,0.0,0.0
30_9095,Kokshetau,KAZ,Kazakhstan,0.29645529047130625,0.0
30_4652,Blackburn,GBR,United Kingdom,1.0,1.0
30_6161,Karwar,IND,India,0.017040525899562765,0.0
30_12463,Algonquin,USA,United States,0.9999999837477851,0.0
30_12864,Tuy Hòa,VNM,Vietnam,0.2699034660039459,0.0
30_11599,Koidu Town,SLE,Sierra Leone,0.9578514139358562,0.0
30_10425,Enschede,NLD,Netherlands,0.0,0.9999999737807118
30_1297,Gangu,CHN,China,0.0,0.0
30_4650,Atherton,GBR,United Kingdom,1.0,1.0
30_9272,Kalmunai,LKA,Sri Lanka,0.0,0.0
30_8702,Shahin Shahr,IRN,Iran,0.0,0.0
30_4605,Saint-Denis,FRA,France,0.9999998566276892,0.0
30_9136,Ongata Rongai,KEN,Kenya,1.0,1.0
23_73949,Chishtian Sharif,PAK,Pakistan,0.0,0.0
30_11179,Severodvinsk,RUS,Russia,0.43119166513315355,0.0
30_8685,Izeh,IRN,Iran,0.0,0.0
30_8970,Al Salt,JOR,Jordan,0.8785033509058562,0.0
30_3903,Huelva,ESP,Spain,0.9952255098796361,0.0
30_1133,Barrie,CAN,Canada,0.2405226032591644,0.0
30_1207,Shache,CHN,China,0.9797158266418001,0.0
30_7458,Rajim,IND,India,0.0,0.0
30_9683,Kengtung,MMR,Myanmar,0.4550377963951135,0.0
30_10407,'S-Hertogenbosch,NLD,Netherlands,0.0,1.0
30_9485,Zacatelco,MEX,Mexico,0.0,0.0
30_5309,Kotamobagu,IDN,Indonesia,0.0,0.0
30_11231,Novocherkassk,RUS,Russia,0.0,0.0
30_6796,Guntakal,IND,India,0.0,0.0
30_10220,Kazaure,NGA,Nigeria,0.0,0.0
30_11857,Nakhon Si Thammarat,THA,Thailand,0.7729396121144775,0.0
30_1609,Linshui,CHN,China,0.0,0.0
30_2865,Deqing,CHN,China,0.0,0.0
30_8442,Dinhata,IND,India,0.0,0.0
30_8515,Goalpara,IND,India,1.0,0.0
30_3766,Fashn,EGY,Egypt,0.0,0.0
30_12096,Sumbawanga,TZA,Tanzania,0.0,0.0
30_3723,6Th Of October,EGY,Egypt,0.6613367115934495,0.0
30_13051,Egobhoza,ZAF,South Africa,0.0025925143924570497,0.0
30_12501,Flint,USA,United States,0.21747234087347722,0.0
30_1636,Houma,CHN,China,0.0,0.0
30_7421,Robertsganj,IND,India,0.0,0.0
30_1572,Quxian,CHN,China,0.0,0.0
30_3120,Mokolo,CMR,Cameroon,0.0,0.0
30_6795,Hinganghat,IND,India,0.0,0.0
30_4953,Debrecen,HUN,Hungary,0.3309894193836481,0.0
30_9981,Zuru,NGA,Nigeria,0.0,0.0
30_3277,Kirumba,COD,Democratic Republic of the Congo,0.0,0.0
30_12733,Vĩnh Yên,VNM,Vietnam,0.0,0.0
30_559,Rajoir,BGD,Bangladesh,0.0,0.0
30_1528,临潼区,CHN,China,0.49287116613753884,0.0
30_9112,Taldykorgan,KAZ,Kazakhstan,0.9590640104311096,0.0
30_10761,Chunian,PAK,Pakistan,0.0,0.0
30_2340,Hengxian,CHN,China,0.0,0.0
30_2004,Changyuan,CHN,China,0.0,0.0
30_12686,Charallave,VEN,Venezuela,0.9515368533835237,0.0
30_3272,Baraka,COD,Democratic Republic of the Congo,0.0,0.0
30_8379,Bolpur,IND,India,1.0,0.0
30_7851,Gaihati,IND,India,0.3721604232404479,0.0
30_5854,Bundi,IND,India,1.0,0.0
30_8787,Zawa,IRQ,Iraq,0.0,0.0
30_5316,Ambon,IDN,Indonesia,0.0,0.0
30_4657,Gloucester,GBR,United Kingdom,0.9999999489943713,0.9999999489943714
30_10350,Damboa,NGA,Nigeria,0.0,0.0
30_10245,Wudil,NGA,Nigeria,0.0,0.0
30_12795,Cao Lanh,VNM,Vietnam,0.0,0.0
30_10850,Tuguegarao,PHL,Philippines,0.7607750378833497,0.0
30_12544,Toms River,USA,United States,0.2615597622638916,0.0
30_7576,Gudivada,IND,India,0.0,0.0
30_11058,Nampo,PRK,North Korea,0.5949662702427386,0.0
30_4589,Metz,FRA,France,0.0,0.0
30_8234,Dhenkanal,IND,India,0.0,0.0
30_8527,Nalbari,IND,India,0.0,0.0
30_1481,Fushun,CHN,China,0.0,0.0
30_11000,Bielsko-Biała,POL,Poland,0.07216424743993775,0.0
30_11932,Ksar Hellal,TUN,Tunisia,0.0,0.0
30_9695,Podgorica,MNE,Montenegro,0.0,0.0
30_8973,Madaba,JOR,Jordan,0.0,0.0
30_5528,Kalol,IND,India,0.0,0.0
30_249,Innsbruck,AUT,Austria,1.0,0.0
30_9171,Battambang,KHM,Cambodia,1.0,0.0
30_904,Paranaguá,BRA,Brazil,0.934930889041139,0.0
30_11549,Sinkāt,SDN,Sudan,0.0,0.0
30_3021,Xiapu,CHN,China,0.07838596845825622,0.0
30_3430,Willemstad,CUW,Curaçao,0.4414570115749052,0.0
30_2081,郓城县,CHN,China,0.0,0.0
30_9383,San José Del Cabo,MEX,Mexico,0.2001709444779398,0.0
30_945,Barreiras,BRA,Brazil,0.9997553831815543,0.0
30_11812,Karyari,TCD,Chad,0.0,0.0
30_1820,张家庄,CHN,China,0.0,0.0
30_2490,Jiangyuan,CHN,China,0.0,0.0
30_12032,Nizip,TUR,Turkey,0.0,0.0
30_415,Jaldhaka,BGD,Bangladesh,0.0,0.0
30_655,Beanibazar,BGD,Bangladesh,0.0,0.0
30_4149,Arba Minch,ETH,Ethiopia,0.9587533074313772,0.0
30_11711,Kapoeta,SSD,South Sudan,0.0,0.0
30_1127,Cambridge,CAN,Canada,0.3178520638775436,0.0
30_2744,Lishui,CHN,China,1.0,0.0
30_12832,Kon Tum,VNM,Vietnam,0.5667987468939851,0.0
30_6085,Seohara,IND,India,0.0,0.0
30_8612,Maragheh,IRN,Iran,0.9793957055323002,0.0
30_12586,Katta-Kurgan,UZB,Uzbekistan,1.0,0.0
30_11449,Ed Al Fursan,SDN,Sudan,0.0,0.0
30_8117,Bihpur,IND,India,0.0,0.0
30_8689,Pakdasht,IRN,Iran,1.0,0.14174509625448561
30_11935,Edirne,TUR,Turkey,0.0,0.0
30_10023,Ekpoma,NGA,Nigeria,0.0,0.0
30_5299,Baubau,IDN,Indonesia,0.5416640396998282,0.0
30_2258,Yunmeng,CHN,China,0.8801003507121563,0.0
30_8895,Parma,ITA,Italy,0.4505224360618454,0.0
30_2277,Yuanjiang,CHN,China,0.9644914084409001,0.0
30_10084,Osina,NGA,Nigeria,0.0,0.0
30_5925,Khatauli,IND,India,0.0,0.0
30_8393,Lalgola,IND,India,0.0,0.0
30_11970,Afyonkarahisar,TUR,Turkey,0.0,0.0
30_2975,Yongchun,CHN,China,0.0,0.0
30_1291,Dalad,CHN,China,0.0,0.0
30_4335,Adigrat,ETH,Ethiopia,0.0,0.0
30_10830,San Fernando,PHL,Philippines,0.0,0.0
30_1516,Chenggong,CHN,China,0.21004231652372635,0.0
30_3576,El Abiodh Sidi Cheikh,DZA,Algeria,0.0,0.0
30_9995,Koko Town,NGA,Nigeria,0.0,0.0
30_12565,New Bedford,USA,United States,0.47309418337052683,0.0
30_11149,Pitești,ROU,Romania,0.8516707548375921,0.0
30_698,Ruse,BGR,Bulgaria,0.0,0.0
30_1313,Maiji,CHN,China,0.6865234613613896,0.0
30_1856,双口,CHN,China,0.9306889485127747,0.0
30_12064,Erciş,TUR,Turkey,0.0,0.0
30_1633,Yanqing,CHN,China,1.0,0.8286273124663257
30_3539,Odense,DNK,Denmark,0.0,0.0
30_9023,Niihama,JPN,Japan,0.0,0.0
30_13031,Kwamhlanga,ZAF,South Africa,0.0,0.0
30_8428,Alipurduar,IND,India,0.0,0.0
30_635,,BGD,Bangladesh,0.0,0.0
30_10760,Haveli Lakha,PAK,Pakistan,0.0,0.0
30_6881,Chitrakoot Dham,IND,India,0.0,0.0
30_2150,Boxing,CHN,China,1.0,0.0
30_9053,Matsumoto,JPN,Japan,0.9694765530689636,0.0
30_4548,Le Mans,FRA,France,0.0,0.0
30_2884,Tonglu,CHN,China,0.0,0.0
30_3573,Mascara,DZA,Algeria,0.44881719514539203,0.0
30_8763,Birjand,IRN,Iran,0.9761830281354412,0.0
30_6700,Vadanappally,IND,India,0.0,0.0
30_3686,Idku,EGY,Egypt,0.0,0.0
30_3962,Mataró,ESP,Spain,1.0,0.0
30_7212,Miryalaguda,IND,India,0.0,0.0
30_5998,Sendhwa,IND,India,0.0,0.0
30_7418,Kothagudem,IND,India,0.0,0.0
30_398,Panchagarh,BGD,Bangladesh,1.0,0.0
23_68022,Abalak,NER,Niger,0.0,0.0
30_12059,Ağrı,TUR,Turkey,0.0,0.0
30_10661,Shujaabad,PAK,Pakistan,0.0,0.0
30_5800,Padi Meena,IND,India,0.3937117860126707,0.0
30_1580,Jianshui,CHN,China,0.0,0.0
30_191,Comodoro Rivadavia,ARG,Argentina,0.0,0.0
30_3434,Pilsen,CZE,Czech Republic,0.62479523963803,0.0
30_8699,Najafabad,IRN,Iran,0.0,0.0
30_12268,Santa Clarita,USA,United States,1.0,0.1340413259092558
30_95,Gabela,AGO,Angola,0.0,0.0
30_410,Rohanpur,BGD,Bangladesh,0.0,0.0
30_2903,Yong'An,CHN,China,0.8040086455958761,0.0
30_1608,Dazhu,CHN,China,0.0,0.0
30_7082,Kolar,IND,India,0.0,0.0
30_4619,Swansea,GBR,United Kingdom,1.0,1.0
30_2350,Huangpi,CHN,China,1.0,1.0
30_1132,Newmarket,CAN,Canada,0.2678249125238067,0.0
30_11849,Phra Nakhon Si Ayutthaya,THA,Thailand,0.0,0.0
30_3464,Oldenburg,DEU,Germany,0.0,0.0
30_4764,Techiman,GHA,Ghana,0.0,0.0
30_6325,Kundapura,IND,India,0.0,0.0
30_8841,Al-Rumaitha,IRQ,Iraq,0.0,0.0
30_11477,En Nahud,SDN,Sudan,1.0,0.0
30_12347,Fort Collins,USA,United States,0.6443394605597804,0.0
30_1328,Dayi,CHN,China,0.0,0.0
30_8897,Livorno,ITA,Italy,0.377978993278805,0.0
30_1378,中江县,CHN,China,0.0,0.0
30_8628,Ilam,IRN,Iran,0.5175647423488335,0.0
30_11175,Veliky Novgorod,RUS,Russia,0.9751436103591083,0.0
30_1171,Antofagasta,CHL,Chile,1.0,0.0
30_2234,Xinhua,CHN,China,0.0,0.0
30_13016,Lenasia South,ZAF,South Africa,1.0,0.0
30_3605,Messaad,DZA,Algeria,0.0,0.0
30_4702,York,GBR,United Kingdom,1.0,1.0
23_58305,Rostamabad,IRN,Iran,0.0,0.0
30_128,Cafunfo,AGO,Angola,0.0,0.0
30_12512,Erie,USA,United States,0.6730963530807957,0.0
30_11524,Ad-Damer,SDN,Sudan,1.0,0.0
30_4514,Gode,ETH,Ethiopia,0.0,0.0
30_5973,Shirpur,IND,India,0.0,0.0
30_2381,Xiangxiang,CHN,China,0.7098616369052176,0.0
30_9867,Madaoua,NER,Niger,0.0,0.0
30_12604,Denov,UZB,Uzbekistan,0.6180699923741487,0.0
30_1301,Ordos,CHN,China,0.09588850254506187,0.0
30_9009,Obihiro,JPN,Japan,0.3398113689298309,0.0
30_8471,Ranaghat,IND,India,0.0,0.0
30_11990,Aksaray,TUR,Turkey,0.0,0.0
30_2973,Dehua,CHN,China,0.0,0.0
30_5165,Kunjang,IDN,Indonesia,0.0,0.0
30_6032,Chandpur,IND,India,0.0,0.0
30_4922,Petit-Goâve,HTI,Haiti,0.0,0.0
30_10599,Layyah,PAK,Pakistan,0.15644574330482436,0.0
30_2393,Zhaoyuan,CHN,China,0.0,0.0
30_12791,Ca Mau,VNM,Vietnam,0.45856519845144506,0.0
30_7401,Chilakaluripet,IND,India,0.0,0.0
30_1007,Coronel Fabriciano,BRA,Brazil,0.7944500166299587,0.0
30_1258,Wuhai,CHN,China,0.0,0.0
30_7816,Fatwah,IND,India,0.0,0.0
30_8609,Mahabad,IRN,Iran,0.9427583318426624,0.0
30_12345,Killeen,USA,United States,0.5100409413102546,0.0
30_3851,Al Sahil Bahari,EGY,Egypt,0.0,0.0
30_6644,Toranagallu,IND,India,0.8991155199270676,0.0
30_414,Nilphamari,BGD,Bangladesh,0.0,0.0
30_9080,Hitachi,JPN,Japan,0.5742507700086013,0.0
30_11823,Atakpamé,TGO,Togo,0.6563658018881117,1.0
30_2248,Yingcheng,CHN,China,0.1367361479846473,0.0
30_351,Banfora,BFA,Burkina Faso,0.0,0.0
30_603,Haimchar,BGD,Bangladesh,0.0,0.0
30_6362,Mandideep,IND,India,0.44658158263765646,0.0
30_3956,Tarragona,ESP,Spain,0.10470254325442545,0.0
30_3976,Dambidollo,ETH,Ethiopia,0.0,0.0
30_9427,Fresnillo,MEX,Mexico,0.0,0.0
30_3821,Aţ Ţawābīyah,EGY,Egypt,0.7934397603449547,0.0
30_12645,Valera,VEN,Venezuela,0.43771180137692756,0.0
30_11945,Turgutlu,TUR,Turkey,0.0,0.0
30_9480,Texmelucan,MEX,Mexico,0.0,0.0
30_7681,Aurangabad,IND,India,0.0,0.0
30_2789,Coloane,CHN,China,1.0,0.0
30_12380,Little Rock,USA,United States,0.5066149769295603,0.0
30_5016,Lubuklinggau,IDN,Indonesia,0.2908141561859296,0.0
30_4811,Hohoe,GHA,Ghana,0.0,1.0
30_7817,Bhawanipatna,IND,India,0.896741495655323,0.0
30_1387,Renshou,CHN,China,1.0,0.0
30_10759,Manga,PAK,Pakistan,0.0,0.0
30_3237,Mwadingusha,COD,Democratic Republic of the Congo,0.0,0.0
30_11518,Al Hasahisa,SDN,Sudan,0.0,0.0
30_10454,Wellington,NZL,New Zealand,0.8276170498270886,0.0
30_9180,Hwado-Eup,KOR,South Korea,0.5784038221667134,0.0
30_3215,Kitenge,COD,Democratic Republic of the Congo,0.0,0.0
30_2805,Rugao,CHN,China,0.0,0.0
30_9972,Otun,NGA,Nigeria,0.0,0.0
30_12338,Amarillo,USA,United States,0.30064057505367275,0.0
30_10682,Lodhran,PAK,Pakistan,0.0,0.0
30_11825,Sokodé,TGO,Togo,0.5820763176748006,1.0
30_11892,Kulob,TJK,Tajikistan,0.7697098408895441,0.0
30_12259,Thousand Oaks,USA,United States,0.39644413462937067,0.0
30_5143,Sragen,IDN,Indonesia,0.5024704071138741,0.0
30_12583,Navoiy,UZB,Uzbekistan,0.48961387410617624,0.0
30_9521,Piedras Negras,MEX,Mexico,0.8590812769965852,0.0
30_2902,Chongming,CHN,China,1.0,0.0
30_8901,Modena,ITA,Italy,0.0,0.0
30_565,Pakundia,BGD,Bangladesh,0.9924124505179365,0.0
30_10440,Pokhara,NPL,Nepal,0.6247782389202619,0.0
30_9131,Free Area,KEN,Kenya,0.917575576606731,0.0
30_2133,Huaiyang,CHN,China,0.0,0.0
30_10575,Bindi,PAK,Pakistan,0.0,0.0
30_12803,Bạc Liêu,VNM,Vietnam,0.0,0.0
30_10266,Dutse,NGA,Nigeria,0.0,0.0
30_5004,Perawang,IDN,Indonesia,0.0,0.0
30_2239,钢城区,CHN,China,0.0,0.0
23_26071,Musumba,COD,Democratic Republic of the Congo,0.0,0.0
30_2645,Qionghai,CHN,China,1.0,0.0
30_11791,Koumra,TCD,Chad,0.0,0.0
30_10313,Biliri,NGA,Nigeria,0.0,0.0
30_1610,Hangu,CHN,China,1.0,0.0
30_556,Char Algi,BGD,Bangladesh,0.0,0.0
30_6052,Gajraula,IND,India,0.0,0.0
30_9702,Xai-Xai,MOZ,Mozambique,0.6647119816900053,0.0
30_2729,Yugan,CHN,China,0.0,0.0
30_3460,Koblenz,DEU,Germany,0.7048359401409638,0.0
30_8339,Baripada,IND,India,1.0,0.0
30_9797,Likuni,MWI,Malawi,0.06257786614432365,0.0
30_2537,洋河镇,CHN,China,0.0,0.0
30_7863,,IND,India,0.0,0.0
30_3635,Ali Mendjeli,DZA,Algeria,0.4742472741592443,0.0
30_4201,Durame,ETH,Ethiopia,0.0,0.0
30_11169,Pskov,RUS,Russia,0.4631155984604441,0.0
30_2984,Xianju,CHN,China,0.9382101450430431,0.0
30_3690,Rosetta,EGY,Egypt,0.017821710034141146,0.0
30_6059,Chopda,IND,India,0.0,0.0
30_3918,León,ESP,Spain,0.0,0.0
30_10700,Kotli,PAK,Pakistan,0.0,0.0
30_2751,Dongxian,CHN,China,0.0,0.0
30_11973,Ereğli,TUR,Turkey,0.0,0.0
30_295,Gitega,BDI,Burundi,0.0,0.0
30_12415,Cedar Rapids,USA,United States,0.26982783610905864,0.0
30_9600,Meiktila,MMR,Myanmar,0.6297712318860784,0.0
30_2412,平南县,CHN,China,0.0,0.0
30_8708,Dolatabad,IRN,Iran,0.0,0.0
30_3736,Sinnuris,EGY,Egypt,0.3811227660574069,0.0
30_5091,Arjawinangun,IDN,Indonesia,0.0,0.0
30_6025,Amalner,IND,India,0.0,0.0
30_2025,Chiping,CHN,China,0.0,0.0
30_12158,Iganga,UGA,Uganda,0.0,0.0
30_10105,Bodo,NGA,Nigeria,0.0,0.0
30_9914,Kishi,NGA,Nigeria,0.0,0.0
30_1078,Parnamirim,BRA,Brazil,1.0,0.0
30_3414,Matanzas,CUB,Cuba,0.8626634678917325,0.0
30_3864,Qena,EGY,Egypt,0.7818009776978341,0.0
30_10711,Kamalia,PAK,Pakistan,0.0,0.0
30_5073,Cikajang,IDN,Indonesia,0.0,0.0
30_7668,Daudnagar,IND,India,0.0,0.0
30_3225,Lwambo,COD,Democratic Republic of the Congo,0.0,0.0
30_1197,Valdivia,CHL,Chile,0.8609748935245053,0.0
30_1302,Lijiang,CHN,China,0.8839843004772211,0.0
30_9650,Taik Kyi,MMR,Myanmar,0.0,0.0
30_9193,Iksan-Si,KOR,South Korea,0.7520522985367208,0.0
30_1648,Dianjiang,CHN,China,0.0,0.0
30_12555,Albany,USA,United States,0.7458732913925729,0.0
30_2260,监利县,CHN,China,0.3171380396235231,0.0
30_684,Chakaria,BGD,Bangladesh,0.0,0.0
30_8160,Araria,IND,India,0.0,0.0
30_3947,Elx / Elche,ESP,Spain,0.38602918978617873,0.0
30_9145,Embu,KEN,Kenya,1.0,0.0
30_13002,Lilian Ngoyi Village,ZAF,South Africa,0.0,0.0
30_10558,Kandhkot,PAK,Pakistan,0.0,0.0
30_2337,Xiaoxian,CHN,China,0.16278268713242752,0.0
30_2716,Jinxian,CHN,China,0.0,0.0
30_12239,Alchevsk,UKR,Ukraine,0.0,0.0
30_17,Sheberghan,AFG,Afghanistan,1.0,0.0
30_6019,,IND,India,0.0,0.0
30_12464,Savannah,USA,United States,0.6680138986412777,0.0
30_12616,Altiarik,UZB,Uzbekistan,0.0,0.0
30_819,Araguaína,BRA,Brazil,1.0,0.0
30_10681,Bhalwal,PAK,Pakistan,0.0,0.0
30_6470,Washim,IND,India,0.0,0.0
30_1247,Manzhouli,CHN,China,0.6710723993420112,0.0
30_3915,Salamanca,ESP,Spain,1.0,0.0
30_5560,Malerkotla,IND,India,0.0,0.0
30_8463,Shantipur,IND,India,0.0,0.0
30_8572,Golaghat,IND,India,0.4767244636139317,0.0
30_9969,Ijero-Ekiti,NGA,Nigeria,0.0,0.0
30_12910,Amran,YEM,Yemen,0.0,0.0
30_6387,Manjeshwar,IND,India,0.0,0.0
30_6323,Dabra,IND,India,0.0,0.0
30_5283,Watampone,IDN,Indonesia,0.0,0.0
30_9319,Khemisset,MAR,Morocco,0.0,0.0
30_493,Sujanagar,BGD,Bangladesh,0.0,0.0
30_1435,Pu'Er,CHN,China,0.0,0.0
30_10094,Ayangba,NGA,Nigeria,0.0,0.0
30_8817,Husainīya,IRQ,Iraq,0.0,0.0
30_3798,Diyarb Al Suq,EGY,Egypt,0.0,0.0
30_11982,Konut Sitesi,TUR,Turkey,1.0,0.0
30_6090,Baramati,IND,India,0.5303043001734061,0.0
30_5478,Deesa,IND,India,1.0,0.0
30_9689,Tachileik,MMR,Myanmar,0.0,0.0
30_3666,Milagro,ECU,Ecuador,1.0,0.0
30_2750,Xingguo,CHN,China,0.0,0.0
30_5472,Hanumanangarh Junction,IND,India,0.0,0.0
30_3698,Itay El-Barud,EGY,Egypt,0.0,0.0
30_2123,Jiutai,CHN,China,0.0,0.0
30_6650,Mahoba,IND,India,0.0,0.0
30_7813,Chandrapur,IND,India,0.0,0.0
30_4642,Dundee,GBR,United Kingdom,0.9998541553545479,0.9998541553544857
30_10456,Hamilton,NZL,New Zealand,0.07446733939088544,0.0
30_8779,Chabahar,IRN,Iran,0.5224413303771268,0.0
30_4695,Mansfield,GBR,United Kingdom,1.0,1.0
30_1946,Zhenping,CHN,China,0.0,0.0
30_1530,Rongchang,CHN,China,0.0,0.0
30_228,Geelong,AUS,Australia,1.0,1.0
30_4996,Bagan Siapi-Api,IDN,Indonesia,0.0,0.0
30_1874,Lingyuan,CHN,China,0.0,0.0
30_11001,Olsztyn,POL,Poland,0.0,0.0
30_12411,Columbus,USA,United States,0.2504794612781919,0.0
30_501,Sarishabari,BGD,Bangladesh,0.0,0.0
30_8560,Badarpur,IND,India,0.0,0.0
30_5469,Amreli,IND,India,0.8176361504102038,0.0
30_9879,Tessaoua,NER,Niger,0.0,0.0
30_1261,Shizuishan,CHN,China,0.8225555005035837,0.0
30_12092,Murubona,TZA,Tanzania,0.0,0.0
30_902,Criciúma,BRA,Brazil,0.09882625810045964,0.0
30_1131,St. Catharines,CAN,Canada,1.0,0.0
30_11937,Tekirdağ,TUR,Turkey,0.19148794699201668,0.0
30_12650,Guanare,VEN,Venezuela,1.0,0.0
30_1847,Yichuan,CHN,China,0.0,0.0
30_8103,Angul,IND,India,1.0,0.0
30_602,Nabinagar,BGD,Bangladesh,0.0,0.0
30_234,Wollongong,AUS,Australia,0.9984887392710409,0.0
30_1390,Guangyuan,CHN,China,0.6101530248118079,0.0
30_1440,Liulin,CHN,China,0.0,0.0
30_3590,Medea,DZA,Algeria,0.0,0.0
30_11295,Perm,RUS,Russia,0.3166819260255826,0.0
30_8726,Gonbad-E Qabus,IRN,Iran,0.0,0.0
30_1428,Langzhong,CHN,China,0.7978331809438898,0.0
30_9099,Temirtau,KAZ,Kazakhstan,0.0,0.0
30_3527,Potsdam,DEU,Germany,0.9999999903232909,0.9999999903232908
30_9513,Altamira,MEX,Mexico,0.614320235380352,0.0
30_9323,Ksar El-Kebir,MAR,Morocco,0.0,0.0
30_1329,Jungar,CHN,China,0.0,0.0
30_8991,Ube,JPN,Japan,0.39532412163572267,0.0
30_6281,Sehore,IND,India,0.0,0.0
30_3122,Guider,CMR,Cameroon,0.0,0.0
30_8829,Kalar,IRQ,Iraq,0.0,0.0
30_3643,Guelma,DZA,Algeria,1.0,0.0
30_8292,Choudwar,IND,India,0.23641512142462195,0.0
30_10741,Nankana Sahib,PAK,Pakistan,0.0,0.0
30_3265,Rubaya,COD,Democratic Republic of the Congo,0.0,0.0
30_8230,Godda,IND,India,0.0,0.0
30_12385,Springfield,USA,United States,1.0,0.0
30_4649,Warrington,GBR,United Kingdom,1.0,1.0
30_2272,Peixian,CHN,China,0.0,0.0
30_11197,Elektrostal,RUS,Russia,0.0,0.0
30_521,Rajbari,BGD,Bangladesh,0.0,0.0
30_10899,Pagadian,PHL,Philippines,0.953193036167265,0.0
30_5135,Ketapang,IDN,Indonesia,0.8455451915786998,0.0
30_10202,Ugep,NGA,Nigeria,0.0,0.0
30_3675,Riobamba,ECU,Ecuador,1.0,0.0
30_1587,Chenjiaqiao,CHN,China,0.6847389980655985,0.0
30_10174,Keffi,NGA,Nigeria,0.0,0.0
30_12022,Ordu,TUR,Turkey,1.0,0.0
30_9838,Sandakan,MYS,Malaysia,0.5220690603512553,0.0
30_1044,Teixeira De Freitas,BRA,Brazil,0.0,0.0
30_9301,Settat,MAR,Morocco,0.5018862209324992,0.0
30_5060,Palabuhanratu,IDN,Indonesia,0.5586757230571735,0.0
30_8808,Tuz Khormato,IRQ,Iraq,0.6519861286167297,0.0
30_10764,Raiwind,PAK,Pakistan,0.0,0.0
30_2267,Yiyuan,CHN,China,0.0,0.0
30_6964,Ghatkesar,IND,India,0.8017604040587603,0.0
30_2353,Ningxiang,CHN,China,0.1680281603438117,0.1680281604823912
30_2056,Zaoyang,CHN,China,0.023324684215588035,0.0
30_3937,Almeria,ESP,Spain,1.0,0.0
30_1094,Gaborone,BWA,Botswana,0.4962719917601297,0.0
30_3094,Nkongsamba,CMR,Cameroon,1.0,0.0
30_12579,Turtkul,UZB,Uzbekistan,0.0,0.0
30_11427,Shaib Liban,SAU,Saudi Arabia,1.0,0.0
30_3932,Burgos,ESP,Spain,0.0,0.0
30_10373,León,NIC,Nicaragua,1.0,0.0
30_1432,Huairen,CHN,China,0.0,0.0
30_2547,东田村,CHN,China,0.0,0.0
30_10408,Amersfoort,NLD,Netherlands,1.0,1.0
30_2699,Sheyang,CHN,China,0.7354449156758385,0.0
23_72236,Yousuf Goth,PAK,Pakistan,1.0,0.0
30_3105,Foumban,CMR,Cameroon,0.0,0.0
30_7838,,IND,India,0.0,0.0
30_250,Salzburg,AUT,Austria,1.0,0.0
30_12392,Bartlett,USA,United States,0.6833998332102097,0.0
30_4842,Patras,GRC,Greece,0.0,0.0
30_5521,Phagwara,IND,India,0.0,0.0
30_8913,Mestre,ITA,Italy,0.0,0.0
30_3055,Duekoue,CIV,Côte d'Ivoire,0.0,0.0
30_3119,Bertoua,CMR,Cameroon,0.33298389742326323,0.0
30_6941,Bhandara,IND,India,0.0,0.0
30_10846,Lubao,PHL,Philippines,0.0,0.0
30_5012,Curup,IDN,Indonesia,0.0,0.0
30_3260,Pweto,COD,Democratic Republic of the Congo,0.0,0.0
30_11277,Nizhnekamsk,RUS,Russia,0.0,0.0
30_1192,Chillán,CHL,Chile,0.9999999641815349,0.0
30_5239,Sumbawa Besar,IDN,Indonesia,0.44552661043119024,0.0
30_10030,Irri,NGA,Nigeria,0.0,0.0
30_3183,Sandoa,COD,Democratic Republic of the Congo,0.0,0.0
30_1613,Baisha,CHN,China,0.0,0.0
30_12625,Asaka,UZB,Uzbekistan,0.0,0.0
30_3411,Pinar Del Rio,CUB,Cuba,0.39062242593057495,0.0
30_8051,Madhepura,IND,India,0.0,0.0
30_11757,Al-Hasakah,SYR,Syria,1.0,0.0
30_9643,Bogale,MMR,Myanmar,0.0,0.0
30_10506,Qambar,PAK,Pakistan,0.0,0.0
30_7171,Kovilpatti,IND,India,0.0,0.0
30_1846,Zunhua,CHN,China,0.8840323913432894,0.0
30_9179,Dongducheon-Si,KOR,South Korea,0.7028641563132813,0.0
30_2988,Tiantai,CHN,China,0.7957789637666615,0.0
30_10774,La Chorrera,PAN,Panama,0.6241540293074269,0.0
30_38,,AFG,Afghanistan,1.0,0.0
30_1618,Yongji,CHN,China,0.0,0.0
30_5346,Jayapura,IDN,Indonesia,0.0,0.0
30_7131,Akbarpur,IND,India,0.0,0.0
30_2620,Lianshui,CHN,China,0.0,0.0
30_2345,Feixian,CHN,China,0.658340416143857,0.0
30_7496,Mannargudi,IND,India,0.0,0.0
30_3744,Dirin,EGY,Egypt,0.0,0.0
30_12050,Erzurum,TUR,Turkey,0.8853360476872812,0.0
30_8470,Haldia,IND,India,0.3532274401142077,0.0
30_2233,Nanxian,CHN,China,0.3835695492059461,0.0
30_12292,Hemet,USA,United States,0.21142020953513777,0.0
30_10544,Chakdara,PAK,Pakistan,0.0,0.0
30_11490,Umm Ruwaba,SDN,Sudan,0.0,0.0
30_10042,Biantubu,NGA,Nigeria,0.0,0.0
30_8584,Lamka,IND,India,0.0,0.0
30_3735,Al-Santa,EGY,Egypt,0.14287954044554896,0.0
30_5845,Mandsaur,IND,India,0.0,0.0
30_5662,Halol,IND,India,0.0,0.0
30_13030,Phuthaditjhaba,ZAF,South Africa,0.0,0.0
30_3642,Khenchela,DZA,Algeria,0.0,0.0
30_8690,Varamin,IRN,Iran,1.0,0.0
30_2926,Nanping,CHN,China,0.9428889121267083,0.0
30_8321,Waria,IND,India,0.0,0.0
30_2605,Guannan,CHN,China,0.0,0.0
30_10008,Akugba,NGA,Nigeria,0.0,0.0
30_7839,,IND,India,0.0,0.0
30_7370,Narasaraopet,IND,India,0.0,0.0
30_12666,Puerto Cabello,VEN,Venezuela,1.0,0.0
30_3728,Sunbat,EGY,Egypt,0.08688190016700265,0.0
30_89,Sumbe,AGO,Angola,1.0,0.0
30_9092,Kostanay,KAZ,Kazakhstan,0.44958839743081636,0.0
30_3523,Regensburg,DEU,Germany,0.0,0.0
30_5117,Singkawang,IDN,Indonesia,0.0,0.0
30_11164,Brăila,ROU,Romania,0.0,0.0
30_8548,Udaipur,IND,India,0.0,0.0
30_10216,Kafanchan,NGA,Nigeria,0.0,0.0
30_7738,Rafiganj,IND,India,0.0,0.0
30_5885,Deoband,IND,India,0.0,0.0
30_4850,Heraklion,GRC,Greece,0.0,0.0
30_5587,Borsad,IND,India,0.0,0.0
30_13006,Rustenburg,ZAF,South Africa,0.8432014854511238,0.0
30_1386,Gongnong,CHN,China,1.0,0.0
30_2328,Pulandian,CHN,China,0.0,0.0
30_6495,Hingoli,IND,India,0.0,0.0
30_3404,Moroni,COM,Comoros,1.0,0.0
30_9281,Luxembourg,LUX,Luxembourg,0.472856135574631,0.0
30_5566,Khambhat,IND,India,0.0,0.0
30_5520,Mahuva,IND,India,0.0,0.0
30_11428,Al-Kharj,SAU,Saudi Arabia,0.0,0.0
30_8152,Naugachia,IND,India,0.0,0.0
30_9345,Berkane,MAR,Morocco,0.0,0.0
30_12991,Wells Estate,ZAF,South Africa,0.5638547937303535,0.0
30_9133,Naivasha,KEN,Kenya,0.0,0.0
30_2259,大屯街道,CHN,China,0.0,0.0
30_13042,Pietermaritzburg,ZAF,South Africa,0.21185638156619094,0.0
30_713,Pinsk,BLR,Belarus,0.4923888135158114,0.0
30_11355,Abakan,RUS,Russia,0.6003378178756802,0.0
30_2043,Zhangjiajie,CHN,China,0.0,0.0
30_9075,Fuji,JPN,Japan,0.0,0.0
30_10151,Ankpa,NGA,Nigeria,0.0,0.0
30_11835,Lampang,THA,Thailand,0.6932022597337939,0.0
30_9189,Gunsan-Si,KOR,South Korea,0.7818409192444135,0.0
30_10400,Breda,NLD,Netherlands,0.0,1.0
30_12358,Denton,USA,United States,0.19598072109503786,0.0
30_4715,Slough,GBR,United Kingdom,1.0,1.0
30_3916,Ceuta,ESP,Spain,0.16339492466416178,0.0
30_3672,City Of Loja,ECU,Ecuador,0.5083434239374277,0.0
30_6503,Taliparamba,IND,India,0.0,0.0
30_12080,Nantou City,TWN,Taiwan,0.0,0.0
30_7126,Krishnagiri,IND,India,0.0,0.0
30_3071,Divo,CIV,Côte d'Ivoire,0.0,0.0
30_5292,Maumere,IDN,Indonesia,0.527859419880699,0.0
30_6844,Sivani,IND,India,0.5880711656888907,0.0
30_12254,Salinas,USA,United States,0.4966218807516229,0.0
30_3454,Saarbruecken,DEU,Germany,0.5763187193753638,0.0
30_9039,Takaoka,JPN,Japan,0.7555299053515879,0.0
30_2308,Huangchuan,CHN,China,0.0,0.0
30_3632,Touggourt,DZA,Algeria,0.3678396784593587,0.0
30_6,Guzarah,AFG,Afghanistan,0.7318471702223222,0.0
30_4519,Kebri Dehar,ETH,Ethiopia,1.0,0.0
30_9788,Nouadhibou,MRT,Mauritania,0.9106240142197382,0.0
30_9829,Sibu,MYS,Malaysia,0.47801080650190997,0.0
30_5078,Haurgeulis,IDN,Indonesia,0.0,0.0
30_8615,بوکان,IRN,Iran,0.0,0.0
30_10377,Masaya,NIC,Nicaragua,0.34648795837299246,0.0
30_6497,Bhadravathi,IND,India,0.0,0.0
30_601,Patuakhali,BGD,Bangladesh,0.0,0.0
30_3515,Rostock,DEU,Germany,0.0,0.0
30_7964,Hasanpur,IND,India,0.0,0.0
30_4226,Alaba Kulito,ETH,Ethiopia,0.0,0.0
30_1163,Lucerne,CHE,Switzerland,1.0,0.0
30_9528,Minatitlán,MEX,Mexico,0.4120887452250284,0.0
30_2110,Zhongxiang,CHN,China,0.7553139151199928,0.0
30_4693,Oxford,GBR,United Kingdom,1.0,1.0
30_1445,Nanbu,CHN,China,0.0,0.0
30_7093,Tiruchengodu,IND,India,0.0,0.0
30_1627,Kaiyuan,CHN,China,0.0,0.0
30_11899,Dashoguz,TKM,Turkmenistan,0.8898762388723782,0.0
30_10189,Ozizza,NGA,Nigeria,0.0,0.0
30_4545,Caen,FRA,France,0.0,0.0
30_7284,Maharajganj,IND,India,0.0,0.0
30_2389,Chibi,CHN,China,0.48325211995635986,0.0
30_11682,Yei,SSD,South Sudan,0.0,0.0
30_9604,Pyin Oo Lwin,MMR,Myanmar,0.7307457791156964,0.0
30_2791,Ningdu,CHN,China,0.0,0.0
30_12073,Toufen,TWN,Taiwan,0.15563554233775018,0.0
30_6099,Margao,IND,India,0.0,0.0
30_10777,Sector 3,PAN,Panama,0.0967990153734481,0.0
30_8166,,IND,India,0.0,0.0
30_9554,Kati,MLI,Mali,0.0,0.0
30_1029,Cachoeiro De Itapemirim,BRA,Brazil,1.0,0.0
30_1570,Jiexiu,CHN,China,0.054509666659591,0.0
30_2558,Huazhou,CHN,China,0.0,0.0
30_3611,Bou Saada,DZA,Algeria,0.0,0.0
30_2144,Wuchang,CHN,China,0.0,0.0
30_3378,Barrancabermeja,COL,Colombia,1.0,0.0
30_3644,Ain Beida,DZA,Algeria,0.0,0.0
30_1654,Changshou,CHN,China,0.0,0.0
30_9997,Ikole,NGA,Nigeria,0.0,0.0
30_4744,Ipswich,GBR,United Kingdom,1.0,1.0
30_1353,Guanghan,CHN,China,0.8402473424015083,0.0
30_1576,Pingyao,CHN,China,0.0,0.0
30_11260,Ленинский,RUS,Russia,0.0,0.0
30_12056,Siirt,TUR,Turkey,1.0,0.0
30_10801,Tarapoto,PER,Peru,0.9797026457904922,0.0
30_12484,Green Bay,USA,United States,0.326145807222078,0.0
30_3040,龙田镇,CHN,China,0.007210127534560273,0.0
30_10804,Huánuco,PER,Peru,0.0,0.0
30_10583,Tarakai,PAK,Pakistan,0.0,0.0
30_11798,Faya-Largeau,TCD,Chad,0.5660734537166009,0.0
30_11236,Sochi,RUS,Russia,0.0,0.0
30_11174,Kolpino,RUS,Russia,0.0,0.0
30_12063,Silopi,TUR,Turkey,0.0,0.0
30_486,Salanga,BGD,Bangladesh,0.06569428504864053,0.0
30_11348,Biysk,RUS,Russia,0.0,0.0
30_5455,Sri Muktsar Sahib,IND,India,0.0,0.0
30_11334,Kurgan,RUS,Russia,0.5834178446844713,0.0
30_10762,Pasrur,PAK,Pakistan,0.0,0.0
30_11609,San Miguel,SLV,El Salvador,0.6752061822312695,0.0
30_20,Lashkar Gah,AFG,Afghanistan,0.7702568441311348,0.0
30_8748,Sirjan,IRN,Iran,0.2774888966957835,0.0
30_2833,Longchuan,CHN,China,0.0,0.0
30_2796,春江镇,CHN,China,0.0,0.0
30_10495,Shahdadkot,PAK,Pakistan,0.0,0.0
30_3624,Jijel,DZA,Algeria,0.18320415937710763,0.0
30_10422,Groningen,NLD,Netherlands,0.22825127862961853,1.0
30_3156,Bandundu,COD,Democratic Republic of the Congo,0.6412024286533894,0.0
30_9087,Atyrau,KAZ,Kazakhstan,0.5817493256163542,0.0
30_9965,Aramoko-Ekiti,NGA,Nigeria,0.0,0.0
30_12138,Arua,UGA,Uganda,0.34499692555980976,0.0
30_9951,Lerinin,NGA,Nigeria,0.0,0.0
30_9062,Fukushima,JPN,Japan,0.8015819164333814,0.0
30_12642,Ciudad Ojeda,VEN,Venezuela,0.11486363657187813,0.0
30_10398,Alkmaar,NLD,Netherlands,1.0,1.0
30_12475,Columbia,USA,United States,0.6898729881693647,0.0
30_2023,Yanggu,CHN,China,0.0,0.0
30_3145,Boma,COD,Democratic Republic of the Congo,0.0,0.0
30_11254,Engels,RUS,Russia,0.07211680807672506,0.0
30_3919,Marbella,ESP,Spain,0.43663697264660994,0.0
30_664,সন্দ্বীপ,BGD,Bangladesh,0.5559490745274371,0.0
30_2276,Taihe,CHN,China,0.0,0.0
30_11006,Kielce,POL,Poland,0.0,0.0
30_1173,Copiapó,CHL,Chile,0.706698502393708,0.0
30_6079,Islampur,IND,India,0.0,0.0
23_57856,ویس,IRN,Iran,0.0,0.0
30_9302,Berrechid,MAR,Morocco,0.0,0.0
30_6509,Betul,IND,India,0.2359084480011892,0.0
30_13074,Mufulira,ZMB,Zambia,0.0,0.0
30_847,Rio Grande,BRA,Brazil,0.8708162085188775,1.0
30_9212,Yangsan,KOR,South Korea,0.9997788826453882,0.0
30_8004,Supaul,IND,India,0.5948720206864551,0.0
30_8490,Bilasipara,IND,India,0.0,0.0
30_3823,Kawm Abu Shil,EGY,Egypt,1.0,0.0
30_7047,Theni,IND,India,0.0,0.0
30_9647,Maubin,MMR,Myanmar,1.0,0.0
30_2841,Yushan,CHN,China,0.6226330622989934,0.0
30_3776,Nazlet Al Sibaat,EGY,Egypt,0.9999998717717262,0.2490531480861534
30_3173,Lisala,COD,Democratic Republic of the Congo,0.0,0.0
30_11639,Galkayo,SOM,Somalia,0.0,0.0
30_8941,Salerno,ITA,Italy,0.4639906162773817,0.0
30_5208,Muncar,IDN,Indonesia,0.0,0.0
30_10428,Trondheim,NOR,Norway,0.0,0.0
30_12477,South Bend,USA,United States,0.05928220648472231,0.0
30_3254,Kasenga,COD,Democratic Republic of the Congo,0.0,0.0
30_3670,Quevedo,ECU,Ecuador,0.9199432398149412,0.0
30_5020,Tanjung Balai Karimun,IDN,Indonesia,0.0,0.0
30_5772,Banswara,IND,India,0.9446024265310069,0.0
30_11140,Oradea,ROU,Romania,0.0,0.0
30_3292,Mongbwalu,COD,Democratic Republic of the Congo,0.0,0.0
30_9954,Ebute Irele,NGA,Nigeria,0.0,0.0
30_11797,Mongo,TCD,Chad,0.9714888143700237,0.0
30_4786,Agona Swedru,GHA,Ghana,0.0,0.0
30_3087,Limbé,CMR,Cameroon,0.9159699897836641,0.0
30_4870,Chimaltenango,GTM,Guatemala,0.0,0.0
30_511,Magura,BGD,Bangladesh,0.0,0.0
30_6220,Kasganj,IND,India,0.0,0.0
30_4333,Bonsa Bota,ETH,Ethiopia,0.0,0.0
30_12103,Tabora,TZA,Tanzania,0.6572738337394144,0.0
30_5588,Mandi Gobindgarh,IND,India,0.0,0.0
30_5542,Barnala,IND,India,0.0,0.0
30_7356,Pudukkottai,IND,India,0.0,0.0
30_10699,Mian Channu,PAK,Pakistan,0.0,0.0
30_145,Ras Al Khaimah,ARE,United Arab Emirates,0.0,0.0
30_2565,Ji'An,CHN,China,0.8861846156611073,0.0
30_3200,Kanyama,COD,Democratic Republic of the Congo,0.0,0.0
30_1682,Lingbao,CHN,China,0.0,0.0
30_3150,Mbanza-Ngungu,COD,Democratic Republic of the Congo,0.0,0.0
30_133,Luau,AGO,Angola,0.0,0.0
30_5887,Shahada,IND,India,0.0,0.0
30_255,Nakhchivan,AZE,Azerbaijan,0.4867336164142804,0.0
30_2446,Fengtai,CHN,China,0.048080771720910645,0.0
30_1263,Zhongwei,CHN,China,0.0,0.0
30_12086,Pingtung City,TWN,Taiwan,0.5606148123519865,0.0
30_8003,Ramgarh,IND,India,0.0,0.0
30_2329,Shaodong,CHN,China,0.0,0.0
30_9862,Birni N'Konni,NER,Niger,1.0,0.0
30_2461,Beiliu,CHN,China,0.0,0.0
30_4751,Batumi,GEO,Georgia,0.8829690231403657,0.0
30_8523,Bohori,IND,India,0.0,0.0
30_11127,Tulkarm,PSE,Palestina,0.529374172469076,0.0
30_7956,Jhumri Tilaiya,IND,India,0.0,0.0
30_1979,Xiaoxiang,CHN,China,0.41741419538477414,0.0
30_188,Formosa,ARG,Argentina,0.5073183092516071,0.0
30_1506,Jijia,CHN,China,0.9283255816386725,0.0
30_13004,Potchefstroom,ZAF,South Africa,0.7947060397204774,0.0
30_10692,Toba Tek Singh,PAK,Pakistan,0.0,0.0
30_4543,Angers,FRA,France,0.0,0.0
30_607,Baniachong,BGD,Bangladesh,0.0,0.0
30_11532,Ad-Damazin,SDN,Sudan,0.5980812337117258,0.0
30_4546,Le Havre,FRA,France,0.8088352308945959,0.0
30_10800,,PER,Peru,0.7561539152703954,0.0
30_1886,Huixian,CHN,China,0.0,0.0
30_9339,Taza,MAR,Morocco,0.5874109995425585,0.0
30_1659,Qijiang,CHN,China,0.0,0.0
30_6532,Sansarpur,IND,India,0.0,0.0
30_674,,BGD,Bangladesh,0.0,0.0
30_2696,Yingde,CHN,China,0.0,0.0
30_764,Dourados,BRA,Brazil,0.5309778162124644,0.0
30_9556,Sénou,MLI,Mali,0.8622478455608008,0.0
30_1068,Arapiraca,BRA,Brazil,1.0,0.0
30_4577,Saint-Étienne,FRA,France,1.0,0.0
30_11958,Yalova,TUR,Turkey,1.0,0.6933992354008748
30_6045,Chalisgaon,IND,India,0.0,0.0
30_13034,Vosman,ZAF,South Africa,0.8130544339935354,0.0
30_3938,Logroño,ESP,Spain,1.0,0.0
30_3724,Shimm Al Basal Al Bahari,EGY,Egypt,0.0,0.0
30_4261,Dilla,ETH,Ethiopia,0.0,0.0
30_576,Katiadi,BGD,Bangladesh,0.4584266466107752,0.0
30_4689,Sunderland,GBR,United Kingdom,1.0,1.0
30_2933,Jiazi,CHN,China,0.0,0.0
30_9398,Manzanillo,MEX,Mexico,0.3115992763074767,0.0
30_432,Lalmonirhat,BGD,Bangladesh,0.0,0.0
30_10738,Farooqabad,PAK,Pakistan,0.0,0.0
30_11923,Gabes,TUN,Tunisia,0.5621949484887545,0.0
30_9917,Ago-Iwoye,NGA,Nigeria,0.0,0.0
30_10025,Amassoma,NGA,Nigeria,0.0,0.0
30_10807,Chincha Alta,PER,Peru,0.0,0.0
30_6423,Parli,IND,India,0.0,0.0
30_5211,Banyuwangi,IDN,Indonesia,0.6230432383948551,0.0
30_47,Chaman,AFG,Afghanistan,0.8672458664964803,0.0
30_5647,Rajpura,IND,India,0.0,0.0
30_1960,Huaxian,CHN,China,0.6989689481298508,0.0
30_11007,Radom,POL,Poland,0.0,0.0
30_12264,Santa Rosa,USA,United States,0.44769327292499994,0.0
30_1732,Xushui,CHN,China,0.014353511351710306,0.0
30_11581,Kolda,SEN,Senegal,0.35880790644223826,0.0
30_2274,平邑县,CHN,China,0.0,0.0
30_12782,Tân Châu,VNM,Vietnam,0.0,0.0
30_6777,Adilabad,IND,India,0.8353997827936552,0.0
30_11567,Louga,SEN,Senegal,0.0,0.0
30_2283,Lianyuan,CHN,China,0.0,0.0
30_821,Castanhal,BRA,Brazil,0.7601961208359322,0.0
30_11903,Turkmenabat,TKM,Turkmenistan,0.17157206408532974,0.0
30_9494,García,MEX,Mexico,0.5633962689444725,0.0
30_9357,Mahajanga,MDG,Madagascar,0.9507990428667644,0.0
30_10695,Chenab Nagar,PAK,Pakistan,0.0,0.0
30_6479,Achalpur,IND,India,0.0,0.0
30_12504,Canton,USA,United States,0.12614368760513456,0.0
30_11752,Manbij,SYR,Syria,0.0,0.0
30_889,São José Dos Pinhais,BRA,Brazil,1.0,0.0
30_7774,Jehanabad,IND,India,0.0,0.0
30_554,Gopalganj,BGD,Bangladesh,0.6049326093690562,0.0
30_8279,Dumka,IND,India,1.0,0.0
30_1239,Jiuquan,CHN,China,0.2351633851923854,0.0
30_7630,Jagdalpur,IND,India,0.8459882537697625,0.0
30_9648,Taungoo,MMR,Myanmar,0.9378035659345542,0.0
30_2760,Xinfeng,CHN,China,0.0,0.0
30_7947,Mokama,IND,India,0.0,0.0
30_8389,Medinipur,IND,India,0.8582119308087733,0.0
30_6405,Ambajogai,IND,India,0.0,0.0
30_3891,Dakhla,ESH,Western Sahara,0.690125509330635,0.0
30_9439,Salamanca,MEX,Mexico,0.0,0.0
30_161,San Fernando Del Valle De Catamarca,ARG,Argentina,0.885280882548377,0.0
30_2678,拖船镇,CHN,China,0.0,0.0
30_1547,Xiaoyi,CHN,China,0.0,0.0
30_6279,Buldhana,IND,India,0.10870452532287865,0.0
30_5359,Bhuj,IND,India,1.0,0.0
30_5232,Praya,IDN,Indonesia,0.0,0.0
30_11881,Khujand,TJK,Tajikistan,0.679741526279026,0.0
30_7217,Vaniyambadi,IND,India,0.0,0.0
30_11844,Nakhon Pathom,THA,Thailand,0.0,0.0
30_8456,Kalna,IND,India,0.0,0.0
30_12868,Phan Rang - Tháp Chàm,VNM,Vietnam,0.07629513090494232,0.0
30_9620,Myaungmya,MMR,Myanmar,0.0,0.0
30_5044,Metro,IDN,Indonesia,0.0,0.0
30_3504,Lübeck,DEU,Germany,0.16722436162968074,0.0
30_1546,Wenshui,CHN,China,0.0,0.0
30_9459,San Juan Del Río,MEX,Mexico,0.0,0.0
30_2437,Huanggang,CHN,China,0.47765851299354156,0.4776585128469584
30_11967,Kütahya,TUR,Turkey,0.36497527883636677,0.0
30_1517,Gujiao,CHN,China,0.0,0.0
30_10047,Kaura-Namoda,NGA,Nigeria,0.0,0.0
30_761,Pedro Juan Caballero,BRA,Brazil,0.9564933708487888,0.0
30_1888,Shancheng,CHN,China,0.0,0.0
30_10520,Moro,PAK,Pakistan,0.0,0.0
30_5144,Pacitan,IDN,Indonesia,0.0,0.0
30_10717,Chichawatni,PAK,Pakistan,0.0,0.0
30_4928,Port-De-Paix,HTI,Haiti,0.0,0.0
30_2857,Chuanjiang,CHN,China,0.011852232090851723,0.0
30_10405,Almere,NLD,Netherlands,0.9999999849268411,0.9999999849268411
30_2533,遂溪县,CHN,China,0.0,0.0
30_3509,Erfurt,DEU,Germany,0.10493851138887686,0.0
30_2020,Shuangcheng,CHN,China,0.0,0.0
30_1583,Bishan,CHN,China,0.0,0.0
30_2441,Bobai,CHN,China,0.0,0.0
30_11246,Armavir,RUS,Russia,0.3767802060536539,0.0
30_7165,Naugarh,IND,India,0.0,0.0
30_11049,Tokchon,PRK,North Korea,0.0,0.0
30_3234,Mukubu,COD,Democratic Republic of the Congo,0.0,0.0
30_5323,Manokwari,IDN,Indonesia,1.0,0.0
30_7371,Arni,IND,India,0.0,0.0
30_7358,Nibua Raiganj,IND,India,0.0,0.0
30_2250,Linquan,CHN,China,0.0,0.0
30_11364,Yakutsk,RUS,Russia,0.26853558463206934,0.0
30_5866,Baghpat,IND,India,1.0,0.0
30_4726,Peterborough,GBR,United Kingdom,1.0,1.0
30_134,Cazombo,AGO,Angola,0.7884423085876308,0.0
30_5204,Situbondo,IDN,Indonesia,0.0,0.0
30_3444,Ostrava,CZE,Czech Republic,0.23862762206288043,0.0
30_718,Babruysk,BLR,Belarus,0.03252078827121217,0.0
30_3176,Dilolo,COD,Democratic Republic of the Congo,0.0,0.0
30_9540,Chetumal,MEX,Mexico,0.17132573967966983,0.0
30_10840,Olongapo,PHL,Philippines,0.5565081995784195,0.0
30_9605,Pyay,MMR,Myanmar,1.0,0.0
30_11837,Phitsanulok,THA,Thailand,0.3797598714901516,0.0
30_8990,Kurume,JPN,Japan,0.0,0.0
30_2374,Longkou,CHN,China,0.0,0.0
30_10299,Nguru,NGA,Nigeria,1.0,0.0
30_10990,Toruń,POL,Poland,0.0,0.0
30_7136,Nalgonda,IND,India,0.9158791716858958,0.0
30_1360,Baode,CHN,China,0.0,0.0
30_10602,Tando Allayhar,PAK,Pakistan,0.0,0.0
30_3551,San Cristóbal,DOM,Dominican Republic,0.0,0.0
30_3933,Alcalá De Henares,ESP,Spain,1.0,0.5241247739229118
30_9947,Ijagbo Offa,NGA,Nigeria,0.0,0.0
30_3182,Bumba,COD,Democratic Republic of the Congo,0.0,0.0
30_3729,Garawan,EGY,Egypt,0.999999974965895,0.9999999749658948
30_8594,Port Blair,IND,India,0.7674920509963272,0.0
30_2925,Zhujing,CHN,China,1.0,0.18051502799537572
30_10473,Turbat,PAK,Pakistan,0.0,0.0
30_1932,Duyun,CHN,China,0.0,0.0
30_7610,Machilipatnam,IND,India,1.0,0.0
30_5633,Jhunjhunu,IND,India,0.0,0.0
30_3684,Marsa Matruh‎,EGY,Egypt,0.6381976501227492,0.0
30_12368,Shreveport,USA,United States,0.7286635530707877,0.0
30_12986,George,ZAF,South Africa,0.6386868476563567,0.0
30_55,Charikar,AFG,Afghanistan,0.0,0.0
30_4980,Kisaran,IDN,Indonesia,0.0,0.0
30_2505,Donghai,CHN,China,0.0,0.0
30_4025,Nekemte,ETH,Ethiopia,0.0,0.0
30_7403,Padrauna,IND,India,0.0,0.0
30_9358,,MDG,Madagascar,0.7193893693391022,0.0
30_11602,Sonsonate,SLV,El Salvador,0.0,0.0
30_5290,Ende,IDN,Indonesia,0.0,0.0
30_7149,Madanapalle,IND,India,1.0,0.0
30_8484,Singrimari,IND,India,0.0,0.0
30_5822,Rewari,IND,India,0.0,0.0
30_10391,Zoetermeer,NLD,Netherlands,1.0,1.0
30_5507,Nagaur,IND,India,0.0,0.0
30_8931,Triest,ITA,Italy,0.07175400113610991,0.0
30_2838,Anji,CHN,China,0.00027982295660104305,0.0
30_9107,Taraz,KAZ,Kazakhstan,0.4079050524087605,0.0
30_5203,Bondowoso,IDN,Indonesia,0.0,0.0
30_449,Ulipur,BGD,Bangladesh,0.15515734433710304,0.0
30_3045,Chumen,CHN,China,0.12058937039894815,0.0
30_8700,Qaem Shahr,IRN,Iran,0.8902913334474389,0.0
30_10773,Colón,PAN,Panama,0.921234860651034,0.0
30_12176,Ternopil,UKR,Ukraine,0.4859897306085978,0.0
30_2619,Rongcheng,CHN,China,0.0,0.0
30_8414,Katwa,IND,India,0.0,0.0
30_10838,Puerto Princesa,PHL,Philippines,1.0,0.0
30_3030,Xiangshan,CHN,China,0.0,0.0
30_8333,Durgapur,IND,India,0.0,0.0
30_805,Passo Fundo,BRA,Brazil,1.0,0.0
30_10055,Omoko,NGA,Nigeria,0.0,0.0
30_809,Araçatuba,BRA,Brazil,0.8905162790113179,0.0
30_2561,Rushan,CHN,China,0.008800395395872513,0.0
30_10038,Uromi,NGA,Nigeria,0.0,0.0
30_12817,Củ Chi,VNM,Vietnam,1.0,0.0
30_711,Baranovichi,BLR,Belarus,0.9850685054561686,0.0
30_2980,Anxi,CHN,China,0.0,0.0
30_759,Santarém,BRA,Brazil,1.0,0.0
30_4365,Asella,ETH,Ethiopia,0.0,0.0
30_4820,Labé,GIN,Guinea,0.7921240797855101,0.0
30_4564,Lens,FRA,France,0.27218412999614944,0.0
30_8692,Amol,IRN,Iran,0.0,0.0
30_2472,Xinyi,CHN,China,0.0,0.0
30_1982,Hulan,CHN,China,0.8638850184999064,0.0
30_5954,Greater Noida,IND,India,0.9999999245922697,0.0
30_2520,牟平区,CHN,China,0.0,0.0
30_2376,Xinshi,CHN,China,0.0,0.0
30_12748,Bắc Giang,VNM,Vietnam,0.0,0.0
30_2717,Poyang,CHN,China,0.22818842809835369,0.0
30_9820,Kuala Terengganu,MYS,Malaysia,0.8382230289316205,0.0
30_3586,Aflou,DZA,Algeria,0.0,0.0
30_1236,Jiayuguan,CHN,China,0.2672200653450122,0.0
30_8555,Hojai,IND,India,0.0,0.0
30_9638,Mawlamyinegyunn,MMR,Myanmar,0.0,0.0
30_11436,Geneina,SDN,Sudan,1.0,0.0
30_10338,Biu,NGA,Nigeria,0.0,0.0
30_3801,Minyat Sultan,EGY,Egypt,0.0,0.0
30_6022,Govardhan,IND,India,0.0,0.0
30_8341,Pakur,IND,India,0.0,0.0
30_10426,Bergen,NOR,Norway,0.0,0.0
30_7041,Kuzhittura,IND,India,0.0,0.0
30_2928,Haiyan,CHN,China,0.0,0.0
30_11877,Ubon Ratchathani,THA,Thailand,0.9165302984662572,0.0
30_7520,Mayiladuthurai,IND,India,0.0,0.0
30_11458,Mellit,SDN,Sudan,0.0,0.0
30_1907,Ruzhou,CHN,China,0.0,0.0
30_3146,Kinzao,COD,Democratic Republic of the Congo,0.0,0.0
30_4834,Brikama,GMB,Gambia,1.0,0.0
30_8368,Kendrapara,IND,India,0.0,0.0
30_13059,Livingstone,ZMB,Zambia,1.0,0.0
30_7167,Namakkal,IND,India,0.0,0.0
30_448,Kurigram,BGD,Bangladesh,0.04134327973314312,0.0
30_4746,Norwich,GBR,United Kingdom,1.0,1.0
30_849,Recanto Das Emas,BRA,Brazil,0.21211343009924147,0.0
30_12185,Bila Tserkva,UKR,Ukraine,0.38826534564199644,0.0
30_1942,Qian'An,CHN,China,0.0,0.0
30_11525,Atbara,SDN,Sudan,0.6029517779439596,0.0
30_11972,Düzce,TUR,Turkey,0.0,0.0
30_782,Parauapebas,BRA,Brazil,0.01899363566144855,0.0
30_2910,Haining,CHN,China,0.032859213800266955,0.0
30_5205,Sumenep,IDN,Indonesia,0.4045890117285623,0.0
30_3779,Abu Qurqas,EGY,Egypt,0.19725222044917387,0.0
30_7509,Bhabua,IND,India,0.0,0.0
30_7293,Chittoor,IND,India,0.0,0.0
30_10754,Depalpur,PAK,Pakistan,0.0,0.0
30_5558,Himatnagar,IND,India,0.0,0.0
30_10995,Częstochowa,POL,Poland,0.0,0.0
30_9086,Oral,KAZ,Kazakhstan,0.012425566248462708,0.0
30_3431,Limassol,CYP,Cyprus,0.46891767501120224,0.0
30_5105,Wangon,IDN,Indonesia,0.0,0.0
30_12765,Xuân Trường,VNM,Vietnam,0.0,0.0
30_5037,Kotabumi,IDN,Indonesia,0.0,0.0
30_3159,Kahemba,COD,Democratic Republic of the Congo,0.0,0.0
30_2092,Xinmin,CHN,China,0.0,0.0
30_6902,Varkala,IND,India,0.0,0.0
30_11360,Angarsk,RUS,Russia,0.0757969713768366,0.0
30_5317,Kel Rijali,IDN,Indonesia,0.0,0.0
30_1554,Fula'Erji,CHN,China,0.0,0.0
30_165,San Luis,ARG,Argentina,0.45203583903584893,0.0
30_3203,Buta,COD,Democratic Republic of the Congo,0.45187274005330974,0.0
30_2875,Nanxun,CHN,China,0.0,0.0
30_6950,Balrampur,IND,India,0.0,0.0
30_11562,Saint-Louis,SEN,Senegal,0.7337193670931372,0.0
30_5495,Moga,IND,India,0.0,0.0
30_8094,Forbesganj,IND,India,1.0,0.0
30_8857,Al Qurna,IRQ,Iraq,0.0,0.0
30_10841,Tarlac City,PHL,Philippines,0.0,0.0
30_7827,Balangir,IND,India,1.0,0.0
30_8654,Borujerd,IRN,Iran,0.0,0.0
30_2157,Tieling,CHN,China,0.0,0.0
30_12333,Lubbock,USA,United States,0.0727038507561857,0.0
30_10896,Dumaguete,PHL,Philippines,1.0,0.0
30_11216,Dzerzhinsk,RUS,Russia,0.0,0.0
30_12774,Ha Long,VNM,Vietnam,0.0,0.0
30_2823,Dingshu,CHN,China,0.0,0.0
30_9027,Sakaide,JPN,Japan,0.25611483428180953,0.0
30_11336,Nizhnevartovsk,RUS,Russia,0.0,0.0
30_6017,Karauli,IND,India,0.0,0.0
30_11399,Hail,SAU,Saudi Arabia,0.17888118972449157,0.0
30_2024,Jishou,CHN,China,0.6066668415429334,0.0
30_12231,Horlivka,UKR,Ukraine,0.0,0.0
30_8601,Khoy,IRN,Iran,1.0,0.0
30_8812,Hamadi Al Hamad,IRQ,Iraq,0.8165994890223558,0.0
30_6807,Mandya,IND,India,0.49646371179648574,0.0
30_2739,Jurong,CHN,China,0.6655768919020413,0.0
30_5018,Tembilahan,IDN,Indonesia,0.0,0.0
30_3396,Villa Del Rosario,COL,Colombia,0.7200917821805549,0.0
30_9899,Iwere,NGA,Nigeria,0.0,0.0
30_1060,Camaçari,BRA,Brazil,0.0,0.0
30_11978,Karabük,TUR,Turkey,0.0,0.0
30_10672,Ahmadpur East,PAK,Pakistan,0.0,0.0
30_5006,Muara Bungo,IDN,Indonesia,0.0,0.0
30_8394,Jaigaon,IND,India,0.0,0.0
30_3676,Ambato,ECU,Ecuador,0.04736559515828625,0.0
30_12926,Al Misrakh,YEM,Yemen,0.0,0.0
30_12204,Sumy,UKR,Ukraine,0.0,0.0
30_4667,Aberdeen,GBR,United Kingdom,1.0,1.0
30_2846,Zijin,CHN,China,0.0,0.0
30_5863,Nandurbar,IND,India,0.9079480470561584,0.0
30_8803,Samarra,IRQ,Iraq,0.6254243661122039,0.0
30_9096,Kyzylorda,KAZ,Kazakhstan,0.8623717461196483,0.0
30_10735,Arifwala,PAK,Pakistan,0.0,0.0
30_543,Trishal,BGD,Bangladesh,0.0,0.0
30_10204,Abakaliki,NGA,Nigeria,0.0,0.0
30_2713,Yizhen,CHN,China,0.6247968171470878,0.1534472083176223
30_5326,Biak Kota,IDN,Indonesia,0.3112523131572175,0.0
30_843,Águas Lindas De Goiás,BRA,Brazil,0.0,0.0
30_5169,Tuban,IDN,Indonesia,0.0,0.0
30_9799,Mzuzu,MWI,Malawi,0.6895107916154031,0.0
30_5121,Banjarnegara,IDN,Indonesia,0.0,0.0
30_12490,Greensboro,USA,United States,0.3625516056415377,0.0
30_3422,Las Tunas,CUB,Cuba,0.8908840118888147,0.0
30_2197,Shulan,CHN,China,0.0,0.0
30_10314,,NGA,Nigeria,0.0,0.0
30_6073,Gokul,IND,India,0.32951745301165886,0.0
30_8586,Tinsukia,IND,India,0.0,0.0
30_913,Balneário Camboriú,BRA,Brazil,0.0,0.0
30_13075,Kabwe,ZMB,Zambia,0.952563302326024,0.0
30_4672,Swindon,GBR,United Kingdom,1.0,1.0
30_12043,Siverek,TUR,Turkey,0.0,0.0
30_7,Shindand,AFG,Afghanistan,0.0,0.0
30_1818,Wu'An,CHN,China,0.0,0.0
30_11605,Lourdes,SLV,El Salvador,0.0,0.0
30_2861,Bixi,CHN,China,0.9999999099122184,0.0
30_3384,Tunja,COL,Colombia,0.0,0.0
30_11155,Ploiești,ROU,Romania,0.7191008058073568,0.0
30_9722,Manga,MOZ,Mozambique,1.0,0.0
30_10752,Bahawalnagar,PAK,Pakistan,0.6573238275984312,0.0
30_6568,Udgir,IND,India,0.0,0.0
30_12533,Reading,USA,United States,0.517445762015496,0.0
30_10716,Samundri,PAK,Pakistan,0.0,0.0
30_2109,Caoxian,CHN,China,0.0,0.0
30_12117,Songea,TZA,Tanzania,0.0,0.0
30_12491,Lansing,USA,United States,0.5134162995600573,0.0
30_760,Rondonópolis,BRA,Brazil,0.0724851586061861,0.0
30_3248,Nyunzu,COD,Democratic Republic of the Congo,0.0,0.0
30_5698,Shimla,IND,India,1.0,0.0
30_8950,Messina,ITA,Italy,0.5399071377850109,0.0
30_2563,Wuxue,CHN,China,0.0,0.0
30_9036,Fukui,JPN,Japan,0.6725474036357117,0.0
30_3623,El Eulma,DZA,Algeria,0.0,0.0
30_2104,Gongzhuling,CHN,China,0.0,0.0
30_5595,Makrana,IND,India,0.0,0.0
30_12517,Dale City,USA,United States,0.9999999895860004,0.019574686260356834
30_3051,Pingtan,CHN,China,0.39716426147716094,0.0
30_8664,Abadan,IRN,Iran,0.631962226620555,0.0
30_1025,Rio Das Ostras,BRA,Brazil,0.0,0.0
30_3038,金峰镇,CHN,China,0.35475774759012946,0.0
30_3612,M'Sila,DZA,Algeria,0.42797891447105474,0.0
30_11304,Khasavyurt,RUS,Russia,0.5714337418862128,0.0
30_11866,Nakhon Ratchasima,THA,Thailand,0.30727776620033753,0.0
30_3327,Palmira,COL,Colombia,0.40744314880838933,0.0
30_6572,Pusad,IND,India,0.5740413426911009,0.0
30_3039,Duqiao,CHN,China,0.0,0.0
30_2245,Gaizhou,CHN,China,0.0,0.0
30_11097,Kimch'Aek,PRK,North Korea,0.6112722605731347,0.0
30_8046,Jamalpur,IND,India,0.0,0.0
30_10468,Muscat,OMN,Oman,1.0,0.0
30_2113,Shuantaizi,CHN,China,0.0,0.0
30_8258,Kishanganj,IND,India,0.0,0.0
30_10529,Timergara,PAK,Pakistan,0.5804065213103495,0.0
30_911,Rio Claro,BRA,Brazil,0.0,0.0
30_2403,Qidong,CHN,China,0.0,0.0
30_3574,Saida,DZA,Algeria,0.8998068242655901,0.0
30_3506,Brunswick,DEU,Germany,0.0,0.0
30_2941,Longjiang,CHN,China,0.1982705798746167,0.0
30_4257,ቡሌ ሆራ / Bule Hora,ETH,Ethiopia,0.0,0.0
30_4596,Mulhouse,FRA,France,0.0,0.0
30_8385,Balasore,IND,India,1.0,0.0
30_5543,Gandhinagar,IND,India,0.28766509043327426,0.0
30_1199,Puerto Montt,CHL,Chile,1.0,0.0
30_12412,Fargo,USA,United States,0.1377899812982655,0.0
30_11369,Komsomolsk-On-Amur,RUS,Russia,0.3187709870582432,0.0
30_9552,Kayes,MLI,Mali,1.0,0.0
30_11011,Rzeszów,POL,Poland,0.0,0.0
30_10780,Sullana,PER,Peru,0.0,0.0
30_2584,Suxian,CHN,China,0.5247013718059705,0.0
30_1736,Wenshan,CHN,China,0.8346537114111812,0.0
30_2604,Shayuan,CHN,China,0.0,0.0
30_1803,Jizhou,CHN,China,0.0,0.0
30_12201,Kremenchuk,UKR,Ukraine,0.6894058901850247,0.0
30_2111,Shangcai,CHN,China,0.0,0.0
30_9083,Kisarazu,JPN,Japan,1.0,0.0
30_1722,Zhuozhou,CHN,China,1.0,0.0
30_8332,,IND,India,0.0,0.0
30_8041,Srikakulam,IND,India,0.0,0.0
30_441,Ghoraghat,BGD,Bangladesh,0.0,0.0
30_9808,Kulim,MYS,Malaysia,0.0,0.0
30_3394,Yopal,COL,Colombia,0.6856159100347948,0.0
30_9955,Ile Oluji,NGA,Nigeria,0.22597350940627942,0.0
30_1243,Wuwei,CHN,China,0.0,0.0
30_8850,Suq Al Shyukh,IRQ,Iraq,0.0,0.0
30_735,Tarija,BOL,Bolivia,0.0,0.0
30_8505,Bongaigaon,IND,India,0.0,0.0
30_2360,Lingshan,CHN,China,0.20035613096712018,0.0
30_1341,Qingyang,CHN,China,0.8493941749253674,0.0
30_9082,Tsuchiura,JPN,Japan,0.999999986618387,0.0
30_2377,Gushi,CHN,China,0.44301930686736,0.0
30_9956,Ore,NGA,Nigeria,0.0,0.0
30_45,Puli Khumri,AFG,Afghanistan,0.0,0.0
30_10601,Attock,PAK,Pakistan,0.9592852802710291,0.0
30_4819,Kindia,GIN,Guinea,0.9612930315762773,0.0
30_10366,Gwoza,NGA,Nigeria,0.0,0.0
30_1632,Gejiu,CHN,China,0.0,0.0
30_10586,Tando Adam,PAK,Pakistan,0.0,0.0
30_12156,Jinja,UGA,Uganda,0.3194558226750927,0.0
30_10413,Nijmegen,NLD,Netherlands,0.0,1.0
30_11964,Uşak,TUR,Turkey,0.652996108566804,0.0
30_2102,Yushu,CHN,China,0.0,0.0
30_5080,Sumedang,IDN,Indonesia,0.0,0.0
30_150,San Salvador De Jujuy,ARG,Argentina,0.0,0.0
30_2517,Ganyu,CHN,China,0.7625510504646477,0.0
30_2644,Lechang,CHN,China,0.0,0.0
30_4984,Rantau Prapat,IDN,Indonesia,0.0,0.0
30_3053,Man,CIV,Côte d'Ivoire,0.43054506278629767,0.0
30_4574,Reims,FRA,France,0.0,0.0
30_10034,Auchi,NGA,Nigeria,0.0,0.0
30_5235,Kecamatan Wanasaba,IDN,Indonesia,0.0,0.0
30_12653,Coro,VEN,Venezuela,0.5201437996661633,0.0
30_11604,Santa Ana,SLV,El Salvador,0.7692719524081216,0.0
30_10815,Ayacucho,PER,Peru,1.0,0.0
30_931,Indaiatuba,BRA,Brazil,0.5496804786278829,0.0
30_11513,Shendi,SDN,Sudan,0.5474060843169073,0.0
30_4273,Yirgalem,ETH,Ethiopia,0.0,0.0
30_3655,Portoviejo,ECU,Ecuador,1.0,0.0
30_1240,Zhangye,CHN,China,0.365935025666403,0.0
30_3909,Jerez,ESP,Spain,0.08808215690952155,0.0
30_12478,Appleton,USA,United States,0.05966888356207685,0.0
30_4558,Orléans,FRA,France,0.0,0.0
30_6397,Bagalkot,IND,India,0.0,0.0
30_8687,Qarchak,IRN,Iran,1.0,0.0
30_10427,Stavanger,NOR,Norway,0.0,0.0
30_3336,Florencia,COL,Colombia,0.487722809881221,0.0
30_2663,Funing,CHN,China,0.0,0.0
30_3317,El Esfuerzo,COL,Colombia,1.0,0.0
30_13021,Diepsloot,ZAF,South Africa,1.0,0.0
30_12447,Daytona Beach,USA,United States,0.25801475148290065,0.0
30_3428,Guantanamo,CUB,Cuba,0.0,0.0
30_1466,Yintai,CHN,China,0.4529897417876242,0.0
30_2574,Xuwen County,CHN,China,0.8280108356841416,0.0
30_13037,Middelburg,ZAF,South Africa,0.0,0.0
30_5848,Shamli,IND,India,0.0,0.0
30_4,Toraghundi,AFG,Afghanistan,1.0,0.0
30_9952,Okitipupa,NGA,Nigeria,0.0,0.0
30_983,Sete Lagoas,BRA,Brazil,1.0,0.0
30_7214,Jolarpet,IND,India,0.3084471125885148,0.0
30_11308,Kaspiysk,RUS,Russia,0.7818560168217382,0.0
30_794,Chapecó,BRA,Brazil,0.40961640311946723,0.0
30_11029,Jongju,PRK,North Korea,0.0,0.0
30_9397,Puerto Vallarta,MEX,Mexico,0.6481015531664062,0.0
30_11509,Al Managil,SDN,Sudan,0.0,0.0
30_3558,Bashar,DZA,Algeria,0.40506075214797477,0.0
30_12198,Kropyvnytskyi,UKR,Ukraine,0.8198033732097231,0.0
30_12830,Hiệp Phước,VNM,Vietnam,1.0,0.0
30_6510,Kannauj,IND,India,0.0,0.0
30_2552,连云区,CHN,China,0.0,0.0
30_5413,Udhampur,IND,India,0.0,0.0
30_11042,Kaechon,PRK,North Korea,0.0,0.0
30_6064,Dhampur,IND,India,0.0,0.0
30_2556,Xinyi,CHN,China,0.8942764629100504,0.0
30_3064,Gagnoa,CIV,Côte d'Ivoire,1.0,0.0
30_8862,Reykjavik,ISL,Iceland,0.7018613807023348,0.0
30_11755,Ar Raqqah,SYR,Syria,0.4909515490474873,0.0
30_11596,Makeni,SLE,Sierra Leone,0.6432148583273694,0.0
30_2300,Qinzhou,CHN,China,0.8673341430581161,0.0
30_11924,Hammam-Lif,TUN,Tunisia,0.0,0.0
30_238,Newcastle,AUS,Australia,0.6495217620048568,0.0
30_3032,Putuo,CHN,China,0.3996011632482958,0.0
30_9259,Galle,LKA,Sri Lanka,0.46718650136973594,0.0
30_10552,Takht-E-Bhai,PAK,Pakistan,0.0,0.0
30_2488,Dunhua,CHN,China,1.0,0.0
30_6829,Muvattupuzha,IND,India,0.7610603277775165,0.0
30_3615,Bejaia,DZA,Algeria,1.0,0.0
30_8859,Az Zubayr,IRQ,Iraq,0.04786538838230693,0.0
30_4705,Milton Keynes,GBR,United Kingdom,1.0,1.0
30_3482,Heidelberg,DEU,Germany,0.5109114136155251,0.0
30_10724,Hasilpur,PAK,Pakistan,0.0,0.0
30_733,Sucre,BOL,Bolivia,1.0,0.0
30_10908,Cotabato,PHL,Philippines,1.0,0.0
30_2359,Xiangyin,CHN,China,0.0,0.0
30_3867,Al Saaida,EGY,Egypt,0.0,0.0
30_2570,Siyang,CHN,China,0.0,0.0
30_11413,Unaizah,SAU,Saudi Arabia,0.0,0.0
30_2785,Yingtan,CHN,China,0.8277858187669137,0.0
30_10065,Krakrama,NGA,Nigeria,0.0,0.0
30_972,Divinópolis,BRA,Brazil,0.5918330312189541,0.0
30_2839,锡北镇,CHN,China,0.9999999469805444,0.0
30_1026,Macaé,BRA,Brazil,0.8722774412780209,0.0
30_9534,San Cristóbal,MEX,Mexico,0.9370911697670603,0.0
30_11917,Bizerte,TUN,Tunisia,0.7520478696532789,0.0
30_1956,大港区,CHN,China,0.03769789547667025,0.0
30_3514,Magdeburg,DEU,Germany,0.00016805524209265052,0.0
30_7148,Tanda,IND,India,0.0,0.0
30_1933,营城镇,CHN,China,0.0,0.0
30_7585,Ambikapur,IND,India,0.2482778453996357,0.0
30_4571,Clermont-Ferrand,FRA,France,0.524038618368236,0.0
30_12399,Montgomery,USA,United States,0.6627225440111142,0.0
30_9156,El Wak,KEN,Kenya,0.0,0.0
30_11975,Zonguldak,TUR,Turkey,0.9358721499541491,0.0
30_12688,Santa Teresa Del Tuy,VEN,Venezuela,0.0,0.0
30_12287,Moreno Valley,USA,United States,1.0,0.0
30_12206,Kamianske,UKR,Ukraine,0.7206448702701482,0.0
30_1556,Ulan Hot,CHN,China,0.0,0.0
30_3749,Al Manshiyah Al Qibliyah,EGY,Egypt,0.2861338929158753,0.0
30_3423,Bayamo,CUB,Cuba,0.822796010987775,0.0
30_8893,Brescia,ITA,Italy,0.07740769006516814,0.0
30_5484,Patan,IND,India,0.0,0.0
30_12979,Somerset West,ZAF,South Africa,1.0,1.0
30_12173,Lutsk,UKR,Ukraine,0.0,0.0
30_2135,Zouping,CHN,China,0.0,0.0
30_2719,Heshan,CHN,China,1.0,0.08643899851645366
30_5722,Chittorgarh,IND,India,0.3777593422541678,0.0
30_9016,Aomori,JPN,Japan,0.452462985771322,0.0
30_2394,兰陵县,CHN,China,0.0,0.0
30_11507,Rabak,SDN,Sudan,0.0,0.0
30_152,La Rioja,ARG,Argentina,0.8941226459537113,0.0
30_5869,Dausa,IND,India,0.0,0.0
30_10404,Tilburg,NLD,Netherlands,0.0,0.9999998681450504
30_9252,Jaffna,LKA,Sri Lanka,0.7815911657372517,0.0
30_2767,增城区,CHN,China,0.9999999870967975,0.0
30_4493,Harar,ETH,Ethiopia,0.0,0.0
30_110,Ondjiva,AGO,Angola,0.08113203087253684,0.0
30_1158,Bern,CHE,Switzerland,0.0,0.0
30_13089,Kasama,ZMB,Zambia,0.5796203094094925,0.0
30_5142,Purwodadi,IDN,Indonesia,0.0,0.0
30_6332,Khamgaon,IND,India,0.0,0.0
30_8235,Darjeeling,IND,India,1.0,0.0
30_13035,Emalahleni,ZAF,South Africa,0.16706114715766232,0.0
30_132,Dundo,AGO,Angola,0.8531655593003408,0.0
30_5865,Baraut,IND,India,0.8233801229438252,0.0
30_3953,Castellón De La Plana,ESP,Spain,0.0,0.0
30_1805,Xinji,CHN,China,0.0,0.0
30_9629,Hinthada,MMR,Myanmar,1.0,0.0
30_2134,嘉祥县,CHN,China,0.0,0.0
30_127,Menongue,AGO,Angola,0.7221286378749414,0.0
30_4810,Ho,GHA,Ghana,0.993751878002335,0.9999998895359273
30_11656,Niš,SRB,Serbia,0.0,0.0
30_9376,Malé,MDV,Maldives,1.0,0.0
30_5496,Palanpur,IND,India,0.0,0.0
30_5907,Ratnagiri,IND,India,0.6334285086827076,0.0
30_5217,Tabanan,IDN,Indonesia,0.0,0.0
30_1800,Anda,CHN,China,0.7833018500858283,0.0
30_11131,Nablus,PSE,Palestina,0.2538191593444255,0.0
30_1024,Cabo Frio,BRA,Brazil,0.9557589386384451,0.0
30_9029,Akita,JPN,Japan,0.7080373340916407,0.0
30_10871,San Pablo,PHL,Philippines,0.29456866233471024,0.0
30_1712,Xingyi,CHN,China,0.0,0.0
30_3614,Bordj Bou Arreridjj,DZA,Algeria,0.0,0.0
30_9809,Taiping,MYS,Malaysia,0.0,0.0
30_3847,Nida,EGY,Egypt,0.0,0.0
30_490,Jhenaidah,BGD,Bangladesh,0.9317389126699076,0.0
30_3930,Santander,ESP,Spain,0.0,0.0
30_5596,Beawar,IND,India,0.0,0.0
30_12389,Pensacola,USA,United States,0.7391236130414643,0.0
30_1287,Muse,CHN,China,0.766969155868063,0.0
30_4927,Saint-Marc,HTI,Haiti,0.0,0.0
30_184,Paraná,ARG,Argentina,0.4063664342791311,0.0
30_855,Sapucaia Do Sul,BRA,Brazil,0.0,0.0
30_6350,Datia,IND,India,1.0,0.0
30_10770,Shakar Garh,PAK,Pakistan,0.0,0.0
30_11902,Mary,TKM,Turkmenistan,0.598344599936742,0.0
30_12435,Roswell,USA,United States,0.0,0.0
30_3212,Luena,COD,Democratic Republic of the Congo,0.0,0.0
30_4799,Koforidua,GHA,Ghana,0.0,0.0
30_5383,Pampore,IND,India,0.03962141967529874,0.0
30_10475,Panjgur,PAK,Pakistan,0.828169088261285,0.0
30_3802,Al-Wasitah,EGY,Egypt,0.0,0.0
30_3519,Halle (Saale),DEU,Germany,0.7747375616915491,0.0
30_1474,Anning,CHN,China,0.0,0.0
30_3252,Kamituga,COD,Democratic Republic of the Congo,0.0,0.0
30_10012,Ovwian,NGA,Nigeria,0.09651374515947335,0.0
30_12452,Rockford,USA,United States,0.6613453139098725,0.0
30_3210,Kabondo-Dianda,COD,Democratic Republic of the Congo,0.0,0.0
30_4858,Quetzaltenango,GTM,Guatemala,0.9642366702390524,0.0
30_3374,Tiquisio,COL,Colombia,0.0,0.0
30_1337,Pengzhou,CHN,China,0.7483638363428736,0.0
30_3819,Abu Kabir‎,EGY,Egypt,0.0,0.0
30_10394,Haarlem,NLD,Netherlands,1.0,1.0
30_5076,Cikembulan,IDN,Indonesia,0.0,0.0
30_12857,Phan Thiet,VNM,Vietnam,1.0,0.0
30_11566,Diourbel,SEN,Senegal,1.0,0.0
30_6054,Karad,IND,India,0.0,0.0
30_5435,Balotra,IND,India,0.0,0.0
30_3023,Quangang,CHN,China,0.0,0.0
30_3789,Kafr Al Dabbusi,EGY,Egypt,0.0,0.0
30_10294,Azare,NGA,Nigeria,0.0,0.0
30_9226,Saida,LBN,Lebanon,0.0,0.0
30_1005,Petrópolis,BRA,Brazil,0.9999998977235149,0.0
30_5832,Tonk,IND,India,0.5034547807773928,0.0
30_2918,Jieshi,CHN,China,0.0,0.0
30_10722,Lala Musa,PAK,Pakistan,0.0,0.0
30_2970,Xinchang,CHN,China,0.4753112913050585,0.0
30_2862,Lin'An,CHN,China,0.9999999744915997,0.0
30_1278,Hulunbuir,CHN,China,0.7162386980165893,0.0
30_6485,Auraiya,IND,India,0.0,0.0
30_788,Rio Verde,BRA,Brazil,0.5623907545945558,0.0
30_8294,Raniganj,IND,India,0.0,0.0
30_9537,Ciudad Del Carmen,MEX,Mexico,1.0,0.0
30_10913,Butuan,PHL,Philippines,0.9610210228241995,0.0
30_793,Presidente Prudente,BRA,Brazil,0.7540461123115516,0.0
30_579,,BGD,Bangladesh,0.0,0.0
30_11960,İnegöl,TUR,Turkey,0.0,0.0
30_628,Shaistaganj,BGD,Bangladesh,0.0,0.0
30_4917,Split,HRV,Croatia,0.0,0.0
30_12177,Rivne,UKR,Ukraine,0.13440968841828407,0.0
30_12582,Bukhara,UZB,Uzbekistan,0.7343095991637033,0.0
30_891,Araraquara,BRA,Brazil,0.286326408390562,0.0
30_3580,Ash Shalif,DZA,Algeria,0.0,0.0
30_2997,Xiang'An,CHN,China,0.8760882261664007,0.0
30_11628,Beledweyne,SOM,Somalia,0.6188522814670657,0.0
30_2730,Jiangdu,CHN,China,0.0,0.0
30_7269,Gudiyatham,IND,India,0.0,0.0
30_11177,Petrozavodsk,RUS,Russia,0.4021095382129275,0.0
30_8900,Verona,ITA,Italy,0.0,0.0
30_4637,Blackpool,GBR,United Kingdom,0.9999208773209102,0.9999208773208614
30_6917,Pollachi,IND,India,0.0,0.0
30_3760,Beni Mazar,EGY,Egypt,0.0,0.0
30_2822,Ruijin,CHN,China,0.0,0.0
30_9067,Koriyama,JPN,Japan,0.48685943327152814,0.0
30_12070,Luliao,TWN,Taiwan,0.9256502929375467,0.0
30_8869,Beer Sheva,ISR,Israel,1.0,0.0
30_2777,于都县,CHN,China,0.0,0.0
30_12560,Worcester,USA,United States,0.26241908292917443,0.0
30_5313,Bitung,IDN,Indonesia,0.761706319229077,0.0
30_9222,Vientiane,LAO,Laos,0.42222010788076775,0.0
30_12000,Tarsus,TUR,Turkey,0.0,0.0
30_10006,Omuo-Obadore,NGA,Nigeria,0.0,0.0
30_4592,Nancy,FRA,France,0.0,0.0
30_3756,Maghagheh,EGY,Egypt,0.0,0.0
30_1047,Itabuna,BRA,Brazil,0.0,0.0
30_5200,Sampit,IDN,Indonesia,1.0,0.0
30_6852,Mahbubnagar,IND,India,1.0,0.0
30_11925,Hammamet,TUN,Tunisia,0.6061114570662937,0.0
30_11263,Pyatigorsk,RUS,Russia,0.6166423345076893,0.0
30_2803,Boluo,CHN,China,0.9999998646632408,0.0
30_4882,Cobán,GTM,Guatemala,1.0,0.0
30_2406,Juxian,CHN,China,0.4981683421876377,0.0
30_8397,Bardhaman,IND,India,1.0,0.0
30_10572,Goth Dabhūn,PAK,Pakistan,0.0,0.0
30_12960,Hafoon,YEM,Yemen,0.0374572068018044,0.0
30_3860,Hod Al Salmiya Al Qibli Al Gharbi,EGY,Egypt,0.0,0.0
30_4550,Tours,FRA,France,0.7220760804265839,0.0
30_12483,Fort Wayne,USA,United States,0.39577301510922286,0.0
30_3529,Chemnitz,DEU,Germany,0.0,0.0
30_7535,Mirganj,IND,India,0.0,0.0
30_5971,Gangapur,IND,India,0.0,0.0
30_1238,Lhasa,CHN,China,1.0,0.0
30_8491,Bangaon,IND,India,0.0,0.0
30_2671,Zhangshu,CHN,China,0.9983299627909838,0.0
30_3650,Souk Ahras,DZA,Algeria,0.8062951442729522,0.0
30_7456,Chirala,IND,India,0.0,0.0
30_468,Bogra,BGD,Bangladesh,0.0,0.0
30_509,Satkhira,BGD,Bangladesh,0.0,0.0
30_12119,Dodoma,TZA,Tanzania,0.8227704630439335,0.0
30_7504,Tenali,IND,India,0.0,0.0
30_9855,Dosso,NER,Niger,0.4844900759276129,0.0
23_57854,ملاثانی,IRN,Iran,0.0,0.0
30_4510,Togechane,ETH,Ethiopia,0.0,0.0
30_1564,Hancheng,CHN,China,0.0,0.0
30_9449,Chilpancingo,MEX,Mexico,1.0,0.0
30_12181,Zhytomyr,UKR,Ukraine,0.3153589355580356,0.0
30_6371,Osmanabad,IND,India,0.0,0.0
30_789,Santa Maria,BRA,Brazil,0.6417061803609682,0.0
30_3211,Kabongo,COD,Democratic Republic of the Congo,0.0,0.0
30_9188,Wonju-Si,KOR,South Korea,0.9680461110244011,0.0
30_11390,Arar,SAU,Saudi Arabia,0.0,0.0
30_1151,Halifax,CAN,Canada,0.9276813230390646,0.0
30_4704,Northampton,GBR,United Kingdom,0.9999999896016377,0.9999999896016377
30_169,Neuquén,ARG,Argentina,0.419596127145799,0.0
30_1219,Hotan,CHN,China,0.4628043147962274,0.0
30_832,Marília,BRA,Brazil,1.0,0.0
30_6712,Perinthalmanna,IND,India,0.0,0.0
30_9042,Morioka,JPN,Japan,0.9006153967531726,0.0
30_1257,Linxia,CHN,China,0.0,0.0
30_7268,Rajnandgaon,IND,India,0.9905426842347647,0.0
30_7502,Thiruvallur,IND,India,0.8537250396283623,0.0
30_6745,Adoni,IND,India,0.0,0.0
30_10170,Ediene,NGA,Nigeria,0.0,0.0
30_9033,Kōchi,JPN,Japan,0.8301402249750306,0.0
30_8935,Pescara,ITA,Italy,0.24744558671721995,0.0
30_10872,Santa Cruz,PHL,Philippines,0.0,0.0
30_6123,Ranjangoan,IND,India,0.0,0.0
30_4581,Dijon,FRA,France,0.8139581411783116,0.0
30_3447,Mönchengladbach,DEU,Germany,0.9409445190618995,0.044533926609291084
30_10319,Jalingo,NGA,Nigeria,0.0,0.0
30_10102,Funtua,NGA,Nigeria,0.0,0.0
30_10718,Kharian,PAK,Pakistan,0.0,0.0
30_1870,Jinghai,CHN,China,0.4582238369510297,0.0
30_12860,Dalat,VNM,Vietnam,0.9072459026473634,0.0
30_622,Habiganj,BGD,Bangladesh,0.0,0.0
30_12421,Davenport,USA,United States,0.40132377522994406,0.0
30_13026,Centurion,ZAF,South Africa,0.36104482128879606,0.0
30_9385,San Luis Río Colorado,MEX,Mexico,0.0,0.0
30_7950,Marauna,IND,India,0.0,0.0
30_3191,Mwene-Ditu,COD,Democratic Republic of the Congo,0.0,0.0
30_8517,,IND,India,0.0,0.0
30_3202,Kabinda,COD,Democratic Republic of the Congo,0.0,0.0
30_12275,Palmdale,USA,United States,0.5030269601446022,0.0
30_7072,Ramagundam,IND,India,0.6785195865828881,0.0
30_8436,Tarkeshwar,IND,India,0.9999998790385525,0.0
30_10081,Awka,NGA,Nigeria,0.8743152375913135,0.0
30_11721,Košice,SVK,Slovakia,0.25405128630160395,0.0
30_2364,沂水县,CHN,China,0.0,0.0
30_11412,Buraydah,SAU,Saudi Arabia,0.0,0.0
30_652,Kulaura,BGD,Bangladesh,0.0,0.0
30_11038,Anju,PRK,North Korea,0.6153627823602869,0.0
30_9733,Lichinga,MOZ,Mozambique,0.4287915451776944,0.0
30_11587,Tambacounda,SEN,Senegal,1.0,0.0
30_8445,,IND,India,1.0,0.0
30_9931,Jega,NGA,Nigeria,0.0,0.0
30_11962,Gölcük,TUR,Turkey,1.0,0.8700184932366021
30_2904,Fengshun,CHN,China,0.0,0.0
30_1860,Huiguo,CHN,China,0.0,0.0
30_3329,Apartadó,COL,Colombia,0.0,0.0
30_553,Gafargaon,BGD,Bangladesh,0.0,0.0
30_7208,Khalilabad,IND,India,0.0,0.0
30_7994,Lakhisarai,IND,India,0.0,0.0
30_2732,Conghua,CHN,China,0.0,0.0
30_4311,Arsi Negelle,ETH,Ethiopia,0.0,0.0
30_9052,Yamagata,JPN,Japan,0.37706237840358914,0.0
30_9501,San Luis,MEX,Mexico,0.3403808088820645,0.0
30_12837,Pleiku,VNM,Vietnam,0.5788089636957178,0.0
30_9926,Ikire,NGA,Nigeria,0.0,0.0
30_2304,Shuangyashan,CHN,China,0.0,0.0
30_9110,Oskemen,KAZ,Kazakhstan,0.5827392601603841,0.0
30_3410,Cartago,CRI,Costa Rica,0.0,0.0
30_9262,Matara,LKA,Sri Lanka,0.0,0.0
30_7793,,IND,India,0.0,0.0
30_3416,Santa Clara,CUB,Cuba,0.3703348497716807,0.0
30_12137,Mbarara,UGA,Uganda,0.7269493922535881,0.0
30_10357,Mubi,NGA,Nigeria,0.0,0.0
30_12874,Pristina,XKO,Kosovo,0.0,0.0
30_11365,Chita,RUS,Russia,0.6238644346308239,0.0
30_2542,Sihong,CHN,China,0.4057226619553805,0.0
30_6049,Vrindavan,IND,India,0.8957665236055172,0.0
30_4829,Siguiri,GIN,Guinea,0.9578992558822633,0.0
30_5159,Bojonegoro,IDN,Indonesia,0.0,0.0
30_2238,Binyang,CHN,China,0.0,0.0
30_12990,Kimberley,ZAF,South Africa,0.7664079557741245,0.0
30_197,Concordia,ARG,Argentina,0.7919133195324138,0.0
30_2593,Zixing,CHN,China,0.0,0.0
30_3199,Ngandajika,COD,Democratic Republic of the Congo,0.0,0.0
30_12210,Sevastopol,UKR,Ukraine,0.0,0.0
30_3072,Yamoussoukro,CIV,Côte d'Ivoire,0.014479871445083534,0.0
30_9609,Pathein,MMR,Myanmar,0.5327229763020366,0.0
30_1511,Longchang,CHN,China,0.0,0.0
30_13028,De Rust Caravan Park,ZAF,South Africa,0.0,0.0
30_1681,,CHN,China,0.0,0.0
30_11974,Isparta,TUR,Turkey,0.0,0.0
30_5410,Morbi,IND,India,0.0,0.0
30_3788,Minya Al-Qamh,EGY,Egypt,0.3429186378717421,0.0
30_7904,Sarai,IND,India,0.0,0.0
30_9538,Campeche,MEX,Mexico,1.0,0.0
30_9493,Tehuacán,MEX,Mexico,0.49017552933517217,0.0
30_732,Potosí,BOL,Bolivia,0.7632046038423674,0.0
30_3794,El Senbellawein City,EGY,Egypt,0.5497380281064446,0.0
30_7901,Sakri,IND,India,0.0,0.0
30_5417,Veraval,IND,India,0.7273570446506609,0.0
30_2581,Wendeng,CHN,China,0.0,0.0
30_12033,Adiyaman,TUR,Turkey,0.8192567981733108,0.0
30_9506,Poza Rica,MEX,Mexico,0.0,0.0
30_4770,Obuasi,GHA,Ghana,0.0,0.0
30_12402,Birmingham,USA,United States,0.4208199372995979,0.0
30_10085,Okrika,NGA,Nigeria,0.0,0.0
30_3595,Laghouat,DZA,Algeria,1.0,0.0
30_10550,Khairpur,PAK,Pakistan,0.0,0.0
30_8450,Contai,IND,India,0.6124042198640341,0.0
30_9505,Córdoba,MEX,Mexico,0.8716776518071379,0.0
30_12180,Khmelnytskyi,UKR,Ukraine,0.5989276068739524,0.0
30_6736,Shoranur,IND,India,0.0,0.0
30_1260,Baiyin,CHN,China,0.0,0.0
30_898,São Carlos,BRA,Brazil,0.6273385056974855,0.0
30_1522,Xinzhou,CHN,China,0.0,0.0
30_8658,Dezful,IRN,Iran,0.20597319005187592,0.0
30_558,Netrokona,BGD,Bangladesh,0.6295764499802422,0.0
30_12307,Salem,USA,United States,0.8968764106136267,0.0
30_12542,Trenton,USA,United States,0.5895923646081245,0.0
30_3589,Kolea القليعة,DZA,Algeria,0.0,0.0
30_9465,Cuautla,MEX,Mexico,0.0,0.0
30_2380,Jiangxia,CHN,China,1.0,1.0
30_12744,Bắc Ninh,VNM,Vietnam,0.0,0.0
30_10660,Muzaffarabad,PAK,Pakistan,0.8280295960571412,0.0
30_9181,Chuncheon-Si,KOR,South Korea,0.8967074833286222,0.0
30_9306,Khouribga,MAR,Morocco,0.6705235798491187,0.0
30_2748,大岗镇,CHN,China,1.0,0.2126240707685086
30_8785,Tal Afar,IRQ,Iraq,0.0,0.0
30_3914,Algeciras,ESP,Spain,0.028481342539249572,0.0
30_7250,Khamaria,IND,India,0.0,0.0
30_5935,Sawai Madhopur,IND,India,0.0,0.0
30_10708,Pir Murad,PAK,Pakistan,0.0,0.0
30_3178,Demba,COD,Democratic Republic of the Congo,0.0,0.0
30_615,Bhola,BGD,Bangladesh,0.7967909598950397,0.0
30_6008,Hindaun,IND,India,0.0,0.0
30_3913,Oviedo,ESP,Spain,0.0,0.0
30_7686,Medininagar,IND,India,1.0,0.0
30_9474,Chiconcuac,MEX,Mexico,0.9999998814436928,0.0
30_2651,Wanning,CHN,China,0.0,0.0
30_10205,Otukpo,NGA,Nigeria,0.0,0.0
30_9125,Eldoret,KEN,Kenya,0.15201040414833766,0.0
30_897,Blumenau,BRA,Brazil,0.32158553607890705,0.0
30_6228,Shivpuri,IND,India,0.0034961906903066132,0.0
30_8871,Nazareth,ISR,Israel,0.6889674857662423,0.0
30_8751,Neyshabur,IRN,Iran,0.0,0.0
30_8425,Notun Digha,IND,India,1.0,0.0
30_3405,Fomboni,COM,Comoros,1.0,0.0
30_5445,Firozpur,IND,India,0.6679606662602119,0.0
30_2987,Fenghua,CHN,China,0.0,0.0
30_12187,Chernihiv,UKR,Ukraine,0.522926068575555,0.0
30_4530,Suva,FJI,Fiji,0.43855135547306945,0.0
30_5379,Porbandar,IND,India,0.7388577741456138,0.0
30_4648,Preston,GBR,United Kingdom,1.0,1.0
30_2162,兖州区,CHN,China,0.38661101197241,0.0
30_11868,Songkhla,THA,Thailand,0.4461389890616998,0.0
30_9313,Beni Mellal,MAR,Morocco,1.0,0.0
30_566,Madaripur,BGD,Bangladesh,0.5788225958343712,0.0
30_10663,Chakwal,PAK,Pakistan,0.9067579824269156,0.0
30_3496,Kiel,DEU,Germany,0.034384602292981965,0.0
30_3571,Mostaganem,DZA,Algeria,0.0,0.0
30_2335,Meihekou,CHN,China,0.5413614475844689,0.0
30_3879,Keren,ERI,Eritrea,1.0,0.0
30_1778,Sanhe,CHN,China,1.0,0.5654798704098815
30_3693,Fuwah,EGY,Egypt,0.0,0.0
30_8807,Chamchamal,IRQ,Iraq,0.0,0.0
30_840,Imperatriz,BRA,Brazil,0.7227541832432225,0.0
30_3217,Fungurume,COD,Democratic Republic of the Congo,0.0,0.0
30_2022,Tanghe,CHN,China,0.0,0.0
30_9274,Maseru,LSO,Lesotho,1.0,0.0
30_10447,Inaruwa,NPL,Nepal,0.0,0.0
30_7931,Teghra,IND,India,0.0,0.0
30_8911,Padua,ITA,Italy,0.45094991421562586,0.0
30_7527,Chidambaram,IND,India,0.22566913515377557,0.0
30_6633,Chitradurga,IND,India,0.5389786073421506,0.0
30_10233,Lafia,NGA,Nigeria,0.5243897808786893,0.0
30_2451,Laixi,CHN,China,0.8254999326491863,0.0
30_6271,Shikohabad,IND,India,0.0,0.0
30_6214,Guna,IND,India,0.6592268465415798,0.0
30_11869,Khon Kaen,THA,Thailand,0.01297017504434722,0.0
30_12174,Ivano-Frankivsk,UKR,Ukraine,0.0,0.0
30_2307,Zaozhuang,CHN,China,0.0,0.0
30_9369,Ambatolampy Tsimahafotsy,MDG,Madagascar,0.6960878231695664,0.0
30_3216,Kindu,COD,Democratic Republic of the Congo,0.9043962995519644,0.0
30_2183,Qufu,CHN,China,0.037077402086373785,0.0
30_8676,Safadasht,IRN,Iran,0.9999999162093287,0.0
30_9542,Playa Del Carmen,MEX,Mexico,0.0,0.0
30_11221,Taganrog,RUS,Russia,0.5048521764272452,0.0
30_2771,Yangzhong,CHN,China,0.0,0.0
30_445,নাটোর,BGD,Bangladesh,0.0,0.0
30_4360,Quiha,ETH,Ethiopia,1.0,0.0
30_7117,Dharmapuri,IND,India,0.13610928392034558,0.0
30_1869,Ci,CHN,China,0.0,0.0
30_9787,Nacala,MOZ,Mozambique,0.0,0.0
30_11150,Brasov,ROU,Romania,0.0,0.0
30_2163,Shanxian,CHN,China,0.0,0.0
30_3466,Freiburg Im Breisgau,DEU,Germany,0.03178065405852243,0.0
30_7243,Ambur,IND,India,0.0,0.0
30_5519,Hoshiarpur,IND,India,0.0,0.0
30_11859,Pattaya,THA,Thailand,0.31270020611037946,0.0
30_1330,Qionglai,CHN,China,0.0,0.0
30_9040,Toyama,JPN,Japan,0.7115623808432452,0.0
30_10415,Arnhem,NLD,Netherlands,0.045946889691397264,1.0
30_3939,Donostia / San Sebastián,ESP,Spain,0.095766867314342,0.0
30_3712,Tala,EGY,Egypt,0.0,0.0
30_12178,Chernivtsi,UKR,Ukraine,0.0,0.0
30_11779,Moundou,TCD,Chad,0.0,0.0
30_9681,Mawlamyine,MMR,Myanmar,1.0,0.0
30_3490,Kassel,DEU,Germany,0.9999999479864109,0.0
30_2911,Pujiang,CHN,China,0.0,0.0
30_7881,Sambalpur,IND,India,0.6238733052750004,0.0
30_11715,Paramaribo,SUR,Suriname,0.3689387296171591,0.0
30_11206,Vladimir,RUS,Russia,0.9632870109291138,0.0
30_6424,Gadag,IND,India,0.9727931260298293,0.0
30_9204,Jinju-Si,KOR,South Korea,0.3350316334591273,0.0
30_10756,Pattoki,PAK,Pakistan,0.0,0.0
30_2647,Binhai,CHN,China,0.0,0.0
30_5983,Sikandarabad,IND,India,1.0,0.0
30_10056,Omenama,NGA,Nigeria,0.0,0.0
30_3622,Ouargla,DZA,Algeria,0.9301168236363755,0.0
30_2776,Jiangyan,CHN,China,0.0,0.0
30_8504,Basirhat,IND,India,0.5934751248477312,0.0
30_3538,Aarhus,DNK,Denmark,0.0,0.0
30_1842,武清区,CHN,China,0.6988724238930925,0.0
30_11442,Saraf `Umrah,SDN,Sudan,0.0,0.0
30_7105,Proddatur,IND,India,0.0,0.0
30_3372,Chía,COL,Colombia,0.5834540189556605,0.0
30_11163,Galați,ROU,Romania,0.5319072666787104,0.0
30_1349,Jiangyou,CHN,China,0.13322346370244376,0.0
30_11643,Bosaso,SOM,Somalia,0.9573217700233473,0.0
30_11203,Kostroma,RUS,Russia,0.5172854134564099,0.0
30_2601,Luoding,CHN,China,0.8498577908154971,0.0
30_8739,Bojnurd,IRN,Iran,1.0,0.0
30_2642,Yangchun,CHN,China,0.0,0.0
30_102,Matala,AGO,Angola,0.0,0.0
30_4707,Blackwater,GBR,United Kingdom,0.9999999083847021,0.9999999083847023
30_2255,Buxi,CHN,China,0.0,0.0
30_12933,Al Qa`Idah,YEM,Yemen,0.0,0.0
30_2070,Jīnchéngjiāng,CHN,China,0.43690493799875213,0.0
30_6386,Vidisha,IND,India,0.7224051844935762,0.0
30_8019,Khagaria,IND,India,0.0,0.0
30_12195,Cherkasy,UKR,Ukraine,0.005990977373912338,0.0
30_10854,Cabanatuan,PHL,Philippines,0.8908376321820195,0.0
30_13003,East London,ZAF,South Africa,0.32334577992150965,0.0
30_11274,Nalchik,RUS,Russia,0.0,0.0
30_8696,Babol,IRN,Iran,0.0,0.0
30_2098,肥城市,CHN,China,0.0,0.0
30_13010,Vanderbijlpark,ZAF,South Africa,0.39991462925317683,0.0
30_10028,Agbor,NGA,Nigeria,0.0,0.0
30_12400,O’Fallon,USA,United States,0.0,0.0
30_7423,Obra,IND,India,0.0,0.0
30_3554,San Pedro De Macorís,DOM,Dominican Republic,0.0,0.0
30_11795,Sarh,TCD,Chad,0.7783974330190216,0.0
30_470,Bahadurabad,BGD,Bangladesh,0.0,0.0
30_11991,Çorum,TUR,Turkey,1.0,0.0
30_2633,Yunfu,CHN,China,0.0,0.0
30_3056,San-Pédro,CIV,Côte d'Ivoire,1.0,0.0
30_1692,Sanmenxia,CHN,China,0.0,0.0
30_9805,Alor Setar,MYS,Malaysia,0.7556166175312976,0.0
30_251,Linz,AUT,Austria,0.0,0.0
30_12981,Paarl,ZAF,South Africa,0.9999997320568041,0.26090002771886084
30_10092,Bonny,NGA,Nigeria,0.0,0.0
30_513,Bhuapur,BGD,Bangladesh,0.0,0.0
30_2521,Lianjiang,CHN,China,0.0,0.0
30_12280,Temecula,USA,United States,1.0,0.0
30_2773,尖锋村,CHN,China,0.43581425243005634,0.0
30_9921,Ijebu-Igbo,NGA,Nigeria,0.0,0.0
30_1419,射洪县,CHN,China,0.0,0.0
30_10460,Salalah,OMN,Oman,0.7718381532017502,0.0
30_10812,Pucallpa,PER,Peru,0.9364923582989084,0.0
30_10287,Hadejia,NGA,Nigeria,0.0,0.0
30_107,Uíge,AGO,Angola,1.0,0.0
30_12132,Tanga,TZA,Tanzania,0.34788395034625846,0.0
30_8574,Jorhat,IND,India,0.6501888799044233,0.0
30_12506,Akron,USA,United States,0.4520242239438342,0.0
30_7443,Lauiyah Nandangarh,IND,India,0.0,0.0
30_12126,Moshi,TZA,Tanzania,0.9641480925020874,0.0
30_6616,Hassan,IND,India,0.0,0.0
30_2906,Sanming,CHN,China,0.0,0.0
30_3235,Kipushi,COD,Democratic Republic of the Congo,0.0,0.0
30_9197,Mokpo-Si,KOR,South Korea,0.4168101551592886,0.0
30_2051,Acheng,CHN,China,0.0,0.0
30_2034,Linying,CHN,China,0.0,0.0
30_3920,Córdoba,ESP,Spain,0.0,0.0
30_5990,Bijnor,IND,India,0.0,0.0
30_12603,Termez,UZB,Uzbekistan,0.9980619173424677,0.0
30_2164,Xiangcheng,CHN,China,0.0,0.0
30_12336,Corpus Christi,USA,United States,0.8593584688897181,0.0
30_597,Sunamganj District,BGD,Bangladesh,0.0,0.0
30_5188,Pasuruan,IDN,Indonesia,0.5799198995576804,0.0
30_3721,Ashmoun,EGY,Egypt,0.5301677057386466,0.5301677058041926
30_7043,Nandyal,IND,India,0.0,0.0
30_6732,Kodungallur,IND,India,0.2879672738359125,0.0
30_9559,Ségou,MLI,Mali,0.0,0.0
30_2679,Ji'An,CHN,China,0.6216943137611182,0.0
30_7530,Buxar,IND,India,0.0,0.0
23_57599,Qaraziadin,IRN,Iran,0.0,0.0
30_7398,Ongole,IND,India,0.0,0.0
30_6629,Chhatarpur,IND,India,0.0,0.0
30_2874,Wuhua,CHN,China,0.5787607586417999,0.0
30_10139,Ado,NGA,Nigeria,0.0,0.0
30_1035,Juazeiro Do Norte,BRA,Brazil,0.28218632867868265,0.0
30_1015,Governador Valadares,BRA,Brazil,0.789472387447738,0.0
30_1118,Regina,CAN,Canada,0.8168905713332674,0.0
30_3330,Tuluá,COL,Colombia,0.4134593069460461,0.0
30_5699,Jind,IND,India,0.0,0.0
30_11220,Novorossiysk,RUS,Russia,0.0,0.0
30_2143,Kaiyuan,CHN,China,0.0,0.0
30_1008,Ipatinga,BRA,Brazil,0.04173689763722029,0.0
30_2660,Baoying,CHN,China,0.0,0.0
30_11424,Najran,SAU,Saudi Arabia,0.0,0.0
30_2792,Haian,CHN,China,0.6543858729034174,0.0
30_3245,Kasumbalesa,COD,Democratic Republic of the Congo,0.0,0.0
30_5108,Binangun,IDN,Indonesia,0.0,0.0
30_1403,Yan'An,CHN,China,1.0,0.0
30_4828,Kankan,GIN,Guinea,0.9005954786358423,0.0
30_12527,Harrisburg,USA,United States,0.3682817503242125,0.0
30_12574,Nukus,UZB,Uzbekistan,0.42214614328453204,0.0
30_12576,Urgench,UZB,Uzbekistan,1.0,0.0
30_12382,Lincoln,USA,United States,0.5000137459638985,0.0
30_10678,Khanewal,PAK,Pakistan,0.0,0.0
30_2247,Xintai,CHN,China,0.0,0.0
30_8693,Kashan,IRN,Iran,0.4132836407374571,0.0
30_10345,Yola,NGA,Nigeria,0.3062739274991264,0.0
30_9902,Ogunrun-Ori,NGA,Nigeria,1.0,0.0
30_1844,Fengfeng,CHN,China,0.0,0.0
30_3843,Tahma,EGY,Egypt,0.0,0.0
30_1231,Hami,CHN,China,1.0,0.0
30_4738,Chatham,GBR,United Kingdom,0.9999999484606807,0.9999999484606807
30_8905,Prato,ITA,Italy,0.0,0.0
30_7707,Raigarh,IND,India,0.4085942094430434,0.0
30_6576,Hosapete,IND,India,0.0,0.0
30_9580,Monywa,MMR,Myanmar,0.9792183344973001,0.0
30_8577,Dibrugarh,IND,India,0.0,0.0
30_9388,Los Mochis,MEX,Mexico,0.0,0.0
30_13101,Tunduma,ZMB,Zambia,0.0,0.0
30_5075,Subang,IDN,Indonesia,0.0,0.0
30_5123,Purworejo,IDN,Indonesia,0.0,0.0
30_11848,Lopburi,THA,Thailand,0.9383581381158576,0.0
30_1189,Talca,CHL,Chile,0.8005852848372556,0.0
30_6414,Lalitpur,IND,India,0.0,0.0
30_3660,Machala,ECU,Ecuador,0.8610269777757321,0.0
30_12304,Eugene,USA,United States,0.011419597914547398,0.0
30_455,Gaibandha,BGD,Bangladesh,0.0,0.0
30_12493,Toledo,USA,United States,0.31169958270586373,0.0
30_3653,Santa Elena,ECU,Ecuador,0.6219925074173839,0.0
30_11498,,SDN,Sudan,1.0,0.0
30_10118,Nsukka,NGA,Nigeria,0.0,0.0
30_9709,Tete,MOZ,Mozambique,1.0,0.0
30_7095,Jhusi,IND,India,0.8728895464068518,0.0
30_2650,Chaohu,CHN,China,1.0,0.0
30_4978,Padang Sidempuan,IDN,Indonesia,0.0,0.0
30_12299,Reno,USA,United States,0.42478970307694064,0.0
30_5477,Pathankot,IND,India,0.985720400500016,0.0
30_7098,Rajapalaiyam,IND,India,0.0,0.0
30_9294,El Jadida,MAR,Morocco,0.6361662927035401,0.0
30_3397,Riohacha,COL,Colombia,0.0,0.0
30_195,Bahía Blanca,ARG,Argentina,0.6929821316491418,0.0
30_3581,Tiaret,DZA,Algeria,0.0,0.0
30_2583,Wuchuan,CHN,China,0.0,0.0
30_12151,Entebbe,UGA,Uganda,0.9997370544564772,0.0
30_12649,Punto Fijo,VEN,Venezuela,0.23030200644680335,0.0
30_10654,Khanpur,PAK,Pakistan,1.0,0.0
30_3035,,CHN,China,0.0,0.0
30_5946,Palwal,IND,India,0.0,0.0
30_41,Kunduz,AFG,Afghanistan,0.164398481890914,0.0
30_1193,Rancagua,CHL,Chile,0.7895982649466834,0.0
30_10396,Dordrecht,NLD,Netherlands,0.6754209268230105,1.0
30_3936,Vitoria-Gasteiz,ESP,Spain,0.5120014486281611,0.0
30_12945,Yarim,YEM,Yemen,0.0,0.0
30_9925,Iwo,NGA,Nigeria,0.0,0.0
30_10891,Legazpi,PHL,Philippines,0.7724877540056735,0.0
30_3555,La Romana,DOM,Dominican Republic,0.5724579919463911,0.0
30_3743,Samalut,EGY,Egypt,0.0,0.0
30_9381,Cabo San Lucas,MEX,Mexico,0.5939118071411089,0.0
30_5666,Kaithal,IND,India,0.0,0.0
30_2301,Fujin,CHN,China,0.4117812410453311,0.0
30_9024,Miyazaki,JPN,Japan,0.7482941790600428,0.0
30_3883,Asmara,ERI,Eritrea,0.0784020657762718,0.0
30_3047,Yuhuan,CHN,China,0.925920199321229,0.0
30_1911,Hebi,CHN,China,0.0,0.0
30_10509,Dadu,PAK,Pakistan,0.0,0.0
30_3017,Fengting,CHN,China,0.0,0.0
30_8937,Caserta,ITA,Italy,0.9997171144784887,0.0
30_12202,Kherson,UKR,Ukraine,0.0,0.0
30_12205,Poltava,UKR,Ukraine,0.5266380518924827,0.0
30_6058,Panaji,IND,India,0.23089013424543675,0.0
30_5392,Barmer,IND,India,0.504996322585371,0.0
30_12078,Yuanlin City,TWN,Taiwan,0.0,0.0
30_9076,Shizuoka,JPN,Japan,0.5742912108535689,0.0
30_2674,Nanchang,CHN,China,0.7672209004848598,0.0
30_11756,Deir Ez Zor,SYR,Syria,1.0,0.0
30_11316,Sterlitamak,RUS,Russia,0.8786796972256743,0.0
30_11855,Chonburi,THA,Thailand,0.22293880770359123,0.0
30_8336,Farakka,IND,India,0.0,0.0
30_9786,,MOZ,Mozambique,0.41331714072970854,0.0
30_3746,Quwaysina,EGY,Egypt,0.04181341148737084,0.04111681258687487
30_12426,Eagan,USA,United States,0.23452779713643016,0.0
30_7145,Sivakasi,IND,India,0.0,0.0
30_3846,Maragha,EGY,Egypt,0.0,0.0
30_2338,Changyi,CHN,China,0.0,0.0
30_2475,Suining,CHN,China,0.0,0.0
30_13070,Chingola,ZMB,Zambia,0.0,0.0
30_2893,Lanxi,CHN,China,0.0,0.0
30_11625,Merca,SOM,Somalia,0.5444372854911024,0.0
30_2141,Suizhou,CHN,China,0.35460458959615887,0.0
30_3472,Bielefeld,DEU,Germany,0.0,0.0
30_1719,Dingzhou,CHN,China,0.0,0.0
30_10557,Nawabshah,PAK,Pakistan,0.40222472463429076,0.0
30_8889,Cagliari,ITA,Italy,0.08986078486206933,0.0
30_9277,Kaunas,LTU,Lithuania,0.0,0.0
30_10775,Nuevo Arraiján,PAN,Panama,0.5691564079754173,0.0
30_2266,Laibin,CHN,China,0.8080279409549604,0.0
30_7665,Bhimavaram,IND,India,0.0,0.0
30_4404,Kombolcha,ETH,Ethiopia,0.8982926057728823,0.0
30_1105,Victoria,CAN,Canada,0.9776892850957433,0.0
30_5686,Boisar,IND,India,0.0,0.0
30_10791,Cajamarca,PER,Peru,0.30910192697074607,0.0
30_9342,Nador,MAR,Morocco,0.0,0.0
30_2152,周村区,CHN,China,0.0,0.0
30_334,Bohicon,BEN,Benin,0.6110213661668606,0.0
30_2828,Yantian,CHN,China,1.0,0.0
30_12454,Joliet,USA,United States,0.9999999652533916,0.0
30_910,Itajaí,BRA,Brazil,0.5438358339205003,0.0
30_3714,Manuf,EGY,Egypt,0.0,0.0
30_1843,Hejian,CHN,China,0.0,0.0
30_5648,Kishangarh,IND,India,0.7828352972349085,0.0
30_3446,Aachen,DEU,Germany,1.0,0.574597747538959
30_3651,Tebessa,DZA,Algeria,0.3703578544650832,0.0
30_4537,Rennes,FRA,France,0.4602351111397632,0.0
30_7558,Siwan,IND,India,0.0,0.0
30_2414,Xianning,CHN,China,0.0748759870881122,0.0
30_5341,Merauke,IDN,Indonesia,0.21492664388095817,0.0
30_416,Saidpur,BGD,Bangladesh,0.0,0.0
30_11598,Kenema,SLE,Sierra Leone,0.0,0.0
30_3917,Gijón,ESP,Spain,0.6108993518640827,0.0
30_11397,Ash Sharai,SAU,Saudi Arabia,0.20704908807619138,0.0
30_397,Thakurgaon,BGD,Bangladesh,1.0,0.0
30_1276,Wuzhong,CHN,China,0.0,0.0
30_11627,Xawo Tako,SOM,Somalia,0.0,0.0
30_1726,Gaobeidian,CHN,China,1.0,0.0
30_5513,Pali,IND,India,0.0,0.0
30_9822,Kuantan,MYS,Malaysia,0.07747566545531633,0.0
30_5457,Batala,IND,India,0.0,0.0
30_2012,Tongren,CHN,China,0.8633344497811637,0.0
30_644,Sreemangal,BGD,Bangladesh,0.7339596326414894,0.0
30_8547,Samaguri,IND,India,0.0,0.0
30_12558,Springfield,USA,United States,0.5302807211015887,0.0
30_5314,Ternate,IDN,Indonesia,0.59173492151596,0.0
30_2682,Jianhu,CHN,China,0.0,0.0
30_13041,Osizweni,ZAF,South Africa,0.0,0.0
30_3640,El Oued,DZA,Algeria,0.0,0.0
30_10811,Huancayo,PER,Peru,0.7451880606811315,0.0
30_9946,Iragbiji,NGA,Nigeria,0.0,0.0
30_4773,Cape Coast,GHA,Ghana,0.0,0.0
30_6164,Dhaulpur,IND,India,0.3278495171720375,0.0
30_1250,Bayannur,CHN,China,0.0,0.0
30_9579,Hpakant,MMR,Myanmar,0.0,0.0
30_2837,Changxing,CHN,China,0.0,0.0
30_3855,Nag Hammadi,EGY,Egypt,0.0,0.0
30_5190,Lumajang,IDN,Indonesia,0.0,0.0
30_5221,Banjarbaru,IDN,Indonesia,0.46397115224376745,0.0
30_7581,Nagapattinam,IND,India,0.25406931694772095,0.0
30_12548,Syracuse,USA,United States,0.4734907902329906,0.0
30_12656,Acarigua,VEN,Venezuela,0.48424709227489754,0.0
30_2726,Taishan,CHN,China,0.42114601595610396,0.0
30_10906,Tacloban,PHL,Philippines,0.5068585909103506,0.0
30_7071,Padmanabhapuram,IND,India,0.0,0.0
30_11180,Arkhangelsk,RUS,Russia,0.5505558120733136,0.0
30_5158,Nganjuk,IDN,Indonesia,0.0,0.0
30_9807,Sungai Petani,MYS,Malaysia,0.0,0.0
30_11190,Vologda,RUS,Russia,0.31811677617127515,0.0
30_5245,Tarakan,IDN,Indonesia,0.40306676850970047,0.0
30_4977,Tebing Tinggi,IDN,Indonesia,0.8733800427821092,0.0
30_10080,Gwagwalada,NGA,Nigeria,0.0,0.0
30_5089,Indramayu,IDN,Indonesia,0.0,0.0
30_9244,Misrata,LBY,Libya,0.38010210724332383,0.0
23_57681,Sareyn,IRN,Iran,0.0,0.0
30_2781,Jintan,CHN,China,0.0,0.0
30_4740,Southend-On-Sea,GBR,United Kingdom,0.9999998916063269,0.9999998916063267
30_3174,Mweka,COD,Democratic Republic of the Congo,0.0,0.0
30_11690,Juba,SSD,South Sudan,1.0,0.0
30_5640,Ankleshwar,IND,India,0.0,0.0
30_7954,Hazaribagh,IND,India,0.5841184118725488,0.0
30_8998,Hakodate,JPN,Japan,0.46642247507824186,0.0
30_4703,Reading,GBR,United Kingdom,1.0,1.0
30_3338,Armenia,COL,Colombia,0.6028848692170726,0.0
30_11146,Craiova,ROU,Romania,0.3780390662031105,0.0
30_6002,Najibabad,IND,India,0.6448120425278927,0.0
30_703,Nassau,BHS,Bahamas,0.5009741681294442,0.0
30_3859,Armant Al-Waburat,EGY,Egypt,0.0,0.0
30_12961,Aden,YEM,Yemen,0.5815951334859121,0.0
30_10419,Heerlen,NLD,Netherlands,0.3704259615912288,0.6144632352265074
30_8848,Al-Shatrah,IRQ,Iraq,0.0,0.0
30_1209,Aksu,CHN,China,0.7760643130019957,0.0
30_5160,Gembongan,IDN,Indonesia,0.0,0.0
30_9562,Koutiala,MLI,Mali,1.0,0.0
30_4720,Luton,GBR,United Kingdom,1.0,1.0
30_9693,Myeik,MMR,Myanmar,1.0,0.0
30_2921,Pinghu,CHN,China,0.9184873408195782,0.0
30_8052,Mansa Nagar,IND,India,0.0,0.0
30_7037,Gondia,IND,India,0.0,0.0
30_3638,Skikda,DZA,Algeria,0.0,0.0
30_9484,Tlaxcala,MEX,Mexico,0.2711059298544664,0.0
30_323,Charleroi,BEL,Belgium,0.0,0.0
30_3459,Münster,DEU,Germany,0.6061573898794529,0.0
30_3564,Sidi Bel Abbes,DZA,Algeria,0.7244398981649088,0.0
30_3352,Sahagún,COL,Colombia,0.0,0.0
30_1366,Ulanqab,CHN,China,0.1332930223074177,0.0
30_5162,Kertosono,IDN,Indonesia,0.0,0.0
30_12640,Mérida,VEN,Venezuela,0.6068918804683529,0.0
30_4617,Plymouth,GBR,United Kingdom,1.0,1.0
30_11166,Constanța,ROU,Romania,0.4014696725365477,0.0
30_5054,Pandeglang,IDN,Indonesia,1.0,0.0
30_7911,Nawada,IND,India,0.0,0.0
30_1959,Linqing,CHN,China,0.0,0.0
30_2894,Lili,CHN,China,1.0,0.0
30_8704,Sari,IRN,Iran,0.00240878443789324,0.0
30_3220,Kambove,COD,Democratic Republic of the Congo,0.0,0.0
30_707,Sarajevo,BIH,Bosnia and Herzegovina,0.7898832031658375,0.0
30_4683,Derby,GBR,United Kingdom,1.0,1.0
30_11949,Aydin,TUR,Turkey,0.0,0.0
30_9102,Pavlodar,KAZ,Kazakhstan,0.24076077425503434,0.0
30_10877,Lucena,PHL,Philippines,0.8946463813986018,0.0
30_2361,Laizhou,CHN,China,0.0,0.0
30_1061,Mossoró,BRA,Brazil,1.0,0.0
30_12591,Shahrisabz,UZB,Uzbekistan,0.38933006784001845,0.0
30_11258,Volzhskiy,RUS,Russia,0.6737533772764407,0.0
30_12511,Richmond,USA,United States,0.46458765579928635,0.0
30_6705,Chhindwara,IND,India,0.9531215599968093,0.0
30_12862,Quy Nhơn,VNM,Vietnam,0.3076388347806641,0.0
30_10527,Shabqadar,PAK,Pakistan,0.0,0.0
30_9088,Aktau,KAZ,Kazakhstan,0.5623204672008145,0.0
30_8361,Aurangabad,IND,India,0.0,0.0
30_1345,Xilinhot,CHN,China,0.21823360793343946,0.0
30_10072,Bugama,NGA,Nigeria,0.0,0.0
30_9680,Hpa-An,MMR,Myanmar,0.0,0.0
30_3251,Kilwa,COD,Democratic Republic of the Congo,0.0,0.0
30_8764,Jiroft,IRN,Iran,0.003901265533282168,0.0
30_1765,Pinggu,CHN,China,1.0,0.38799575516835405
30_4062,Jimma,ETH,Ethiopia,1.0,0.0
30_7143,Tirunelveli,IND,India,0.4317263692606511,0.0
30_11061,Songnim,PRK,North Korea,0.0,0.0
30_3887,Massawa,ERI,Eritrea,0.883616694850783,0.0
30_2466,Laiyang,CHN,China,0.30169588785798485,0.0
30_6185,Etmadpur,IND,India,0.0,0.0
30_12784,Rạch Giá,VNM,Vietnam,0.433075808495143,0.0
30_4982,Tanjung Balai,IDN,Indonesia,0.0,0.0
30_8354,Bhadrak,IND,India,0.0,0.0
30_12270,Antioch,USA,United States,0.9999999560558859,0.0968865168743928
23_58225,Shandiz,IRN,Iran,0.0,0.0
30_10458,Hillcrest,NZL,New Zealand,0.36348968849896407,0.0
30_3654,Manta,ECU,Ecuador,0.7853141440451191,0.0
30_11183,Cherepovets,RUS,Russia,0.7660471950655647,0.0
30_1699,Nanchuan,CHN,China,0.0,0.0
30_2402,Pingdu,CHN,China,0.6907629702928058,0.0
30_1930,Xinmi,CHN,China,0.0,0.0
30_5394,Anantnag,IND,India,0.0,0.0
30_7155,Karur,IND,India,0.7978451283011919,0.0
30_11538,Al-Qadarif,SDN,Sudan,0.9611724237502373,0.0
30_6282,Beed,IND,India,1.0,0.0
30_12734,Thái Nguyên,VNM,Vietnam,0.7316381945296198,0.0
30_6725,Banda,IND,India,0.7301875153768439,0.0
30_10449,Biratnagar,NPL,Nepal,0.6284405212219507,0.0
30_9050,Nagano,JPN,Japan,0.8618958257750468,0.0
30_3457,Hagen,DEU,Germany,1.0,0.0
30_3006,Ninghai,CHN,China,0.0,0.0
30_5198,Pamekasan,IDN,Indonesia,0.0,0.0
30_10531,Shikarpur,PAK,Pakistan,0.0,0.0
30_540,Manikgonj,BGD,Bangladesh,0.5547220158709201,0.0
30_2800,Huangshan,CHN,China,0.6206822975027262,0.0
30_1973,Yuzhou,CHN,China,0.0,0.0
30_9429,Zacatecas,MEX,Mexico,0.8342707662104877,0.0
30_9924,Birnin Kebbi,NGA,Nigeria,0.6228473527889979,0.0
30_11186,Zelenograd,RUS,Russia,0.9999999257024554,0.8497266064828237
30_2845,Guangfeng,CHN,China,0.0,0.0
30_11196,Kursk,RUS,Russia,0.9479135302811804,0.0
30_3702,Kafr Al-Zaiyat,EGY,Egypt,0.0,0.0
30_9017,Fukuyama,JPN,Japan,0.02512950394678654,0.0
30_926,Sumaré,BRA,Brazil,0.40907019511908993,0.0
30_11564,Ziguinchor,SEN,Senegal,0.899897083822721,0.0
30_6976,Jigani,IND,India,0.5867022151105834,0.0
30_5707,Bhiwani,IND,India,0.0,0.0
30_1023,Vitória Da Conquista,BRA,Brazil,0.8377137565085534,0.0
30_673,,BGD,Bangladesh,0.1058256668909239,0.0
30_3319,Popayán,COL,Colombia,0.4892552376194772,0.0
30_8864,Ashdod,ISR,Israel,0.027711920539350902,0.0
30_7368,Waidhan,IND,India,0.0,0.0
30_7060,Pratapgarh,IND,India,0.5163573478603694,0.0
30_12682,Los Teques,VEN,Venezuela,0.41433516136365517,0.0
30_12769,Thái Bình,VNM,Vietnam,0.0,0.0
30_10866,Binangonan,PHL,Philippines,0.9999999252519972,0.09095843060232518
30_546,Gouripur,BGD,Bangladesh,0.12725915319227082,0.0
30_9081,Mito,JPN,Japan,0.33197893009336216,0.0
30_3900,A Coruña,ESP,Spain,1.0,0.0
30_11168,Murmansk,RUS,Russia,0.0,0.0
30_5380,Gandhidham,IND,India,0.06380763659656746,0.0
30_11722,Ljubljana,SVN,Slovenia,0.2553248809381944,0.0
30_3061,Daloa,CIV,Côte d'Ivoire,0.0,0.0
30_11363,Ulan-Ude,RUS,Russia,0.335840378011605,0.0
30_8372,Dhupguri,IND,India,0.0,0.0
30_4830,Nzérékoré,GIN,Guinea,0.7184117832668993,0.0
30_3091,Kumba,CMR,Cameroon,0.0,0.0
30_11191,Oryol,RUS,Russia,0.6216926513233374,0.0
30_8688,Pardis,IRN,Iran,0.39980762495269306,0.0
30_8867,Netanya,ISR,Israel,1.0,0.0
30_6668,Bidar,IND,India,0.4305140157121993,0.0
30_1343,Shenmu,CHN,China,0.0,0.0
30_5674,Valsad,IND,India,0.4847589469282713,0.0
30_8485,Habra,IND,India,0.09524379952176479,0.0
30_11159,Iași,ROU,Romania,1.0,0.0
30_1542,Weinan,CHN,China,0.0,0.0
30_2643,Chuzhou,CHN,China,0.8561445645651201,0.0
30_10453,Christchurch,NZL,New Zealand,0.39749269288547207,0.0
30_10020,Ughelli,NGA,Nigeria,0.0,0.0
30_5218,Singaraja,IDN,Indonesia,0.7319494983987944,0.0
30_437,Bagha,BGD,Bangladesh,0.0,0.0
30_1154,Lausanne,CHE,Switzerland,0.5967126231724942,0.0
30_1119,Saskatoon,CAN,Canada,0.8031255842365728,0.0
30_9399,Heroica Nogales,MEX,Mexico,0.5071355384863577,0.0
30_1912,津南区,CHN,China,0.9109480316483924,0.0
30_6087,Amroha,IND,India,0.0,0.0
30_527,Muktagacha,BGD,Bangladesh,0.0,0.0
30_2683,岗美村,CHN,China,1.0,0.0
30_11105,Kaesong,PRK,North Korea,0.9989473540728099,0.0
30_11178,Smolensk,RUS,Russia,0.45846612719410845,0.0
30_11055,Kangson,PRK,North Korea,0.0,0.0
30_6731,Wardha,IND,India,0.0,0.0
30_5530,Sirsa,IND,India,0.0,0.0
30_11612,Borama,SOM,Somalia,0.0,0.0
30_6885,Katni,IND,India,0.0,0.0
30_1715,Miyun,CHN,China,1.0,1.0
30_2302,Hanchuan,CHN,China,1.0,0.0
30_2992,Fu'An,CHN,China,0.0,0.0
30_3166,Ilebo,COD,Democratic Republic of the Congo,0.5905425312489389,0.0
30_5061,Pangkalpinang,IDN,Indonesia,0.5181037012735826,0.0
30_4344,Mek'Elē,ETH,Ethiopia,0.9772600114671026,0.0
30_2967,Shengzhou,CHN,China,0.7613900400996937,0.0
30_9108,Semey,KAZ,Kazakhstan,0.6771323641858082,0.0
30_859,Brasília,BRA,Brazil,0.35976291793045323,0.0
30_3560,Tlemcen,DZA,Algeria,0.0,0.0
30_11047,Hyesan,PRK,North Korea,0.0,0.0
30_9489,Monclova,MEX,Mexico,0.8000343830878085,0.0
30_1754,Yanjiao,CHN,China,0.9999999337701413,0.9376823116999897
30_2078,Jingmen,CHN,China,0.0,0.0
30_10730,Jaranwala,PAK,Pakistan,0.0,0.0
30_967,Taubaté,BRA,Brazil,0.642066563104231,0.0
30_12698,Porlamar,VEN,Venezuela,0.2621737248298197,0.0
30_2536,Leizhou,CHN,China,0.0,0.0
30_1679,Baicheng,CHN,China,0.42190346605981993,0.0
30_839,Pelotas,BRA,Brazil,0.875347055188598,0.0
30_5427,Sri Ganganagar,IND,India,0.7000673160772263,0.0
30_10000,Owo,NGA,Nigeria,0.0,0.0
30_2355,Guigang,CHN,China,0.0,0.0
30_857,Guará,BRA,Brazil,1.0,0.0
30_3379,Villavicencio,COL,Colombia,0.2800805771030755,0.0
30_11241,Yoshkar-Ola,RUS,Russia,0.45454059011625425,0.0
30_5780,Dahod,IND,India,1.0,0.0
30_12016,Osmaniye,TUR,Turkey,0.0,0.0
30_1920,Suihua,CHN,China,0.0,0.0
30_3419,Camagüey,CUB,Cuba,0.7471939531618053,0.0
30_2269,Linqu,CHN,China,0.8793923691404005,0.0
23_57768,فامنین,IRN,Iran,0.0,0.0
30_7245,Bhadohi,IND,India,0.0,0.0
30_3354,Sincelejo,COL,Colombia,0.0,0.0
30_1898,Dengfeng,CHN,China,0.0,0.0
30_5320,Sorong,IDN,Indonesia,0.518003335106824,0.0
30_12606,Kokand,UZB,Uzbekistan,0.7243890859028863,0.0
30_1828,Bo'Ai,CHN,China,0.0,0.0
30_6506,Orai,IND,India,0.7152011216449558,0.0
30_8980,Asahikawa,JPN,Japan,0.7033400307006978,0.0
30_2942,惠来县,CHN,China,0.943065504860103,0.0
30_3432,Nicosia,CYP,Cyprus,0.0,0.0
30_1560,Hechuan,CHN,China,0.0,0.0
30_920,Limeira,BRA,Brazil,0.16875460413208898,0.0
30_10255,Gboko,NGA,Nigeria,0.0,0.0
30_5119,Kebumen,IDN,Indonesia,0.0,0.0
30_94,M'Banza Congo,AGO,Angola,1.0,0.0
30_5086,Jatiwangi,IDN,Indonesia,0.5034244582224403,0.0
30_6926,Attingal,IND,India,0.039019035081062935,0.0
30_51,Taloqan,AFG,Afghanistan,0.8094007420211277,0.0
30_7970,Vizianagaram,IND,India,0.0,0.0
30_12330,Spokane,USA,United States,0.20922956315462016,0.0
30_4088,Gonder,ETH,Ethiopia,0.6430494631157946,0.0
30_3625,Biskra,DZA,Algeria,0.8692965326201884,0.0
30_8880,Busto Arsizio,ITA,Italy,0.9999998259008287,0.4818543730153888
30_9100,Karaganda,KAZ,Kazakhstan,0.5007898916363326,0.0
30_6673,Damoh,IND,India,0.9920234737309294,0.0
30_1348,Xichang,CHN,China,0.8567336793798176,0.0
30_6337,Udupi,IND,India,0.0,0.0
30_3100,Bafoussam,CMR,Cameroon,0.05804600906620574,0.0
30_5168,Pare,IDN,Indonesia,0.0,0.0
30_11646,Novi Sad,SRB,Serbia,0.9586752685326297,0.0
30_12641,Cabimas,VEN,Venezuela,0.0,0.0
30_11547,Kassala,SDN,Sudan,1.0,0.0
30_4912,La Ceiba,HND,Honduras,0.5511079623214924,0.0
30_729,Oruro,BOL,Bolivia,0.41993609112100966,0.0
30_4394,Dessie,ETH,Ethiopia,0.0,0.0
30_10704,Mandi Bahauddin,PAK,Pakistan,0.0,0.0
30_2948,Shangyu,CHN,China,0.0,0.0
30_11746,Hama,SYR,Syria,0.8014018911646871,0.0
30_5950,Rishikesh,IND,India,0.0,0.0
30_6189,Chandausi,IND,India,0.0,0.0
30_253,Graz,AUT,Austria,0.1812949888769902,0.0
30_9877,Agadez,NER,Niger,0.6748750179542915,0.0
30_9533,Tapachula,MEX,Mexico,0.5335065205131766,0.0
30_3861,Tod,EGY,Egypt,0.0,0.0
30_11423,Hafar Al-Batin,SAU,Saudi Arabia,0.0,0.0
30_2943,Jinshan,CHN,China,0.9443115693871641,0.0
30_9720,Beira,MOZ,Mozambique,1.0,0.0
30_10737,Wazirabad,PAK,Pakistan,0.0,0.0
23_57934,Pishva,IRN,Iran,0.02819133579199213,0.0
30_6165,Bhusawal,IND,India,0.0,0.0
30_1364,Emeishan,CHN,China,0.0,0.0
30_13039,Edendale,ZAF,South Africa,0.6984153085393298,0.0
30_7357,Ranipettai,IND,India,0.0,0.0
30_6241,Etah,IND,India,0.0,0.0
30_9934,Erin-Osun,NGA,Nigeria,0.0,0.0
30_3126,Gamboru,CMR,Cameroon,0.0,0.0
30_4671,Huddersfield,GBR,United Kingdom,0.999999987761318,0.999999987761318
30_2753,Leping,CHN,China,0.6448414811756671,0.0
30_5474,Surendranagar,IND,India,1.0,0.0
30_318,Ghent,BEL,Belgium,0.37201251350467596,0.1600639765861392
30_9529,Coatzacoalcos,MEX,Mexico,0.8063603837667738,0.0
30_9498,Orizaba,MEX,Mexico,0.8628609216343017,0.0
30_12646,Barinas,VEN,Venezuela,0.5966646894340455,0.0
30_12754,Thanh Hóa,VNM,Vietnam,0.3973988589225071,0.0
30_9402,Colima,MEX,Mexico,0.7438043307857423,0.0
30_8870,Modi'In Illit,ISR,Israel,0.5481663902463783,0.0
30_11184,Kaluga,RUS,Russia,0.7933650347327301,0.0
30_10767,Narowal,PAK,Pakistan,0.0,0.0
30_11012,Białystok,POL,Poland,0.5289664166406886,0.0
30_12370,Wichita,USA,United States,0.7616588883077512,0.0
30_12456,Madison,USA,United States,0.6262772184893262,0.0
30_842,Ponta Grossa,BRA,Brazil,0.7082737461098108,0.0
30_701,Varna,BGR,Bulgaria,0.09531685758540127,0.0
30_5155,Trenggalek,IDN,Indonesia,0.0,0.0
30_11234,Saransk,RUS,Russia,0.39557751981393247,0.0
30_1873,Gongyi,CHN,China,0.0,0.0
30_10511,Jacobabad,PAK,Pakistan,1.0,0.0
30_1420,Hanzhong,CHN,China,0.35426623873855567,0.0
30_8554,Zakiganj,IND,India,0.0,0.0
30_12849,Quảng Ngãi,VNM,Vietnam,0.7245976403425257,0.0
30_9199,Gumi-Si,KOR,South Korea,0.41538557011429994,0.0
30_11242,Kirov,RUS,Russia,0.5951328630601042,0.0
30_10701,Chiniot,PAK,Pakistan,0.0,0.0
30_569,Mondoldia,BGD,Bangladesh,1.0,0.0
30_7638,Dehri,IND,India,0.3813419174020391,0.0
30_8721,Gorgan,IRN,Iran,0.0,0.0
30_10721,Burewala,PAK,Pakistan,0.0,0.0
30_623,Madhabpur,BGD,Bangladesh,0.0,0.0
30_1073,Caruaru,BRA,Brazil,0.7352177674997055,0.0
30_6734,Raichur,IND,India,1.0,0.0
30_12035,Trabzon,TUR,Turkey,0.5318554336761804,0.0
30_11804,Abéché,TCD,Chad,0.9740956193197224,0.0
30_11315,Nizhny Tagil,RUS,Russia,0.5755644118357627,0.0
30_2129,Zhangqiu,CHN,China,0.0,0.0
30_3755,Tukh,EGY,Egypt,0.9999999414435522,0.9228419908603941
30_10823,Juliaca,PER,Peru,0.6660832492025588,0.0
30_12466,Lexington,USA,United States,0.6226194939101022,0.0
30_1848,Yanshi,CHN,China,0.0,0.0
30_11218,Tambov,RUS,Russia,0.9271077343779713,0.0
30_5629,Sikar,IND,India,0.5930913367569042,0.0
30_12418,Nashville,USA,United States,0.5439759514006461,0.0
30_3302,Pointe-Noire,COG,Republic of Congo,0.46297768259080657,0.0
30_3068,Korhogo,CIV,Côte d'Ivoire,0.0,0.0
30_10628,Mirpur Khas,PAK,Pakistan,0.8830388513098426,0.0
30_2273,Xiantao,CHN,China,0.2507961348357215,0.0
30_2462,Tonghua,CHN,China,0.8512530362873999,0.0
30_12848,Buôn Ma Thuột,VNM,Vietnam,0.12351365827425395,0.0
30_12761,Nam Định,VNM,Vietnam,0.5251346440570671,0.0
30_3189,Kasaji,COD,Democratic Republic of the Congo,0.0,0.0
30_11611,Kismayo,SOM,Somalia,1.0,0.0
30_776,Cascavel,BRA,Brazil,0.9469936536975563,0.0
30_8304,Bankura,IND,India,0.0,0.0
30_1824,宝坻区,CHN,China,0.0,0.0
30_3942,Pamplona,ESP,Spain,0.0,0.0
30_12753,Hải Dương,VNM,Vietnam,0.0,0.0
30_1980,Xinzheng,CHN,China,0.0,0.0
30_1210,Karamay,CHN,China,0.7295509408885038,0.0
30_10409,Eindhoven,NLD,Netherlands,0.0,0.9999999527011292
30_3020,Cangnan,CHN,China,0.0,0.0
30_8407,Balurghat,IND,India,0.0,0.0
30_7533,Bettiah,IND,India,0.0,0.0
30_8651,Khorramabad,IRN,Iran,1.0,0.0
30_9069,Hamamatsu,JPN,Japan,0.3695782923880165,0.0
30_9172,Siem Reap,KHM,Cambodia,0.7480208840900114,0.0
30_6336,Mainpuri,IND,India,0.6689741309749359,0.0
30_11084,Haeju,PRK,North Korea,0.43378309154289285,0.0
30_5111,Pemalang,IDN,Indonesia,0.0,0.0
30_8194,Purnia,IND,India,0.9706688999552046,0.0
30_243,Gold Coast,AUS,Australia,0.4435157139629129,0.0
30_7452,Viluppuram,IND,India,0.0,0.0
30_9149,Garissa,KEN,Kenya,1.0,0.0
30_2900,Lufeng,CHN,China,0.0,0.0
30_3899,Vigo,ESP,Spain,0.2523774389207018,0.0
30_1464,Neijiang,CHN,China,0.558690857540376,0.0
30_10868,Lipa,PHL,Philippines,0.7467246110918196,0.0
30_1134,Oshawa,CAN,Canada,0.425602896321776,0.0
30_8959,Bari,ITA,Italy,0.08482082588298974,0.0
30_4332,Bishoftu,ETH,Ethiopia,0.9999686677892704,0.0
30_10792,Chimbote,PER,Peru,0.41352775685783133,0.0
30_7343,Tiruvannamalai,IND,India,0.0,0.0
30_3671,Cantón Santo Domingo De Los Tsachilas,ECU,Ecuador,0.17662316590930388,0.0
30_10968,Szczecin,POL,Poland,0.08916868568253447,0.0
30_9861,Tahoua,NER,Niger,1.0,0.0
30_10002,Sapele,NGA,Nigeria,0.0,0.0
30_11027,Kanggye,PRK,North Korea,0.7477469197258823,0.0
30_8475,Dhubri,IND,India,0.0025561330381539443,0.0
30_11013,Lublin,POL,Poland,0.5436199821994298,0.0
30_5133,Salatiga,IDN,Indonesia,0.8205849290379236,0.0
30_12409,Cape Coral,USA,United States,0.7014214024637401,0.0
30_8795,Gaiyara,IRQ,Iraq,0.0,0.0
30_4999,Duri,IDN,Indonesia,0.0,0.0
30_10698,Gojra,PAK,Pakistan,0.0,0.0
30_12215,Simferopol,UKR,Ukraine,0.35548233205505086,0.0
30_7632,Motihari,IND,India,0.8361564190157847,0.0
30_6716,Triprayar,IND,India,0.0,0.0
30_10567,Dera Ismail Khan,PAK,Pakistan,0.32676727438820574,0.0
30_9639,Lashio,MMR,Myanmar,0.9523202384876006,0.0
30_5125,Wonosobo,IDN,Indonesia,0.0,0.0
30_1028,Campos Dos Goytacazes,BRA,Brazil,0.959992955365791,0.0
30_1701,Huairou,CHN,China,0.9999999740917733,0.9955512367390563
30_3118,Ngaoundéré,CMR,Cameroon,0.6329935385363961,0.0
30_1170,Iquique,CHL,Chile,0.7117235397478973,0.0
30_5057,Rangkasbitung,IDN,Indonesia,1.0,0.0
30_78,Namibe,AGO,Angola,1.0,0.0
30_11944,Balıkesir,TUR,Turkey,0.0,0.0
30_4724,Hull,GBR,United Kingdom,1.0,1.0
30_5002,Dumai,IDN,Indonesia,0.0,0.0
30_4575,Montpellier,FRA,France,0.6900020696857683,0.0
30_8185,Puruliya,IND,India,0.0,0.0
30_10604,Kamra,PAK,Pakistan,0.15666693308010224,0.05897802147600895
30_4551,Rouen,FRA,France,0.12974735353496286,0.0
30_6231,Burhanpur,IND,India,0.0,0.0
30_3923,Valladolid,ESP,Spain,0.6045147970981664,0.0
30_5731,Kurukshetra,IND,India,0.0,0.0
30_7020,"Rewa, Madhya Pradesh",IND,India,0.0,0.0
30_9499,Ciudad Victoria,MEX,Mexico,0.9554957933403376,0.0
30_1773,Gaoping,CHN,China,0.0,0.0
30_10646,Muzaffargarh,PAK,Pakistan,0.0,0.0
30_12255,Oxnard,USA,United States,0.9013612505973236,0.0
30_4991,Bukittinggi,IDN,Indonesia,0.0,0.0
30_10826,Tacna,PER,Peru,1.0,0.0
30_6141,Thakurdwara,IND,India,0.0,0.0
30_7604,Sasaram,IND,India,0.14281690494127566,0.0
30_1815,Renqiu,CHN,China,0.0,0.0
30_3442,Brno,CZE,Czech Republic,0.21903296980681858,0.0
30_12699,Ciudad Bolívar,VEN,Venezuela,0.4301456082759778,0.0
30_3818,Kafr Haggag,EGY,Egypt,0.0,0.0
30_10390,Leiden,NLD,Netherlands,1.0,1.0
30_10234,Makurdi,NGA,Nigeria,0.0,0.0
30_888,Uberaba,BRA,Brazil,0.7984889409784011,0.0
30_1315,Dali,CHN,China,0.9999999942123046,0.0
30_10312,Gombe,NGA,Nigeria,0.5081150477862153,0.0
30_1922,Botou,CHN,China,0.7240456552200407,0.0
30_10905,Iligan,PHL,Philippines,0.0,0.0
30_8380,Jangipur,IND,India,0.0,0.0
30_3475,Karlsruhe,DEU,Germany,0.2199464066969739,0.0
30_3425,Holguín,CUB,Cuba,0.0,0.0
30_6029,Khurja,IND,India,0.0013708065692013415,0.0
30_10983,Bydgoszcz,POL,Poland,0.050853352977822876,0.0
30_8316,Puri,IND,India,0.8976831487573776,0.0
30_6360,Pilibhit,IND,India,0.8137938392913726,0.0
30_11208,Ryazan,RUS,Russia,0.4108167790675277,0.0
30_2229,Dashiqiao,CHN,China,0.0,0.0
30_7896,Madhubani,IND,India,0.0,0.0
30_12514,Newport News,USA,United States,0.5183844752728963,0.0
30_11366,Blagoveshchensk,RUS,Russia,0.7207647520822,0.0
30_11052,P'Yŏngsŏng,PRK,North Korea,0.0,0.0
30_2680,Chizhou,CHN,China,0.0,0.0
30_2798,Ningguo,CHN,China,0.8338367307604778,0.0
30_6257,Rudrapur,IND,India,0.21313946771288234,0.0
30_10751,Pakpattan,PAK,Pakistan,0.0,0.0
30_12943,Dhamar,YEM,Yemen,0.6376559041957176,0.0
30_7327,Khammam,IND,India,0.9655850531137949,0.0
30_10920,Tagum,PHL,Philippines,0.0,0.0
30_2737,Nankang,CHN,China,0.0,0.0
30_5683,Godhra,IND,India,0.0,0.0
30_11144,Cluj-Napoca,ROU,Romania,1.0,0.0
30_12557,Hartford,USA,United States,0.2817824998075828,0.0
30_10007,Igbe,NGA,Nigeria,0.0,0.0
30_1196,Temuco,CHL,Chile,1.0,0.0
30_9391,Ciudad Obregón,MEX,Mexico,0.0,0.0
30_9420,Uruapan,MEX,Mexico,0.9567371959484209,0.0
30_3345,Neiva,COL,Colombia,0.9540424931375154,0.0
30_8984,Nagasaki,JPN,Japan,0.4980444654698193,0.0
30_740,Rio Branco,BRA,Brazil,1.0,0.0
30_11325,Magnitogorsk,RUS,Russia,0.2151052097083673,0.0
30_12465,Waukegan,USA,United States,0.3694011483942628,0.0
30_2693,三水区,CHN,China,0.9999999569245914,0.07213998027906285
30_2640,Gaoan,CHN,China,0.0,0.0
30_2502,珠海街道,CHN,China,1.0,0.8517157100435895
30_11284,Vladikavkaz,RUS,Russia,0.5195996380388265,0.0
30_6450,Payyanur,IND,India,0.0,0.0
30_7248,Thoothukudi,IND,India,0.3867655978254214,0.0
30_12091,Kilima Hewa,TZA,Tanzania,0.7276825457798984,0.0
30_1527,Xuanhua,CHN,China,0.0,0.0
30_11616,Baidoa,SOM,Somalia,0.9447886124177796,0.0
30_9378,Ensenada,MEX,Mexico,0.8586539101657582,0.0
30_4939,Cap-Haitien,HTI,Haiti,1.0,0.0
30_9479,Pachuca,MEX,Mexico,0.4173998452127461,0.0
30_5882,Ratlam,IND,India,1.0,0.0
30_11138,Timișoara,ROU,Romania,0.0,0.0
30_2501,Hezhou,CHN,China,0.5121201011036788,0.0
30_3233,Mulongo,COD,Democratic Republic of the Congo,0.0,0.0
30_1725,Ranghulu,CHN,China,0.0,0.0
30_12329,Mcallen,USA,United States,0.14273715937934475,0.0
30_12442,Palm Bay,USA,United States,0.40575638123087815,0.0
30_3343,Montería,COL,Colombia,0.09818175771483455,0.0
30_12278,Modesto,USA,United States,0.7012263259397785,0.0
30_3315,Pasto,COL,Colombia,0.0,0.0
30_8534,Kharupetia,IND,India,0.0,0.0
30_1575,Xuanwei,CHN,China,0.0,0.0
30_3816,Bilbeis,EGY,Egypt,0.6584098455400692,0.2572586973006203
30_697,Plovdiv,BGR,Bulgaria,0.7970701116900195,0.0
30_10107,Mogho,NGA,Nigeria,0.0,0.0
30_3696,Desouk,EGY,Egypt,0.0,0.0
30_8629,Sanandaj,IRN,Iran,0.3581432839007451,0.0
30_4661,Stoke-On-Trent,GBR,United Kingdom,0.999999944657195,0.999999944657195
30_2227,Anlu,CHN,China,0.0,0.0
30_858,Bauru,BRA,Brazil,0.6191163056666134,0.0
30_2198,临淄区,CHN,China,0.47222849817942414,0.0
30_10755,Muridke,PAK,Pakistan,0.0,0.0
30_8313,Raiganj,IND,India,0.0,0.0
30_640,Moulvibazar,BGD,Bangladesh,0.0,0.0
30_3813,Al Bustan,EGY,Egypt,0.11441834551324238,0.0
30_3513,Augsburg,DEU,Germany,0.21665421150903794,0.0
30_3311,Bétou,COG,Republic of Congo,0.0,0.0
30_1418,Shuozhou,CHN,China,0.7698786148566941,0.0
30_8135,Bhagalpur,IND,India,0.9996792882784736,0.0
30_2761,Danyang,CHN,China,0.0,0.0
30_9072,Utsunomiya,JPN,Japan,0.5276239313066954,0.0
30_12771,Vinh,VNM,Vietnam,0.44045159568790426,0.0
30_12683,Catia La Mar,VEN,Venezuela,0.6592373677883976,0.0
30_864,Gravataí,BRA,Brazil,0.10018605778391318,0.0
30_3868,Qus,EGY,Egypt,0.0,0.0
30_854,Canoas,BRA,Brazil,0.4786377256863072,0.0
30_12375,Baton Rouge,USA,United States,0.16124744969113905,0.0
30_9280,Vilnius,LTU,Lithuania,0.0,0.0
30_9561,Sikasso,MLI,Mali,0.6459628739391594,0.0
30_4298,Shashamane,ETH,Ethiopia,0.0,0.0
30_2303,Wafangdian,CHN,China,0.3990040265465136,0.0
30_7177,Kadapa,IND,India,0.942564489976729,0.0
30_3007,Linhai,CHN,China,0.6449710449409966,0.0
30_10430,,NPL,Nepal,0.0,0.0
30_2256,Shouguang,CHN,China,0.7570938110557184,0.0
30_6006,Satara,IND,India,0.0,0.0
30_745,Boa Vista,BRA,Brazil,0.3817815938580344,0.0
30_7007,Karimnagar,IND,India,0.0,0.0
30_6295,Budaun,IND,India,0.0,0.0
30_2297,Yongcheng,CHN,China,0.0,0.0
30_13104,Bulawayo,ZWE,Zimbabwe,0.03369805095911909,0.0
30_4586,Grenoble,FRA,France,1.0,0.0
30_2712,Kaiping,CHN,China,0.09260876964279363,0.0
30_6053,Mathura,IND,India,0.7960233837199198,0.0
30_1298,Baoshan,CHN,China,0.16418084035316619,0.0
30_1467,Zhaotong,CHN,China,0.39943893359126076,0.0
30_12594,Jizzax,UZB,Uzbekistan,0.5573862553251595,0.0
30_9229,Tripoli,LBN,Lebanon,0.0,0.0
30_11448,Kas,SDN,Sudan,0.0,0.0
30_8660,Qazvin,IRN,Iran,0.4157309426035583,0.0
30_8544,Nagaon,IND,India,0.0,0.0
30_9045,Kinokawa [Wakayama],JPN,Japan,0.9999999788990056,0.0
30_7378,Kushinagar,IND,India,0.0,0.0
30_2131,Lixian,CHN,China,0.0,0.0
30_905,Franca,BRA,Brazil,0.3816658295390781,0.0
30_11726,Malmö,SWE,Sweden,0.2729157108858062,0.0
30_3002,Ningde,CHN,China,0.0,0.0
30_342,Parakou,BEN,Benin,0.6159653306557986,0.0
30_948,Francisco Morato,BRA,Brazil,1.0,0.0
30_5279,Palu,IDN,Indonesia,0.11353275512261371,0.0
30_2184,Xinyang,CHN,China,0.4420470739536378,0.0
30_2667,Sihui,CHN,China,0.4815981927517714,0.0
30_7546,Korba,IND,India,0.0,0.0
30_12500,Raleigh,USA,United States,0.41015836139668677,0.0
30_6649,Yavatmal,IND,India,0.669123112676947,0.0
30_3826,Al-Manzala,EGY,Egypt,0.0,0.0
30_2909,Jiashan,CHN,China,1.0,0.0
30_10213,Daura,NGA,Nigeria,0.0,0.0
30_10574,Jehangira Dobandi,PAK,Pakistan,0.0,0.0
30_4691,Middlesbrough,GBR,United Kingdom,0.9999999373777644,0.9999999373777644
30_11199,Tula,RUS,Russia,0.4365463006249225,0.0
30_9906,Iseyin,NGA,Nigeria,0.8669094270244849,0.0
30_2694,Enping,CHN,China,0.0,0.0
30_6086,Dewas,IND,India,0.0,0.0
30_2207,Liaoyuan,CHN,China,0.0,0.0
30_1391,Jianyang,CHN,China,0.02834248143818295,0.0
30_3310,Impfondo,COG,Republic of Congo,0.5225621217485025,0.0
30_3275,Uvira,COD,Democratic Republic of the Congo,0.0,0.0
30_11940,Kapaklı,TUR,Turkey,0.6570798008089166,0.5040535901863461
30_5129,Temanggung,IDN,Indonesia,0.06390792904513383,0.0
30_8153,Deoghar,IND,India,0.0,0.0
30_12481,Dayton,USA,United States,0.5517429693887891,0.0
30_4506,Jijiga,ETH,Ethiopia,0.46974724556212505,0.0
30_6218,Khandwa,IND,India,0.7885606829316256,0.0
30_3931,Granada,ESP,Spain,0.8319720377334933,0.0
30_5411,Junagadh,IND,India,0.0,0.0
30_12631,San Cristóbal,VEN,Venezuela,1.0,0.0
30_10591,Swabi,PAK,Pakistan,0.0,0.0
30_5331,Timika,IDN,Indonesia,0.8704717001483026,0.0
30_3147,Matadi,COD,Democratic Republic of the Congo,1.0,0.0
30_3619,Setif,DZA,Algeria,1.0,0.0
30_9568,Valletta,MLT,Malta,0.31653028414388523,0.0
30_2194,Laiwu,CHN,China,0.0,0.0
30_5101,Babakan,IDN,Indonesia,0.0,0.0
30_7462,Kanchipuram,IND,India,0.0,0.0
30_10132,Umuahia,NGA,Nigeria,0.0,0.0
30_2882,海丰县,CHN,China,0.0,0.0
30_10546,Charsadda,PAK,Pakistan,0.0,0.0
30_9916,Ijebu-Ode,NGA,Nigeria,0.6087513171225308,0.0
30_7524,Cuddalore,IND,India,0.7872413370370123,0.0
30_2786,Liyang,CHN,China,0.77953772906109,0.0
30_6612,Sitapur,IND,India,0.0,0.0
30_3097,Bamenda,CMR,Cameroon,0.13348366559250113,0.0
30_164,Santiago Del Estero,ARG,Argentina,0.09503721792623925,0.0
30_4591,Toulon,FRA,France,0.6884447136419269,0.0
30_2246,Qingzhou,CHN,China,0.0,0.0
30_9008,Ōita,JPN,Japan,0.307278289553215,0.0
30_2995,Xianyou,CHN,China,0.0,0.0
30_8667,Arak,IRN,Iran,0.44349383209040955,0.0
30_9836,Tawau,MYS,Malaysia,0.4658772186593789,0.0
30_4954,Banda Aceh,IDN,Indonesia,0.009522371815527756,0.0
30_10881,Naga,PHL,Philippines,0.0806461174778523,0.0
30_2528,Wuzhou,CHN,China,0.6293453289323386,0.0
30_1708,Wanzhou,CHN,China,0.22986746583663625,0.0
30_8575,Aizawl,IND,India,0.7886009462816079,0.0
30_1831,Yongnian,CHN,China,0.443156520118209,0.0
30_8085,Giridih,IND,India,0.0,0.0
30_11506,Kosti,SDN,Sudan,0.8809619983395268,0.0
30_6203,Morena,IND,India,0.0,0.0
30_13124,Chitungwiza,ZWE,Zimbabwe,0.3246131918649931,0.0
30_3895,Santa Cruz De Tenerife,ESP,Spain,0.9443458582384522,0.0
30_10542,Kohat,PAK,Pakistan,0.0,0.0
30_9900,Saki,NGA,Nigeria,0.4957029162979714,0.0
30_11968,Sakarya [Adapazarı],TUR,Turkey,0.0,0.0
30_11100,Wonsan,PRK,North Korea,0.8769198438357014,0.0
30_11716,Bratislava,SVK,Slovakia,0.5696807904876272,0.0
30_12697,Cumana,VEN,Venezuela,0.9191621655514771,0.0
30_11350,Novokuznetsk,RUS,Russia,0.5161757151965477,0.0
30_1123,London,CAN,Canada,0.12713827681445564,0.0
30_828,Anápolis,BRA,Brazil,0.24936910895810271,0.0
30_9382,La Paz,MEX,Mexico,0.8119394449870897,0.0
30_9982,Ikerre,NGA,Nigeria,0.0,0.0
30_909,Piracicaba,BRA,Brazil,0.7909653262826943,0.0
30_11597,Bo,SLE,Sierra Leone,1.0,0.0
30_5506,Mahesana,IND,India,0.0,0.0
30_6814,Tumakuru,IND,India,0.0,0.0
30_12127,Morogoro,TZA,Tanzania,0.3964140696299803,0.0
30_12183,Vinnytsia,UKR,Ukraine,0.3473007327233873,0.0
30_12240,Luhansk,UKR,Ukraine,0.41483404082143843,0.0
30_1323,Ya'An,CHN,China,0.7736102043050339,0.0
30_11181,Tver,RUS,Russia,0.5858692342488624,0.0
30_10311,Potiskum,NGA,Nigeria,0.6456968100753422,0.0
30_180,Santa Fe,ARG,Argentina,0.0,0.0
30_11553,Port Sudan,SDN,Sudan,0.19750193021954018,0.0
30_12801,Sa Dec City,VNM,Vietnam,0.15188231440642008,0.0
30_8637,Zanjan,IRN,Iran,0.4532739828737785,0.0
30_5932,Modinagar,IND,India,1.0,0.0
30_2235,Bayuquan,CHN,China,0.19546586736949778,0.0
30_3205,Kolwezi,COD,Democratic Republic of the Congo,0.5799548165843378,0.0
30_13080,Mansa,ZMB,Zambia,0.32479614023196246,0.0
30_1125,Kitchener,CAN,Canada,0.00039295501450538225,0.0
30_3014,Zhoushan,CHN,China,0.698525225887354,0.0
30_7006,Hosur,IND,India,0.0,0.0
30_7880,Samastipur,IND,India,0.0,0.0
30_2754,Taizhou,CHN,China,0.0,0.0
30_5852,Bhiwadi,IND,India,0.3124860460466184,0.0
30_5709,Silvassa,IND,India,0.0,0.0
30_11758,Qamishli,SYR,Syria,0.8648581809451644,0.0
30_10643,Mansehra,PAK,Pakistan,0.0,0.0
30_7445,Ghazipur,IND,India,0.0,0.0
30_12804,Hue,VNM,Vietnam,0.6989748730351322,0.0
30_82,Benguela,AGO,Angola,0.44823386960759576,0.0
30_4679,Southampton,GBR,United Kingdom,1.0,1.0
30_6815,Palakkad,IND,India,0.5930062211571568,0.0
30_11629,Burao,SOM,Somalia,0.0,0.0
30_2551,Shuyang,CHN,China,0.0,0.0
30_3853,Balyana,EGY,Egypt,0.0,0.0
30_11905,Port Of Spain,TTO,Trinidad and Tobago,0.037679883969304884,0.0
30_8351,Dhulian,IND,India,0.0,0.0
30_7459,Kumbakonam,IND,India,0.0,0.0
30_9291,Safi,MAR,Morocco,0.0,0.0
30_982,Montes Claros,BRA,Brazil,1.0,0.0
30_537,Faridpur,BGD,Bangladesh,0.7825165534661627,0.0
30_9626,Naypyidaw,MMR,Myanmar,0.3547641599445508,0.0
30_3041,Wenling,CHN,China,0.0,0.0
30_3236,Kongolo,COD,Democratic Republic of the Congo,0.0,0.0
30_1961,Kaili,CHN,China,0.0,0.0
30_9928,Ogbomosho,NGA,Nigeria,0.0,0.0
30_3840,Tima,EGY,Egypt,0.0,0.0
30_5573,Nadiad,IND,India,0.0,0.0
30_679,Satkania,BGD,Bangladesh,0.0,0.0
30_11202,Belgorod,RUS,Russia,0.758275298665662,0.0
30_1221,Changji/Sanji,CHN,China,0.0,0.0
30_9206,Pohang-Si,KOR,South Korea,0.47007905865617844,0.0
30_7160,Dindigul,IND,India,0.0,0.0
30_6464,Shivamogga,IND,India,0.0,0.0
30_208,Posadas,ARG,Argentina,0.4351569194631775,0.0
30_10091,Abuja,NGA,Nigeria,0.0,0.0
30_8805,Fallujah,IRQ,Iraq,0.27755519965994774,0.0
30_2204,Tianmen,CHN,China,0.5989607377322573,0.0
30_8238,Katihar,IND,India,0.0,0.0
30_11904,Dili,TLS,Timor-Leste,0.825294840639997,0.0
30_3708,Kafr Al-Sheikh,EGY,Egypt,0.0,0.0
30_256,Ganja,AZE,Azerbaijan,0.9897841070942013,0.0
30_8543,Tezpur,IND,India,0.14258050194847127,0.0
30_9446,Celaya,MEX,Mexico,0.0,0.0
30_6593,Lakhimpur,IND,India,1.0,0.0
30_3629,Batna,DZA,Algeria,0.0,0.0
30_11941,Manisa,TUR,Turkey,0.5646454580801297,0.0
30_2947,Yongkang,CHN,China,0.0,0.0
30_8013,Saharsa,IND,India,0.0,0.0
30_1039,Colina De Laranjeiras,BRA,Brazil,0.48921245193810864,0.0
30_1336,Hangyulu,CHN,China,0.4915372699988455,0.0
30_10867,Batangas City,PHL,Philippines,0.0,0.0
30_6050,Bharatpur,IND,India,0.9499509271346867,0.0
30_8037,Munger,IND,India,0.0,0.0
30_2646,Yanji,CHN,China,0.614795324908411,0.0
30_10054,Asaba,NGA,Nigeria,0.22846054708003294,0.0
30_7575,Eluru,IND,India,0.0,0.0
30_2703,Gaoyou,CHN,China,0.0,0.0
30_1074,Campina Grande,BRA,Brazil,0.8812575425490529,0.0
30_10961,Port Moresby,PNG,Papua New Guinea,1.0,0.0
30_11205,Ivanovo,RUS,Russia,0.47959236410359585,0.0
30_6932,Gonda,IND,India,1.0,0.0
30_9644,Taunggyi,MMR,Myanmar,0.4665332786149666,0.0
30_12233,Mariupol,UKR,Ukraine,0.46053250604224466,0.0
30_10018,Bida,NGA,Nigeria,0.6254749898183546,0.0
30_4630,Cardiff,GBR,United Kingdom,1.0,1.0
30_9068,Kai [Kofu],JPN,Japan,0.25505843364367864,0.0
30_3031,Fuqing,CHN,China,0.0,0.0
30_9667,Bago,MMR,Myanmar,0.8499875430531795,0.0
30_10050,Gusau,NGA,Nigeria,0.7949047768768707,0.0
30_7773,Hajipur,IND,India,0.2086276741288868,0.0
30_4666,Bournemouth,GBR,United Kingdom,0.8967642927826589,0.8967642928078075
30_8630,Ardabil,IRN,Iran,0.6202620015521741,0.0
30_6249,Jalna,IND,India,0.659481917813997,0.0
30_8842,As Samawah,IRQ,Iraq,0.2216275729390546,0.0
30_2222,Haicheng,CHN,China,0.0,0.0
30_12397,Des Moines,USA,United States,0.26940438421459306,0.0
30_185,Corrientes,ARG,Argentina,0.7708789723584721,0.0
30_4929,Gonaïves,HTI,Haiti,0.0,0.0
30_11259,Ulyanovsk,RUS,Russia,0.33064155621901686,0.0
30_3822,Qism Auwal Faqus,EGY,Egypt,0.0,0.0
30_8420,Cooch Behar,IND,India,0.6409079070634482,0.0
30_12785,Hong Ngu,VNM,Vietnam,0.0,0.0
30_8888,Bergamo,ITA,Italy,0.999999955564832,0.0
30_8759,Bandar Abbas,IRN,Iran,0.48527597252724775,0.0
30_9120,Kisumu,KEN,Kenya,0.8210540637957346,0.0
30_6256,Haldwani,IND,India,0.0,0.0
30_7413,Thanjavur,IND,India,0.6974511140529014,0.0
30_1220,Shihezi,CHN,China,0.7693193739489096,0.0
30_5191,Probolinggo,IDN,Indonesia,0.0,0.0
30_709,Hrodna,BLR,Belarus,1.0,0.0
30_12018,İskenderun,TUR,Turkey,0.0,0.0
30_7875,Bakhtiyarpur,IND,India,0.0,0.0
30_2369,Yongzhou,CHN,China,0.0,0.0
30_10342,Jimeta,NGA,Nigeria,0.7557143315279163,0.0
30_7141,Basti,IND,India,0.9997291960051085,0.0
30_4282,Hawassa,ETH,Ethiopia,0.0,0.0
30_12482,Charlotte,USA,United States,0.2838751165947865,0.0
30_11212,Lipetsk,RUS,Russia,0.7874276800558143,0.0
30_6945,Chandrapur,IND,India,0.7419934397211652,0.0
30_2397,Guiping,CHN,China,0.6898741025814263,0.0
30_2766,Xuancheng,CHN,China,0.0,0.0
30_6346,Bhind,IND,India,1.0,0.0
30_9030,Takamatsu,JPN,Japan,0.35043915609976306,0.0
30_12014,Sivas,TUR,Turkey,0.6497593990108746,0.0
30_12547,Brick,USA,United States,0.5695404208714309,0.08547191134449647
30_992,Volta Redonda,BRA,Brazil,0.10197411189428539,0.0
30_12325,Ogden,USA,United States,0.5284889907293729,0.0
30_9706,Chimoio,MOZ,Mozambique,0.6301313560206177,0.0
30_5656,Navsari,IND,India,0.0,0.0
30_11568,Kaolack,SEN,Senegal,0.7964973743872169,0.0
30_3280,Butembo,COD,Democratic Republic of the Congo,0.3622466602367362,0.0
30_12535,Rochester,USA,United States,0.49701871885545534,0.0
30_9817,Kota Bharu,MYS,Malaysia,0.3840679148229075,0.0
30_1797,Jiyuan,CHN,China,0.0,0.0
30_9130,Nakuru,KEN,Kenya,0.511928444797284,0.0
30_11068,Sariwŏn,PRK,North Korea,0.6830686811591801,0.0
30_2482,Liuyang,CHN,China,0.0,0.0
30_5499,Bathinda,IND,India,0.0,0.0
30_5697,Bhilwara,IND,India,0.697187115150094,0.0
30_2817,Yixing,CHN,China,0.0,0.0
30_2912,Longyan,CHN,China,0.6282132184604755,0.0
30_710,Brest,BLR,Belarus,1.0,0.0
30_6373,Vijayapura,IND,India,0.5750824340382608,0.0
30_687,রামু Ramu,BGD,Bangladesh,0.33055211354941516,1.0
30_5300,Kendari,IDN,Indonesia,0.20953188354285576,0.0
30_7035,Sultanpur,IND,India,0.9346386216550902,0.0
30_1896,Xingyang,CHN,China,0.2687779757342741,0.0
30_2870,Haimen,CHN,China,0.0,0.0
30_3019,Hui'An,CHN,China,0.06208356629187213,0.0
30_9801,Limbe,MWI,Malawi,0.011660168432445387,0.0
30_846,Caxias Do Sul,BRA,Brazil,0.8396034082132038,0.0
30_11129,Hebron,PSE,Palestina,0.92960369842482,0.0
30_3808,Nazlet Rimeih,EGY,Egypt,0.0,0.0
30_9842,Windhoek,NAM,Namibia,0.7595142185811143,0.0
30_2724,Xinghua,CHN,China,0.0,0.0
30_2435,Ezhou,CHN,China,0.8094393446003276,0.8094393444624208
30_7405,Mau,IND,India,0.0,0.0
30_3294,Bunia,COD,Democratic Republic of the Congo,0.8830202463786851,0.0
30_12802,Tây Ninh,VNM,Vietnam,0.25765046100222216,0.0
30_3162,Gemena,COD,Democratic Republic of the Congo,0.779043737037948,0.0
30_719,Vitebsk,BLR,Belarus,0.9999998592354704,0.0
30_5632,Bharuch,IND,India,0.8321514430461132,0.0
30_326,Liège,BEL,Belgium,0.23117630849361723,0.026767494648545904
30_409,Dinajpur,BGD,Bangladesh,0.5844637148774281,0.0
30_2999,Beilun,CHN,China,0.0,0.0
30_721,Mahilyow,BLR,Belarus,0.587865164698476,0.0
30_3024,Huangyan,CHN,China,0.0,0.0
30_6411,Neeleshwaram,IND,India,0.0,0.0
30_9078,Mishima,JPN,Japan,0.1644635423132634,0.0
30_8500,Canning,IND,India,0.1616697704144686,0.0
30_10725,Hafizabad,PAK,Pakistan,0.0,0.0
30_5183,Gresik,IDN,Indonesia,1.0,0.0
30_3383,Santa Marta,COL,Colombia,0.01593337874311742,0.0
30_2486,Jixi,CHN,China,0.0,0.0
30_2886,Fuyang,CHN,China,0.8452576519202414,0.0
30_3872,Aswan,EGY,Egypt,0.4532939332890435,0.0
30_3228,Malemba Nkulu,COD,Democratic Republic of the Congo,0.0,0.0
30_6737,Irinjalakuda,IND,India,0.32328373779045233,0.0
30_9816,Seremban,MYS,Malaysia,0.0,0.0
30_12487,Grand Rapids,USA,United States,0.42024986453672003,0.0
30_11182,Bryansk,RUS,Russia,0.5263019553849999,0.0
30_130,Saurimo,AGO,Angola,1.0,0.0
30_2962,Raoping,CHN,China,0.0,0.0
30_10215,Oron,NGA,Nigeria,0.0,0.0
30_5010,Bengkulu,IDN,Indonesia,0.2180851787960418,0.0
30_1459,Xingping,CHN,China,0.0,0.0
30_1322,Dujiangyan,CHN,China,0.8020279304820881,0.0
30_9401,Tepic,MEX,Mexico,0.6272270932871068,0.0
30_2905,Qidong,CHN,China,0.0,0.0
30_183,Resistencia,ARG,Argentina,0.8426217940355041,0.0
30_12277,Stockton,USA,United States,0.038142825352030736,0.0
30_5164,Blitar,IDN,Indonesia,0.0,0.0
30_3349,Ibagué,COL,Colombia,0.3830198268212104,0.0
30_1077,Potengi,BRA,Brazil,1.0,0.0
30_3455,Bonn,DEU,Germany,0.9999999777772762,0.9999999777772762
30_7673,Arrah,IND,India,0.8120622781577511,0.0
30_9396,Mazatlán,MEX,Mexico,0.64373908113185,0.0
30_741,Porto Velho,BRA,Brazil,0.8878388905961367,0.0
30_10627,Sadiqabad,PAK,Pakistan,0.0,0.0
30_1205,Yining/Qulja,CHN,China,0.852609100075321,0.0
30_10781,Piura,PER,Peru,0.5131584368465529,0.0
30_12039,Elazig,TUR,Turkey,0.0,0.0
30_3536,Djibouti,DJI,Djibouti,1.0,0.0
30_3792,Mallawi,EGY,Egypt,0.0,0.0
30_12317,Boise,USA,United States,0.4071367048604659,0.0
30_12812,My Tho,VNM,Vietnam,0.0,0.0
30_3965,Tallinn,EST,Estonia,0.0,0.0
30_8486,Hatisala,IND,India,0.6431604049845713,0.0
30_6868,Anantapur,IND,India,0.3270003350977644,0.0
30_1992,Changge,CHN,China,0.0,0.0
30_1442,Zigong,CHN,China,0.0,0.0
30_2404,Xinxing,CHN,China,0.0,0.0
30_7099,Nagercoil,IND,India,0.0,0.0
30_6743,Nizamabad,IND,India,0.7473335481030393,0.0
30_6855,Rae Bareli,IND,India,0.0,0.0
30_6133,Sambhal,IND,India,0.0,0.0
30_1676,Changping,CHN,China,0.9999999642408427,0.9999999642408428
30_12792,Long Xuyen,VNM,Vietnam,0.0,0.0
30_2063,Heze,CHN,China,0.3835161127304211,0.0
30_6449,Parbhani,IND,India,0.0,0.0
30_12199,Mykolaiv,UKR,Ukraine,0.1606547340236863,0.0
30_9089,Aktobe,KAZ,Kazakhstan,0.4078375770448657,0.0
30_3473,Bremen,DEU,Germany,0.19083621657827793,0.0
30_6138,Ichalkaranji,IND,India,0.0,0.0
30_11167,Kaliningrad,RUS,Russia,0.0,0.0
30_3344,Manizales,COL,Colombia,0.6846048770423284,0.0
30_13029,Daveyton,ZAF,South Africa,0.8514986672432009,0.0
30_1747,Daqing,CHN,China,0.0,0.0
30_11248,Stavropol,RUS,Russia,0.5683639599943718,0.0
30_2784,Taixing,CHN,China,0.0,0.0
30_6657,Unnao,IND,India,0.21036073876263955,0.0
30_12689,Guarenas,VEN,Venezuela,0.0,0.0
30_7485,Uchkagaon,IND,India,0.0,0.0
30_6527,Hardoi,IND,India,0.6786139796362779,0.0
30_2736,Jingdezhen,CHN,China,0.8456111685895931,0.0
30_8906,Florence,ITA,Italy,0.2928274761324014,0.0
30_2836,惠东县,CHN,China,0.0,0.0
30_922,Americana,BRA,Brazil,0.23773767103083443,0.0
30_1159,Basel,CHE,Switzerland,0.11508026336450367,0.0
30_835,São José Do Rio Preto,BRA,Brazil,0.4595842859527181,0.0
30_11362,Irkutsk,RUS,Russia,0.7071805500867449,0.0
30_9547,Skopje,MKD,Macedonia,0.4540645974890663,0.0
30_656,Feni,BGD,Bangladesh,0.3087990942578011,0.0
30_10078,Owerri,NGA,Nigeria,0.5553438519908039,0.0
30_2769,Dongtai,CHN,China,1.0,0.0
30_10706,Jhelum,PAK,Pakistan,0.6667969579574448,0.0
30_9949,Ilesa,NGA,Nigeria,0.0,0.0
30_11237,Penza,RUS,Russia,0.22944870419276217,0.0
30_10058,Lokoja,NGA,Nigeria,0.8947130239717725,0.0
30_7310,Azamgarh,IND,India,0.3328833172738166,0.0
30_3026,Changle,CHN,China,1.0,0.0
30_1021,Petrolina,BRA,Brazil,0.39298589180752613,0.0
30_3470,Wiesbaden,DEU,Germany,0.7895437766528014,0.0
30_11867,Hat Yai,THA,Thailand,0.9831798263432838,0.0
30_9742,Quelimane,MOZ,Mozambique,0.5147039776567943,0.0
30_12296,Indio,USA,United States,0.15452960015783276,0.0
30_8822,Hindiya,IRQ,Iraq,0.0,0.0
30_10561,Nowshera,PAK,Pakistan,0.0,0.0
30_11239,Cheboksary,RUS,Russia,0.12959361336104464,0.0
30_9940,Ife,NGA,Nigeria,0.0,0.0
30_9044,Niigata,JPN,Japan,0.34415075096066744,0.0
30_12866,Nha Trang,VNM,Vietnam,0.6109744682001864,0.0
30_594,Barisal,BGD,Bangladesh,0.5573757567936065,0.0
30_431,Naogaon,BGD,Bangladesh,0.0,0.0
30_10915,General Santos,PHL,Philippines,0.8806901996908101,0.0
30_11703,Torit,SSD,South Sudan,0.0,0.0
30_4599,Strasbourg,FRA,France,1.0,0.0
30_1585,Jinzhong,CHN,China,0.7874415432429851,0.0
30_148,San Juan,ARG,Argentina,0.7626471766487917,0.0
30_8907,Bologna,ITA,Italy,0.0,0.0
30_6120,Hathras,IND,India,0.0,0.0
30_3157,Mbandaka,COD,Democratic Republic of the Congo,1.0,0.0
30_1646,Yangquan,CHN,China,0.7488530315284544,0.0
30_10466,Al Ghubra,OMN,Oman,0.36065587563618345,0.0
30_12994,Bloemfontein,ZAF,South Africa,0.8592030948612498,0.0
30_5774,Karnal,IND,India,0.42260859787478416,0.0
30_1935,中塘镇,CHN,China,0.0,0.0
30_1934,Chaoyang,CHN,China,0.45696478620907477,0.0
30_5301,Kupang,IDN,Indonesia,0.5578653456438625,0.0
30_11318,Orenburg,RUS,Russia,0.7839959474099524,0.0
30_3949,Alacant / Alicante,ESP,Spain,0.0,0.0
30_230,Werribee,AUS,Australia,1.0,1.0
30_2695,Tongling,CHN,China,0.0,0.0
30_11521,Wad Madanī,SDN,Sudan,1.0,0.0
30_5161,Kediri,IDN,Indonesia,0.0,0.0
30_9037,Tokushima,JPN,Japan,0.4373577008468432,0.0
30_10677,Jhang,PAK,Pakistan,0.6680348024985011,0.0
30_3943,Murcia,ESP,Spain,0.7038267958221414,0.0
30_8573,Dimapur,IND,India,0.5428242969638538,0.0
30_11347,Barnaul,RUS,Russia,0.7129750057662866,0.0
30_12443,Jacksonville,USA,United States,0.640042218175061,0.0
23_57852,Sheyban,IRN,Iran,0.48691701014254674,0.0
30_10613,Dera Ghazi Khan,PAK,Pakistan,0.0,0.0
30_1635,Bijie,CHN,China,0.6987683682933715,0.0
30_9590,Myitkyina,MMR,Myanmar,0.5879363612484753,0.0
30_8946,Catania,ITA,Italy,0.016714384457962597,0.0
30_4723,Brighton,GBR,United Kingdom,1.0,1.0
30_1312,Pingliang,CHN,China,0.6687131949552543,0.0
30_10917,Toril,PHL,Philippines,0.684861934352225,0.0
30_1913,Songyuan,CHN,China,0.02482529484352724,0.0
30_11558,Mbour,SEN,Senegal,0.0,0.0
30_8482,Jaynagar Majilpur,IND,India,0.609294366243227,0.0
30_1365,Panzhihua,CHN,China,0.0,0.0
30_1957,Dezhou,CHN,China,0.6515307013887852,0.0
30_1545,Luzhou,CHN,China,0.6466029992311008,0.0
30_2853,Huzhou,CHN,China,0.0,0.0
30_4976,Pematang Siantar,IDN,Indonesia,0.0,0.0
30_8735,Yazd,IRN,Iran,1.0,0.0
30_2810,Heyuan,CHN,China,0.1557402723319981,0.0
30_11840,Phuket,THA,Thailand,0.8287902468498173,0.0
30_8539,Dhing,IND,India,0.0,0.0
30_12071,Zhanghua City,TWN,Taiwan,0.02651682784568966,0.0
30_9953,Ondo,NGA,Nigeria,0.8898700169518187,0.0
30_1561,Guang'An,CHN,China,0.0,0.0
30_10045,Minna,NGA,Nigeria,0.7064816185035706,0.0
30_9435,Irapuato,MEX,Mexico,0.0,0.0
30_8843,Kut,IRQ,Iraq,0.5819589941993766,0.0
30_1904,Zhaodong,CHN,China,0.0,0.0
30_9011,Kagoshima,JPN,Japan,0.39389992145048724,0.0
30_2685,Pukou,CHN,China,0.9999999944884141,0.6582767225716921
30_2199,Zoucheng,CHN,China,0.0,0.0
30_1409,Ziyang,CHN,China,0.7508554185307713,0.0
30_10631,Haripur,PAK,Pakistan,1.0,0.21669967907364415
30_9163,Osh,KGZ,Kyrgyzstan,0.7178872110957744,0.0
30_11559,Thiès,SEN,Senegal,0.7573695316959579,0.0
30_4089,Bahir Dar,ETH,Ethiopia,0.0,0.0
30_2549,Danzhou,CHN,China,0.6687512644599217,0.0
30_5903,Roorkee,IND,India,0.6137686506566745,0.0
30_12340,Colorado Springs,USA,United States,0.48448251621409566,0.0
30_5305,Gorontalo,IDN,Indonesia,0.7722890672201629,0.0
30_9939,Osogbo,NGA,Nigeria,0.1254315955153299,0.0
30_7400,Deoria,IND,India,0.0,0.0
30_769,Macapá,BRA,Brazil,0.7513843416521281,0.0
30_4488,Dire Dawa,ETH,Ethiopia,1.0,0.0
30_4538,Nantes,FRA,France,0.3000562984346173,0.0
30_2960,Lishui,CHN,China,0.7128996329258771,0.0
30_8800,Ramadi,IRQ,Iraq,0.5096994087801574,0.0
30_8337,Siuri,IND,India,0.0,0.0
30_1174,La Serena,CHL,Chile,0.8907253812325813,0.0
30_467,Barkhada,BGD,Bangladesh,0.0,0.0
30_12838,Vung Tau,VNM,Vietnam,0.33994553365427344,0.0
30_3647,Annaba,DZA,Algeria,0.9999999974217644,0.0
30_3158,Kikwit,COD,Democratic Republic of the Congo,0.3652786118994636,0.0
30_2455,Jiaozhou,CHN,China,1.0,0.6716772543856403
30_6919,Kurnool,IND,India,0.3664042517675428,0.0
30_9348,Chișinău,MDA,Moldova,0.23297251599206173,0.0
30_1468,Yibin,CHN,China,0.7494214401550446,0.0
30_12083,Chiayi,TWN,Taiwan,0.7863139235351471,0.0
30_6781,Fatehpur,IND,India,0.6504879707418212,0.0
30_3865,Ezbet Abu Habashi,EGY,Egypt,0.0,0.0
30_12321,Provo,USA,United States,0.5280107051238361,0.0
30_3673,Cuenca,ECU,Ecuador,0.5436536768713701,0.0
30_7353,Tirupati,IND,India,0.10639987028524853,0.0
30_1786,Langfang,CHN,China,0.9999999163347995,0.02163333876583515
30_8826,Al Hillah,IRQ,Iraq,0.3776780688390067,0.0
30_5310,Manado,IDN,Indonesia,0.08933454543515654,0.0
30_940,Jundiaí,BRA,Brazil,0.5657661742182652,0.0
30_3720,Shibin Al-Kom,EGY,Egypt,0.7221142282644022,0.0
30_5976,Hapur,IND,India,0.5143085055996817,0.0
30_2492,Rizhao,CHN,China,0.4917207203636282,0.0
30_2420,Gaomi,CHN,China,0.7004992327603511,0.0
30_3896,Las Palmas De Gran Canaria,ESP,Spain,0.7957610723035301,0.0
30_2887,Shanwei,CHN,China,0.5748161941209694,0.0
30_71,Jalalabad,AFG,Afghanistan,0.7716422803630131,0.0
30_2526,Cenxi,CHN,China,0.0,0.0
30_13040,Polokwane,ZAF,South Africa,0.565810520077149,0.0
30_11398,At Taif,SAU,Saudi Arabia,0.0,0.0
30_9014,Matsuyama,JPN,Japan,0.3011980933881155,0.0
30_6801,Bahraich,IND,India,0.7122556003118738,0.0
30_7664,Chhapra,IND,India,0.8439958800147456,0.0
30_4613,Belfast,GBR,United Kingdom,0.9999998404085632,0.9999998404085636
30_4696,Portsmouth,GBR,United Kingdom,0.9999999502495905,0.9999999502495905
30_7748,Sitamarhi,IND,India,0.0,0.0
30_8816,At Tarimiyah,IRQ,Iraq,0.0,0.0
30_6451,Latur,IND,India,0.0,0.0
30_8866,Haifa,ISR,Israel,0.6495954949298232,0.0
30_10819,Cusco,PER,Peru,0.590181907832401,0.0
30_6354,Etawah,IND,India,0.0,0.0
30_12052,Batman,TUR,Turkey,0.0,0.0
30_2668,Yangjiang,CHN,China,0.6959437055850619,0.0
30_3130,Maroua,CMR,Cameroon,0.0,0.0
30_12203,Kryvyi Rih,UKR,Ukraine,0.6725499360680592,0.0
30_9330,Tétouan,MAR,Morocco,0.0,0.0
30_6921,Satna,IND,India,0.7528826141108995,0.0
30_3427,Santiago De Cuba,CUB,Cuba,0.654359608206943,0.0
30_1758,Chengde,CHN,China,0.990955335101826,0.0
30_6063,Ahmadnagar,IND,India,0.0,0.0
30_11456,Buram,SDN,Sudan,0.0,0.0
30_9818,Melaka City,MYS,Malaysia,0.5300249142055928,0.0
30_3963,Palma De Mallorca,ESP,Spain,0.7120069930842939,0.0
30_10887,Zamboanga City,PHL,Philippines,0.6074357689212506,0.0
30_1862,Tongliao,CHN,China,0.6473294654929719,0.0
30_9186,Cheonan-Si,KOR,South Korea,0.17286863650133644,0.0
30_2916,Zhuji,CHN,China,0.0,0.0
30_7234,Jaunpur,IND,India,0.6702607261571394,0.0
30_7553,Ballia,IND,India,0.4539685864032917,0.0
30_9872,Maradi,NER,Niger,0.14609021349294188,0.0
30_8757,Kerman,IRN,Iran,0.2130974449414048,0.0
30_2627,淮安区,CHN,China,0.09510060402650157,0.0
30_85,Lobito,AGO,Angola,0.434110383725398,0.0
30_9535,Villahermosa,MEX,Mexico,0.5035519749715559,0.0
30_10514,Bannu,PAK,Pakistan,0.0,0.0
30_2654,Anqing,CHN,China,0.4676667570916257,0.0
30_9066,Toyohashi,JPN,Japan,0.0,0.0
30_8645,Hamedan,IRN,Iran,0.5965043498494881,0.0
30_2566,Gaozhou,CHN,China,0.0,0.0
30_2044,Huludao,CHN,China,0.0,0.0
30_5234,Selong,IDN,Indonesia,0.0,0.0
30_951,Praia Grande,BRA,Brazil,0.10048741864587882,0.0
30_5612,Hisar,IND,India,0.5978537102553485,0.0
30_12701,Maturin,VEN,Venezuela,0.3166689568502952,0.0
30_7799,Kakinada,IND,India,0.6723029766926507,0.0
30_2105,Siping,CHN,China,0.5370820805179302,0.0
30_1202,Kashgar,CHN,China,0.9168676709422383,0.0
30_790,Maringá,BRA,Brazil,0.6344634064203682,0.0
30_472,Pabna,BGD,Bangladesh,0.0,0.0
30_11345,Kemerovo,RUS,Russia,0.21752639608142674,0.0
30_11463,Ad Da'Ein,SDN,Sudan,0.0,0.0
30_2881,Meizhou,CHN,China,1.0,0.0
30_13027,Tsakane,ZAF,South Africa,0.7211259681835782,0.0
30_5685,Vapi,IND,India,0.11468912707703613,0.0
30_9497,Oaxaca,MEX,Mexico,0.6844744850482383,0.0
30_2293,Shaoyang,CHN,China,0.517902909761556,0.0
30_5765,Rohtak,IND,India,0.0,0.0
30_11926,Sousse,TUN,Tunisia,0.0,0.0
30_13077,Ndola,ZMB,Zambia,0.7975355212015964,0.0
30_4698,Leicester,GBR,United Kingdom,1.0,1.0
30_11271,Tolyatti,RUS,Russia,0.0,0.0
30_4678,Coventry,GBR,United Kingdom,1.0,1.0
30_9800,Blantyre,MWI,Malawi,0.6343842367096967,0.0
30_1926,北塘,CHN,China,0.0,0.0
30_12391,Memphis,USA,United States,0.4742574567668213,0.0
30_12537,Allentown,USA,United States,0.177007474786744,0.0
30_6207,Rampur,IND,India,0.5697756543121595,0.0
30_2014,Liaocheng,CHN,China,0.0,0.0
30_1153,Geneva,CHE,Switzerland,0.5874624915167808,0.0
30_11370,Khabarovsk,RUS,Russia,0.22047033460078805,0.0
30_1479,Bazhong,CHN,China,0.655570052313378,0.0
30_2106,Hegang,CHN,China,0.33082267444231384,0.0
30_6012,Bulandshahr,IND,India,0.14005143800772707,0.0
30_1702,Chifeng,CHN,China,0.622784135236244,0.0
30_10036,Yenagoa,NGA,Nigeria,0.0,0.0
30_8273,Siliguri,IND,India,0.23655596999488654,0.0
30_11446,Kebkabiya,SDN,Sudan,0.0,0.0
30_151,Salta,ARG,Argentina,0.6450039683655332,0.0
30_9530,Matamoros,MEX,Mexico,0.47341764468590036,0.0
30_11383,Tabuk,SAU,Saudi Arabia,0.1153395272281542,0.0
30_5103,Cilacap,IDN,Indonesia,0.23864434172642585,0.0
30_4633,Edinburgh,GBR,United Kingdom,0.9999999889585404,0.9999999889585403
30_9283,Riga,LVA,Latvia,0.23141923858548727,0.0
30_3758,Mit Ghamr,EGY,Egypt,0.0,0.0
30_5070,Purwakarta,IDN,Indonesia,0.9892440747669075,0.0
30_8565,Silchar,IND,India,0.45881155911343796,0.0
30_6517,Davanagere,IND,India,0.743702251618902,0.0
30_9032,Kanazawa,JPN,Japan,0.30493078631883647,0.0
30_12371,Tulsa,USA,United States,0.2983134412657413,0.0
30_10403,Utrecht,NLD,Netherlands,0.9999999955340811,0.9999999955340811
30_6421,Farrukhabad,IND,India,0.43586614138725394,0.0
30_1300,Dongsheng,CHN,China,0.36973139945532135,0.0
30_11963,Denizli,TUR,Turkey,0.0,0.0
30_2672,Shaoguan,CHN,China,0.4274234068987795,0.0
30_2580,Sanya,CHN,China,0.715959251522263,0.0
30_11283,Naberezhnye Chelny,RUS,Russia,0.3096034841117444,0.0
30_8537,Shillong,IND,India,0.5791858664413835,0.0
30_1716,Shunyi,CHN,China,0.9999999651516328,0.9523627505951261
30_8881,Genoa,ITA,Italy,0.20527414034194483,0.0
30_12587,Qarshi,UZB,Uzbekistan,0.6876576004357099,0.0
30_114,Huambo,AGO,Angola,0.8248500385206735,0.0
30_1000,Juiz De Fora,BRA,Brazil,0.4292431892041823,0.0
30_10465,Seeb,OMN,Oman,0.38351850645027913,0.0
30_2555,Weihai,CHN,China,0.4552845621211927,0.0
30_2807,Jingjiang,CHN,China,0.0,0.0
30_12703,Ciudad Guayana,VEN,Venezuela,0.628138153329934,0.0
30_1897,Fengrun,CHN,China,0.0,0.0
30_12958,Al Mansurah,YEM,Yemen,0.25459840925617194,0.0
30_3849,Suez,EGY,Egypt,0.0,0.0
30_8773,Zahedan,IRN,Iran,0.9229030782490479,0.0
30_12108,Mbeya,TZA,Tanzania,0.4057208460638612,0.0
30_4781,Tamale,GHA,Ghana,0.6950995809094265,0.0
30_1757,Anshun,CHN,China,0.7941621679247467,0.0
30_11298,Astrakhan,RUS,Russia,0.0,0.0
30_10882,Iloilo City,PHL,Philippines,0.47041961620515665,0.0
30_1399,Lucheng,CHN,China,0.635006454768098,0.0
30_3242,Manono,COD,Democratic Republic of the Congo,0.12763471033587073,0.0
30_592,Homna,BGD,Bangladesh,0.35373687073878873,0.0
30_2419,Zucheng,CHN,China,0.0,0.0
30_9409,Durango,MEX,Mexico,0.7057489842206341,0.0
30_10719,Ghaseet Pura69 Rb,PAK,Pakistan,0.0,0.0
30_11457,Al-Fashir,SDN,Sudan,0.6847105542206211,0.0
30_1863,Enshi,CHN,China,0.4920790900200367,0.0
30_11372,Vladivostok,RUS,Russia,0.33955219342602455,0.0
30_900,Joinville,BRA,Brazil,0.377084983107397,0.0
30_502,Jessore,BGD,Bangladesh,0.4348624485155197,0.0
30_10978,Poznan,POL,Poland,1.0,0.0
30_1452,Lüliang,CHN,China,0.8684016874950845,0.0
30_10835,Baguio,PHL,Philippines,1.0,0.0
30_1354,Mianyang,CHN,China,0.0,0.0
30_646,Daganbhuiyan,BGD,Bangladesh,0.16194402431892632,0.0
30_5953,Malegaon,IND,India,0.8753824878052591,0.0
30_12249,Honolulu,USA,United States,0.8654793736573414,0.0
30_9509,Xalapa,MEX,Mexico,0.95626510585635,0.0
30_1476,渭城区,CHN,China,0.9620017092490232,0.0
30_853,Gama,BRA,Brazil,0.6169670704934731,0.0
30_852,Novo Hamburgo,BRA,Brazil,0.16200292141407305,0.0
30_3691,Damanhur,EGY,Egypt,0.0,0.0
30_9261,Kandy,LKA,Sri Lanka,0.15260505856625095,0.0
30_3522,Leipzig,DEU,Germany,0.9999999992201334,0.0
30_1491,Zhangjiakou,CHN,China,0.0,0.0
30_2226,Bozhou,CHN,China,0.6180113342572975,0.0
30_269,Sumgayit,AZE,Azerbaijan,0.8299361483771781,0.0
30_12019,Antakya,TUR,Turkey,0.2797453903580615,0.0
30_9795,Port Louis,MUS,Mauritius,0.9999999361140273,0.0
30_11198,Yaroslavl,RUS,Russia,0.22301634307836396,0.0
30_2508,Huangdao,CHN,China,0.9999999969967509,0.9798980490730043
30_9980,Ado Ekiti,NGA,Nigeria,0.6706086949737237,0.0
30_10442,Pokhariya,NPL,Nepal,0.01572839535181739,0.0
30_12031,Malatya,TUR,Turkey,0.46434699770194005,0.0
30_1955,Dengzhou,CHN,China,0.0,0.0
30_3476,Mannheim,DEU,Germany,0.5649622925099737,0.0
30_7703,Rajamahendravaram,IND,India,0.0,0.0
30_4840,Bata,GNQ,Equatorial Guinea,0.9612541260634524,0.0
30_12005,Adana,TUR,Turkey,0.19629340732542647,0.0
30_1048,Feira De Santana,BRA,Brazil,0.8587384851273877,0.0
30_2434,Yulin,CHN,China,0.37946130820805946,0.0
30_8646,Rasht,IRN,Iran,0.9999999979965052,0.0
30_2610,Jiujiang,CHN,China,0.24233140720314683,0.0
30_7892,Bihar Sharif,IND,India,0.0,0.0
30_3634,Constantine,DZA,Algeria,0.46562172742873803,0.0
30_4373,Adama,ETH,Ethiopia,0.0,0.0
30_10133,Katsina,NGA,Nigeria,0.1905694091592661,0.0
30_2491,Baishan,CHN,China,0.0,0.0
30_2684,Luhe,CHN,China,0.9999999924690122,0.766491737554851
30_12023,Kahramanmaraş,TUR,Turkey,0.6455648967111351,0.0
30_3392,Valledupar,COL,Colombia,1.0,0.0
30_11332,Tyumen,RUS,Russia,0.20969323924790717,0.0
30_12552,Bridgeport,USA,United States,0.4586835406030453,0.0
30_9806,Bukit Mertajam,MYS,Malaysia,0.49896838264863924,0.0
30_6685,Manjeri,IND,India,0.0,0.0
30_10769,Kasur,PAK,Pakistan,0.8847765422016112,0.0
30_9531,Tuxtla Gutiérrez,MEX,Mexico,0.5454804008556536,0.0
30_722,Homel,BLR,Belarus,0.0,0.0
30_2578,Chenzhou,CHN,China,0.8998526078891804,0.0
30_1750,Changzhi,CHN,China,0.6561406134340811,0.0
30_8157,Brahmapur,IND,India,0.2897755321196257,0.0
30_11724,Gothenburg,SWE,Sweden,0.0,0.0
30_6535,Sagar,IND,India,0.7606427494161911,0.0
30_1368,Meishan,CHN,China,0.0,0.0
30_1605,Jiangjin,CHN,China,0.09232931270125666,0.0
30_2165,Changde,CHN,China,0.4749575896420805,0.0
30_407,Chapainawabganj,BGD,Bangladesh,0.0,0.0
30_8329,Jalpaiguri,IND,India,0.36304945635983676,0.0
30_2430,Pizhou,CHN,China,0.0,0.0
30_6680,Ballari,IND,India,0.37241559603647023,0.0
30_10624,Wah Cantonment,PAK,Pakistan,1.0,1.0
30_1308,Tianshui,CHN,China,0.5403351171792145,0.0
30_2120,Panjin,CHN,China,0.0,0.0
30_3785,Beni Suef,EGY,Egypt,0.0,0.0
30_10980,Wroclaw,POL,Poland,0.0,0.0
30_12047,Diyarbakir,TUR,Turkey,0.9999998989974943,0.0
30_7255,Mirzapur,IND,India,0.0,0.0
30_6024,Ujjain,IND,India,0.3364441504917007,0.0
30_11338,Tomsk,RUS,Russia,0.24424793308430368,0.0
30_11415,Khamis Mushait,SAU,Saudi Arabia,0.822422657275265,0.0
30_10448,Itahari,NPL,Nepal,0.0,0.0
30_11486,Al-Ubayyid,SDN,Sudan,0.5737628901066468,0.0
30_2977,Longhai,CHN,China,0.38885290105774456,0.0
30_10996,Lodz,POL,Poland,0.0,0.0
30_1180,Concepción,CHL,Chile,0.7568199743196121,0.0
30_3334,Pereira,COL,Colombia,0.5973880753905892,0.0
30_11125,Ciudad Del Este,PRY,Paraguay,0.7344006120382125,0.0
30_11738,Latakia,SYR,Syria,0.0,0.0
30_2832,Shangrao,CHN,China,0.0,0.0
30_2829,惠阳区,CHN,China,0.9158500736745607,0.0
30_2503,Liling,CHN,China,0.0,0.0
30_9311,Kenitra,MAR,Morocco,0.9999676853483112,0.0
30_9828,Kuching,MYS,Malaysia,0.24473040574042534,0.0
30_3530,Dresden,DEU,Germany,0.4627276342211998,0.0
30_5868,Alwar,IND,India,0.0,0.0
30_9977,Akure,NGA,Nigeria,0.295786914872572,0.0
30_1586,Beibei,CHN,China,0.46835258792264123,0.0
30_2363,兴安街道,CHN,China,0.0,0.0
30_2330,市中区,CHN,China,0.0,0.0
30_9346,Oujda,MAR,Morocco,0.19331407077820664,0.0
30_11281,Izhevsk,RUS,Russia,0.4845981936207327,0.0
30_3603,Djelfa,DZA,Algeria,0.9749073290624761,0.0
30_5977,Dhule,IND,India,0.0,0.0
30_2387,Beihai,CHN,China,0.5835967143499878,0.0
30_6381,Jhansi,IND,India,0.8009703753992301,0.0
30_12559,Providence,USA,United States,0.6665869816288968,0.0
30_2534,Pingxiang,CHN,China,0.0,0.0
30_12530,Buffalo,USA,United States,0.27745268961845554,0.0
30_5691,Ambala,IND,India,0.40966120142706697,0.0
30_10281,Bauchi,NGA,Nigeria,0.2914932661705714,0.0
30_8852,Amarah,IRQ,Iraq,0.8560612527889294,0.0
30_11833,Chiang Mai,THA,Thailand,0.2483363515435104,0.0
30_9544,Cancún,MEX,Mexico,0.043448545204574945,0.0
30_9523,Nuevo Laredo,MEX,Mexico,0.4601277777503343,0.0
30_2863,Xingning,CHN,China,0.0,0.0
30_1454,Suining,CHN,China,0.6527613949986518,0.0
30_12619,Fergana,UZB,Uzbekistan,0.15186880669877473,0.0
30_12931,Ibb,YEM,Yemen,0.0,0.0
30_3841,Al Ismailiya,EGY,Egypt,0.7978540722497283,0.0
30_4839,Malabo,GNQ,Equatorial Guinea,0.8793266619053893,0.0
30_5094,Kuningan,IDN,Indonesia,0.0,0.0
30_11930,Sfax,TUN,Tunisia,0.2868806286128862,0.0
30_3753,Al-Minya,EGY,Egypt,0.7971632488452545,0.0
30_3793,Dairut,EGY,Egypt,0.004551696752101775,0.0
30_5621,Ajmer,IND,India,0.6242023160140435,0.0
30_7463,Kuchai Kot,IND,India,0.0,0.0
30_1149,Quebec,CAN,Canada,0.8212965334661056,0.0
30_9512,Tampico,MEX,Mexico,0.7859398249119897,0.0
30_9246,Benghazi,LBY,Libya,0.007834020544717815,0.0
30_2971,Zhangzhou,CHN,China,0.43417785828358485,0.0
30_9196,Jeonju,KOR,South Korea,0.48584263392853877,0.0
30_9043,Moriyama [Otsu],JPN,Japan,1.0,0.6677900503118461
30_2220,Liaoyang,CHN,China,0.0,0.0
30_6429,Shahjahanpur,IND,India,0.8556135631147451,0.0
30_4836,Bissau,GNB,Guinea-Bissau,0.6560276929652226,0.0
30_9525,Reynosa,MEX,Mexico,0.37957259294047013,0.0
30_4542,Bordeaux,FRA,France,0.8840221852023787,0.0
30_12065,Van,TUR,Turkey,0.0,0.0
30_10786,Chiclayo,PER,Peru,0.7308259681771772,0.0
30_1923,Cangzhou,CHN,China,0.3944023351319068,0.0
30_2125,Jingzhou,CHN,China,0.0,0.0
30_10515,Larkana,PAK,Pakistan,0.496226795856056,0.0
30_12169,Lviv,UKR,Ukraine,0.3659382562793651,0.0
30_2114,Binzhou,CHN,China,1.0,0.0
30_216,Mar Del Plata,ARG,Argentina,0.5872664182374278,0.0
30_10224,Calabar,NGA,Nigeria,0.49674324626150296,0.0
30_9430,Morelia,MEX,Mexico,0.45974019484666506,0.0
30_802,Londrina,BRA,Brazil,0.3080728496091689,0.0
30_11435,Al Khobar,SAU,Saudi Arabia,0.6973105577270305,0.0
30_11999,Samsun,TUR,Turkey,1.0,0.0
30_5157,Tulungagung,IDN,Indonesia,0.0,0.0
30_4692,Nottingham,GBR,United Kingdom,0.9999999413760318,0.9999999413760319
30_12386,Omaha,USA,United States,0.6672555818567828,0.0
30_3075,Bouaké,CIV,Côte d'Ivoire,0.770965402886389,0.0
30_7446,Nellore,IND,India,0.45123430273395926,0.0
30_10635,Rahimyar Khan,PAK,Pakistan,0.0,0.0
30_10832,Dagupan,PHL,Philippines,0.2327803364648451,0.0
30_1995,Fuxin,CHN,China,0.0,0.0
30_12273,Bakersfield,USA,United States,0.09899803904624088,0.0
30_2809,Jiangyin,CHN,China,0.0,0.0
30_3591,Blida,DZA,Algeria,0.5091408156278877,0.0
30_9000,Kumamoto,JPN,Japan,0.4355662235059511,0.0
30_3453,Wuppertal,DEU,Germany,0.9999999322661695,0.6821205738251741
30_10728,Sahiwal,PAK,Pakistan,0.9110925591070422,0.0
30_866,Uberlândia,BRA,Brazil,0.6438892641013335,0.0
30_10888,Bacolod,PHL,Philippines,0.6219695242482982,0.0
30_5582,Anand,IND,India,0.7302723652069025,0.0
30_12123,Arusha,TZA,Tanzania,0.24341267742704775,0.0
30_895,Ribeirao Preto,BRA,Brazil,0.8158453554290737,0.0
30_1868,Hengshui,CHN,China,0.0,0.0
30_5171,Jombang,IDN,Indonesia,0.0,0.0
30_919,Florianópolis,BRA,Brazil,0.6193094216721917,0.0
30_3489,Hanover,DEU,Germany,0.38804419812735996,0.0
30_3511,Nuremberg,DEU,Germany,0.1394948336045967,0.0
30_2579,Maoming,CHN,China,0.0,0.0
30_3945,Zaragoza,ESP,Spain,0.4699388049576037,0.0
30_10984,Gdansk,POL,Poland,0.0,0.0
30_12213,Zaporizhzhia,UKR,Ukraine,0.3511789440539034,0.0
30_1566,Yongchuan,CHN,China,0.0,0.0
30_13073,Kitwe,ZMB,Zambia,0.0,0.0
30_5384,Jamnagar,IND,India,0.6843005249015556,0.0
30_9395,Culiacán,MEX,Mexico,0.29261668846372985,0.0
30_1650,Yuncheng,CHN,China,0.39858082029363245,0.0
30_12624,Andijan,UZB,Uzbekistan,0.7198048445937577,0.0
30_2662,Zhaoqing,CHN,China,0.6059293615526893,0.0
30_5781,Yamunanagar,IND,India,0.0,0.0
30_3204,Kamina,COD,Democratic Republic of the Congo,0.0,0.0
30_2675,Qingyuan,CHN,China,0.5712051377368125,0.0
30_9883,Zinder,NER,Niger,0.2975561752725345,0.0
30_4646,Bristol,GBR,United Kingdom,0.9999999316214355,0.9999999316214356
30_6410,Akola,IND,India,0.6882392399965469,0.0
30_5177,Mojokerto,IDN,Indonesia,0.922076561074014,0.0
30_9915,Oyo,NGA,Nigeria,0.0,0.0
30_12305,Tucson,USA,United States,0.31238585687563675,0.0
30_2318,Louxing,CHN,China,0.0,0.0
30_5627,Patiala,IND,India,0.5060541182590536,0.0
30_12406,Bradenton,USA,United States,0.13173158322099823,0.0
30_6471,Kannur,IND,India,0.14464804788970897,0.0
30_9516,Veracruz,MEX,Mexico,0.6877855224078587,0.0
30_343,Porto-Novo,BEN,Benin,0.24435843242684283,0.0
30_9207,Changwon,KOR,South Korea,0.4288389131836094,0.0
30_4609,Libreville,GAB,Gabon,0.3066710306020316,0.0
30_5924,Haridwar,IND,India,0.0,0.0
30_3116,Garoua,CMR,Cameroon,0.45044014556596734,0.0
30_8602,Urmia,IRN,Iran,0.5066073513789247,0.0
30_5240,Balikpapan,IDN,Indonesia,0.8733823222005815,0.0
30_11075,Chŏngjin,PRK,North Korea,0.23677317059528147,0.0
30_2890,Shengze,CHN,China,0.0,0.0
30_9190,Cheongju-Si,KOR,South Korea,1.0,0.0
30_3395,Cúcuta,COL,Colombia,0.48835133464182345,0.0
30_4597,Nice,FRA,France,0.0,0.0
30_2119,Zhoukou,CHN,China,0.0,0.0
30_4553,Toulouse,FRA,France,0.8905540022002132,0.0
30_11696,Nimule,SSD,South Sudan,0.0,0.0
30_4916,Zagreb,HRV,Croatia,0.0,0.0
30_12693,Barcelona,VEN,Venezuela,0.33325378808500933,0.0
30_10152,Zaria,NGA,Nigeria,0.17681797190503976,0.0
30_5132,Magelang,IDN,Indonesia,0.9064164688007346,0.0
30_1079,Natal,BRA,Brazil,0.9999999382560794,0.0
30_1579,Qujing,CHN,China,0.2995536092016285,0.0
30_2292,Yiyang,CHN,China,0.0,0.0
30_2138,Tai'An,CHN,China,0.6565211186530784,0.0
30_2146,Shangqiu,CHN,China,0.49308348137946506,0.0
30_3817,Damietta,EGY,Egypt,0.22056168544689955,0.0
30_1596,Dazhou,CHN,China,1.0,0.0
30_10745,Okara,PAK,Pakistan,0.0,0.0
30_2496,Bengbu,CHN,China,0.47772182607601027,0.0
30_8933,Palermo,ITA,Italy,0.6337069973445243,0.0
30_3222,Likasi,COD,Democratic Republic of the Congo,0.0,0.0
30_924,Sorocaba,BRA,Brazil,0.4849207437962729,0.0
30_12509,Pittsburgh,USA,United States,0.30102981279994756,0.0
30_129,Luena,AGO,Angola,0.7593401283344563,0.0
30_12265,Concord,USA,United States,0.9999999818739407,0.5313934781569349
30_2021,Qinhuangdao,CHN,China,0.04097752781987215,0.0
30_2723,Yangzhou,CHN,China,0.0,0.0
30_6154,Sangli,IND,India,0.4296474532188315,0.0
30_142,Abu Dhabi,ARE,United Arab Emirates,0.9999999495959362,0.5824939286333065
30_9775,Nampula,MOZ,Mozambique,0.8937927434836841,0.0
30_124,Kuito,AGO,Angola,1.0,0.0
30_12364,Oklahoma City,USA,United States,0.4717659815912522,0.0
30_6564,Kalaburagi,IND,India,0.8054962818708075,0.0
30_10547,Sukkur,PAK,Pakistan,0.8711940649803385,0.0
30_12040,Şanlıurfa,TUR,Turkey,0.7750812380802266,0.0
30_2510,Lu'An,CHN,China,1.0,0.0
30_1983,Pingdingshan,CHN,China,0.0,0.0
30_11961,İzmit,TUR,Turkey,1.0,0.9952594520374437
30_10645,Abbottabad,PAK,Pakistan,0.40422879657350863,0.0
30_10688,Bahawalpur,PAK,Pakistan,0.314231252595815,0.0
30_11997,Mersin,TUR,Turkey,0.2721802744960347,0.0
30_146,Al Ain,ARE,United Arab Emirates,0.47123255481385057,0.0
30_10186,Uyo,NGA,Nigeria,0.49806616185290264,0.0
30_11003,Krakow,POL,Poland,0.2507094067513383,0.0
30_26,Mazar I Sharif,AFG,Afghanistan,0.0,0.0
30_5053,Cilegon,IDN,Indonesia,0.2092712789490179,0.0
30_5786,Panipat,IND,India,0.0,0.0
30_11229,Krasnodar,RUS,Russia,0.4926078526965226,0.0
30_6559,Nanded-Waghala,IND,India,0.04810873363248964,0.0
30_5535,Bhavnagar,IND,India,0.6707820696358822,0.0
30_2179,Jiamusi,CHN,China,0.3197930665731846,0.0
30_2746,Fuzhou,CHN,China,0.0,0.0
30_4682,Sheffield,GBR,United Kingdom,1.0,1.0
30_9482,Saltillo,MEX,Mexico,0.1118757769818617,0.0
30_538,Mymensingh,BGD,Bangladesh,0.4164142723738341,0.0
30_1515,Yuxi,CHN,China,0.7936748288383826,0.0
30_6114,Jalgaon,IND,India,0.36996001751959384,0.0
30_1377,Leshan,CHN,China,0.4014306761356543,0.0
30_35,Kandahar,AFG,Afghanistan,0.026888000858946205,0.0
30_13014,Evaton,ZAF,South Africa,0.44860637068320064,0.0
30_500,Jamalpur,BGD,Bangladesh,0.2555342373506004,0.0
30_9436,Acapulco,MEX,Mexico,0.00242506646021021,0.0
30_11307,Makhachkala,RUS,Russia,0.7259448981697766,0.0
30_3545,Santiago De Los Caballeros,DOM,Dominican Republic,0.5678035917034937,0.0
30_3025,龙港市,CHN,China,0.0,0.0
30_12288,Fresno,USA,United States,0.38893835526649523,0.0
30_211,La Plata,ARG,Argentina,0.38495588412175225,0.0
23_58124,Kavar,IRN,Iran,0.0,0.0
30_2449,Mudanjiang,CHN,China,0.6662732027461806,0.0
30_1631,Ankang,CHN,China,0.0,0.0
30_11077,Hamhung,PRK,North Korea,0.5061201115183849,0.0
30_5589,Udaipur,IND,India,0.5397027204697107,0.0
30_11255,Volgograd,RUS,Russia,0.5041453490746083,0.0
30_1139,Ottawa,CAN,Canada,0.48183867413453424,0.0
30_9896,Abeokuta,NGA,Nigeria,0.3615285577470839,0.0
30_9327,Meknes,MAR,Morocco,0.0,0.0
30_1120,Winnipeg,CAN,Canada,0.40236266197310144,0.0
30_8387,Kharagpur,IND,India,0.9234973927047323,0.0
30_1850,Jiaozuo,CHN,China,0.0,0.0
30_2851,Changshu,CHN,China,0.999999887141518,0.0
30_12878,Hodeidah,YEM,Yemen,0.518940182600389,0.0
30_1810,Xingtai,CHN,China,0.7128748926712802,0.0
30_6542,Amravati,IND,India,0.4308230266001337,0.0
30_3935,Bilbao,ESP,Spain,0.4783836199257788,0.0
30_11455,Nyala,SDN,Sudan,1.0,0.0
30_9804,George Town,MYS,Malaysia,0.7052408706374772,0.0
30_10100,Oboama Nguru,NGA,Nigeria,0.07658630738575486,0.0
30_11969,Eskisehir,TUR,Turkey,0.0,0.0
30_9390,Hermosillo,MEX,Mexico,0.35743673675435417,0.0
30_2741,Zhenjiang,CHN,China,0.0,0.0
30_2867,Quzhou,CHN,China,0.4663909590923576,0.0
30_7322,Vellore,IND,India,0.40938769150839216,0.0
30_1227,Tianshan,CHN,China,0.0,0.0
30_12072,Hsinchu,TWN,Taiwan,0.7554608574789202,0.0
30_3815,An Nazlah,EGY,Egypt,0.10036359750581748,0.0
30_7812,Gaya,IND,India,0.22174280822020986,0.0
30_757,Cuiabá,BRA,Brazil,0.9999999661974622,0.0
30_8849,Nasiriyah,IRQ,Iraq,0.8876780154075872,0.0
30_7976,Rourkela,IND,India,0.4409209432088672,0.0
30_6188,Belagavi,IND,India,0.40550700848341514,0.0
30_2637,Xinyu,CHN,China,0.0,0.0
30_8825,Sulaymaniyah,IRQ,Iraq,0.9016799397048652,0.0
30_2285,Benxi,CHN,China,0.25626239923135563,0.0
30_8583,Imphal,IND,India,0.7129312756831967,0.0
30_3751,Banha,EGY,Egypt,0.4950859513743596,0.2425141612225146
30_11252,Saratov,RUS,Russia,0.4278300428825627,0.0
30_8728,Shiraz,IRN,Iran,0.26532877732119947,0.0
30_4675,Newcastle Upon Tyne,GBR,United Kingdom,0.9670731412386939,0.9670731412229059
30_9384,Mexicali,MEX,Mexico,0.0,0.0
30_1352,Deyang,CHN,China,0.0,0.0
30_9425,Chihuahua,MEX,Mexico,0.3664046894644797,0.0
30_4844,Thessaloniki,GRC,Greece,0.019239886759372,0.0
30_1970,Nanyang,CHN,China,0.2984092215814771,0.0
30_2158,Jining,CHN,China,0.0,0.0
30_10478,Quetta,PAK,Pakistan,0.4877450310727021,0.0
30_2286,Xiaogan,CHN,China,0.9999998385754553,0.733128298231236
30_3274,Kalemie,COD,Democratic Republic of the Congo,0.1454775868405623,0.0
30_12472,Cincinnati,USA,United States,0.3562482464575368,0.0
30_7135,Warangal,IND,India,0.1862872520626675,0.0
30_1374,Baoji,CHN,China,0.22154576276480928,0.0
30_8284,Cuttack,IND,India,0.3466554956074975,0.0
30_9834,Kota Kinabalu,MYS,Malaysia,0.2156866351798556,0.0
30_2519,Leiyang,CHN,China,0.0,0.0
30_3263,Bukavu,COD,Democratic Republic of the Congo,0.8673322264627964,0.0
30_9905,Ikorodu,NGA,Nigeria,1.0,0.0
30_7425,Bilaspur,IND,India,0.0,0.0
30_11016,Río Piedras [San Juan],PRI,Puerto Rico,0.4220013034165098,0.0
30_12450,Louisville,USA,United States,0.3913625513746815,0.0
30_2323,Yueyang,CHN,China,0.2013550323671445,0.0
30_3206,Kisangani,COD,Democratic Republic of the Congo,0.4465792484377093,0.0
30_6084,Kolhapur,IND,India,0.0,0.0
30_2474,Huangshi,CHN,China,0.15870597482037616,0.0
30_12323,Albuquerque,USA,United States,0.5442780991012829,0.0
30_2112,Zhumadian,CHN,China,0.0,0.0
30_962,Sao Jose Dos Campos,BRA,Brazil,0.2733506394101687,0.0
30_12989,Port Elizabeth,ZAF,South Africa,0.5334049624531823,0.0
30_568,Kishoreganj,BGD,Bangladesh,0.2884826046988923,0.0
30_3922,Málaga,ESP,Spain,0.2971226179445267,0.0
30_10727,Gujrat,PAK,Pakistan,0.8218089535845854,0.0
30_2033,Jinzhou,CHN,China,0.2553079075977343,0.0
30_1985,Puyang,CHN,China,0.0,0.0
30_12209,Dnipro,UKR,Ukraine,0.14387486673503339,0.0
30_9811,Ipoh,MYS,Malaysia,0.3982795321526473,0.0
30_12654,Barquisimeto,VEN,Venezuela,0.4213701224290298,0.0
30_2506,Suqian,CHN,China,0.0,0.0
30_8969,Irbid,JOR,Jordan,0.34879190361489154,0.0
30_12613,Namangan,UZB,Uzbekistan,0.15411324803803975,0.0
30_8632,Kermanshah,IRN,Iran,0.47596434173069013,0.0
30_12104,Mwanza,TZA,Tanzania,0.23642205824733872,0.0
30_1630,Liupanshui,CHN,China,0.0,0.0
30_8091,Bokaro,IND,India,0.0,0.0
30_1789,Jincheng,CHN,China,0.0,0.0
30_12001,Kayseri,TUR,Turkey,0.7787678018367623,0.0
30_3276,Goma,COD,Democratic Republic of the Congo,0.6213378417884746,0.0
30_321,Antwerp,BEL,Belgium,0.04349585209484412,0.18906575827519925
30_10247,Jos,NGA,Nigeria,0.4392306631181496,0.0
30_8683,Qom,IRN,Iran,0.78761704342054,0.0
30_5122,Pontianak,IDN,Indonesia,0.5252389769748298,0.0
30_5446,Bikaner,IND,India,1.0,0.0
30_7873,Darbhanga,IND,India,0.8539893160338642,0.0
30_12589,Samarkand,UZB,Uzbekistan,0.1396172374896211,0.0
30_6658,Malappuram,IND,India,0.0,0.0
30_7040,Erode,IND,India,0.25946718144802267,0.0
30_2409,Xiangtan,CHN,China,0.7310011325078412,0.0
30_8461,Krishnanagar,IND,India,0.33121794579360403,0.0
30_5023,Jambi,IDN,Indonesia,0.3155374601905867,0.0
30_762,Campo Grande,BRA,Brazil,0.3586516435813285,0.0
30_2709,花都区,CHN,China,1.0,0.5219157519014703
23_58139,Kharameh,IRN,Iran,0.0,0.0
30_9539,Mérida,MEX,Mexico,0.5888889881237989,0.0
30_12513,Virginia Beach,USA,United States,0.8103819536962205,0.0
30_2439,Hengyang,CHN,China,0.3004241039978761,0.0
30_2336,Huaibei,CHN,China,0.0,0.0
30_8837,Ad Diwaniyah,IRQ,Iraq,0.36132696827954364,0.0
30_12376,New Orleans,USA,United States,0.6286319553384384,0.0
30_7431,Guntur,IND,India,0.0,0.0
30_2587,Yichun,CHN,China,0.4415638454636779,0.0
30_9021,Okayama,JPN,Japan,0.09718959687074305,0.0
30_1909,Xinxiang,CHN,China,0.21336602846283004,0.0
30_6221,Firozabad,IND,India,0.0,0.0
30_3450,Dusseldorf,DEU,Germany,0.999999927273166,0.9010062922710966
30_11353,Krasnoyarsk,RUS,Russia,0.31770946395203203,0.0
30_3839,Port Said,EGY,Egypt,1.0,0.0
30_9426,Aguascalientes,MEX,Mexico,0.2118610387231562,0.0
30_12672,Maracay,VEN,Venezuela,0.25016994345601634,0.0
30_2395,Suzhou,CHN,China,0.5307521432088894,0.0
30_9462,Cuernavaca,MEX,Mexico,0.285213211682873,0.0
30_9214,Ulsan,KOR,South Korea,0.21033520288906027,0.0
30_5900,Muzaffarnagar,IND,India,0.0,0.0
30_11433,Hofuf,SAU,Saudi Arabia,0.1660343130886801,0.0
30_8540,Agartala,IND,India,0.3191322036935851,0.0
30_121,Malanje,AGO,Angola,1.0,0.0
30_424,Rajshahi,BGD,Bangladesh,0.3171977368153177,0.0
30_9976,Sokoto,NGA,Nigeria,0.7850413847565493,0.0
30_1562,Qiqihar,CHN,China,0.5215583701335899,0.0
23_58138,Sarvestan,IRN,Iran,0.0,0.0
30_2264,Tengzhou,CHN,China,0.0,0.0
30_10429,Oslo,NOR,Norway,0.0,0.0
30_5148,Madiun,IDN,Indonesia,0.22330185282672696,0.0
30_9452,Querétaro,MEX,Mexico,0.5012820439823711,0.0
30_1176,Viña Del Mar [Valparaíso],CHL,Chile,0.5451467706897631,0.0
30_2321,Fuyang,CHN,China,0.4840084598260736,0.0
30_1812,Shiyan,CHN,China,0.0,0.0
30_1729,Baoding,CHN,China,0.9999999951660515,0.0
30_11213,Voronezh,RUS,Russia,0.15472319711838023,0.0
30_3910,Seville,ESP,Spain,0.589180554733342,0.0
30_6304,Dharwad,IND,India,0.35592286260554806,0.0
30_1067,Aracaju,BRA,Brazil,0.46107432593881437,0.0
30_8784,Zakho,IRQ,Iraq,0.0,0.0
30_11984,Konya,TUR,Turkey,0.0,0.0
30_2540,Lianyungang,CHN,China,0.12819164311245435,0.0
30_11312,Ufa,RUS,Russia,0.2578509414213349,0.0
30_6977,Faizabad,IND,India,0.26614384057675444,0.0
30_10909,Cagayan De Oro,PHL,Philippines,0.24370424468931942,0.0
30_2088,Huaihua,CHN,China,0.9838291687965276,0.0
30_4584,Marseille,FRA,France,0.486456337273501,0.0
30_11747,Homs,SYR,Syria,0.3786318129731228,0.0
30_2192,Yingkou,CHN,China,0.6935849055567205,0.0
30_10821,Arequipa,PER,Peru,0.3983844528107677,0.0
30_4568,Lille,FRA,France,0.0,0.0
30_4528,Helsinki,FIN,Finland,0.17436211424693784,0.0
30_3848,Girga,EGY,Egypt,0.16466123241889624,0.0
30_612,Lakshmipur,BGD,Bangladesh,0.011973915318445794,0.0
30_1617,Linfen,CHN,China,0.10678974845920847,0.0
30_11337,Omsk,RUS,Russia,0.3974031773886634,0.0
30_10559,Swat City,PAK,Pakistan,0.0,0.0
30_3353,Cartagena,COL,Colombia,0.415884036751986,0.0
30_12229,Donetsk,UKR,Ukraine,0.2869194667308484,0.0
30_5220,Banjarmasin,IDN,Indonesia,0.0,0.0
30_227,Adelaide,AUS,Australia,0.582416717959439,0.0
30_981,Teresina,BRA,Brazil,0.4473847861958573,0.0
30_8966,Kingston,JAM,Jamaica,0.47917726901747687,0.5055995392060485
30_6830,Ettumanoor,IND,India,0.04785413717965654,0.0
30_10787,Trujillo,PER,Peru,0.8042379239688503,0.0
30_1484,Nanchong,CHN,China,0.6856898165984526,0.0
30_4753,Tbilisi,GEO,Georgia,0.9330212804648278,0.0
30_427,Rangpur,BGD,Bangladesh,0.19224641137415735,0.0
30_11574,Touba,SEN,Senegal,0.0,0.0
30_2436,Zhuzhou,CHN,China,0.9999998780754655,0.0
30_158,San Miguel De Tucumán,ARG,Argentina,0.6308341943446194,0.0
30_3715,Tanta,EGY,Egypt,0.5861561485402089,0.0
30_139,Tirana,ALB,Albania,0.9999999898678908,0.0
30_12770,Haiphong,VNM,Vietnam,0.38200638509487034,0.0
30_12133,Zanzibar City,TZA,Tanzania,0.1432010651546716,0.0
30_3825,Asyut,EGY,Egypt,0.4168494346268374,0.0
30_6359,Mangaluru,IND,India,0.4784307139491447,0.0
30_10125,Enugu,NGA,Nigeria,0.2074496822490722,0.0
30_4618,Glasgow,GBR,United Kingdom,0.9999999892223508,0.9999999892223508
30_2306,Weifang,CHN,China,0.32125919771635897,0.0
30_9104,Shymkent,KAZ,Kazakhstan,0.909503412468529,0.0
30_2002,Fancheng,CHN,China,0.0,0.0
30_11327,Chelyabinsk,RUS,Russia,0.31603588603514576,0.0
30_520,Tangail,BGD,Bangladesh,0.31184135133080015,0.0
30_7952,Begusarai,IND,India,0.0,0.0
30_10027,Okene,NGA,Nigeria,0.0,0.0
30_9456,San Luis Potosí,MEX,Mexico,0.6373138791848107,0.0
30_9798,Lilongwe,MWI,Malawi,0.3069944223088472,0.0
30_6780,Alappuzha,IND,India,0.16723190326778542,0.0
30_8666,Ahwaz,IRN,Iran,0.18272357228757793,0.0
30_1086,João Pessoa,BRA,Brazil,0.9999999256566053,0.0
30_13022,Klipgat,ZAF,South Africa,0.0,0.0
30_11280,Samara,RUS,Russia,0.138291321738276,0.0
30_8815,Karbala,IRQ,Iraq,0.1935240730764559,0.0
30_2495,Dandong,CHN,China,0.5034091489524058,0.0
30_6531,Thalassery,IND,India,0.0,0.0
30_2826,Zhangjiagang,CHN,China,0.15142808686210035,0.0
30_221,Yerevan,ARM,Armenia,0.5635247514959966,0.0
30_12192,Odesa,UKR,Ukraine,0.0,0.0
30_149,Mendoza,ARG,Argentina,0.49451576430383054,0.0
30_9038,Naha,JPN,Japan,0.5791626854154596,0.0
30_2898,Jiaxing,CHN,China,0.024100078101628404,0.0
30_1075,Maceió,BRA,Brazil,0.8372257571937302,0.0
30_83,Lubango,AGO,Angola,0.41091244726802156,0.0
30_5886,Dehradun,IND,India,0.4902110613675914,0.0
30_958,Santos,BRA,Brazil,0.9072174902543582,0.0
30_11901,Ashgabat,TKM,Turkmenistan,0.42577191118203833,0.0
30_244,Brisbane,AUS,Australia,0.7406069130213307,0.0
30_3487,Stuttgart,DEU,Germany,0.4266668931315254,0.0
30_694,Sofia,BGR,Bulgaria,0.16760531614214863,0.0
30_3167,Tshikapa,COD,Democratic Republic of the Congo,0.2893168205619902,0.0
30_11226,Rostov-On-Don,RUS,Russia,0.3626259339432262,0.0
30_10918,Davao City,PHL,Philippines,0.6262095632183973,0.0
30_2698,Ma'Anshan,CHN,China,0.9999999997902155,0.0
30_12924,Ta'Izz,YEM,Yemen,0.0,0.0
30_1927,Binhai,CHN,China,0.20603107863718328,0.0
30_352,Bobo-Dioulasso,BFA,Burkina Faso,0.6048309883173129,0.0
30_12084,Tainan,TWN,Taiwan,0.639076247964327,0.0
30_9097,Nur-Sultan,KAZ,Kazakhstan,0.35884923589514867,0.0
30_5229,Mataram,IDN,Indonesia,0.32440039460895814,0.0
30_9297,Marrakesh,MAR,Morocco,0.2334089490851038,0.0
30_11114,Porto,PRT,Portugal,0.1187477765839699,0.0
30_3387,Bucaramanga,COL,Colombia,0.7375231107846439,0.0
30_7508,Puducherry,IND,India,0.2767776646158452,0.0
30_2208,Fushun,CHN,China,0.12028487406379754,0.0
30_79,Cabinda,AGO,Angola,0.417238065905179,0.0
30_3731,El Mahalla El Kubra,EGY,Egypt,0.0,0.0
30_10673,Sargodha,PAK,Pakistan,0.5488998421607085,0.0
30_3844,Sohag,EGY,Egypt,0.0,0.0
30_2013,Xuchang,CHN,China,0.4563829368112724,0.0
30_5001,Pekanbaru,IDN,Indonesia,0.21085361736156133,0.0
30_2544,Zhanjiang,CHN,China,0.45106040721685847,0.0
30_6372,Solapur,IND,India,0.9358247806147865,0.0
30_2284,Guilin,CHN,China,0.9999999923429765,0.0
30_535,Khulna,BGD,Bangladesh,0.11997651751736771,0.0
30_9289,Agadir,MAR,Morocco,0.590148428895149,0.0
30_1772,Zunyi,CHN,China,0.6541316462696763,0.0
30_9850,Niamey,NER,Niger,0.1960010137773568,0.0
30_2710,Yancheng,CHN,China,0.32533087552730033,0.0
30_12823,Đà Nẵng,VNM,Vietnam,0.4421898770862321,0.0
30_9065,Takasaki [Maebashi],JPN,Japan,0.6156077805761236,0.0
30_4832,Serrekunda,GMB,Gambia,0.5866582152982411,0.0
30_8597,Dublin,IRL,Ireland,1.0,0.0
30_2372,Linyi,CHN,China,0.1007302961256168,0.0
30_11321,Yekaterinburg,RUS,Russia,0.49334973442845964,0.0
30_12322,Salt Lake City,USA,United States,0.9999999509407945,0.0
30_6958,Tiruppur,IND,India,0.0,0.0
30_12800,Can Tho,VNM,Vietnam,0.22122478275825494,0.0
30_2907,Jinhua,CHN,China,0.2548803807302642,0.0
30_2059,Luohe,CHN,China,0.0,0.0
30_8786,Duhok,IRQ,Iraq,0.2478337927131923,0.0
30_9004,Hiroshima,JPN,Japan,0.9999999894637313,0.0
30_10111,Aba,NGA,Nigeria,0.0,0.0
30_5403,Jammu,IND,India,0.47196808358850484,0.0
30_12469,Milwaukee,USA,United States,0.3072893469527433,0.0
30_8288,Bhubaneshwar,IND,India,0.9999999918854653,0.0
30_5503,Jalandhar,IND,India,0.0,0.0
30_3477,Frankfurt Am Main,DEU,Germany,0.9999999773121315,0.0
30_4989,Padang,IDN,Indonesia,0.22785254077755565,0.0
30_12505,Cleveland,USA,United States,0.2251825565043474,0.0
30_12403,St. Louis,USA,United States,0.32891908309974544,0.0
30_11251,Kazan,RUS,Russia,0.14085084845914775,0.0
30_8828,Najaf,IRQ,Iraq,0.20303084601526125,0.0
30_5898,Kota,IND,India,0.5265321970144593,0.0
30_9239,Tripoli,LBY,Libya,0.1369033617849128,0.0
30_4765,Takoradi [Sekondi-Takoradi],GHA,Ghana,0.552861640285907,0.0
30_9938,Ilorin,NGA,Nigeria,0.4903950528695758,0.0
30_5242,Samarinda,IDN,Indonesia,0.0,0.0
30_2473,Tianjia‘An,CHN,China,0.999867585371606,0.0
30_2447,Yantai,CHN,China,0.26243650609865093,0.0
30_2000,Kaifeng,CHN,China,0.6155833080697154,0.0
30_730,Cochabamba,BOL,Bolivia,0.2963218443135691,0.0
30_1117,Edmonton,CAN,Canada,0.9999999985124775,0.0
30_12462,Indianapolis,USA,United States,0.260914875634374,0.0
30_4579,Lyon,FRA,France,0.9999999999907865,0.0
30_10563,Mardan,PAK,Pakistan,0.0,0.0
30_3027,Yueqing,CHN,China,0.33907879527721546,0.0
30_10354,Maiduguri,NGA,Nigeria,0.17842707344292064,0.0
30_8399,Berhampore,IND,India,0.19296603175646665,0.0
30_11217,Nizhny Novgorod,RUS,Russia,0.3602166582548028,0.0
30_5196,Jember,IDN,Indonesia,0.0,0.0
30_8804,Kirkuk,IRQ,Iraq,0.67622039213845,0.0
30_12246,Montevideo,URY,Uruguay,0.6959176973803266,0.0
30_5042,Bandar Lampung,IDN,Indonesia,0.0,0.0
30_3795,Al-Zaqaziq‎,EGY,Egypt,0.4863502205754311,0.0
30_12384,Kansas City,USA,United States,0.37719939834558747,0.0
30_2930,Yiwu,CHN,China,0.0,0.0
30_5839,Saharanpur,IND,India,0.10180232128212514,0.0
30_8872,Turin,ITA,Italy,0.6448681124703587,0.0
30_3563,Oran,DZA,Algeria,0.7812748943110068,0.0
30_7475,Vijayawada,IND,India,0.9999999860263903,0.0
30_3437,Prague,CZE,Czech Republic,0.39726866223167157,0.0
30_3037,Taizhou,CHN,China,0.13402068079877205,0.0
30_1101,Bangui,CAF,Central African Republic,0.9826986010758355,0.0
30_11118,Asuncion,PRY,Paraguay,0.19535352323839475,0.0
30_950,São Luís,BRA,Brazil,0.38872752762163176,0.0
30_6744,Mysuru,IND,India,0.7409166536907877,0.0
30_10004,Warri,NGA,Nigeria,0.374844913710049,0.0
30_451,Bogura,BGD,Bangladesh,0.11369727553480603,0.0
30_277,Bujumbura,BDI,Burundi,0.3970186812827657,0.0
30_2820,Sha Tin,CHN,China,0.9999999770064225,0.9515163083452666
30_2758,Zhongshan,CHN,China,0.9999999778872362,0.0
30_224,Perth,AUS,Australia,0.6623054889885938,0.0
30_11649,Belgrade,SRB,Serbia,0.514211119225994,0.0
30_1037,Vila Velha,BRA,Brazil,0.40529201122488473,0.0
30_9058,Sendai,JPN,Japan,0.3728635770433003,0.0
30_1114,Calgary,CAN,Canada,0.21334199187550895,0.0
30_8982,Kitakyushu,JPN,Japan,0.22706687798399286,0.0
30_11617,Hargeisa,SOM,Somalia,0.9740137826643034,0.0
30_7750,Muzaffarpur,IND,India,0.34883918095632116,0.0
30_10457,Auckland,NZL,New Zealand,0.49992097642982947,0.0
30_186,Rosario,ARG,Argentina,0.3405971291735761,0.0
30_4904,San Pedro Sula,HND,Honduras,0.24292981140086192,0.0
30_12214,Kharkiv,UKR,Ukraine,0.3192149863445134,0.0
30_2241,Liuzhou,CHN,China,0.5995010221096877,0.0
30_5109,Purwokerto,IDN,Indonesia,0.0,0.0
30_7130,Salem,IND,India,0.34575426389452574,0.0
30_5027,Batam City,IDN,Indonesia,0.0,0.0
30_3862,Naj Al Madamud,EGY,Egypt,0.6345730556093033,0.0
30_5377,Srinagar,IND,India,0.2957302877089193,0.0
30_5481,Jodhpur,IND,India,0.3277671470476488,0.0
30_9440,Torreon,MEX,Mexico,0.44510517636988856,0.0
30_5,Herat,AFG,Afghanistan,0.1362777777758433,0.0
30_5120,Pekalongan,IDN,Indonesia,0.0,0.0
30_11977,Antalya,TUR,Turkey,0.3558245249188757,0.0
30_5437,Amritsar,IND,India,0.396708945057547,0.0
30_10104,Abuja,NGA,Nigeria,0.02373347308190984,0.0
30_9324,Tangier,MAR,Morocco,0.803003432934103,0.0
30_4634,Liverpool,GBR,United Kingdom,0.9999320218007914,0.9999320218007756
30_1246,Xining,CHN,China,0.20192347587088272,0.0
30_7296,Tiruchirappalli,IND,India,0.18932978117305602,0.0
30_6723,Thrissur,IND,India,0.30769658488793133,0.0
30_848,Ceilândia,BRA,Brazil,0.4302221235304356,0.0
30_8532,Guwahati,IND,India,0.3544160931185083,0.0
30_7312,Durg,IND,India,0.09753778469602709,0.0
30_2344,Xuzhou,CHN,China,0.40329718135150994,0.0
30_11339,Novosibirsk,RUS,Russia,0.37109918955006055,0.0
30_9164,Bishkek,KGZ,Kyrgyzstan,0.18557471733968267,0.0
30_4673,Leeds,GBR,United Kingdom,0.9999999953532707,0.9999999953532707
30_9433,León,MEX,Mexico,0.3517573396641744,0.0
30_11884,Dushanbe,TJK,Tajikistan,0.6294513061751955,0.0
30_2600,Haikou,CHN,China,0.7683886598267945,0.0
30_12488,Columbus,USA,United States,0.3959977547203845,0.0
30_5074,Garut,IDN,Indonesia,0.0,0.0
30_3540,Copenhagen,DNK,Denmark,0.09680507082721654,0.0
30_9697,Ulaanbaatar,MNG,Mongolia,0.5004208609698052,0.0
30_10374,Managua,NIC,Nicaragua,0.12984393943363667,0.0
30_11389,Medina,SAU,Saudi Arabia,0.15150317774519606,0.0
30_633,Sylhet,BGD,Bangladesh,0.3797791318349096,0.0
30_6301,Bareilly,IND,India,0.17650603071519025,0.0
30_10776,Panama City,PAN,Panama,0.47389241039221364,0.0
30_10843,Angeles [San Fernando],PHL,Philippines,0.12779474885825567,0.0
30_8606,Tabriz,IRN,Iran,0.9999999590881969,0.0
30_9198,Gwangju,KOR,South Korea,0.4994478126175102,0.0
30_168,Cordoba,ARG,Argentina,1.0,0.0
30_2813,Huizhou,CHN,China,0.9969762072981735,0.0
30_2735,Ganzhou,CHN,China,0.7348188437865715,0.0
30_702,Manama,BHR,Bahrain,0.2707071546670527,0.0
30_9335,Fez,MAR,Morocco,0.46976090121085606,0.0
30_12526,Baltimore,USA,United States,0.5841132803026655,0.0
30_3765,Mansoura,EGY,Egypt,0.2764136248764773,0.0
30_8799,Erbil,IRQ,Iraq,0.0,0.0
30_11381,Kigali,RWA,Rwanda,0.2995878692757233,0.0
30_9148,Mombasa,KEN,Kenya,0.534868765403862,0.0
30_6252,Gwalior,IND,India,0.7260033453958844,0.0
30_11980,Sincan,TUR,Turkey,0.5276407202919937,0.0
30_2224,Jilin,CHN,China,0.3339128855420435,0.0
30_12433,Orlando,USA,United States,0.137025363382298,0.0
30_9192,Daejeon,KOR,South Korea,0.8129943526288418,0.0
30_3180,Kananga,COD,Democratic Republic of the Congo,0.6954130049084407,0.0
30_2211,Anshan,CHN,China,0.23847962100395936,0.0
30_9789,Nouakchott,MRT,Mauritania,0.17481716411746515,0.0
30_322,Brussels,BEL,Belgium,0.0,0.0
30_6132,Aurangabad,IND,India,0.47814100680941507,0.0
30_8423,Tamluk,IND,India,0.4687793212630159,0.0
30_6117,Moradabad,IND,India,0.1935016693007019,0.0
30_3950,Valencia,ESP,Spain,0.0,0.0
30_5415,Rajkot,IND,India,0.5103630205714912,0.0
30_929,Campinas,BRA,Brazil,0.9999999708043084,0.0
30_13122,Harare,ZWE,Zimbabwe,0.2857048120951121,0.0
30_7361,Raipur,IND,India,0.3100120861567262,0.0
30_2018,Yichang,CHN,China,0.8591553483606399,0.0
30_10994,Katowice,POL,Poland,0.999999907736998,0.0
30_1421,Datong,CHN,China,0.1954181821611067,0.0
30_12342,Austin,USA,United States,0.2190019552788061,0.0
30_6827,Jabalpur,IND,India,0.4340954148689983,0.0
30_12664,Valencia,VEN,Venezuela,0.12487193539291563,0.0
30_9457,Toluca,MEX,Mexico,0.4241640015123526,0.0
30_2607,Huai'An,CHN,China,0.6020117317930327,0.0
30_11734,Stockholm,SWE,Sweden,0.25811845745315626,0.0
30_4910,Tegucigalpa,HND,Honduras,0.40543133522330094,0.0
30_5715,Vasai-Virar,IND,India,1.0,1.0
30_7254,Gorakhpur,IND,India,0.2717045523381635,0.0
30_8788,Mosul,IRQ,Iraq,0.3609132528745102,0.0
30_1811,Luoyang,CHN,China,0.2557041022158571,0.0
30_7944,Visakhapatnam,IND,India,0.48144125910828145,0.0
30_5139,Pati,IDN,Indonesia,0.0,0.0
30_10108,Kaduna,NGA,Nigeria,0.37902904057013687,0.0
30_9227,Beirut,LBN,Lebanon,1.0,0.0
30_3713,Faiyum,EGY,Egypt,0.20459651872089524,0.0
30_7981,Ranchi,IND,India,0.33125402009365634,0.0
30_12030,Gaziantep,TUR,Turkey,0.48730701043533886,0.0
30_11606,San Salvador,SLV,El Salvador,0.4560169366152936,0.0
30_2168,Zibo,CHN,China,0.12983710407668653,0.0
30_6093,Aligarh,IND,India,0.24873446752333983,0.0
30_9455,Ciudad Juárez,MEX,Mexico,0.2966051435110872,0.0
30_1009,Sao Goncalo,BRA,Brazil,0.4359953896595071,0.1439001286826455
30_4930,Port-Au-Prince,HTI,Haiti,0.43722090823994814,0.0
30_9999,Benin City,NGA,Nigeria,0.3093203937007397,0.0
30_10076,Port Harcourt,NGA,Nigeria,0.3618590751006303,0.0
30_3492,Hamburg,DEU,Germany,0.0,0.0
30_12291,Sacramento,USA,United States,0.5161762616713799,0.0
30_13023,Pretoria,ZAF,South Africa,0.43446774273960015,0.0
30_12429,Atlanta,USA,United States,0.2417071237811773,0.0
30_3283,Beni,COD,Democratic Republic of the Congo,0.44123617871004955,0.0
30_5090,Cirebon,IDN,Indonesia,0.006377229961142566,0.0
30_4949,Budapest,HUN,Hungary,0.5341450623381243,0.0
30_856,Porto Alegre,BRA,Brazil,0.3593651941106449,0.0
30_11396,Mecca,SAU,Saudi Arabia,0.5036633064826994,0.0
30_1859,Anyang,CHN,China,0.2700856997518275,0.0
30_8705,Isfahan,IRN,Iran,0.19415897514012267,0.0
30_12427,Minneapolis [Saint Paul],USA,United States,0.3420365512021709,0.0
30_2835,Nantong,CHN,China,0.30765539641801515,0.0
30_479,Sirajganj,BGD,Bangladesh,0.11777975217632464,0.0
30_3412,Havana,CUB,Cuba,0.5529958449082548,0.0
30_10067,Amaigbo,NGA,Nigeria,0.0,0.0
30_637,Noakhali,BGD,Bangladesh,0.15022553382504134,0.0
30_12309,Portland,USA,United States,0.330758463817943,0.0
30_6640,Guruvayur,IND,India,0.0,0.0
30_12335,San Antonio,USA,United States,0.24328853403098805,0.0
30_11434,Dammam,SAU,Saudi Arabia,0.2410262938570684,0.0
30_11767,N'Djamena,TCD,Chad,0.37228074294627955,0.0
30_1265,Yinchuan,CHN,China,1.0,0.0
30_5844,Nashik,IND,India,0.7412926138890769,0.0
30_11135,Doha,QAT,Qatar,0.4373541670126021,0.0
30_9232,Monrovia,LBR,Liberia,0.18317717503111447,0.0
30_271,Baku,AZE,Azerbaijan,0.7959472670929487,0.0
30_7195,Madurai,IND,India,0.44230162302487375,0.0
30_1852,Handan,CHN,China,0.24134105695317884,0.0
30_11156,Bucharest,ROU,Romania,0.2328540765180742,0.0
30_8978,Sapporo,JPN,Japan,1.0,0.0
30_737,Santa Cruz De La Sierra,BOL,Bolivia,0.4821752576007032,0.0
30_11592,Freetown,SLE,Sierra Leone,0.7396732919249694,0.0
30_8170,Jamshedpur,IND,India,0.233488252167345,0.0
30_1311,Hohhot,CHN,China,0.9999999897268451,0.0
30_726,El Alto [La Paz],BOL,Bolivia,0.49661751425965456,0.0
30_11004,Warsaw,POL,Poland,0.0,0.0
30_8097,Dhanbad,IND,India,0.0,0.0
30_11126,Gaza,PSE,Palestina,0.5929089211105801,0.0
30_9481,Puebla,MEX,Mexico,0.33227977735314185,0.0
30_3016,Putian,CHN,China,0.004567048937094819,0.0
30_8858,Basra,IRQ,Iraq,0.3305888690538752,0.0
30_9592,Mandalay,MMR,Myanmar,0.29666059954761614,0.0
30_5219,Denpasar,IDN,Indonesia,0.0916578654744201,0.0
30_585,Brahmanbaria,BGD,Bangladesh,0.0584165918195725,0.0
30_5102,Tegal,IDN,Indonesia,0.08617185025299759,0.0
30_11128,Jerusalem,PSE,Palestina,0.3186361467072525,0.0
30_10389,Rotterdam [The Hague],NLD,Netherlands,0.5034340100975637,0.9311523971513243
30_714,Minsk,BLR,Belarus,1.0,0.0
30_254,Vienna,AUT,Austria,0.0,0.0
30_12637,Maracaibo,VEN,Venezuela,0.6503070701991099,0.0
30_9307,Rabat,MAR,Morocco,0.9999998830897583,0.0
30_12566,Boston,USA,United States,0.3231116944023726,0.0
30_3409,San José,CRI,Costa Rica,0.43164132852553294,0.0
30_3371,Barranquilla,COL,Colombia,0.18211601110849995,0.0
30_5930,Meerut,IND,India,0.9065795671426363,0.0
30_804,Belém,BRA,Brazil,0.3642412683310762,0.0
30_6880,Coimbatore,IND,India,0.27965258409029553,0.0
30_339,Cotonou,BEN,Benin,0.1300073469263065,0.0
30_2704,Wuhu,CHN,China,0.4058047544957664,0.0
30_9176,Phnom Penh,KHM,Cambodia,0.2077819822868966,0.0
30_8981,Fukuoka,JPN,Japan,0.342224780374679,0.0
30_5035,Palembang,IDN,Indonesia,0.4648848345717557,0.0
30_5637,Chandigarh,IND,India,0.16159713822051533,0.0
30_12407,Tampa,USA,United States,0.3346688781759003,0.0
30_2775,Zhuhai,CHN,China,0.9999999808140552,0.0
30_2950,Cixi,CHN,China,0.04598206948340805,0.0
30_1284,Baotou,CHN,China,0.24906562497132545,0.0
30_7053,Prayagraj,IND,India,0.9722202145688594,0.0
30_9111,Almaty,KAZ,Kazakhstan,0.6672752087771974,0.0
30_880,Curitiba,BRA,Brazil,0.999999998239843,0.0
30_815,Goiânia,BRA,Brazil,0.9999999775028683,0.0
30_5259,Makassar,IDN,Indonesia,0.21637052833077697,0.0
30_12074,Taichung,TWN,Taiwan,0.5896877194842172,0.0
30_4653,Manchester,GBR,United Kingdom,0.9999999613357934,0.9999999613357934
30_5540,Ludhiana,IND,India,0.3938818280106456,0.0
30_9201,Daegu,KOR,South Korea,0.20713633358955655,0.0
30_5614,Vadodara,IND,India,0.33086775878774094,0.0
30_11954,Bursa,TUR,Turkey,0.7724542285288486,0.0
30_748,Manaus,BRA,Brazil,1.0,0.0
30_12302,Las Vegas,USA,United States,0.9999999979978477,0.0
30_11824,Lomé,TGO,Togo,0.14181164156930456,0.9537212205505218
30_12085,Kaohsiung,TWN,Taiwan,0.5636962128570439,0.0
30_10746,Sialkot,PAK,Pakistan,0.18007813335022238,0.0
30_1910,Tangshan,CHN,China,0.14565262647312816,0.0
30_3239,Lubumbashi,COD,Democratic Republic of the Congo,0.29117695383839504,0.0
30_11938,Izmir,TUR,Turkey,0.2348515140595975,0.0
30_3678,Quito,ECU,Ecuador,0.27322589953431103,0.0
30_6324,Bhopal,IND,India,0.9999999976768221,0.0
30_12341,Denver,USA,United States,0.35908064418475233,0.0
30_11920,Tunis,TUN,Tunisia,0.37757538593590184,0.0
30_4663,Birmingham,GBR,United Kingdom,0.9999999842878031,0.9999999842878031
30_12184,Kyiv,UKR,Ukraine,0.24751465319476956,0.0
30_3321,Cali,COL,Colombia,0.5157258592499184,0.0
30_1256,Lanzhou,CHN,China,0.2707795860905842,0.0
30_10576,Hyderabad,PAK,Pakistan,0.06903962838084998,0.0
30_4874,Guatemala City,GTM,Guatemala,0.151982519594544,0.0
30_6130,Agra,IND,India,0.48764536408491826,0.0
30_1806,Guiyang,CHN,China,0.9999999862739339,0.0
30_2797,Changzhou,CHN,China,0.42782750174043405,0.0
30_11053,Pyongyang,PRK,North Korea,0.3696781398924205,0.0
30_5084,Tasikmalaya,IDN,Indonesia,0.08304329773280678,0.0
30_2983,Xiamen,CHN,China,0.9999999961165613,0.0
30_4817,Conakry,GIN,Guinea,0.08228509271644412,0.0
30_12311,Seattle,USA,United States,0.25538969351109114,0.0
30_3866,Luxor,EGY,Egypt,0.4005768354403177,0.0
30_369,Ouagadougou,BFA,Burkina Faso,0.1958117431541946,0.0
30_3004,Fuzhou,CHN,China,0.9999999814990062,0.0
30_8865,Tel Aviv,ISR,Israel,1.0,0.0
30_2981,Ningbo,CHN,China,0.18366108299780742,0.0
30_10658,Multan,PAK,Pakistan,0.5117660955023835,0.0
30_10528,Peshawar,PAK,Pakistan,0.11219606032152729,0.0
30_10897,Cebu City,PHL,Philippines,0.1852752380289277,0.0
30_7751,Patna,IND,India,0.6823553006805317,0.0
30_8936,Naples,ITA,Italy,0.9999999408877142,0.0
30_8213,Asansol,IND,India,0.07990458916673338,0.0
30_3306,Brazzaville,COG,Republic of Congo,0.6774641905171805,0.0
30_11745,Aleppo,SYR,Syria,0.13141123634526794,0.0
30_3341,Medellín,COL,Colombia,0.3979789646568796,0.0
30_1489,Kunming,CHN,China,0.9999999534331516,0.0
30_4847,Athens,GRC,Greece,1.0,0.0
30_9698,Maputo,MOZ,Mozambique,0.6677232747038868,0.0
30_13046,Durban,ZAF,South Africa,0.22985967909998145,0.0
30_3658,Guayaquil,ECU,Ecuador,0.9999999986505184,0.0
30_6949,Thiruvananthapuram,IND,India,0.2207440063998857,0.0
30_6820,Kollam,IND,India,0.0,0.0
30_8756,Mashhad,IRN,Iran,0.2681900655453812,0.0
30_1142,Montreal,CAN,Canada,0.9999999802977705,0.0
30_12498,Detroit,USA,United States,0.2949219851296557,0.0
30_1700,Shijiazhuang,CHN,China,0.9999999991864572,0.0
30_1043,Fortaleza,BRA,Brazil,1.0,0.0
30_6784,Nagpur,IND,India,0.4343073208774425,0.0
30_2661,Nanchang,CHN,China,0.999999988974422,0.0
30_9368,Antananarivo,MDG,Madagascar,0.42217626306064077,0.0
30_10740,Gujranwala,PAK,Pakistan,0.11196526098167132,0.0
30_13072,Lusaka,ZMB,Zambia,0.26768453455781,0.0
30_2090,Changchun,CHN,China,1.0,0.0
30_5130,Semarang,IDN,Indonesia,0.03958152948706432,0.0
30_9211,Busan,KOR,South Korea,0.9999271649936379,0.0
30_3192,Mbuji-Mayi,COD,Democratic Republic of the Congo,0.35840163454263607,0.0
30_6056,Indore,IND,India,0.3545326767201462,0.0
30_2193,Nanning,CHN,China,0.2770276644055588,0.0
30_2326,Dalian,CHN,China,1.0,0.0
30_10444,Kathmandu,NPL,Nepal,0.9999999736147546,0.0
30_11981,Ankara,TUR,Turkey,0.9999933668891133,0.0
30_12922,Sana'A,YEM,Yemen,0.0,0.0
30_12596,Tashkent,UZB,Uzbekistan,0.3497528838430756,0.0
30_9219,Kuwait City,KWT,Kuwait,0.23612487035104313,0.0
30_6746,Kochi,IND,India,0.9999999838660171,0.0
30_2073,Jinan,CHN,China,0.9999582226756462,0.0
30_9555,Bamako,MLI,Mali,0.30764468064480427,0.0
30_3448,Dortmund,DEU,Germany,0.9999999522484766,0.01610401671523074
30_1082,Recife,BRA,Brazil,0.9999999798353514,0.0
30_9913,Ibadan,NGA,Nigeria,0.3910963825350225,0.0
30_11557,Dakar,SEN,Senegal,0.4298168227548315,0.0
30_3005,Quanzhou,CHN,China,0.10687193615085268,0.0
30_5767,Jaipur,IND,India,0.4717867510444334,0.0
30_1225,Ürümqi,CHN,China,0.99999999804288,0.0
30_6617,Kanpur,IND,India,0.29898666375683136,0.0
30_7311,Varanasi,IND,India,0.20576150180924418,0.0
30_9495,Monterrey,MEX,Mexico,0.9999999773029381,0.0
30_3593,Algiers,DZA,Algeria,0.40382736265355407,0.0
30_11744,Damascus,SYR,Syria,0.16337340549586024,0.0
30_9405,Guadalajara,MEX,Mexico,0.40834411022485234,0.0
30_3092,Douala,CMR,Cameroon,0.39905300034128627,0.0
30_143,Dubai,ARE,United Arab Emirates,0.13707263612188905,0.0
30_3009,Wenzhou,CHN,China,0.999999971979582,0.0
30_11630,Mogadishu,SOM,Somalia,0.6103502314958216,0.0
30_1541,Taiyuan,CHN,China,0.2114878734324734,0.0
30_984,Belo Horizonte,BRA,Brazil,0.9999999815715169,0.0
30_12303,Phoenix,USA,United States,0.9999999665166455,0.0
30_12150,Kampala,UGA,Uganda,0.999695263266498,0.0
30_4969,Medan,IDN,Indonesia,0.18749519286225813,0.0
30_11391,Jeddah,SAU,Saudi Arabia,0.4218603762139113,0.0
30_9300,Casablanca,MAR,Morocco,1.0,0.0
30_2001,Harbin,CHN,China,1.0,0.0
30_3553,Santo Domingo,DOM,Dominican Republic,0.43151786560530103,0.0
30_3961,Barcelona,ESP,Spain,0.9999999310476154,0.0
30_9254,Colombo,LKA,Sri Lanka,0.9999999857241167,0.0
30_12266,Tijuana,USA,United States,0.24477556725112462,0.0
30_6586,Kozhikode,IND,India,0.12681885979442936,0.0
30_11172,Saint Petersburg,RUS,Russia,0.14352904936128813,0.0
30_10063,Onitsha,NGA,Nigeria,0.17279968547036376,0.0
30_6713,Lucknow,IND,India,0.9999982242295778,0.0
30_4767,Kumasi,GHA,Ghana,0.23452412965143224,0.0
30_1925,Zhengzhou,CHN,China,0.9999999990594938,0.0
30_5131,Yogyakarta,IDN,Indonesia,0.9999991902338936,0.0
30_10219,Kano,NGA,Nigeria,0.11377748266543826,0.0
30_1492,Xi'An,CHN,China,1.0,0.0
30_12740,Hanoi,VNM,Vietnam,0.20081282582048657,0.0
30_3109,Yaounde,CMR,Cameroon,0.44098854234571033,0.0
30_4793,Accra,GHA,Ghana,0.9999992128068,0.0
30_2573,Hefei,CHN,China,1.0,0.0
30_666,Chattogram,BGD,Bangladesh,0.12863821050497087,0.0
30_10709,Faisalabad,PAK,Pakistan,0.24872325316830812,0.0
30_12428,Miami,USA,United States,0.2569910169503005,0.0
30_58,Kabul,AFG,Afghanistan,0.9999801974270194,0.0
30_2151,Shenyang,CHN,China,1.0,0.0
30_12354,Dallas,USA,United States,0.4290814006325135,0.0
30_12352,Houston,USA,United States,0.9999999914461476,0.0
30_596,Comilla,BGD,Bangladesh,0.17071036253603333,0.0
30_9657,Yangon,MMR,Myanmar,0.29078321676344837,0.0
30_3078,Abidjan,CIV,Côte d'Ivoire,0.9999999924468902,0.0
30_11496,Khartoum,SDN,Sudan,0.9999999834462415,0.0
30_1129,Toronto,CAN,Canada,1.0,0.0
30_8971,Amman,JOR,Jordan,0.09933543288338585,0.0
30_2880,Hangzhou,CHN,China,0.9999998784652034,0.0
30_5911,Pune,IND,India,0.9999999974114641,0.0
30_1335,Chengdu,CHN,China,0.9999999854897693,0.0
30_5605,Surat,IND,India,0.5155429960056469,0.0
30_4289,Addis Ababa,ETH,Ethiopia,0.9999853777261255,0.0
30_8810,Baghdad,IRQ,Iraq,0.9999999721335242,0.0
30_1858,Tianjin,CHN,China,0.9999719173370311,0.0
30_3685,Alexandria,EGY,Egypt,0.2089333059432947,0.0
30_11590,Singapore,SGP,Singapore,0.9999999154359839,0.40104791867237255
30_11426,Riyadh,SAU,Saudi Arabia,0.9999999921127449,0.0
30_5533,Ahmedabad,IND,India,1.0,0.0
30_9048,Nagoya,JPN,Japan,0.18597381196142812,0.0
30_1611,Chongqing,CHN,China,1.0,0.0
30_13015,Johannesburg,ZAF,South Africa,0.9999999761377788,0.0
30_12129,Dar Es Salaam,TZA,Tanzania,0.9999542624537286,0.0
30_9813,Kuala Lumpur,MYS,Malaysia,0.2413526720143255,0.0
30_5180,Surabaya,IDN,Indonesia,0.9999999830469626,0.0
30_5069,Bandung,IDN,Indonesia,0.29721191226781507,0.0
30_6862,Hyderabad,IND,India,0.9999999986027671,0.0
30_12077,New Taipei [Taipei],TWN,Taiwan,0.9999999945527502,0.0
30_81,Luanda,AGO,Angola,0.13682354680924189,0.0
30_7522,Chennai,IND,India,0.9999999912509743,0.0
30_2824,Suzhou,CHN,China,0.9999999789635206,0.01575726383761347
30_2915,Jieyang,CHN,China,0.08437467021749002,0.0
30_3152,Kinshasa,COD,Democratic Republic of the Congo,1.0,0.0
30_9893,Lagos,NGA,Nigeria,0.9999753160987732,0.0
30_6906,Bengaluru,IND,India,0.9999999898865386,0.0
30_10744,Lahore,PAK,Pakistan,0.02418547492064725,0.0
30_12821,Ho Chi Minh City,VNM,Vietnam,0.9999999906626665,0.0
30_9463,Mexico City,MEX,Mexico,0.9999836451178035,0.0
30_11846,Bangkok,THA,Thailand,0.22246007498350595,0.0
30_9178,Seoul,KOR,South Korea,0.9999999998120745,0.0
30_8451,Kolkata,IND,India,0.9999999863410244,0.0
30_5829,Delhi [New Delhi],IND,India,0.9999999846823648,0.0
